event_id,date,year,sample_date,player1,player2,start_at,opening_at,y,label_available_at,label_source_date,odds_a,odds_b,market_p,market_logit,kernel_p,structure_gap,workload_total,workload_difference,hold1,hold2,kernel_residual,history_sets_player1,history_sets_player2,history_missing_player1,history_missing_player2,current_event_history_inconsistency,source_sha256,history_feature_sha256,close_a,close_b,closing_valid,close_a_at,close_b_at
te:1917569,2021-01-26,2021,2021-01-26,lestienne,kudla,2021-01-26T17:15:00+00:00,2021-01-24T07:37:00+00:00,0.0,2021-01-28T23:00:00+00:00,2021-01-26,1.76,2.02,0.5343915343915343,0.13778370236305265,0.6133125007734014,0.3234740215735437,0.0,0.0,0.5684718812872254,0.6039148755004132,5.614114728658137e-11,7,2,False,False,False,b03e87a9a14bf9b0823de7b9b962085d7f5cc9f4424bc833c964fd066be33290,b40879190053d5aadc2bb2ecfa418a55b70fad38aea954c27942f2775f0b87f2,1.57,2.3,True,2021-01-26T16:28:00+00:00,2021-01-26T16:41:00+00:00
te:1917571,2021-01-26,2021,2021-01-26,nakashima-68876,janvier,2021-01-26T15:15:00+00:00,2021-01-24T07:37:00+00:00,0.0,2021-01-28T23:00:00+00:00,2021-01-26,1.93,1.85,0.48941798941798953,-0.042334363826560285,0.5639638067324609,0.29959918882006936,0.9666666666666667,0.9666666666666667,0.7087412363873243,0.5936833407054053,8.762379460902636e-09,9,6,False,False,False,5b353f788f6c03d25bb7f55e169c3fc0a4a8664d764731e5abfa574f2526cf9e,a78516ecb8fcb035be18c1e49bdfad7341f1cef1de253b5278d5a4a58f3c63a9,1.65,2.18,True,2021-01-26T14:45:00+00:00,2021-01-26T14:45:00+00:00
te:1917574,2021-01-26,2021,2021-01-26,maden,fabbiano,2021-01-26T09:40:00+00:00,2021-01-24T07:37:00+00:00,1.0,2021-01-28T23:00:00+00:00,2021-01-26,1.88,1.9,0.5026455026455027,0.010582109330537048,0.6016947242134055,0.4019493688618748,0.0,0.0,0.5539474723029217,0.5000000000000001,0.0008760683352564413,5,3,False,False,False,f564f57982dfa3321d3b9ed6e7cfcfcf7256b11802ac466629a523e76f1635a2,dad213d0e87d43410fa4954d64a324f3a7dd0c4b22dd2bef3766d3c87ed4b869,1.7,2.11,True,2021-01-26T06:29:00+00:00,2021-01-26T06:29:00+00:00
te:1917576,2021-01-26,2021,2021-01-26,couacaud,rodionov-f5e38,2021-01-26T09:40:00+00:00,2021-01-24T07:37:00+00:00,1.0,2021-01-28T23:00:00+00:00,2021-01-26,1.66,2.14,0.5631578947368422,0.2539882266653086,0.6135526165496096,0.2082820755577618,0.0,0.0,0.5000000000012275,0.5164746850143085,0.009690932148442688,3,3,False,False,False,5ab66abed9883f83dc8e7fa9abe8eea04cfb248d68d045046381ed0ca00287b8,6eaece2d97b42e72d3c59a9873a717f47d52497917df049bb969ed006b9cb42b,1.61,2.23,True,2021-01-26T06:29:00+00:00,2021-01-26T06:29:00+00:00
te:1919961,2021-02-05,2021,2021-02-05,taberner,bagnis,2021-02-05T14:55:00+00:00,2021-02-04T14:38:00+00:00,1.0,2021-02-07T23:00:00+00:00,2021-02-05,1.77,2.01,0.5317460317460317,0.1271551754852466,0.6171068986689211,0.35013124752793634,0.6833333333333333,0.05,0.5834185220956385,0.5677521067880695,1.3137760251913377e-07,10,8,False,False,False,acf87a3f40ce0e6b83a3ecf00f91a5972e6a66ff776884946d4cc5ece73eeff0,8c5fbb6a82ab3b1d5d442571ab26ffa1a4a8140f6c47a2f9cae0238a2d14e7c2,1.76,2.04,True,2021-02-05T13:42:00+00:00,2021-02-05T13:42:00+00:00
te:1924272,2021-02-26,2021,2021-02-26,diez-fe7f1,bonadio,2021-02-26T14:20:00+00:00,2021-02-24T21:13:00+00:00,0.0,2021-02-28T23:00:00+00:00,2021-02-26,1.83,1.95,0.5158730158730157,0.0635134057223252,0.614315761705484,0.4019766609272538,0.25,0.25,0.5538796807622228,0.5350813566364511,1.3580726265782772e-09,8,12,False,False,False,6f1b5c20e820ad4dc0ef8024b6b61c0d2e62db086c6f8dcd53f260c00311cd1a,df700a11eb27dce17bbb5538065caa791ce1ec33871aea62bdf898f58570723f,1.84,1.96,True,2021-02-26T07:02:00+00:00,2021-02-26T07:02:00+00:00
te:1924590,2021-03-02,2021,2021-03-02,durasovic,molleker,2021-03-02T07:10:00+00:00,2021-02-28T11:13:00+00:00,1.0,2021-03-04T23:00:00+00:00,2021-03-02,1.67,2.12,0.5593667546174144,0.23859246225525782,0.60578611919354,0.19104091619453628,0.0,0.0,0.5000000000000001,0.5446784970961969,0.008788900646411607,9,15,False,False,False,305de32868459f41d38d7d30f0a3a3936196697fd08116bc323d83508b6d26c4,e2978a7b861e688c7d80ae1a63fbb16d40be88624a4816a9258f2f87190f1bab,1.7,2.11,True,2021-03-02T01:03:00+00:00,2021-03-02T01:03:00+00:00
te:1924594,2021-03-02,2021,2021-03-02,quiroz-12961,lee-42da3,2021-03-02T09:00:00+00:00,2021-02-28T11:13:00+00:00,0.0,2021-03-04T23:00:00+00:00,2021-03-02,1.81,1.97,0.5211640211640212,0.08470669747216275,0.594217820214515,0.2967227427289591,1.1333333333333333,1.1333333333333333,0.567757015545204,0.5000000000000001,0.007212711379293066,25,0,False,True,False,44b959fc092f9641ea25268caf28d82fb84681cf3ca0286810326e01c14f206d,c56362c05900884b39fa03aaf3f3856c96e9e5cbcf318bf8c3a14f2a9c341e19,1.91,1.9,True,2021-03-02T08:33:00+00:00,2021-03-02T08:33:00+00:00
te:1975716,2021-08-31,2021,2021-08-31,sousa-16efd,moriya,2021-08-31T09:55:00+00:00,2021-08-30T04:05:00+00:00,1.0,2021-09-02T22:00:00+00:00,2021-08-31,1.87,1.92,0.5065963060686015,0.02638675517319463,0.5979609725089754,0.3705895660670259,0.5333333333333333,0.5333333333333333,0.5612207088800758,0.5000000000000001,0.013855664890325997,68,65,False,False,False,f23d146a4d50c66badeae43f84e1406341b72439870c52ae235b257e1a99460e,bae0ecda09aaac2a83530f14077f64c96e80abd1cb4bf754152105a570f026bf,1.96,1.84,True,2021-08-31T05:34:00+00:00,2021-08-31T05:34:00+00:00
te:1985032,2021-09-28,2021,2021-09-28,zeppieri,rodriguez-taverna,2021-09-28T09:05:00+00:00,2021-09-27T14:34:00+00:00,1.0,2021-09-30T22:00:00+00:00,2021-09-28,1.87,1.92,0.5065963060686015,0.02638675517319463,0.5974981712580744,0.36866482766534786,1.45,0.7833333333333333,0.651478913000976,0.5789948202322807,3.329891917758232e-12,108,151,False,False,False,d38433b21e818269cdcb27d32894d4d6258a3feb539c7b09767c7273ed79180b,490d99d7663854693825e5fa6ea6140548e6144cc57cb3cefa63a4448014473c,1.94,1.86,True,2021-09-28T08:56:00+00:00,2021-09-28T08:56:00+00:00
te:1992863,2021-10-22,2021,2021-10-22,baez-a8fb1,londero,2021-10-21T23:00:00+00:00,2021-10-20T06:32:00+00:00,0.0,2021-10-24T22:00:00+00:00,2021-10-22,2.25,1.58,0.41253263707571797,-0.35350536917745357,0.5637891098981559,0.6100598128287509,2.033333333333333,1.1333333333333333,0.6563243870684489,0.5458310060338969,4.8021461335201465e-08,133,72,False,False,False,cd0bd6d06a3d85ad1d8508b11975e4a6453cce81fad18d6d27b8dd2cce2c7e95,db5767b186ca8b1db62d87dab1e211841a916c8b50de8d03d11dc4cdff0f177a,2.02,1.78,True,2021-10-21T22:44:00+00:00,2021-10-21T22:44:00+00:00
te:2005283,2021-11-30,2021,2021-11-30,peniston,fatic-cddef,2021-11-30T07:10:00+00:00,2021-11-28T14:36:00+00:00,1.0,2021-12-02T23:00:00+00:00,2021-11-30,1.99,1.83,0.4790575916230366,-0.08381867188307154,0.6120462510432518,0.5397403963417176,1.5666666666666667,0.23333333333333334,0.5440426939876566,0.5763511306845184,2.46809750636956e-07,143,134,False,False,False,38f63b777c3a44cfd2f8d355c28a7165e7de02d2c8def18ea207eb48f83df00b,5f69c1ea7f8535d22ba9d24ef1aed6e0e81edbcd19b534e45f71516ee5a40e64,1.94,1.88,True,2021-11-30T03:49:00+00:00,2021-11-30T03:49:00+00:00
te:2005284,2021-11-30,2021,2021-11-30,svrcina,oliveira-43505,2021-11-30T07:05:00+00:00,2021-11-28T14:36:00+00:00,,,,2.05,1.79,0.46614583333333337,-0.13562417329765303,0.5868741522877744,0.4866823162532908,0.8666666666666667,0.8666666666666667,0.5790862842350324,0.5000000000000001,0.009810164566510363,115,113,False,False,False,6fb21243688769720de6e196a0ec6456e3ff3694bf0fdfa6fa544abb6a2fb716,6192030165551eb57d8e6a17076b64b838210b4cbd70c44622b5f3cfc5ade6c3,2.04,1.8,True,2021-11-30T06:57:00+00:00,2021-11-30T06:57:00+00:00
te:2005485,2021-11-30,2021,2021-11-30,seyboth-wild,gonzalez-aeef1,2021-11-30T16:05:00+00:00,2021-11-28T19:26:00+00:00,0.0,2021-12-02T23:00:00+00:00,2021-11-30,2.08,1.76,0.4583333333333333,-0.16705408466316626,0.5798260318052394,0.4891133625440397,0.8,0.06666666666666667,0.781774623796611,0.6698907260954845,3.326755537713666e-12,113,129,False,False,False,18123580da2029cb0d03223946c08db8a9fcbdae3bfd97494de52d2feb2baaa2,a2975b8c75fe6c5ce9613b1c31df56dc3569fb2f254997099c223771bb68921c,2.2,1.68,True,2021-11-30T15:24:00+00:00,2021-11-30T13:37:00+00:00
te:2006542,2021-12-03,2021,2021-12-03,peniston,ajdukovic,2021-12-03T07:05:00+00:00,2021-12-01T16:27:00+00:00,1.0,2021-12-05T23:00:00+00:00,2021-12-03,1.97,1.85,0.48429319371727747,-0.06284790365966375,0.6138057483446651,0.5261859254657276,1.1,0.5,0.5000000011149317,0.514677570608241,0.009248364725127578,146,133,False,False,False,1fcb3b9348a338c52b427a6e4cdb27f3e9b3f7a64bd8da2a6b390f8dec796fc6,d1b619721c9843f75aa96d14ed7d6ac00abbb0e0edb6654fff5289a26de57e33,1.93,1.89,True,2021-12-03T05:40:00+00:00,2021-12-03T06:23:00+00:00
te:2006789,2021-12-03,2021,2021-12-03,ficovich,heide-17a3d,2021-12-03T17:55:00+00:00,2021-12-02T17:05:00+00:00,0.0,2021-12-05T23:00:00+00:00,2021-12-03,1.83,2.0,0.5221932114882506,0.08883121370661551,0.6210371288624809,0.4051214203209058,0.4666666666666667,0.4666666666666667,0.6116105843211262,0.5997165174965995,2.665689295411333e-07,59,93,False,False,False,6e2ab319564a1db98927f1a29b182b6b0bcbccbdb129379d5b0a3eaffdfce2ea,b5a9b270e5633b17e98180ff20bd04fa1c1592ce0eed698c788a9915d4c03320,1.82,2.01,True,2021-12-03T13:07:00+00:00,2021-12-03T16:02:00+00:00
te:2008550,2021-12-10,2021,2021-12-10,kotov-392a7,basic,2021-12-10T11:05:00+00:00,2021-12-09T13:20:00+00:00,0.0,2021-12-12T23:00:00+00:00,2021-12-10,1.87,1.94,0.5091863517060368,0.03674954220874159,0.6311302118631438,0.5003189529017079,0.65,0.65,0.6585150930107294,0.6800931246085551,1.320582532216008e-12,110,132,False,False,False,4c196e316d20ed3fb06c9af4ef3b1dc97b3d4addb8df8cf4c32befbace8750ac,2eb95e479b812f341d5a937270618fdf556cc311aeab17c58c0a2c25b82e126c,1.85,1.98,True,2021-12-10T10:16:00+00:00,2021-12-10T10:45:00+00:00
te:2009508,2021-12-14,2021,2021-12-14,oliveira-43505,melzer-a5987,2021-12-14T11:10:00+00:00,2021-12-12T22:49:00+00:00,1.0,2021-12-16T23:00:00+00:00,2021-12-14,1.96,1.86,0.486910994764398,-0.0523679855173157,0.5759519303039021,0.3585453676665911,0.7166666666666667,0.7166666666666667,0.532243937549712,0.627986071860601,4.5696868511413413e-10,122,93,False,False,False,56d6cd4f0eeb80d8b01d6a4cbe85c70489583ad7ab424d3129bc387c07b96dc6,2ef1710e385f9c293ac54c34272ffe1752881113799bed33d6a24756083f4e07,1.95,1.87,True,2021-12-14T10:29:00+00:00,2021-12-14T10:29:00+00:00
te:2009524,2021-12-14,2021,2021-12-14,hardt-79c77,domingues,2021-12-14T17:40:00+00:00,2021-12-12T22:49:00+00:00,1.0,2021-12-16T23:00:00+00:00,2021-12-14,2.05,1.78,0.4647519582245431,-0.14122642884632286,0.6008562288501015,0.5502604341969749,1.7666666666666666,0.2,0.555661100617857,0.5000000000000001,0.004509243026211834,142,88,False,False,False,b6ac85c6e14ae59a326851071f6268e5a54bb7d0702e7d74c0d1e54564c5e750,3793223d7eda171946d8dd854b64c1085438c9221093e5f79f331ac037333499,2.0,1.83,True,2021-12-14T16:50:00+00:00,2021-12-14T16:50:00+00:00
te:2015152,2022-01-04,2022,2022-01-04,coppejans,cachin,2022-01-04T02:30:00+00:00,2022-01-03T12:09:00+00:00,1.0,2022-01-06T23:00:00+00:00,2022-01-04,1.69,2.2,0.5655526992287918,0.2637288314292882,0.6120980173162613,0.19241091151260453,0.0,0.0,0.5243598802384843,0.5000000000000001,0.006985318403403357,137,181,False,False,False,261e1e88568fa23d2f4eccf286806fae56c905c2757aee39c0e0aab1cbcbb33b,e72ad5e9345ea4f51c479db450d2afe1a959d2d1ecefa6f5f6815036c8b269a9,1.72,2.14,True,2022-01-03T21:24:00+00:00,2022-01-03T21:24:00+00:00
te:2015350,2022-01-04,2022,2022-01-04,krueger-d6035,skatov,2022-01-04T05:10:00+00:00,2022-01-03T17:15:00+00:00,0.0,2022-01-06T23:00:00+00:00,2022-01-04,1.91,1.91,0.5,0.0,0.5936107723273008,0.37891244993807466,0.0,0.0,0.6884977911980675,0.6050704092247383,3.787311575464969e-10,123,152,False,False,False,05ae5ec5c5788d21cd9319c37be5018743370bf5ad1b76b54f51fe6a0ace035e,9b1e5e851fcdbb9ddce1fe6e815eef4779b05168ca30fd6873667e41abb87850,1.83,2.0,True,2022-01-03T17:36:00+00:00,2022-01-04T02:40:00+00:00
te:2016686,2022-01-07,2022,2022-01-07,lama-9f250,pereira-9b0a8,2022-01-07T16:05:00+00:00,2022-01-05T20:41:00+00:00,1.0,2022-01-09T23:00:00+00:00,2022-01-07,1.96,1.82,0.4814814814814815,-0.07410797215372175,0.5927891743775758,0.4496157337229716,0.0,0.0,0.5700974203070652,0.5000000000003118,0.0008003551430342121,151,128,False,False,False,efe99a135728e5d4edc9beccaed2ec4a6862a4ca44c6a5dd16d03c805356bafe,1e88905dfd90c3eac9dda57cfe19ed5a14a45f7550c66eb6486cf9c00e14de61,1.98,1.85,True,2022-01-07T15:05:00+00:00,2022-01-07T15:05:00+00:00
te:2016704,2022-01-07,2022,2022-01-07,stebe,potenza,2022-01-07T15:00:00+00:00,2022-01-05T21:38:00+00:00,0.0,2022-01-09T23:00:00+00:00,2022-01-07,2.08,1.75,0.4569190600522194,-0.17275210577780367,0.5769611972066848,0.4830632136050306,0.0,0.0,0.5923093705062442,0.5000000000000001,8.764381481449202e-05,70,150,False,False,False,59b56f4be7483597f91d73d529333ef1008c0d55bd085ae7f2b2f69da7c27edf,5f12756f263fce4280b75fe7bac47ac465c692625b25b7162eed9b3b60ef4c94,1.97,1.85,True,2022-01-07T14:58:00+00:00,2022-01-07T14:58:00+00:00
te:2016746,2022-01-07,2022,2022-01-07,nardi-e2cda,harrison-5baad,2022-01-07T17:05:00+00:00,2022-01-06T08:44:00+00:00,1.0,2022-01-09T23:00:00+00:00,2022-01-07,1.85,1.96,0.5144356955380577,0.05775883415219216,0.6255990401696486,0.4556235125724618,0.0,0.0,0.6320154187416257,0.6296592555773033,1.7141231314909966e-07,129,110,False,False,False,b5f7e381af5b58124240319981e316ac438f5a944bdabecb28af0742adb4f952,29c6896936cb88f9e386e39c3a9cd31e69f5561b77fbfe1aac66c9ce35f58d45,1.76,2.08,True,2022-01-07T13:52:00+00:00,2022-01-07T13:52:00+00:00
te:2016880,2022-01-07,2022,2022-01-07,escobedo-2bf83,kopriva,2022-01-07T01:45:00+00:00,2022-01-06T16:56:00+00:00,1.0,2022-01-09T23:00:00+00:00,2022-01-07,1.9,1.9,0.5,0.0,0.6043206249123634,0.4235006686047731,0.3333333333333333,0.3333333333333333,0.6540547308928373,0.5905573852138978,1.5856198798402943e-08,120,163,False,False,False,c0e54af88d34e10c15412b16b33c43f4cd352a795bc27ccde2b6fa8b7290f6f9,dfbd8933ac02f27c664f8935a6bad7dc23d8d20840aa9f27cadd2d42629e35aa,1.87,1.94,True,2022-01-06T23:34:00+00:00,2022-01-07T00:18:00+00:00
te:2016968,2022-01-07,2022,2022-01-07,mukund,benchetrit-70b2e,2022-01-07T11:05:00+00:00,2022-01-06T22:57:00+00:00,1.0,2022-01-09T23:00:00+00:00,2022-01-07,1.91,1.89,0.4973684210526315,-0.010526412986987747,0.5996026584711944,0.4143362050661768,1.2166666666666666,0.016666666666666666,0.5000000000000001,0.5581315012987942,0.02842344014550474,137,80,False,False,False,c22046eee2ff1602db5767b48cb3177b3c5dccdc00ecd9cd5655a6f6f5c024e9,86d8e0a1ebf44ed65001ec7f61e4acbb9119c9827c30d3bb3db8d38171b961d6,1.95,1.86,True,2022-01-07T07:38:00+00:00,2022-01-07T10:55:00+00:00
te:2018242,2022-01-11,2022,2022-01-11,tiurnev,hoang-545b3,2022-01-11T09:10:00+00:00,2022-01-09T01:03:00+00:00,1.0,2022-01-13T23:00:00+00:00,2022-01-11,1.76,2.06,0.5392670157068064,0.15739217375142958,0.6065841121714987,0.275583938474828,0.0,0.0,0.5864902038747762,0.6445955565639291,3.621743435711089e-08,90,144,False,False,False,668e72e0f3824eee79a310e62f03f748af7f7ff38350a7abb7be27aaa84c7523,40161c5db87bd9bba898e443482a0c203a11fcca7059d52df7a3c57ba35613e8,1.73,2.13,True,2022-01-11T06:30:00+00:00,2022-01-11T06:30:00+00:00
te:2019042,2022-01-11,2022,2022-01-11,nardi-e2cda,setkic,2022-01-11T17:05:00+00:00,2022-01-10T23:17:00+00:00,1.0,2022-01-13T23:00:00+00:00,2022-01-11,1.88,1.92,0.5052631578947367,0.02105340919783196,0.5592992640422514,0.21726523495274416,1.9333333333333333,0.8333333333333334,0.61233814668675,0.5000000000000001,0.00029313678067083293,138,159,False,False,False,ca6e28d9b3ccbd3119601abecd04066f5b634461ced32933498923d8a526b0eb,3d80602ca411f0837f59473de8557a84e7178781ec2603e75095bede8ed1d6f8,1.84,1.98,True,2022-01-11T16:41:00+00:00,2022-01-11T16:41:00+00:00
te:2019400,2022-01-11,2022,2022-01-11,olivieri-ff875,pereira-9b0a8,2022-01-11T13:10:00+00:00,2022-01-11T08:37:00+00:00,,,,2.13,1.72,0.44675324675324674,-0.21379768889597214,0.5905975387479738,0.5802338057608444,1.9833333333333334,0.4166666666666667,0.5735495465833599,0.5000000000000001,0.01331469205248402,129,137,False,False,False,be46e2644654a5ad5fb73b7f95669aae99946166b01e9f72ba59b8eaec8a51cd,38058ead9710f37912c93a61d6e556cc53cb2943f99012748a0b08312c761d73,2.15,1.7,True,2022-01-11T12:30:00+00:00,2022-01-11T12:30:00+00:00
te:2020174,2022-01-14,2022,2022-01-14,olivieri-ff875,juarez-8d805,2022-01-14T14:05:00+00:00,2022-01-12T22:41:00+00:00,1.0,2022-01-16T23:00:00+00:00,2022-01-14,2.04,1.81,0.4701298701298701,-0.1196229625783907,0.6068105627097439,0.5535480926763946,0.2833333333333333,0.2833333333333333,0.542046111989471,0.5000000000000001,0.00907448912730728,129,226,False,False,False,de795db9386a3d02d5bd6122b13082508d8c78b811ed536ea301c6b71f0472ef,4298c575ee30cfad676f37e8f6a3c06242f944f8cd527565855e2c0617458fd4,2.03,1.82,True,2022-01-14T10:36:00+00:00,2022-01-14T10:36:00+00:00
te:2021470,2022-01-18,2022,2022-01-18,masur-d87d6,arnaboldi,2022-01-18T10:55:00+00:00,2022-01-17T00:56:00+00:00,1.0,2022-01-20T23:00:00+00:00,2022-01-18,1.64,2.27,0.5805626598465473,0.32508358965720424,0.6066736689232078,0.10826781757402998,0.8333333333333334,0.23333333333333334,0.6433597287159948,0.5856582917214859,4.3081300055147764e-08,151,126,False,False,False,0cf52a281ad109fd72563de54ecb9bf15263a8301e20386a8c6c2965da0b3af1,efb50f5b75af78b92d3e2f83d61fe41fb22948d84d8c6be315dd1b5572e3cdf5,1.7,2.17,True,2022-01-18T10:35:00+00:00,2022-01-18T10:35:00+00:00
te:2023698,2022-01-21,2022,2022-01-21,lama-9f250,mena-99e7a,2022-01-21T20:35:00+00:00,2022-01-19T21:23:00+00:00,1.0,2022-01-23T23:00:00+00:00,2022-01-21,1.68,2.18,0.5647668393782384,0.2605310833858301,0.6325279038817953,0.28254586621180067,0.0,0.0,0.6670078241013029,0.693890771394606,9.835637082566961e-08,160,139,False,False,False,6c054f564bdb6dc20ab7fc4595cdd4ef3bf2b9d110b248988b6e61cea8491c01,a71bf384254882befb71eda2332816b3733c224dac6c3cb1b3cf11efcf2dc902,1.71,2.15,True,2022-01-21T20:23:00+00:00,2022-01-21T20:05:00+00:00
te:2023754,2022-01-21,2022,2022-01-21,silva-cb43c,pospisil-9e7de,2022-01-21T15:10:00+00:00,2022-01-19T21:58:00+00:00,1.0,2022-01-23T23:00:00+00:00,2022-01-21,1.66,2.22,0.5721649484536083,0.29068959351573653,0.5937431221723789,0.08877151451848819,1.1333333333333333,0.4666666666666667,0.6419195517650337,0.7334112653959577,8.57499501960568e-09,135,73,False,False,False,7c77249037e24b524fd0b2990a89f6fe28aac2aaaaa6c5e6b2a6d9412f1ce67f,78e0ffce37bce2d41ee4124693db06ab905b940c310219854a822b6c60bedf53,1.69,2.18,True,2022-01-21T11:48:00+00:00,2022-01-21T14:45:00+00:00
te:2025136,2022-01-25,2022,2022-01-25,lama-9f250,gomez-herrera,2022-01-25T18:45:00+00:00,2022-01-23T16:02:00+00:00,1.0,2022-01-27T23:00:00+00:00,2022-01-25,1.74,2.1,0.5468749999999999,0.1880522315029392,0.6127343890743655,0.2707685230018451,1.2166666666666666,0.25,0.7028829817176765,0.6392780309898963,9.574731785200186e-09,163,91,False,False,False,cedf601c91d661a04afb128e79c3b7d55586ccb1459d4c2b4549f7b1cba92188,144cc34a0c320b43c8c546de26a00235bb9a52480a422b8dd119dbe3604e98a2,1.83,1.99,True,2022-01-25T15:56:00+00:00,2022-01-25T17:23:00+00:00
te:2027190,2022-01-28,2022,2022-01-28,nishioka,gomez-eb573,2022-01-28T16:05:00+00:00,2022-01-26T22:31:00+00:00,1.0,2022-01-30T23:00:00+00:00,2022-01-28,1.65,2.25,0.5769230769230769,0.3101549283038393,0.6161746853626721,0.1631880358763937,0.0,0.0,0.7156012140388438,0.6527598788730854,4.519710716799352e-10,123,170,False,False,False,6a27b6434d22b4807dcb2173bf992768b9ccb6ff2c4b1b2a18000b9175d9b1b5,6ff7a18aedbdec551c43c3b111e209428f1ddce6b355a93bb6b508ef0bc00aa3,1.66,2.24,True,2022-01-28T15:47:00+00:00,2022-01-28T15:47:00+00:00
te:2027336,2022-01-28,2022,2022-01-28,moriya,muller-c81bc,2022-01-28T17:15:00+00:00,2022-01-27T15:57:00+00:00,0.0,2022-01-30T23:00:00+00:00,2022-01-28,1.78,2.05,0.5352480417754569,0.14122642884632308,0.5957690293191932,0.24664020420527655,1.35,0.11666666666666667,0.5000000000025834,0.5651248548390719,0.024100920964843633,122,148,False,False,False,5526b2f586ebdc52477f9a6a6b72d916284cb35f2d38eeaf39c6309a419e7908,37b0790d575c7561087b30ff1572e86befba0599a116fb97bf9262a85b56c854,1.82,2.0,True,2022-01-28T16:43:00+00:00,2022-01-28T16:43:00+00:00
te:2027506,2022-01-28,2022,2022-01-28,cerundolo,dellien,2022-01-28T21:05:00+00:00,2022-01-28T02:56:00+00:00,1.0,2022-01-30T23:00:00+00:00,2022-01-28,1.79,2.05,0.5338541666666666,0.13562417329765303,0.6253434437252304,0.37666707908413594,1.6833333333333333,0.05,0.6321686625656855,0.6275021108529504,4.3315712128233486e-11,194,173,False,False,False,9b80c048eb1f8a5b7cacd49aa995db85ac2789b1d6a86562268e22c6782f7d48,fb5effe9d5feaba6542308517b42bde99230474c94d85c2ec78accaaa33d1118,1.74,2.13,True,2022-01-28T20:45:00+00:00,2022-01-28T20:45:00+00:00
te:2031560,2022-02-08,2022,2022-02-08,novak-77d05,elias-3e14c,2022-02-08T13:55:00+00:00,2022-02-07T11:28:00+00:00,0.0,2022-02-10T23:00:00+00:00,2022-02-08,1.65,2.25,0.5769230769230769,0.3101549283038393,0.621721502334879,0.18670662807473015,0.2833333333333333,0.2833333333333333,0.6944619558774889,0.6465082879753943,1.1418647138938809e-09,139,131,False,False,False,ca9d0a9c0e656b6075a36ae2f172dcdc8e3e1faa8e68cf3e83f485ab567c48e3,25b68991acaf4c5f391e78e2c5558a72b217edd590ccc16089d8478c358c8102,1.71,2.16,True,2022-02-08T13:34:00+00:00,2022-02-08T13:34:00+00:00
te:2032770,2022-02-08,2022,2022-02-08,decamps-8626a,gaio,2022-02-08T04:40:00+00:00,2022-02-07T14:12:00+00:00,0.0,2022-02-10T23:00:00+00:00,2022-02-08,1.71,2.13,0.5546875,0.21962860920676525,0.6139257253012741,0.24421557060491156,0.35,0.35,0.5739692207585044,0.6093326487243022,1.8451108249606385e-07,133,169,False,False,False,023e6200222e68ecefd3330f2045d19d803e195f1e48f559a1cc0893a01ec87d,b52f9e72b3cd397879bc415d66cc5ed7640ceba06c075f47aa8ba3ff664b8042,1.72,2.14,True,2022-02-08T03:55:00+00:00,2022-02-08T03:55:00+00:00
te:2032776,2022-02-08,2022,2022-02-08,donskoy,jaziri,2022-02-08T08:20:00+00:00,2022-02-07T14:12:00+00:00,1.0,2022-02-10T23:00:00+00:00,2022-02-08,1.63,2.27,0.5820512820512821,0.3311998166746405,0.5991145900634086,0.07057743970844882,0.0,0.0,0.6154086623386018,0.550694546596817,5.812348435885184e-08,111,85,False,False,False,88eb493be4c9b15e02885204baf03357987e837d0c737e4ad64a5f4ae5eec4c2,d17f19b1594cad5f29eb08f8725ccaa360d79db33a4ce363bc89c1dc386cf629,1.69,2.2,True,2022-02-08T05:22:00+00:00,2022-02-08T07:16:00+00:00
te:2034712,2022-02-11,2022,2022-02-11,muller-c81bc,ilkel,2022-02-11T07:50:00+00:00,2022-02-10T12:04:00+00:00,1.0,2022-02-13T23:00:00+00:00,2022-02-11,1.66,2.23,0.5732647814910026,0.2951839831035755,0.6372451474054825,0.26824317630767935,0.0,0.0,0.6961613763519361,0.680474668593527,1.6035764105470918e-09,154,152,False,False,False,e656407e395b128a070af5001904092643158062fa3acf14e4f5e897a1f4c385,6b7b0de145541498a070e2d42b6db8af146e425a9f8b3543395ebadf1e061368,1.7,2.17,True,2022-02-11T07:26:00+00:00,2022-02-11T07:26:00+00:00
te:2034754,2022-02-11,2022,2022-02-11,lestienne,van-assche,2022-02-11T20:10:00+00:00,2022-02-10T15:54:00+00:00,1.0,2022-02-13T23:00:00+00:00,2022-02-11,1.68,2.19,0.5658914728682171,0.2651077504132419,0.621658181077799,0.23148457329747618,0.8666666666666667,0.03333333333333333,0.612448672096946,0.6035177852694277,8.302153198247453e-08,99,112,False,False,False,18e21f9a01c5dd15ae4203f3a4b0b83949e514d7a89e2239fa9279568624aa97,510411b1f4b89bc946a19a1c8a99821c9095d30858ac98918db48788bf0e9705,1.66,2.24,True,2022-02-11T16:22:00+00:00,2022-02-11T16:22:00+00:00
te:2035546,2022-02-15,2022,2022-02-15,kuznetsov-edb42,kopriva,2022-02-15T04:35:00+00:00,2022-02-14T00:48:00+00:00,1.0,2022-02-17T23:00:00+00:00,2022-02-15,1.72,2.12,0.5520833333333334,0.20909179785855955,0.6244584090952278,0.29942370429453424,0.4166666666666667,0.4166666666666667,0.6541789574698365,0.6292816623714843,4.241612727717836e-09,135,184,False,False,False,a070b9e3ea31b7ada0c2bbb45b389246894b7b9a8ebdc3e4ae9191945d570813,496ec9ce1bba32d19cbb486b2b9ea8e8a903be81d036cd4f6ca0d3808d9d759e,1.74,2.13,True,2022-02-15T04:13:00+00:00,2022-02-15T03:27:00+00:00
te:2036172,2022-02-15,2022,2022-02-15,draper-e73d3,basic,2022-02-15T10:45:00+00:00,2022-02-13T15:08:00+00:00,0.0,2022-02-17T23:00:00+00:00,2022-02-15,1.65,2.23,0.5747422680412371,0.301226297559538,0.5843060228636582,0.03924920210774818,0.7333333333333333,0.7333333333333333,0.7219796749484841,0.6235655393640068,2.731453951909657e-12,93,133,False,False,False,c4341248001d02ef69aacfaef31b148ab639244dfc678ca1d73ba99ed7aa681b,b09f3b044d43abb5fd41f1999f286e22f1d018ada188c03a90b0d30badfee483,2.16,1.71,True,2022-02-15T10:16:00+00:00,2022-02-15T10:16:00+00:00
te:2036180,2022-02-15,2022,2022-02-15,napolitano,elias-3e14c,2022-02-15T14:30:00+00:00,2022-02-13T15:09:00+00:00,0.0,2022-02-17T23:00:00+00:00,2022-02-15,1.71,2.14,0.5558441558441558,0.2243124585191915,0.5816464654766773,0.10522350557755786,0.25,0.25,0.5473125515703329,0.637466133574194,5.3454146095588406e-08,42,130,False,False,False,c435df7daf2568364779da4b62479e46aeba82c25373e0b68aa9bbb79a24deb8,2687813f13beca031030fc69e0701b41daae20aa702afd0694ea16d952a9a8cf,1.85,1.97,True,2022-02-15T14:23:00+00:00,2022-02-15T14:23:00+00:00
te:2037184,2022-02-15,2022,2022-02-15,clarke-60a59,harris-6e66d,2022-02-15T06:30:00+00:00,2022-02-15T00:22:00+00:00,1.0,2022-02-17T23:00:00+00:00,2022-02-15,2.08,1.75,0.4569190600522194,-0.17275210577780367,0.5627749962474895,0.4251840572923443,0.0,0.0,0.7462913490573637,0.6261306946553246,1.5168144518185045e-12,139,9,False,False,False,91706a58aa755ac214af0cd205dab03a41962859ae4c44dc6df464eb07db4eea,58eedd0305672f45c86b967a9b0a45b0a2669b0433410763d5c1fa52a6cadcf9,2.01,1.82,True,2022-02-15T06:25:00+00:00,2022-02-15T06:25:00+00:00
te:2037362,2022-02-15,2022,2022-02-15,hassan-1d510,bemelmans,2022-02-15T09:05:00+00:00,2022-02-14T23:07:00+00:00,0.0,2022-02-17T23:00:00+00:00,2022-02-15,1.75,2.08,0.5430809399477807,0.17275210577780412,0.5806361831326897,0.15263342293105228,1.45,0.8833333333333333,0.5824168875170321,0.6782511581646183,7.99063513967635e-08,126,90,False,False,False,1a0ce0826871f8a46227cc69e87940c2fe0e59270e1e9e42f0db959c580f2fe9,da6014307f94f2faf2ac181387825cbd309e86a0b28ba8a4e35019d78911c766,1.78,2.06,True,2022-02-15T08:47:00+00:00,2022-02-15T08:47:00+00:00
te:2038980,2022-02-18,2022,2022-02-18,gojo,bellier,2022-02-18T05:40:00+00:00,2022-02-17T15:32:00+00:00,1.0,2022-02-20T23:00:00+00:00,2022-02-18,1.66,2.23,0.5732647814910026,0.2951839831035755,0.605984020768057,0.13527816934674908,1.7833333333333334,0.5166666666666667,0.797427606798435,0.7024473384306634,1.1934897514720433e-14,133,151,False,False,False,33879e3b563342383ebbc26247742e1118b62823d32dfced36d01586e0469222,cb8054ca10a2374a4ca85f3482570501682f752aa740300264a3c1462ce0398e,1.85,1.96,True,2022-02-18T02:05:00+00:00,2022-02-18T05:04:00+00:00
te:2040246,2022-02-22,2022,2022-02-22,pospisil-9e7de,hoang-545b3,2022-02-22T19:40:00+00:00,2022-02-20T15:23:00+00:00,0.0,2022-02-24T23:00:00+00:00,2022-02-22,1.67,2.21,0.5695876288659795,0.280168889100998,0.6155396463654429,0.1904897955696745,0.43333333333333335,0.43333333333333335,0.8020037078542517,0.713351384671516,3.733124920302089e-13,100,139,False,False,False,7e87c1f4f03a267a6245a0c025dc514596c6487105647bd06cafd3a1fc45f451,467438b00a0b685f4e1988509dfc1b41fc17f8f1fd1c73870ba40639a0410c5e,1.72,2.15,True,2022-02-22T19:13:00+00:00,2022-02-22T16:38:00+00:00
te:2040250,2022-02-22,2022,2022-02-22,guinard,kuznetsov-edb42,2022-02-22T10:10:00+00:00,2022-02-20T15:23:00+00:00,,,,1.84,1.96,0.5157894736842105,0.06317890162153136,0.637478255869896,0.5012568100870088,0.6833333333333333,0.6833333333333333,0.6903239458458201,0.7258092634906744,2.5868402420137215e-09,152,137,False,False,False,2755658badc3b7b84739e9982464f7a193b2c588e8d1b0470d7ccb58a5e82182,f00db5a11c72242c1d6af4223320c42cb75016282aa3942734b1314618ea5915,1.83,2.0,True,2022-02-22T06:37:00+00:00,2022-02-22T08:44:00+00:00
te:2040256,2022-02-22,2022,2022-02-22,serdarusic-5f7cc,kuhn-c28ab,2022-02-22T18:10:00+00:00,2022-02-20T15:23:00+00:00,1.0,2022-02-24T23:00:00+00:00,2022-02-22,1.61,2.31,0.5892857142857143,0.3610133455373306,0.6325176610874581,0.1820195372251721,0.6,0.6,0.6745387832153341,0.6619898799978918,3.8166789728677486e-08,158,114,False,False,False,eac57b8cb9d459fd31d8f4037cba7b528612cafd570ca1a146dd66c4c45f2f25,ec2700cc2461b3494ca2893a4ab92e82c0db82bcce40fd5565d6440b8ce1fc50,1.62,2.33,True,2022-02-22T17:25:00+00:00,2022-02-22T17:25:00+00:00
te:2041582,2022-02-22,2022,2022-02-22,simon-04c62,nava-337db,2022-02-22T13:10:00+00:00,2022-02-21T19:28:00+00:00,1.0,2022-02-24T23:00:00+00:00,2022-02-22,1.84,1.96,0.5157894736842105,0.06317890162153136,0.648546776923773,0.54947860611203,1.5333333333333334,0.9333333333333333,0.7271091510218619,0.7157480106055198,1.5888088983340154e-08,94,151,False,False,False,21c78dfba939dfa73bf0ca1fe9d6176610f3262b1472739a27d1bf3f3d26e80a,8fa91836a18c1e9436aebd3ab4d0bb6674082ff6696eb5e37ff256647fdcd9a5,1.8,2.03,True,2022-02-22T11:40:00+00:00,2022-02-22T11:40:00+00:00
te:2042794,2022-02-25,2022,2022-02-25,basic,horansky,2022-02-25T10:10:00+00:00,2022-02-24T02:10:00+00:00,0.0,2022-02-27T23:00:00+00:00,2022-02-25,1.75,2.08,0.5430809399477807,0.17275210577780412,0.6275706052968368,0.3490566018669863,0.9,0.16666666666666666,0.6427720569070801,0.6404326007632755,2.5892092747614726e-08,130,129,False,False,False,7c6fe4aa420965e908ea38957db23a6c3ac9ba3d6bf86f6b5b747d27cd38d3a4,294c12643e55626ff0c5c787239de4644e60700060041d98b34d4751fb9698aa,1.72,2.14,True,2022-02-25T09:53:00+00:00,2022-02-25T09:53:00+00:00
te:2043180,2022-02-25,2022,2022-02-25,guinard,simon-04c62,2022-02-25T17:20:00+00:00,2022-02-24T22:52:00+00:00,0.0,2022-02-27T23:00:00+00:00,2022-02-25,1.87,1.93,0.5078947368421052,0.03158157205029858,0.6281824360080882,0.49284574082595783,0.0,0.0,0.6610154692164641,0.7002346001366011,1.2713691210919364e-11,146,91,False,False,False,bfe8725aa450dc16a9ac01fb8ba90b5558bd751f1afe6c70da06426caa75598d,808e734bc5328b6a026f8302a3a2260f0f837cc4e7c454ad72cdaaf5f80f4b35,1.82,2.01,True,2022-02-25T16:23:00+00:00,2022-02-25T16:23:00+00:00
te:2043730,2022-03-01,2022,2022-03-01,sanchez-izquierdo-99add,giustino-1d545,2022-03-01T10:10:00+00:00,2022-02-27T13:05:00+00:00,0.0,2022-03-03T23:00:00+00:00,2022-03-01,1.96,1.85,0.4855643044619423,-0.05775883415219216,0.6036354806703895,0.47839504986971804,1.0333333333333334,0.03333333333333333,0.5497615713246432,0.5000000000024801,0.008871291661241634,177,139,False,False,False,651a84ab9099f07c9a33d18952ed30851f2dc3379ad426e8baefa4c3e00c0792,eadcc56f8d1958fd662411abe1962c954a9b17dba3bc8354270c106d1385a23f,1.93,1.89,True,2022-03-01T08:26:00+00:00,2022-03-01T08:26:00+00:00
te:2045590,2022-03-01,2022,2022-03-01,nikles,gaio,2022-03-01T11:45:00+00:00,2022-02-28T20:03:00+00:00,1.0,2022-03-03T23:00:00+00:00,2022-03-01,1.93,1.88,0.4934383202099738,-0.026248226074936154,0.6357063158305015,0.583024548235296,0.0,0.0,0.6766316558425152,0.6789042400170269,6.256772877577532e-12,150,157,False,False,False,3aa23c13446a96260083231ad36182e4812e31dfe7450c844a3235c9a1703cc9,804d457342199bd9820625b6da934e43cbee97027e685833989962c4a953aff2,1.92,1.9,True,2022-03-01T10:24:00+00:00,2022-03-01T10:24:00+00:00
te:2047356,2022-03-04,2022,2022-03-04,moraing,jianu-c67fb,2022-03-04T10:05:00+00:00,2022-03-04T00:34:00+00:00,0.0,2022-03-06T23:00:00+00:00,2022-03-04,1.94,1.88,0.4921465968586388,-0.03141619623337862,0.574869725860424,0.333163998298557,1.6166666666666667,0.6833333333333333,0.6980003246133996,0.594038121816621,7.83731229914153e-09,150,192,False,False,False,687333d9f016df52466761c50e294363623ef76eaefda296b9cc6b244f0212e7,a1e9ee925a0753efc2825a7808c7a88eeaa984bc91834f25bf869c11ae97b5f5,1.83,2.01,True,2022-03-04T09:27:00+00:00,2022-03-04T09:34:00+00:00
te:2047360,2022-03-04,2022,2022-03-04,pospisil-9e7de,escoffier,2022-03-04T12:45:00+00:00,2022-03-04T00:34:00+00:00,1.0,2022-03-06T23:00:00+00:00,2022-03-04,1.91,1.91,0.5,0.0,0.5467694149667027,0.1876261549853376,2.55,0.11666666666666667,0.7468686875049234,0.614291058932885,4.9775322752410034e-11,111,238,False,False,False,aef2bf66eddb078fe5904a8a670d66db5e68629b87efd9d96d181b2ed2dac034,5bb919ea153208abf8e94e42abfaf72b0bbc3e0d642aa1217f6cdbc989406633,1.76,2.1,True,2022-03-04T07:57:00+00:00,2022-03-04T10:33:00+00:00
te:2049120,2022-03-08,2022,2022-03-08,de-jong-57322,barrios-vera,2022-03-08T13:10:00+00:00,2022-03-06T16:11:00+00:00,0.0,2022-03-10T23:00:00+00:00,2022-03-08,1.97,1.81,0.4788359788359788,-0.08470669747216297,0.6431296391203911,0.6736804363991497,0.0,0.0,0.7189267840516103,0.7685115646434989,1.6929836282875144e-08,154,152,False,False,False,c621ded4eec90a398c2bdf9c1a2aefa19517f8c399e32cea5b4171ed6f8a821b,e770fed0cfc19565a8748f0c0348b12559fb0668b6b0b9c2c5dc42cee01e48a1,1.85,1.96,True,2022-03-08T11:59:00+00:00,2022-03-08T12:14:00+00:00
te:2049128,2022-03-08,2022,2022-03-08,kopriva,jarry,2022-03-08T19:10:00+00:00,2022-03-06T16:10:00+00:00,1.0,2022-03-10T23:00:00+00:00,2022-03-08,1.78,2.05,0.5352480417754569,0.14122642884632308,0.6268365279586678,0.37744277035381757,0.0,0.0,0.6922768422870716,0.7556100388588588,2.302458612657432e-09,178,157,False,False,False,4b1b8a09e77dbdec72c776ddc9eec9523443b4d8672a553d90f08843249855d8,9c849e08c73fac0239e5d0c10d2c9ec317dc0a426ad9a0693f4bffba473d8ce9,1.81,2.03,True,2022-03-08T18:39:00+00:00,2022-03-08T17:36:00+00:00
te:2049172,2022-03-08,2022,2022-03-08,rybakov,statham-f53e5,2022-03-08T19:40:00+00:00,2022-03-06T15:11:00+00:00,0.0,2022-03-10T23:00:00+00:00,2022-03-08,1.8,2.01,0.5275590551181102,0.11034805716886517,0.6119227310465997,0.34505349432934007,0.0,0.0,0.6169289960923144,0.574896909803906,2.3216648434298826e-07,159,70,False,False,False,021241af94da53a5e7d3ccc1f01d88972f76fb8714b42de7161080172599fa95,ed7153e79ed28aae6dde41db4c36c1816b0acf6408f5ae4ce3135b7ca9a8b8cd,1.83,1.99,True,2022-03-08T18:30:00+00:00,2022-03-08T18:07:00+00:00
te:2050470,2022-03-08,2022,2022-03-08,lama-9f250,juarez-8d805,2022-03-08T15:25:00+00:00,2022-03-08T04:28:00+00:00,1.0,2022-03-10T23:00:00+00:00,2022-03-08,1.92,1.9,0.4973821989528796,-0.010471299867295303,0.6224153404502022,0.5102841124268275,0.0,0.0,0.6894876784299311,0.6445506612541468,1.434430629831951e-09,163,185,False,False,False,dc546b6837205dc546554e7214ddcf9aa237bfb17bf1f7d244932324024bca06,f333ecd7e80241e834b24f29999cbe2fa8bfef7131736caabf14c3f121799763,1.98,1.84,True,2022-03-08T15:09:00+00:00,2022-03-08T14:28:00+00:00
te:2050786,2022-03-08,2022,2022-03-08,kovacevic-a2706,nakagawa-7463c,2022-03-08T20:00:00+00:00,2022-03-08T04:50:00+00:00,0.0,2022-03-10T23:00:00+00:00,2022-03-08,1.79,2.03,0.5314136125654451,0.12582017320103248,0.6351403852652608,0.428513217981914,1.2833333333333334,1.2833333333333334,0.7270358507928723,0.6868897163583577,7.505855242895265e-09,98,79,False,False,False,30dea5c64cf3eab0b89c373a380d6c3a62f8343d1e703bb3def3ec514af13bb2,c526b03bb3d2723a628bdd3237644c32f2b4d76c9da2ceb41e8c3db7c3afdfe9,1.8,2.04,True,2022-03-08T18:01:00+00:00,2022-03-08T16:38:00+00:00
te:2051622,2022-03-11,2022,2022-03-11,dellien,de-jong-57322,2022-03-11T14:10:00+00:00,2022-03-10T13:53:00+00:00,0.0,2022-03-13T23:00:00+00:00,2022-03-11,1.99,1.83,0.4790575916230366,-0.08381867188307154,0.6273349319120836,0.604619176099287,0.8333333333333334,0.8333333333333334,0.7298236916964043,0.6767937738620416,2.2448709557920665e-13,191,152,False,False,False,bedf981b0a0a9194002b146d256e4747db9ea8a2c2ff63be31ec722f8a51e5e4,8f23aecded0aeca82dd93687b5f8dd4e886b512145e9c356f72711d516b1388c,1.83,2.01,True,2022-03-11T13:53:00+00:00,2022-03-11T13:53:00+00:00
te:2051642,2022-03-11,2022,2022-03-11,verdasco,mmoh,2022-03-11T01:10:00+00:00,2022-03-10T05:28:00+00:00,0.0,2022-03-13T23:00:00+00:00,2022-03-11,1.76,2.06,0.5392670157068064,0.15739217375142958,0.6426649113289479,0.4295573161363192,0.4166666666666667,0.4166666666666667,0.6991254327716871,0.7068822948503619,1.3143930388537228e-12,104,105,False,False,False,8325039694debb150d906516d3b873a2b93ba6ce3e610f9c661ba5c39b4625d3,64f7533f0547b32eb368de09417697e4c5d543d6fa4bc9cb88a9ba01eec7b6b8,1.75,2.12,True,2022-03-11T00:15:00+00:00,2022-03-11T00:46:00+00:00
te:2051658,2022-03-11,2022,2022-03-11,harrison-5baad,blancaneaux,2022-03-10T23:20:00+00:00,2022-03-10T05:28:00+00:00,0.0,2022-03-13T23:00:00+00:00,2022-03-11,1.98,1.83,0.48031496062992135,-0.07878087785311394,0.6224825133789771,0.578879525048816,1.5333333333333334,1.5333333333333334,0.6491780754062695,0.6213152644026995,2.926310113671171e-08,91,157,False,False,False,77072d750e67ce015e9be8f7dde7aa0c0690c5dce44832c96b89be523227168a,b2ccb14067b0e9e6cfa0c3cd39cb8f01566b704eca33efa31c9a68f39012c961,1.9,1.93,True,2022-03-10T21:30:00+00:00,2022-03-10T21:30:00+00:00
te:2054886,2022-03-15,2022,2022-03-15,rinderknech,cerundolo,2022-03-15T18:50:00+00:00,2022-03-15T06:36:00+00:00,1.0,2022-03-17T23:00:00+00:00,2022-03-15,1.87,1.93,0.5078947368421052,0.03158157205029858,0.588917988778445,0.3279126285639237,0.7333333333333333,0.03333333333333333,0.7419917874218033,0.644442685782763,5.804626196370677e-09,185,189,False,False,False,09fcbc33eb2339177f6a49e0b9c83f1ce450bc462372bf9df4d488f5760f1e13,c43ea9b4b8eaf1dda5bf22dd925b9c40739f594c7384bf6f80e904c92053d661,1.86,1.95,True,2022-03-15T18:38:00+00:00,2022-03-15T18:38:00+00:00
te:2056318,2022-03-18,2022,2022-03-18,kudla,gasquet,2022-03-18T19:05:00+00:00,2022-03-17T23:11:00+00:00,0.0,2022-03-20T23:00:00+00:00,2022-03-18,1.75,2.09,0.5442708333333333,0.17754827804129664,0.6381818494111611,0.38993325594720135,0.4,0.4,0.6929863066127502,0.7290646276835975,1.42424094740079e-09,186,125,False,False,False,28dcbf481514288f46ddf4ac738ef76fc393d986dc2a48ef44a0807a69eeae97,d4ba040e560d258bd43dee925cd6c44a21a89839502d0dd3de98a5b343c817e1,1.79,2.07,True,2022-03-18T18:48:00+00:00,2022-03-18T18:48:00+00:00
te:2057380,2022-03-22,2022,2022-03-22,barrere-ea847,arnaboldi,2022-03-22T11:05:00+00:00,2022-03-20T13:38:00+00:00,0.0,2022-03-24T23:00:00+00:00,2022-03-22,1.8,2.04,0.53125,0.12516314295400602,0.6046293802819008,0.29962893002771696,0.0,0.0,0.7541273503506205,0.6685149738649057,7.0836114751671175e-12,117,135,False,False,False,82a9f00c41e1ff93cbf821e9764b56ec75f3e88373294b306a9d4b68e7a03feb,80896b0244196bab0eb90112ec6c05ff8cf766f8fabd01984509046703457f5a,1.85,1.97,True,2022-03-22T10:55:00+00:00,2022-03-22T10:55:00+00:00
te:2057396,2022-03-22,2022,2022-03-22,halys,basic,2022-03-22T16:35:00+00:00,2022-03-20T13:35:00+00:00,0.0,2022-03-24T23:00:00+00:00,2022-03-22,1.69,2.17,0.5621761658031088,0.24999863861738608,0.6244094886931256,0.25830826215231556,0.0,0.0,0.8219601038579376,0.7341682621407234,1.3937739851144215e-12,192,126,False,False,False,1372394cc5c93dc933ef69ce1108eb1e2d44c08ec80bdade3b8ce6872ac9b722,6206525f1456ed1c5bcd73a6b62c3309a1393973b265adf974e41e00ac73a89c,1.71,2.16,True,2022-03-22T14:01:00+00:00,2022-03-22T14:01:00+00:00
te:2060158,2022-03-25,2022,2022-03-25,cuevas-fe9b3,diez-fe7f1,2022-03-24T23:30:00+00:00,2022-03-23T14:53:00+00:00,0.0,2022-03-27T23:00:00+00:00,2022-03-25,2.08,1.75,0.4569190600522194,-0.17275210577780367,0.5818978837557784,0.5033213807264559,0.25,0.25,0.5859613199512956,0.5000000000000001,0.01971635143931856,96,96,False,False,False,240c34f207f524c1842efd5a015c8b84f52b595f0bfdadf0bcd9119acb450d7d,228880013e364c29625391c4b1f21372c6a1d24ef51add33a96482d72953f26a,1.92,1.9,True,2022-03-24T21:29:00+00:00,2022-03-24T21:29:00+00:00
te:2060506,2022-03-25,2022,2022-03-25,cobolli-d6311,esteve-lobato,2022-03-25T10:10:00+00:00,2022-03-23T23:33:00+00:00,0.0,2022-03-27T23:00:00+00:00,2022-03-25,2.07,1.77,0.4609375,-0.15656906069153992,0.6170880791318752,0.6337758371595565,1.3333333333333333,0.5333333333333333,0.5898708953293134,0.6204421402246775,2.398089893329569e-09,207,148,False,False,False,642645e1b7bc09b44480f55d115bff1d683fe1562599c014aaaea2ab4277afed,d891d2943f5c34055c5026009ee314061e9fd177fcebcfb27992aae5056399db,1.96,1.87,True,2022-03-25T09:10:00+00:00,2022-03-25T09:42:00+00:00
te:2060670,2022-03-25,2022,2022-03-25,zuk,escoffier,2022-03-25T10:10:00+00:00,2022-03-23T23:33:00+00:00,0.0,2022-03-27T23:00:00+00:00,2022-03-25,1.69,2.09,0.5529100529100528,0.21243553704173707,0.6191802747896867,0.27363482779406134,0.95,0.38333333333333336,0.6058523651514998,0.5885689162582285,5.546842707371269e-10,153,236,False,False,False,1836e9d4b370de9d486d316f501bcf20a2196b71f36b129e162aeee5d8a44162,42517c8734430aa26995d3bfb1a7ec6cdf6e4b8ec8743afa80cdc99ca2e2d2da,1.65,2.26,True,2022-03-25T09:44:00+00:00,2022-03-25T09:44:00+00:00
te:2060682,2022-03-25,2022,2022-03-25,forejtek,jaziri,2022-03-25T15:10:00+00:00,2022-03-23T23:29:00+00:00,0.0,2022-03-27T23:00:00+00:00,2022-03-25,2.19,1.63,0.4267015706806283,-0.29532152900973835,0.5365770261315478,0.44189146479092506,0.9,0.16666666666666666,0.6342127389449582,0.5000000000000001,0.0025466849253131113,155,90,False,False,False,7c9f259e13ecd076439ad6ed5819bbbcb41d799da56f93010e3597fab676a46c,431ad33eb6f9215924af0c5ea2f47882fe00a31ca6547ade3c2216001ede967e,2.04,1.79,True,2022-03-25T14:48:00+00:00,2022-03-25T14:48:00+00:00
te:2060746,2022-03-25,2022,2022-03-25,halys,bergs,2022-03-25T12:40:00+00:00,2022-03-23T23:30:00+00:00,1.0,2022-03-27T23:00:00+00:00,2022-03-25,1.78,2.0,0.5291005291005291,0.11653381625595141,0.6377361936910805,0.44901819893751926,0.48333333333333334,0.48333333333333334,0.8165234179993383,0.7409790012224255,2.2926105458509483e-13,190,141,False,False,False,c9b1e91645845fc2bc530a8240707296de8f33bfe4648e84f522762a1682c8ca,9688791c2c5f8e785e72947684c6d51e085a198f0a2af8634f9984a2c40b7581,1.77,2.07,True,2022-03-25T10:19:00+00:00,2022-03-25T10:19:00+00:00
te:2060974,2022-03-25,2022,2022-03-25,rodionov-f5e38,riedi-a3a3d,2022-03-25T17:05:00+00:00,2022-03-24T14:59:00+00:00,0.0,2022-03-27T23:00:00+00:00,2022-03-25,1.91,1.91,0.5,0.0,0.6073056597688807,0.4360006733895554,1.3666666666666667,1.3666666666666667,0.5407140236648156,0.5000000000000001,0.003959827474175559,115,115,False,False,False,75e38d014db19254b693483b935d2fbc30f5981a9c62c61968640913fb4d3e76,69c098ddbc95cccbda44b4ed2cbd054ef19195899470acad3c87068cb4ecf168,1.7,2.17,True,2022-03-25T15:01:00+00:00,2022-03-25T15:01:00+00:00
te:2061048,2022-03-25,2022,2022-03-25,lestienne,fils,2022-03-25T11:10:00+00:00,2022-03-25T04:07:00+00:00,0.0,2022-03-27T23:00:00+00:00,2022-03-25,2.07,1.76,0.4595300261096606,-0.1622347982272172,0.606296048569621,0.5940039594453064,0.4166666666666667,0.4166666666666667,0.6927083291715107,0.6234372537464216,1.6176227024544687e-12,101,132,False,False,False,277c526302a316c29d17b17547111b7f0efe5209faee076aae3dbaf470c86019,8c0a190fa94c6f8078eb0b0e016ec58c490d5719838b91e370dec026b9ee608f,1.81,2.02,True,2022-03-25T10:31:00+00:00,2022-03-25T10:49:00+00:00
te:2061080,2022-03-25,2022,2022-03-25,horansky,gengel,2022-03-25T13:30:00+00:00,2022-03-24T18:27:00+00:00,0.0,2022-03-27T23:00:00+00:00,2022-03-25,1.85,1.96,0.5144356955380577,0.05775883415219216,0.6038778388860522,0.36389043848328206,1.2666666666666666,0.6666666666666666,0.5492144656922103,0.500000000000714,0.0032955372600335098,127,187,False,False,False,9d3ed565829b90231bf976feef919ede2e319ecdf1e6a878221a59143baca214,59595ff81db07c2fb3e9ef65ede2542595d21a55fb99330a654980945144d7b8,1.88,1.93,True,2022-03-25T10:28:00+00:00,2022-03-25T10:28:00+00:00
te:2061832,2022-03-29,2022,2022-03-29,ymer,wawrinka-ffdb9,2022-03-29T12:40:00+00:00,2022-03-27T14:01:00+00:00,0.0,2022-03-31T22:00:00+00:00,2022-03-29,1.76,2.06,0.5392670157068064,0.15739217375142958,0.6267935928439909,0.3610934776856397,0.8333333333333334,0.8333333333333334,0.6359350508947081,0.6510589804671397,2.0471285777645676e-10,170,0,False,True,False,a800b1a3db31301be401adab3331c3d83d41206e7cfcdfff2d3bb01a24f102a4,c1c8b116e4b0e9a9893610e2fbeb87aabb7f3c670a4ae2e5691889eb1632a345,1.71,2.16,True,2022-03-29T07:25:00+00:00,2022-03-29T07:25:00+00:00
te:2061866,2022-03-29,2022,2022-03-29,escoffier,janvier,2022-03-29T11:35:00+00:00,2022-03-27T20:38:00+00:00,1.0,2022-03-31T22:00:00+00:00,2022-03-29,1.77,2.06,0.5378590078328982,0.15172643621575205,0.5785392241546372,0.1650531967063023,1.15,0.5166666666666667,0.6931251038518512,0.5933021897281863,8.861910094637437e-09,239,129,False,False,False,f5d580a5ec85ecdcb18c64edccb6738e2022facb88161f7efa5adea06b124a39,37c8dbb7de86f10f285f36d847737ca1e4e7e88e8a54135181f5a2e47f1b6f08,1.99,1.83,True,2022-03-29T07:32:00+00:00,2022-03-29T05:50:00+00:00
te:2062208,2022-03-29,2022,2022-03-29,kolar-d6d52,bourgue,2022-03-29T17:00:00+00:00,2022-03-27T20:43:00+00:00,0.0,2022-03-31T22:00:00+00:00,2022-03-29,1.91,1.89,0.4973684210526315,-0.010526412986987747,0.6155827676557903,0.4813673165073976,0.35,0.35,0.5617366685042979,0.5471871211899044,2.2202443439311992e-08,157,108,False,False,False,dd39fd78bdf41cb719d17a79052bb830d6770b86a4de4623c352328dc8336084,df3bf7d9b2d2fbb7bb05912c5cb2181d87f724edeea7ccd8a893bebb622670f1,1.88,1.93,True,2022-03-28T23:39:00+00:00,2022-03-29T00:54:00+00:00
te:2063270,2022-03-29,2022,2022-03-29,added,masur-d87d6,2022-03-29T10:40:00+00:00,2022-03-28T19:46:00+00:00,1.0,2022-03-31T22:00:00+00:00,2022-03-29,2.05,1.77,0.46335078534031415,-0.14686024656457897,0.587854728471164,0.5019642155169421,0.9666666666666667,0.03333333333333333,0.6406885668913476,0.7385965274627845,1.269395100145232e-08,185,129,False,False,False,df4755c82ebb8d2963e2d09ce4119fe11b5762fb4e5a526bbfdf98783ef60e8e,d08a5ae1f5c1a3d262e05539ba0832b68ae85c9d5ace849b0c618167d535b5f2,1.82,2.01,True,2022-03-29T06:32:00+00:00,2022-03-29T06:32:00+00:00
te:2063274,2022-03-29,2022,2022-03-29,sugita,chung-403ca,2022-03-29T12:20:00+00:00,2022-03-28T19:47:00+00:00,0.0,2022-03-31T22:00:00+00:00,2022-03-29,1.81,2.0,0.5249343832020998,0.09982033528221135,0.6142904499066661,0.3655629011388641,0.3333333333333333,0.3333333333333333,0.5104053783829663,0.5000000084109262,0.0035619937871282925,30,98,False,False,False,1916982d11e270fbd1fbf16902c7e47e66bf6d27ea275ed286b010d31fcd2a5c,65d0e8f72eb6f0b1609a3b303f156ccdc658820b1741a71c1225598a3c63c058,1.8,2.01,True,2022-03-29T07:48:00+00:00,2022-03-29T04:14:00+00:00
te:2064170,2022-04-01,2022,2022-04-01,andujar,tseng-5c1bc,2022-04-01T11:10:00+00:00,2022-03-31T08:58:00+00:00,0.0,2022-04-03T22:00:00+00:00,2022-04-01,2.03,1.8,0.4699738903394256,-0.12024912815157689,0.5751382701865073,0.42309583555621516,0.5,0.5,0.5945538261963806,0.5000000000000001,0.004050730532674129,124,166,False,False,False,bef4c9a483666a3b9fe1d6b817364bdd56994412b2074e0c1872d4fdebc4ccec,d58be1d078fc21a71a9a12a840f2dfc727b3f93b4cbbbb3301c072fb580ec57e,1.95,1.88,True,2022-04-01T10:52:00+00:00,2022-04-01T10:52:00+00:00
te:2064800,2022-04-01,2022,2022-04-01,mena-99e7a,ficovich,2022-04-01T19:40:00+00:00,2022-04-01T18:30:00+00:00,1.0,2022-04-03T22:00:00+00:00,2022-04-01,1.93,1.9,0.4960835509138382,-0.015666116744399043,0.6157192138064251,0.48708365519003854,0.36666666666666664,0.36666666666666664,0.6029593479588345,0.6448618816257163,2.3157406547902326e-10,143,102,False,False,False,256a1973a48b69804f3bee6807dcf8bc63b0a8b89a46ed3a8afbbaea470169ee,48f89829b5b7eabd9423fb849b4a9a7145097af5126d7d1b32b2660c2ca04624,1.8,2.03,True,2022-04-01T19:09:00+00:00,2022-04-01T19:09:00+00:00
te:2067120,2022-04-05,2022,2022-04-05,martineau-40903,blancaneaux,2022-04-05T11:15:00+00:00,2022-04-05T05:18:00+00:00,,,,1.96,1.86,0.486910994764398,-0.0523679855173157,0.60262100175697,0.46876598269215464,0.0,0.0,0.5092772737654306,0.5619448567435481,7.302508597817337e-11,145,167,False,False,False,42002c9db60da9443ad3700a8afdb737fd76f93eb2e2ffe4d079b09f975bfeca,ba02f2fd1d7cc37e68397d45ee83f6878b10de2f50d7935ad72aedb5270ef393,1.94,1.87,True,2022-04-05T10:03:00+00:00,2022-04-05T10:03:00+00:00
te:2067278,2022-04-05,2022,2022-04-05,kovalik,kirkin,2022-04-05T09:35:00+00:00,2022-04-05T01:10:00+00:00,0.0,2022-04-07T22:00:00+00:00,2022-04-05,2.09,1.76,0.4571428571428572,-0.17185025692665906,0.6021321503416996,0.5862072828709304,0.26666666666666666,0.26666666666666666,0.6792995953192131,0.6076987909733822,2.1427309926380644e-10,130,160,False,False,False,f24929672f91f9e00a6cb5547efbbb102e5bc960190cdc564fe7ed3a464d7922,701c29757e6118a191024ab223546b26b070e4d907a57e3a278caaf11120b406,2.03,1.8,True,2022-04-05T09:27:00+00:00,2022-04-05T09:27:00+00:00
te:2067416,2022-04-05,2022,2022-04-05,moreno-de-alboran-a31d1,nakagawa-7463c,2022-04-05T15:05:00+00:00,2022-04-05T05:10:00+00:00,1.0,2022-04-07T22:00:00+00:00,2022-04-05,1.76,2.09,0.5428571428571429,0.1718502569266595,0.6187395422737417,0.3123513977905557,1.0,1.0,0.715144369721269,0.6557734369244587,1.97773714072369e-10,143,87,False,False,False,883671283a0b620ce2f88699f15624c7cd8535a9cfb44ffea9db44aeeb27270c,e60539bdf9efc4a1d753f380d55605f51c008ea4bd9b59f9b4dad820820ebda2,1.77,2.07,True,2022-04-05T14:09:00+00:00,2022-04-05T12:14:00+00:00
te:2068275,2022-04-08,2022,2022-04-08,kovalik,rosol,2022-04-08T09:35:00+00:00,2022-04-06T21:07:00+00:00,0.0,2022-04-10T22:00:00+00:00,2022-04-08,1.91,1.93,0.5026041666666667,0.010416760858255974,0.6166366022094382,0.46487975555099786,0.0,0.0,0.7683808396113052,0.6903727243112303,3.787973434921099e-09,127,122,False,False,False,00902a26eafec19f948b27ef62b15b2b1d637346ed5df3b21e5385ad7f4cdd65,68b33f2ad2b2baea458a233244462eed7682dc2668f935874546f5468fbdfef6,1.85,1.99,True,2022-04-08T09:28:00+00:00,2022-04-08T09:28:00+00:00
te:2068325,2022-04-08,2022,2022-04-08,kolar-d6d52,kuzmanov,2022-04-08T12:05:00+00:00,2022-04-06T21:07:00+00:00,1.0,2022-04-10T22:00:00+00:00,2022-04-08,1.88,1.95,0.5091383812010444,0.03655759573379756,0.6220523346990278,0.46171089840381385,0.75,0.08333333333333333,0.606221846199699,0.6139125311918839,3.540456608441822e-08,150,124,False,False,False,88e68390251f76897475e7391cff4bb0a9f8d3afbb89df4190bf7a5aaa9671ad,92163a9793266d64201b9fd652c4f726a1d4b1723874d3a50b8367557ba18dde,1.83,2.01,True,2022-04-08T00:48:00+00:00,2022-04-08T00:48:00+00:00
te:2068677,2022-04-08,2022,2022-04-08,tseng-5c1bc,cachin,2022-04-08T09:05:00+00:00,2022-04-07T18:58:00+00:00,1.0,2022-04-10T22:00:00+00:00,2022-04-08,1.85,1.96,0.5144356955380577,0.05775883415219216,0.614351255084992,0.4078810391988713,1.65,1.05,0.5450237025301246,0.5672997526982959,9.579345819354934e-08,167,139,False,False,False,f0d9bbde7559799800d7a6871a2362b15292c980b9706e12b7d692c9d8180cf9,ee5ac5946b596c4a12dbc61fd854a3a6dcd1c0cfbc49b62815607e7ddea621da,1.83,2.01,True,2022-04-08T08:54:00+00:00,2022-04-08T07:46:00+00:00
te:2068695,2022-04-08,2022,2022-04-08,gombos,trungelliti,2022-04-08T10:50:00+00:00,2022-04-07T18:56:00+00:00,0.0,2022-04-10T22:00:00+00:00,2022-04-08,1.75,2.1,0.5454545454545455,0.1823215567939549,0.6366399358297749,0.3784884341299375,0.3333333333333333,0.3333333333333333,0.7630714545564761,0.7081209416200928,6.612738134847973e-12,153,88,False,False,False,1eb28519721e1839001b4560cd9c9cb6dfad9003b0380f78b89ceda68833a8ca,82749aad50029410edd7ecd0f5be6f771dc42019d20f2f7525660f71d4b2894b,1.73,2.16,True,2022-04-08T09:31:00+00:00,2022-04-08T09:23:00+00:00
te:2068729,2022-04-08,2022,2022-04-08,giannessi,o-connell-020b8,2022-04-08T11:25:00+00:00,2022-04-08T01:10:00+00:00,0.0,2022-04-10T22:00:00+00:00,2022-04-08,1.8,2.05,0.5324675324675325,0.1300531282481981,0.6465108564228196,0.473684088806923,1.7166666666666666,0.8166666666666667,0.7297744421703305,0.7820845613825634,1.9335158474298453e-10,138,111,False,False,False,c4d5dff4a46a0f9174f4d4da654305b6719694714f1316083b1bff38cd426ca1,1743f7038eb51461eb3dcb552d2841f1c11c1cedbb21fc0f10ca405d176e9bed,1.86,1.98,True,2022-04-08T11:07:00+00:00,2022-04-08T11:07:00+00:00
te:2068779,2022-04-08,2022,2022-04-08,elias-3e14c,piros,2022-04-08T15:00:00+00:00,2022-04-08T01:05:00+00:00,1.0,2022-04-10T22:00:00+00:00,2022-04-08,1.82,2.03,0.5272727272727271,0.10919929196499134,0.6148525788418978,0.35855706481189575,1.45,0.85,0.592500183267631,0.5646489914239733,9.477371665234102e-11,127,162,False,False,False,855acb9ac2e0ab01e23190da7f3c81f861cdc69744dd12521ee9f3b116774c1c,19301aeff3ab4892491f9cbd46fd550a8036d47ff7f95319be061d8f2f2f218c,1.8,2.05,True,2022-04-08T13:59:00+00:00,2022-04-08T13:59:00+00:00
te:2068781,2022-04-08,2022,2022-04-08,novak-77d05,gimeno-valero,2022-04-08T13:05:00+00:00,2022-04-07T22:28:00+00:00,1.0,2022-04-10T22:00:00+00:00,2022-04-08,1.94,1.89,0.49347258485639683,-0.02611114400368588,0.6190387786507061,0.5115814732696099,0.35,0.35,0.6015106121641102,0.6305782885221803,6.257591667058193e-11,140,86,False,False,False,b7c8c40327fb9241d9898f78511dc578006966ff306a5c2fb7841b0916f92173,ac147bdd9bfae3e40dd762ce2268335be63bd0ffe152eaf69e3346a94a99c25b,1.74,2.14,True,2022-04-08T12:38:00+00:00,2022-04-08T12:38:00+00:00
te:2069749,2022-04-12,2022,2022-04-12,guinard,elias-3e14c,2022-04-12T12:00:00+00:00,2022-04-10T19:30:00+00:00,,,,1.85,1.95,0.513157894736842,0.0526437334854217,0.6190833498832033,0.43301559751498586,1.05,1.05,0.6356715105467706,0.6046746272163274,3.2160052398921835e-11,161,130,False,False,False,95b9136d91ee599ce77e59ef68e3df4a150b0037cfec33d12e6da79d2a54b7c2,38fca35c93373d0e8948b03c021b851fbe09273b384312aa94a03b727865708e,1.92,1.9,True,2022-04-12T10:30:00+00:00,2022-04-12T10:30:00+00:00
te:2069761,2022-04-12,2022,2022-04-12,copil-9c2cf,simon-04c62,2022-04-12T12:20:00+00:00,2022-04-10T14:06:00+00:00,1.0,2022-04-14T22:00:00+00:00,2022-04-12,1.71,2.14,0.5558441558441558,0.2243124585191915,0.6470044546761315,0.381585283708859,0.0,0.0,0.7113573028594323,0.7296504224386033,1.3317676705870696e-07,121,103,False,False,False,3306a2626cf9741d4247f01c3a10141578bd1c23456856d4a304a0aca73a8790,cfd89dcacab2984cb3738b13a2dc20c2deb3080e93deb4e6f84058d0ab69347f,1.72,2.15,True,2022-04-12T05:31:00+00:00,2022-04-12T10:01:00+00:00
te:2069765,2022-04-12,2022,2022-04-12,blancaneaux,zuk,2022-04-12T08:15:00+00:00,2022-04-10T14:08:00+00:00,1.0,2022-04-14T22:00:00+00:00,2022-04-12,2.06,1.77,0.46214099216710186,-0.15172643621575183,0.6042769668521166,0.5750445281279393,0.6833333333333333,0.6833333333333333,0.6056915275743626,0.6732370712452652,3.71016051214923e-10,168,163,False,False,False,1faff630fbaa5fb811e2decfa520acffef503121d7d0cf875571e8df0c980e64,d41697dac41bac77c9d771334dec1095e963461b7af3b52a1e722f3d463ed972,2.01,1.82,True,2022-04-12T07:46:00+00:00,2022-04-12T07:46:00+00:00
te:2070847,2022-04-12,2022,2022-04-12,borges-8d823,droguet,2022-04-12T13:50:00+00:00,2022-04-11T21:40:00+00:00,0.0,2022-04-14T22:00:00+00:00,2022-04-12,2.11,1.73,0.45052083333333337,-0.1985665389782874,0.60382655617892,0.6200014322187197,1.6333333333333333,0.36666666666666664,0.7216798506532012,0.6428468796766353,4.859277286106689e-09,174,146,False,False,False,7d67adb13ff2ad23ffd3086ad53793457a5e2322168054a637783a0f00033a0c,9ff5a31cf743bb87debd08eb025e173caf95975276bd013cb5330d06241f5154,2.07,1.77,True,2022-04-12T12:30:00+00:00,2022-04-12T12:30:00+00:00
te:2071611,2022-04-12,2022,2022-04-12,brouwer-44152,torpegaard,2022-04-12T19:50:00+00:00,2022-04-12T07:01:00+00:00,1.0,2022-04-14T22:00:00+00:00,2022-04-12,1.92,1.88,0.49473684210526314,-0.02105340919783241,0.609813166221215,0.46758034918527686,0.8833333333333333,0.8833333333333333,0.7142597318075532,0.6439871667991077,3.6610733056274825e-09,190,88,False,False,False,0243faf0e27fafc424ae7f30c05e0cae0210cbc428eb9d2a6506b42359176996,32101881324a5dd425f3b74d4b70c4ae309542dd39a757240c30bc7eee82755c,1.91,1.91,True,2022-04-12T19:29:00+00:00,2022-04-12T19:29:00+00:00
te:2071613,2022-04-12,2022,2022-04-12,wolf-e839f,kovacevic-a2706,2022-04-12T19:50:00+00:00,2022-04-12T07:09:00+00:00,1.0,2022-04-14T22:00:00+00:00,2022-04-12,2.0,1.81,0.4750656167979003,-0.09982033528221068,0.601383166261204,0.5110519754792142,0.5666666666666667,0.5666666666666667,0.7858509800621616,0.6899786518525445,1.8847048921522003e-09,127,109,False,False,False,91788eae366e1fae4a7c3303ece7d28c840c595e3d2a1ce2d07fa5889c8bd155,af648e3d5080e0f157ad69cd2465fa0a4e9d1ae76d107ab66e360ba97942ec47,1.93,1.89,True,2022-04-12T19:37:00+00:00,2022-04-12T19:37:00+00:00
te:2071959,2022-04-15,2022,2022-04-15,kudla,mmoh,2022-04-14T22:05:00+00:00,2022-04-13T09:28:00+00:00,1.0,2022-04-17T22:00:00+00:00,2022-04-15,1.83,1.97,0.5184210526315789,0.07371757589656736,0.6321949505244319,0.4679271957657801,0.3,0.3,0.713278075613748,0.675034111962702,6.55026915763468e-08,211,118,False,False,False,1942d5c9bbda030156d22665e210d911c6418cd4c4486d07a923e3dc9164932b,447644e8f3d71695417b655b2945ed36e59cad2be51472dd0c2cb303d606be62,1.88,1.94,True,2022-04-14T21:35:00+00:00,2022-04-14T21:35:00+00:00
te:2072211,2022-04-15,2022,2022-04-15,kolar-d6d52,sels,2022-04-15T10:10:00+00:00,2022-04-13T19:19:00+00:00,1.0,2022-04-17T22:00:00+00:00,2022-04-15,1.91,1.91,0.5,0.0,0.6242132072213099,0.5074700461705569,1.1333333333333333,1.1333333333333333,0.687819666309149,0.6467421810920646,6.234025518025987e-10,153,171,False,False,False,872b5f6a31d7301ac35aa3d10e4f9c42d41450f949887ed34a040de9530908e5,a4ba0b1f7807835b907914f0f8443ae7f22e500c31804390e85159d3d0461d66,1.78,2.08,True,2022-04-15T08:49:00+00:00,2022-04-15T08:49:00+00:00
te:2072243,2022-04-15,2022,2022-04-15,cachin,guinard,2022-04-15T09:05:00+00:00,2022-04-13T23:07:00+00:00,1.0,2022-04-17T22:00:00+00:00,2022-04-15,1.88,1.96,0.5104166666666667,0.04167269640056832,0.6346560966818278,0.5105714648945017,0.6333333333333333,0.6333333333333333,0.7028105133970234,0.6753178851486844,2.578430499666773e-08,138,161,False,False,False,f349e355ce838f80692ba52d21d2fe3150ff1024402b2c6f7f4d57b5e0b87605,01ab5798be502e64aab60da41f6205bb9f6c734a4c152c299e3b5227382d0280,1.79,2.09,True,2022-04-15T08:56:00+00:00,2022-04-15T08:56:00+00:00
te:2072321,2022-04-15,2022,2022-04-15,zekic,shevchenko-3bd40,2022-04-15T10:05:00+00:00,2022-04-14T10:11:00+00:00,0.0,2022-04-17T22:00:00+00:00,2022-04-15,2.06,1.78,0.46354166666666663,-0.14609261849749608,0.6176381179552174,0.6256278394270213,0.95,0.21666666666666667,0.6091404803377424,0.6481165405270886,2.560060496925587e-11,137,188,False,False,False,fb612b75fd2f4bab518247b575d1b5a36395c46b9e82e7f3327b1d65d4fcdb23,b0a57482eeb826af38580800978949b37c75a79d2472dfb9c26cc9d83de9d3a5,2.05,1.8,True,2022-04-15T05:40:00+00:00,2022-04-15T08:58:00+00:00
te:2072669,2022-04-15,2022,2022-04-15,carballes-baena,pouille,2022-04-15T11:30:00+00:00,2022-04-14T19:08:00+00:00,0.0,2022-04-17T22:00:00+00:00,2022-04-15,1.89,1.94,0.5065274151436031,0.02611114400368566,0.6209803846452212,0.467600391411591,0.8333333333333334,0.8333333333333334,0.7428048694292363,0.6772265946495101,1.7669199436909366e-13,196,115,False,False,False,704dbe74053e0f31f73d14399a5a9f0057921da775f543f0ce462d9298ad7a74,f8202bb880863931d7553402bd60cf133a9df951b2339273cb11605b4a3cad40,1.77,2.12,True,2022-04-15T10:42:00+00:00,2022-04-15T10:42:00+00:00
te:2072775,2022-04-15,2022,2022-04-15,trungelliti,o-connell-020b8,2022-04-15T15:00:00+00:00,2022-04-14T19:09:00+00:00,1.0,2022-04-17T22:00:00+00:00,2022-04-15,1.88,1.96,0.5104166666666667,0.04167269640056832,0.6272156148170774,0.47861747170359076,1.3666666666666667,0.06666666666666667,0.6749111958056938,0.726993113186473,4.3604009292153023e-13,89,115,False,False,False,a1df1a50121267ec2a18ffb9f46a341431edbac33bf0128e9e07708ed31875fd,80a9a589601e6f75448a6bea9133eba9ba8f0b572e3a12fe680df3f200089454,2.0,1.85,True,2022-04-15T13:58:00+00:00,2022-04-15T13:58:00+00:00
te:2074243,2022-04-19,2022,2022-04-19,escobedo-2bf83,melzer-a5987,2022-04-19T18:40:00+00:00,2022-04-18T05:18:00+00:00,1.0,2022-04-21T22:00:00+00:00,2022-04-19,1.78,2.08,0.538860103626943,0.15575452940923296,0.6414316695344848,0.4258288893721317,1.2833333333333334,0.2833333333333333,0.706136705609375,0.6946149864439533,1.7472634450399482e-11,135,110,False,False,False,7526d7294b97585d728da0dc21f58d0fc25442329d988292cd9c0502e27876b3,f64237607e35b7060c0028057ddacac15f5979ede43c7090d655fa2605b1bc47,1.75,2.09,True,2022-04-19T17:56:00+00:00,2022-04-19T14:40:00+00:00
te:2075403,2022-04-19,2022,2022-04-19,nardi-e2cda,nikles,2022-04-19T08:35:00+00:00,2022-04-18T21:07:00+00:00,0.0,2022-04-21T22:00:00+00:00,2022-04-19,1.96,1.85,0.4855643044619423,-0.05775883415219216,0.6035177274969716,0.4779029186146745,1.2333333333333334,0.06666666666666667,0.5515559222844892,0.5014387184297631,7.24197541795979e-08,148,154,False,False,False,991f4c910c09293e437992d31ed08f3157517cd34f689a33f68c9dd0389f1cad,f3873afb2a9e82f6b6b2582cba53c9f47dc2a2299f4743ebd397764ac64a1b4e,2.05,1.79,True,2022-04-19T08:29:00+00:00,2022-04-19T08:29:00+00:00
te:2075405,2022-04-19,2022,2022-04-19,valkusz,fatic-cddef,2022-04-19T08:35:00+00:00,2022-04-18T21:08:00+00:00,0.0,2022-04-21T22:00:00+00:00,2022-04-19,1.94,1.86,0.4894736842105264,-0.04211148535012657,0.6125951492436214,0.5003454892011977,0.8166666666666667,0.8166666666666667,0.5219842100158142,0.5000000016769297,0.02033594461078639,99,156,False,False,False,20bf61b5911f1ad3faa974d7e8f59c72e0e5a11c1d9e8b35f318ebe7a19881c2,b8d8fbdb7e39e93397c9390cbf29d1e77b299dca994bd5013b7625eed05f55b6,1.91,1.91,True,2022-04-19T08:18:00+00:00,2022-04-19T08:18:00+00:00
te:2076267,2022-04-19,2022,2022-04-19,ficovich,ejupovic,2022-04-19T19:10:00+00:00,2022-04-19T05:15:00+00:00,1.0,2022-04-21T22:00:00+00:00,2022-04-19,1.97,1.83,0.48157894736842105,-0.07371757589656758,0.6156776714320301,0.5449595440159195,0.5666666666666667,0.5666666666666667,0.78322564414547,0.7000376965432842,3.8639202948331786e-11,118,145,False,False,False,99fba53f92e8152ecc56f8c7f52d0f53abba47cc6f2fb55d9f8890adf8c655aa,c64dba8d3444f43673cfce453331db3623ba391d4adaab0042e9fd0916fa0946,1.94,1.88,True,2022-04-19T18:39:00+00:00,2022-04-19T16:13:00+00:00
te:2076449,2022-04-22,2022,2022-04-22,arnaboldi,gojo,2022-04-22T12:50:00+00:00,2022-04-19T23:09:00+00:00,1.0,2022-04-24T22:00:00+00:00,2022-04-22,1.74,2.1,0.5468749999999999,0.1880522315029392,0.6344788894910918,0.3634277485921577,0.0,0.0,0.6986552096874877,0.7510006499004297,3.983893215320222e-10,145,148,False,False,False,a69aed9b0e6764cb9f34c883b7f7c670480aa14db4da2aaf41d74c465115b790,1cf79d63b7f91ba2037e4815480191d5eab89ecbcd6ac5402ab1a59202e7aaca,1.79,2.03,True,2022-04-22T07:31:00+00:00,2022-04-22T07:31:00+00:00
te:2076523,2022-04-22,2022,2022-04-22,arnaldi,ajdukovic,2022-04-22T13:45:00+00:00,2022-04-20T02:39:00+00:00,1.0,2022-04-24T22:00:00+00:00,2022-04-22,2.11,1.73,0.45052083333333337,-0.1985665389782874,0.6218003039565327,0.6957631729046434,1.1,0.03333333333333333,0.6293874061003895,0.6664247329178961,1.664733245698713e-08,167,143,False,False,False,ebc45c36cba0d3a52217db1b6c0f4ca408479641fa923b745b01351a147b96f8,bd4dbef3d702d28b633503d2cd25d8378615be0ee995ef192ba47bd6643b8940,1.88,1.93,True,2022-04-21T07:22:00+00:00,2022-04-21T09:01:00+00:00
te:2077223,2022-04-22,2022,2022-04-22,ofner-44428,forejtek,2022-04-22T09:10:00+00:00,2022-04-20T22:37:00+00:00,0.0,2022-04-24T22:00:00+00:00,2022-04-22,1.73,2.11,0.5494791666666667,0.19856653897828785,0.6041219556372581,0.22410335684009564,0.6,0.6,0.5665951680570567,0.6248359029319418,4.184807500529075e-10,91,166,False,False,False,46e2a0aa9752b104582c5ffcd57eb5bf25e938f3fd2b97ce1b878c9654f11418,3e375ff00b8c5a72746ae929282957d38574e764b5f00663a9267fb99187b81e,1.76,2.1,True,2022-04-22T07:54:00+00:00,2022-04-22T07:54:00+00:00
te:2077279,2022-04-22,2022,2022-04-22,jianu-c67fb,menendez-maceiras,2022-04-22T17:40:00+00:00,2022-04-21T02:32:00+00:00,0.0,2022-04-24T22:00:00+00:00,2022-04-22,2.01,1.83,0.4765625,-0.09381875521765481,0.6040624821976917,0.5162399796714559,0.65,0.016666666666666666,0.6927162789196886,0.6206690079057313,4.110600748674642e-12,186,90,False,False,False,e6e64d6772233bef40cb7f3edc5d9f942eceaf331ad077634f16cfa01458ba04,d39871192a69d8c5d7091819d232aefee60eff379f179cd0f17dede301529aaf,1.9,1.93,True,2022-04-22T15:18:00+00:00,2022-04-22T15:18:00+00:00
te:2077479,2022-04-22,2022,2022-04-22,svrcina,giustino-1d545,2022-04-22T12:30:00+00:00,2022-04-21T20:58:00+00:00,,,,2.11,1.75,0.4533678756476684,-0.18707215955255246,0.5716364825551085,0.4756032539740154,0.0,0.0,0.5987340856427482,0.5000000000000001,0.012641449311772898,144,137,False,False,False,b69715e635274f1629afc8c409b967c022b9df9478682c7bdf4b25a4077dfc6a,9fa7dfce3cd6d93aa2728e42b55e2f174a117d9bd146fc78318b7b149f45608a,2.18,1.71,True,2022-04-22T08:36:00+00:00,2022-04-22T08:36:00+00:00
te:2077533,2022-04-22,2022,2022-04-22,ficovich,jarry,2022-04-22T19:40:00+00:00,2022-04-22T00:13:00+00:00,0.0,2022-04-24T22:00:00+00:00,2022-04-22,1.68,2.21,0.5681233933161953,0.2741987221144937,0.62560623518871,0.2392143431520496,1.4833333333333334,0.65,0.7091229414106784,0.7833819355270316,5.753763418492319e-08,121,178,False,False,False,9d1ebd0006bd0e51503d990b6d43a73a61170fe9ee8d6dd3af0148a6e6d97286,c34e17c0aa2c3ceaddc4db839d1e940045222e62266a5998667dc747de9d96b2,1.59,2.42,True,2022-04-22T17:52:00+00:00,2022-04-22T19:22:00+00:00
te:2077557,2022-04-22,2022,2022-04-22,gaio,diez-fe7f1,2022-04-22T19:45:00+00:00,2022-04-22T00:14:00+00:00,1.0,2022-04-24T22:00:00+00:00,2022-04-22,1.86,1.95,0.5118110236220472,0.047252884850545476,0.6161979107492714,0.42618828361521255,0.5833333333333334,0.016666666666666666,0.6165971179011694,0.5849361580751187,1.0069948874757984e-08,146,102,False,False,False,0fe1bcebd3b504567b59e13f16f3922895571504c9f93677b5be3a934a6e3fcd,1903f3043d194ef20d2535c11064859cac8e36aee2a7122af212b5b31fea2b22,1.83,2.01,True,2022-04-22T07:21:00+00:00,2022-04-22T16:07:00+00:00
te:2078469,2022-04-26,2022,2022-04-26,cobolli-d6311,coric,2022-04-26T14:50:00+00:00,2022-04-24T21:44:00+00:00,1.0,2022-04-28T22:00:00+00:00,2022-04-26,1.83,1.99,0.5209424083769634,0.08381867188307154,0.6043730192645246,0.3399011175062464,0.6333333333333333,0.6333333333333333,0.5000000000000001,0.5480777199675204,0.00929013645701321,204,11,False,False,False,f3168dcf007912d1439ad7c4c1de25ab404116104fb0b377533e72b9a7df7c85,461760b2445070e36326ae1462c6f5b1940e9d492bc46cb51b447c102fae7346,1.86,1.95,True,2022-04-26T12:08:00+00:00,2022-04-26T14:21:00+00:00
te:2078763,2022-04-26,2022,2022-04-26,meligeni-rodrigues-alves,torres-dc0bf,2022-04-26T13:10:00+00:00,2022-04-24T21:44:00+00:00,1.0,2022-04-28T22:00:00+00:00,2022-04-26,2.02,1.8,0.4712041884816754,-0.1153108465109944,0.5973788430993576,0.5098662742027669,0.0,0.0,0.5622805466776026,0.5000000000067559,0.02439032597174208,148,158,False,False,False,c2bc7b9362983244cfb24905f9ce70ca8fda4f16f7ec41dde34979775eb35ff9,b7645bcbabbfb45d267ece0c47896e4a311f61e72ca98e808858e348b4becae7,2.01,1.82,True,2022-04-26T12:52:00+00:00,2022-04-26T12:52:00+00:00
te:2078799,2022-04-26,2022,2022-04-26,galarneau-32e1f,sandgren-fb235,2022-04-26T17:05:00+00:00,2022-04-24T21:34:00+00:00,0.0,2022-04-28T22:00:00+00:00,2022-04-26,1.82,1.99,0.5223097112860893,0.08929813764769719,0.6383581551252762,0.4789470165882765,1.3,0.03333333333333333,0.710281930584824,0.7632290468323253,2.3020196859846465e-12,144,97,False,False,False,a34d151152f6373918cf3eb6ea3b875def6e6ba8da3a1830af4a7d95d7369cc7,b87f2882ed42b4a419efe82769682377db7917e689302f4a968bfa3de528e138,1.84,1.98,True,2022-04-26T13:37:00+00:00,2022-04-26T13:37:00+00:00
te:2078809,2022-04-26,2022,2022-04-26,nagal,wu-f664e,2022-04-26T19:25:00+00:00,2022-04-24T21:36:00+00:00,0.0,2022-04-28T22:00:00+00:00,2022-04-26,2.0,1.81,0.4750656167979003,-0.09982033528221068,0.6070633905773632,0.5348052537910453,0.9666666666666667,0.4666666666666667,0.6228655897540021,0.6906855497557167,1.9519941218959502e-12,78,104,False,False,False,c65bea4c118eaaf5ad35c63b7dac3b1f2b95ec00e60737af0dff4fd195134602,c88a5b1223c071c9a5c1a87e4bd0d3aab34277d71c5d38d1b26345f742315f90,1.98,1.84,True,2022-04-26T16:56:00+00:00,2022-04-26T16:56:00+00:00
te:2080301,2022-04-26,2022,2022-04-26,fils,kuhn-c28ab,2022-04-26T14:10:00+00:00,2022-04-26T05:24:00+00:00,1.0,2022-04-28T22:00:00+00:00,2022-04-26,1.96,1.85,0.4855643044619423,-0.05775883415219216,0.6360663207690608,0.6160900188732052,0.26666666666666666,0.26666666666666666,0.6867666372838084,0.6760301809614212,1.8202069296258117e-09,132,106,False,False,False,581134e2b73c2edd0ef917bf4138b6382f959c26208a6e83cb565c40accddff0,c721ecb6ad6622c77af3bd9fe5b15553df670ea34dce9f9f718a8bf3e343e05e,1.94,1.88,True,2022-04-26T14:00:00+00:00,2022-04-26T14:00:00+00:00
te:2080333,2022-04-26,2022,2022-04-26,smith-8b3b8,sun-2f389,2022-04-26T17:40:00+00:00,2022-04-26T08:34:00+00:00,0.0,2022-04-28T22:00:00+00:00,2022-04-26,1.93,1.87,0.4921052631578948,-0.03158157205029858,0.5952509188383326,0.41729727861638144,0.0,0.0,0.6989699467913081,0.6154936814593779,2.0204060646733524e-11,99,3,False,False,False,4c7a0cea39a972ea395e7d70a199ff1d00092d9b73583a0603466df07c9fa0d5,eff22188e8f1af491b0198b2f28e68dd6815c4c226883eff9e2c63200acf007e,1.97,1.85,True,2022-04-26T16:51:00+00:00,2022-04-26T16:51:00+00:00
te:2081271,2022-04-29,2022,2022-04-29,lestienne,sachko,2022-04-29T09:05:00+00:00,2022-04-28T01:36:00+00:00,1.0,2022-05-01T22:00:00+00:00,2022-04-29,2.05,1.79,0.46614583333333337,-0.13562417329765303,0.6181543947464638,0.6173460770629475,0.38333333333333336,0.38333333333333336,0.6686819376002131,0.6236966521298024,8.625822334185074e-08,113,157,False,False,False,dc25025f9b271891a0bd53866f81d2c6863a1637bca588cc628b3338a29d9b8e,499acba8fc8a6961959d10f0068c0931e14214b5a9722498099ac14f04d60876,1.99,1.85,True,2022-04-29T08:39:00+00:00,2022-04-29T08:39:00+00:00
te:2081361,2022-04-29,2022,2022-04-29,halys,de-jong-57322,2022-04-29T09:40:00+00:00,2022-04-28T01:39:00+00:00,1.0,2022-05-01T22:00:00+00:00,2022-04-29,1.7,2.15,0.5584415584415584,0.23483959107740088,0.6639344376101163,0.44603754789614175,0.6333333333333333,0.13333333333333333,0.8281096567627241,0.7694424790865804,2.0627943797535409e-13,200,160,False,False,False,af8cea2c116e33027593b37d72c750b5b28892d295230c75077831776b9d10cd,d7d0a49df2e95d09b4419d6bc836d17b37863103b32634905ea28267c48d721c,1.68,2.23,True,2022-04-29T04:56:00+00:00,2022-04-29T08:59:00+00:00
te:2081439,2022-04-29,2022,2022-04-29,agamenone,zeppieri,2022-04-29T11:45:00+00:00,2022-04-28T01:38:00+00:00,1.0,2022-05-01T22:00:00+00:00,2022-04-29,2.02,1.79,0.46981627296587924,-0.12088189156044984,0.615087289459882,0.5896295006646227,0.2833333333333333,0.2833333333333333,0.5500256818965438,0.5699679367277782,1.3400522469453335e-08,187,108,False,False,False,55981ab12e7494597f7e1add0bd2a06429f9beb87420b336527c08232b038f27,7b33cbd36d58ccbdf38ac7338117a00c416e51fa917b6f7717951e93cadac853,1.96,1.88,True,2022-04-29T09:22:00+00:00,2022-04-29T06:00:00+00:00
te:2081891,2022-04-29,2022,2022-04-29,sock,zhang-45ae9,2022-04-29T17:50:00+00:00,2022-04-29T02:03:00+00:00,1.0,2022-05-01T22:00:00+00:00,2022-04-29,1.9,1.92,0.5026178010471204,0.010471299867295303,0.6388997095326421,0.5601204604252612,1.7833333333333334,0.7166666666666667,0.8286713881707883,0.7494435615233451,2.4129587217203152e-12,108,114,False,False,False,8a5a80f67fb7750bc2157ecc63cf4aa1fde1410e38bd875b72b1090e04d2e901,3165ac31e88d539d007e53a8461276c58d7f4645938e82b3282ae0902d66b442,1.89,1.94,True,2022-04-29T17:36:00+00:00,2022-04-29T17:36:00+00:00
te:2081937,2022-04-29,2022,2022-04-29,clarke-60a59,quiroz-12961,2022-04-29T18:05:00+00:00,2022-04-29T06:19:00+00:00,0.0,2022-05-01T22:00:00+00:00,2022-04-29,1.72,2.14,0.5544041450777203,0.21848153820839877,0.6526580251382298,0.41226194281037953,0.26666666666666666,0.26666666666666666,0.7302398846977652,0.730239884698321,1.491737022796258e-08,148,150,False,False,False,defd67a0d51801b565761e25f18edf5efb78aea7b4ddaa5f6c563c963dddae00,205aa982afae80aadc56e89aaf0ce36763513c8880972116bd926768a51db4f0,1.7,2.2,True,2022-04-29T14:40:00+00:00,2022-04-29T14:40:00+00:00
te:2082547,2022-05-03,2022,2022-05-03,gasquet,guinard,2022-05-03T14:15:00+00:00,2022-05-01T06:39:00+00:00,1.0,2022-05-05T22:00:00+00:00,2022-05-03,1.83,1.96,0.5171503957783641,0.06862850638909615,0.6213674540192288,0.4267279148396209,0.9666666666666667,0.4,0.7519408436361866,0.6838167858378252,2.0826933427864347e-08,144,163,False,False,False,f00c441d1a5e979987204670715089273efdcf49aecc41a015e01eae4c08f425,a6d6a4775bcfbece88146a8a47fd24d6d6405b0113b296bd0066b95aded779e6,1.98,1.85,True,2022-05-03T12:36:00+00:00,2022-05-03T12:43:00+00:00
te:2082553,2022-05-03,2022,2022-05-03,varillas,pellegrino-fd654,2022-05-03T14:00:00+00:00,2022-05-01T06:40:00+00:00,1.0,2022-05-05T22:00:00+00:00,2022-05-03,1.93,1.86,0.4907651715039578,-0.036943515191684165,0.5911276463169403,0.4055724792455012,1.15,0.11666666666666667,0.747685155423659,0.6510714413598253,1.2725647202671553e-09,181,125,False,False,False,5f28e0d3ce42dc5b91f8595b6472416ababed1bfc96287fe3727dd665160667f,c07d084e8d46bb0835be7a7061477e6eed6b6cc83802abd76dc3b2732bba18a6,2.03,1.81,True,2022-05-03T12:02:00+00:00,2022-05-03T10:45:00+00:00
te:2084093,2022-05-03,2022,2022-05-03,millman,sanchez-izquierdo-99add,2022-05-03T10:30:00+00:00,2022-05-02T19:46:00+00:00,1.0,2022-05-05T22:00:00+00:00,2022-05-03,2.06,1.76,0.46073298429319376,-0.15739217375142914,0.6123304080262554,0.6145107832194519,0.43333333333333335,0.43333333333333335,0.7569407024236527,0.6780081509666752,1.75470749042006e-13,130,158,False,False,False,6ddec366c56b4cff67da5465e36e38dc8e442fb5a96610ce271f171578f95191,443b82375a83275bdef114c1319473eb3cb7f0509582033502f9fe20c5840e24,1.97,1.85,True,2022-05-03T07:59:00+00:00,2022-05-03T07:59:00+00:00
te:2084101,2022-05-03,2022,2022-05-03,serdarusic-5f7cc,fatic-cddef,2022-05-03T12:55:00+00:00,2022-05-02T19:46:00+00:00,1.0,2022-05-05T22:00:00+00:00,2022-05-03,1.75,2.08,0.5430809399477807,0.17275210577780412,0.6197426210612084,0.3157038223071772,0.5,0.5,0.6904868232368225,0.6407575666810673,4.465228575778468e-09,160,158,False,False,False,e2b2fda64b1225b1034902148dfd8e3ebac09d681a3a0242a4fc855e3d604e9f,9011a84096c0e9a7dacba577a37314172131a731e62eb0d584983f9a2717714c,1.76,2.09,True,2022-05-03T10:12:00+00:00,2022-05-03T10:12:00+00:00
te:2084877,2022-05-03,2022,2022-05-03,lama-9f250,descotte,2022-05-03T13:05:00+00:00,2022-05-02T19:35:00+00:00,0.0,2022-05-05T22:00:00+00:00,2022-05-03,1.94,1.85,0.4881266490765172,-0.047502333985003094,0.606446354490384,0.4799012198054084,0.6333333333333333,0.06666666666666667,0.7800724659266962,0.689767430389309,3.1204939743290083e-09,158,150,False,False,False,51c84f39df74ce458d581b5f03b3563ef3a1397c3243c959d191fd0b193e52ae,1483b655d71553f21ceed8b88a1fb8888f66bb5585a86929d64037bb85ebe0f6,2.11,1.74,True,2022-05-03T12:50:00+00:00,2022-05-03T09:30:00+00:00
te:2085821,2022-05-06,2022,2022-05-06,rodionov-f5e38,balazs-a0908,2022-05-06T12:15:00+00:00,2022-05-05T01:19:00+00:00,,,,2.04,1.78,0.4659685863874345,-0.13633644355213148,0.5842738138017912,0.47667933845572613,0.21666666666666667,0.21666666666666667,0.6568738953047409,0.5675801657540693,1.290444973101046e-10,127,2,False,False,False,d9c44b6cab991c20bc368de2c6e8af851af151ecd3a4c38abf9f8ba124cc3035,344340b5d21e9abc6f7d6d8b7bccd311dac6db3d1d86a884bea8ed77df1a88cd,2.02,1.81,True,2022-05-06T08:39:00+00:00,2022-05-06T07:43:00+00:00
te:2085907,2022-05-06,2022,2022-05-06,lehecka,albot,2022-05-06T08:10:00+00:00,2022-05-05T01:19:00+00:00,0.0,2022-05-08T22:00:00+00:00,2022-05-06,1.82,1.99,0.5223097112860893,0.08929813764769719,0.6126860257184517,0.36931880696322655,0.26666666666666666,0.26666666666666666,0.7209891788905615,0.6523189429382128,5.143866999013369e-10,219,162,False,False,False,5769415f143aa7ae5e7de2071dd3522c806da084c3659f3d0cfe7d30a28788f7,03ac5263d12b8af03f36ef730d411a8d7f504ccbb54c25a35a16abe271e93382,1.79,2.05,True,2022-05-06T07:42:00+00:00,2022-05-06T07:28:00+00:00
te:2085909,2022-05-06,2022,2022-05-06,kuzmanov,marterer,2022-05-06T09:10:00+00:00,2022-05-05T01:21:00+00:00,0.0,2022-05-08T22:00:00+00:00,2022-05-06,1.8,2.03,0.5300261096605744,0.12024912815157689,0.6528082531208648,0.5111571060725173,0.7,0.16666666666666666,0.7454398956910873,0.7265547388029296,2.271597493441746e-09,126,148,False,False,False,e09bed22196df2f9a81e6f4d6494b71b12b8dde97e212813826af2b222e3bdcf,6828fad20e70ee43dbc38eaa8ce89b9ce33f3d724c49eca88eb099a0bdf2d2f3,1.81,2.04,True,2022-05-06T04:32:00+00:00,2022-05-06T06:52:00+00:00
te:2086287,2022-05-06,2022,2022-05-06,valkusz,millman,2022-05-06T13:40:00+00:00,2022-05-05T23:55:00+00:00,1.0,2022-05-08T22:00:00+00:00,2022-05-06,1.93,1.87,0.4921052631578948,-0.03158157205029858,0.6196080132988379,0.5194663485338126,1.0666666666666667,0.16666666666666666,0.6648151838894849,0.6239379885285499,6.279123093699823e-08,114,127,False,False,False,f617adff5390c08edc8f7ddd36cbc02d2c33ea738572f30d3a78984ee5cd7954,15cfea5c0ce3e2a595733309c15b74a07b259c1a298116a1d57c1f6bfa9bcc4f,1.9,1.92,True,2022-05-06T12:31:00+00:00,2022-05-06T12:31:00+00:00
te:2086299,2022-05-06,2022,2022-05-06,bonzi-a38fa,ramanathan-8ace3,2022-05-06T12:25:00+00:00,2022-05-05T16:47:00+00:00,1.0,2022-05-08T22:00:00+00:00,2022-05-06,2.11,1.75,0.4533678756476684,-0.18707215955255246,0.5356050636303958,0.32973388128443104,0.3,0.3,0.8235413977706291,0.6768180107972315,1.402314264709048e-09,171,179,False,False,False,2128c44fbd664218bc5264087df215f518dd44fc5dcbf14042c60a286c35d266,c0e79ede328013ae336818c3199a6610a7dfd842647530c34e65f7755ca8424e,2.13,1.74,True,2022-05-06T12:14:00+00:00,2022-05-06T12:14:00+00:00
te:2086333,2022-05-06,2022,2022-05-06,villanueva-55ff0,dutra-da-silva,2022-05-06T13:05:00+00:00,2022-05-05T23:57:00+00:00,0.0,2022-05-08T22:00:00+00:00,2022-05-06,1.87,1.95,0.5104712041884817,0.041890941709160225,0.6126315058337483,0.41649625976541943,0.9833333333333333,0.35,0.5000000000000001,0.5218003627575984,0.007114935449879414,177,181,False,False,False,0d13db63fd48efdd93d563acfc5b1c3c5a40da8fad674ea33d5539050bd4b637,bcbd92c6710e6bb25e2a7d80a5e42825eb60c84a4903e4cf6a676bbadb656a8f,1.96,1.88,True,2022-05-06T09:38:00+00:00,2022-05-06T09:38:00+00:00
te:2086335,2022-05-06,2022,2022-05-06,novak-77d05,miedler,2022-05-06T09:35:00+00:00,2022-05-05T23:54:00+00:00,1.0,2022-05-08T22:00:00+00:00,2022-05-06,1.83,1.97,0.5184210526315789,0.07371757589656736,0.6260571783867727,0.44162122796876524,1.45,0.8166666666666667,0.7284415469777317,0.6742088712467238,6.064870827771074e-13,150,150,False,False,False,0e822722f605b31961061ddd03e4e8328f6deb7c84dc552e95a31ce3f6ad1001,a770fc8527cfbe8af92dc4f1b8d8b813decc96ab6c0f6df8dfda020707569948,1.8,2.03,True,2022-05-06T09:02:00+00:00,2022-05-06T08:29:00+00:00
te:2086423,2022-05-06,2022,2022-05-06,olivo,boscardin-dias-3afa8,2022-05-06T15:10:00+00:00,2022-05-05T23:54:00+00:00,1.0,2022-05-08T22:00:00+00:00,2022-05-06,2.12,1.74,0.45077720207253885,-0.19753097545748347,0.5838116166382846,0.5359713296203427,1.0333333333333334,0.5333333333333333,0.7629517990062331,0.6573622967111377,2.733944182153891e-10,162,106,False,False,False,c0bfefef6db8bf402d90725f573d127098c4130fdab7104493c9326e6480af75,501341ccd6968dd8a85da7b9a7d32339d405de62097f8713893d53a8ab2acc3a,2.15,1.73,True,2022-05-06T14:54:00+00:00,2022-05-06T14:54:00+00:00
te:2086555,2022-05-06,2022,2022-05-06,kotov-392a7,grenier-baaf0,2022-05-06T16:05:00+00:00,2022-05-06T11:17:00+00:00,1.0,2022-05-08T22:00:00+00:00,2022-05-06,1.9,1.92,0.5026178010471204,0.010471299867295303,0.6203866892857002,0.4807185449256924,0.7833333333333333,0.08333333333333333,0.6976282044715525,0.6464397285003328,1.4008088855543832e-09,137,169,False,False,False,cb7a15064cd7abbd5eec755da4419faadcd22b4c9047792260e4cfb98ae95a5e,5d76ae6034cde62bc908ed5917dcd8c24feb65f0fe5efe334075910b7eb47711,1.79,2.04,True,2022-05-06T13:44:00+00:00,2022-05-06T13:44:00+00:00
te:2089291,2022-05-10,2022,2022-05-10,gimeno-valero,o-connell-020b8,2022-05-10T08:10:00+00:00,2022-05-09T20:47:00+00:00,1.0,2022-05-12T22:00:00+00:00,2022-05-10,2.05,1.77,0.46335078534031415,-0.14686024656457897,0.5958660015626288,0.5351295564909078,0.25,0.25,0.6252292395642949,0.7101352827705895,9.681977441999834e-13,94,131,False,False,False,64e6f83fa231b495f0cb532c7b43fbf91aae524250e8e451cbc3bc19088fb0fe,be8b5496b8ac0507fa5a135c92261dad10a61e5b785850dc65a3d2c9360df0db,1.93,1.88,True,2022-05-10T07:54:00+00:00,2022-05-10T07:54:00+00:00
te:2090151,2022-05-10,2022,2022-05-10,sock,hemery,2022-05-10T12:20:00+00:00,2022-05-10T02:26:00+00:00,1.0,2022-05-12T22:00:00+00:00,2022-05-10,2.02,1.8,0.4712041884816754,-0.1153108465109944,0.604733150981526,0.5405370305390825,0.75,0.75,0.8250711070422136,0.722385553655665,1.0158981988972471e-10,117,174,False,False,False,abcacbc504a7f417cfc07744dc636a2738f43e99ccd6d58770aa24939ff194f5,eaae733f716dea3402d3aecab66b86e168d73a3a813374b39293e7439eca0c18,1.87,1.94,True,2022-05-10T11:51:00+00:00,2022-05-10T11:51:00+00:00
te:2091679,2022-05-13,2022,2022-05-13,nava-337db,blanch-d9f24,2022-05-13T06:40:00+00:00,2022-05-12T11:49:00+00:00,0.0,2022-05-15T22:00:00+00:00,2022-05-13,1.88,1.93,0.5065616797900262,0.026248226074936154,0.6059648298969368,0.40413355230140235,0.7333333333333333,0.1,0.8080369327670197,0.710417437421644,2.6879609649199665e-12,130,108,False,False,False,1f004aa7cfb724bf2fd9bfd14cfbbd48c951ddcdadd1ff62b45a5dd7c5551a5b,b73ec768c90db520f15e2347e5506e22ca31715326b9b2a78072bb60b7ea5a55,1.85,1.99,True,2022-05-13T05:59:00+00:00,2022-05-13T05:59:00+00:00
te:2091719,2022-05-13,2022,2022-05-13,misolic,kubler-21879,2022-05-13T09:45:00+00:00,2022-05-12T21:07:00+00:00,1.0,2022-05-15T22:00:00+00:00,2022-05-13,1.79,2.04,0.5326370757180157,0.13073418800346137,0.6125127826225967,0.32715276294941453,0.9666666666666667,0.9666666666666667,0.5477972403481047,0.5793891153010271,7.630838405603413e-08,152,131,False,False,False,171c16b6f2e0814f51825a8a24db85372d9c528b18a1a357a6d080cee3b666d8,5d987611985b8e41b45bbda391da6ef21ff1efbd1f3dc45d418f679cb432abee,1.74,2.14,True,2022-05-13T08:37:00+00:00,2022-05-13T08:37:00+00:00
te:2091801,2022-05-13,2022,2022-05-13,poljicak,gimeno-valero,2022-05-13T08:10:00+00:00,2022-05-12T21:10:00+00:00,0.0,2022-05-15T22:00:00+00:00,2022-05-13,2.14,1.72,0.4455958549222798,-0.21848153820839833,0.5261963805772398,0.3233630975426709,1.25,0.5166666666666667,0.5689985423730177,0.7150234742260118,2.374735130761252e-11,34,99,False,False,False,b39647aa7069217f1c5bd750b6bb8596852d679ba3d2e0b3e329359ecf1d0bd8,c66f40585a650dd10692dd77b8b50409f10dd455ddc185621b650310a8c5dc17,2.11,1.76,True,2022-05-13T07:49:00+00:00,2022-05-13T07:53:00+00:00
te:2092003,2022-05-13,2022,2022-05-13,altmaier,galan-e4b30,2022-05-13T15:00:00+00:00,2022-05-12T23:28:00+00:00,1.0,2022-05-15T22:00:00+00:00,2022-05-13,1.79,2.05,0.5338541666666666,0.13562417329765303,0.645240912117846,0.4625606475004321,0.6,0.03333333333333333,0.7308752729682708,0.707376848274651,4.454159263644897e-12,216,173,False,False,False,22669c0e4da52b17b4704de9bbc351ee822de0d640a07b9684642b8046b3cf71,f658cafaa1e8136c8abe54b36971a334275e91be27e051e24f1b1fb9688db538,1.8,2.06,True,2022-05-13T13:33:00+00:00,2022-05-13T10:36:00+00:00
te:2092023,2022-05-13,2022,2022-05-13,popyrin,munar-d1298,2022-05-13T14:10:00+00:00,2022-05-12T21:05:00+00:00,1.0,2022-05-15T22:00:00+00:00,2022-05-13,2.06,1.78,0.46354166666666663,-0.14609261849749608,0.5898342654052094,0.5093729011047607,0.0,0.0,0.7222410622420335,0.8374442001968675,7.353065933912717e-10,120,154,False,False,False,c25bbb336ea5ccbaf4bf3e796676a0b87c7ff37853d40e4aaede878db8fe12ed,848a9c8de6040b0134f50173b37f2c82119edee39727da925e7dd82de44bf374,1.93,1.91,True,2022-05-13T12:17:00+00:00,2022-05-13T12:17:00+00:00
te:2092051,2022-05-13,2022,2022-05-13,diaz-acosta,comesana-c17e0,2022-05-13T15:05:00+00:00,2022-05-12T23:45:00+00:00,0.0,2022-05-15T22:00:00+00:00,2022-05-13,1.88,1.95,0.5091383812010444,0.03655759573379756,0.6087958009653226,0.4056956417263805,0.5666666666666667,0.03333333333333333,0.5364164642027524,0.5000000000000001,0.008028948349533285,145,185,False,False,False,fb3016b96b12a299ec075669b7270b63c0cc57ebecede163706a1d80688093f7,8390f3189dcd80492db09c983758bd1fe0774f1d3150c298cd26a81535df7ecd,1.85,1.99,True,2022-05-13T11:36:00+00:00,2022-05-13T11:36:00+00:00
te:2093333,2022-05-17,2022,2022-05-17,fanselow-fef29,istomin,2022-05-17T06:05:00+00:00,2022-05-15T12:30:00+00:00,0.0,2022-05-19T22:00:00+00:00,2022-05-17,1.93,1.87,0.4921052631578948,-0.03158157205029858,0.6090402311080566,0.4748612366789852,2.066666666666667,1.3,0.5356627998195151,0.5000000000000001,0.01799128588352117,166,105,False,False,False,c4a06a17dc821d6a362979faf21c455f38fb697f9a42086c2a269261d13a595f,0e6953cf6e03d79ba2b00f57ef8dc3a7e23c1ed76a334647e8621b68912f7510,1.86,1.95,True,2022-05-17T05:53:00+00:00,2022-05-17T05:53:00+00:00
te:2093365,2022-05-17,2022,2022-05-17,domingues,gigante-f720d,2022-05-17T11:35:00+00:00,2022-05-15T14:20:00+00:00,1.0,2022-05-19T22:00:00+00:00,2022-05-17,2.0,1.81,0.4750656167979003,-0.09982033528221068,0.6226425158423818,0.6005999065321782,0.9833333333333333,0.31666666666666665,0.6103565098449083,0.6192554217503643,2.1607332117978828e-08,90,79,False,False,False,bbf203b09d5335c8a14a08e6c9dbb19cfa59e6eec9b37d7bd382dd69b6718894,26b520c3ebb015c31c829acb67eaf5bc37e36331ddf4b789d1ba192a6148bd26,1.93,1.89,True,2022-05-17T11:10:00+00:00,2022-05-17T11:10:00+00:00
te:2093555,2022-05-17,2022,2022-05-17,kuhn-c28ab,hemery,2022-05-17T09:10:00+00:00,2022-05-15T18:59:00+00:00,0.0,2022-05-19T22:00:00+00:00,2022-05-17,1.82,1.99,0.5223097112860893,0.08929813764769719,0.6448601109085137,0.5072235076778734,1.85,0.85,0.7081803741224777,0.7092810379663017,2.113422215010985e-10,106,182,False,False,False,23e2fe348f84fd10d21dc724eb066fca4449d47b53b49994954d45b68a36ec86,8fc2a37f8cf5e30f7f46231bbfc6295f9c4337c0a5795bcc85bb41b5c29ada52,1.81,2.02,True,2022-05-17T05:57:00+00:00,2022-05-17T05:57:00+00:00
te:2093565,2022-05-17,2022,2022-05-17,sels,jaziri,2022-05-17T14:25:00+00:00,2022-05-15T14:05:00+00:00,1.0,2022-05-19T22:00:00+00:00,2022-05-17,2.07,1.76,0.4595300261096606,-0.1622347982272172,0.6038189891076519,0.5836380593091588,0.31666666666666665,0.31666666666666665,0.7228441288108407,0.6437366610586495,4.066789266454762e-09,183,104,False,False,False,02204995042878553173680842ad086810c231200ea26cf7d4a6d47425bc00f4,0f38b9c947dcd0a6558e74191e626ff37a63b0c8d459d8d697017896202e21cc,2.03,1.8,True,2022-05-17T10:39:00+00:00,2022-05-17T10:39:00+00:00
te:2094305,2022-05-17,2022,2022-05-17,maestrelli,krutykh,2022-05-17T18:35:00+00:00,2022-05-17T12:38:00+00:00,1.0,2022-05-19T22:00:00+00:00,2022-05-17,2.04,1.78,0.4659685863874345,-0.13633644355213148,0.609975508861505,0.5835457155631043,1.7666666666666666,0.6333333333333333,0.5000000000000001,0.5326205375587764,0.008365565049916882,120,149,False,False,False,f5e6e1974e2dccf88117cd4f72fa49da26d4536e3d95614c99cf2a2fed8e1575,842eb58c28b78f1b549328fa09cd93f0d80565925b060b6932cc56d73f9dda80,2.03,1.79,True,2022-05-17T18:13:00+00:00,2022-05-17T18:13:00+00:00
te:2094893,2022-05-17,2022,2022-05-17,fomin,kachmazov,2022-05-17T04:10:00+00:00,2022-05-16T17:48:00+00:00,0.0,2022-05-19T22:00:00+00:00,2022-05-17,1.97,1.83,0.48157894736842105,-0.07371757589656758,0.6324011582129415,0.6162492729523992,0.3333333333333333,0.3333333333333333,0.6956596610242954,0.7503698292985193,9.941853729156236e-10,89,139,False,False,False,3bc82cce8e593b190640a7b0231fc55ecc363c3082ecfd2e3ffca3d8bbb40a7d,e9f5bd9d9a2ce36ff26eda3e4fb93be594c35021d364ac0be1cf804d65597627,1.98,1.84,True,2022-05-17T00:36:00+00:00,2022-05-17T00:36:00+00:00
te:2095513,2022-05-17,2022,2022-05-17,baldi-7cfb2,mayot,2022-05-17T13:10:00+00:00,2022-05-16T20:30:00+00:00,1.0,2022-05-19T22:00:00+00:00,2022-05-17,1.93,1.87,0.4921052631578948,-0.03158157205029858,0.608183704903427,0.47126545961317007,0.75,0.75,0.5827610526936282,0.6364861134971909,7.273917540517871e-08,80,132,False,False,False,c41a3362a1c86f1531656dcc3f8d450a306a245f10b482d7d0382ee0d2583323,b5b0eaa673f8c64981a6a7e2ea54661b48a9455e27e34940f5d78e9256a8562a,1.86,1.96,True,2022-05-17T10:08:00+00:00,2022-05-17T10:08:00+00:00
te:2097801,2022-05-20,2022,2022-05-20,haase,zhu-bb6ef,2022-05-20T07:25:00+00:00,2022-05-19T19:19:00+00:00,1.0,2022-05-22T22:00:00+00:00,2022-05-20,1.88,1.94,0.5078534031413613,0.031416196233379066,0.6267740943495179,0.4869861018936876,0.5833333333333334,0.5833333333333334,0.6814804564104219,0.6483468782162103,1.6502782473892808e-10,111,156,False,False,False,2821013b88e789e5fe795a255159ded38cd5652ac59e81dec8566d90e78615e4,4177b2b4388e9fc464c2233a9457ee1111757bdf07295e9199d1caf8589427bf,1.81,2.02,True,2022-05-20T06:10:00+00:00,2022-05-20T07:17:00+00:00
te:2097879,2022-05-20,2022,2022-05-20,carballes-baena,zhang-45ae9,2022-05-20T10:10:00+00:00,2022-05-19T21:07:00+00:00,0.0,2022-05-22T22:00:00+00:00,2022-05-20,2.17,1.7,0.43927648578811374,-0.24409891649019763,0.6170655010161111,0.7212101416157761,0.7,0.16666666666666666,0.8140154837711192,0.7231168859675975,4.76368944291039e-13,183,111,False,False,False,0b86a84125f41e7d44d0825f7ed2b32609a5d9fa9ec4f17a7457b8f1c200c2f5,d2efa480cd69ac4f399c0d76836f3fe4b8f4850d87190d733cdc8b294c4aceec,2.06,1.79,True,2022-05-20T09:06:00+00:00,2022-05-20T07:42:00+00:00
te:2098031,2022-05-20,2022,2022-05-20,brouwer-44152,misolic,2022-05-20T11:45:00+00:00,2022-05-19T21:07:00+00:00,0.0,2022-05-22T22:00:00+00:00,2022-05-20,1.97,1.85,0.48429319371727747,-0.06284790365966375,0.61528423666016,0.5324274535403852,1.2,1.2,0.5290628962090355,0.5333106414726526,2.0730713915090293e-06,205,163,False,False,False,425c049c7b1b0f27be0285ecc10ad4f898737c4e4246a69750fc8c1d50815f42,59ed70ae3ceca6372baec55e17ddb31fdec684d8519fe8dd1e0bd5c1dbe171cb,1.93,1.91,True,2022-05-20T08:48:00+00:00,2022-05-20T10:59:00+00:00
te:2099379,2022-05-24,2022,2022-05-24,arnaldi,moreno-de-alboran-a31d1,2022-05-24T10:20:00+00:00,2022-05-22T18:06:00+00:00,1.0,2022-05-26T22:00:00+00:00,2022-05-24,2.05,1.79,0.46614583333333337,-0.13562417329765303,0.6148786465104039,0.6034906103956037,0.5166666666666667,0.5166666666666667,0.6689650245212899,0.6181962038842291,4.622524585329302e-12,189,140,False,False,False,f8d691c2c1be19d49adf3462e39466c4ee47551618243bf9c4a0040dc7b62fe5,119af6d5bdf1a4efb710af0354272b0613bf9ce0dbc907885c25e7dd58dc0ecd,2.2,1.68,True,2022-05-24T09:11:00+00:00,2022-05-24T09:11:00+00:00
te:2099399,2022-05-24,2022,2022-05-24,lenz-a4376,hassan-1d510,2022-05-24T12:30:00+00:00,2022-05-22T21:18:00+00:00,1.0,2022-05-26T22:00:00+00:00,2022-05-24,2.17,1.72,0.44215938303341906,-0.23240287672700632,0.6034896339503056,0.6524295559477706,0.38333333333333336,0.38333333333333336,0.5000000000000001,0.550087994664872,0.01729185651075449,121,140,False,False,False,56d148bb0ebcb6babb981233c4a54c169a86834d03a5eb9f90b7d079b79763cb,7183d862bf1c35617f7e73464aa6702c301c95731e21292115c9a2cfc10d783f,2.11,1.74,True,2022-05-23T11:57:00+00:00,2022-05-23T11:57:00+00:00
te:2100855,2022-05-24,2022,2022-05-24,prihodko,caruso-7cfdb,2022-05-24T08:45:00+00:00,2022-05-24T01:39:00+00:00,1.0,2022-05-26T22:00:00+00:00,2022-05-24,2.12,1.72,0.44791666666666663,-0.20909179785855955,0.578740187155919,0.5266956718964966,0.9,0.9,0.5498192000526393,0.6438627640452868,2.5908289402742923e-08,176,114,False,False,False,159f3a627223b7193f9c62cbeebad7f35bf8a722b1f8755996e0912cd77eae15,340723b46ab2d322244a61f410a396aca5730dc29aad44b12feb994c44f609f1,2.11,1.75,True,2022-05-24T08:28:00+00:00,2022-05-24T08:28:00+00:00
te:2100857,2022-05-24,2022,2022-05-24,dutra-da-silva,barrientos,2022-05-24T11:05:00+00:00,2022-05-24T01:37:00+00:00,0.0,2022-05-26T22:00:00+00:00,2022-05-24,2.0,1.81,0.4750656167979003,-0.09982033528221068,0.6057640142624164,0.5293611515287266,0.7833333333333333,0.7833333333333333,0.5447336198353265,0.5000000000000001,0.013738350544621289,189,148,False,False,False,bad498e039c6de42288d4688715f7c81f1391a1e3930d3e07348013aff86a4ee,55a3035e780875558f190d2005f28b3b15a749b89a19aa2a010c665e35f80ba6,1.96,1.86,True,2022-05-24T06:00:00+00:00,2022-05-24T08:26:00+00:00
te:2103215,2022-05-27,2022,2022-05-27,pellegrino-fd654,mager,2022-05-27T18:10:00+00:00,2022-05-26T02:46:00+00:00,1.0,2022-05-29T22:00:00+00:00,2022-05-27,1.78,2.0,0.5291005291005291,0.11653381625595141,0.6233594781784237,0.3872983381106575,0.3333333333333333,0.3333333333333333,0.6260817298069411,0.6538565860134736,1.1622690504475841e-08,135,134,False,False,False,f6dde64ecac34e6b96260c64423e2d1d921586f42691f7b52606b4161320b039,2dd1229a2230aedb6f7b586a8897051400793aeb3c5bbb7c074304b34d20659c,1.8,2.05,True,2022-05-27T13:08:00+00:00,2022-05-27T14:18:00+00:00
te:2103403,2022-05-27,2022,2022-05-27,klein-88a5e,grenier-baaf0,2022-05-27T13:55:00+00:00,2022-05-26T22:08:00+00:00,1.0,2022-05-29T22:00:00+00:00,2022-05-27,1.86,1.98,0.5156249999999999,0.06252035698133354,0.6227943961186505,0.43890567788106005,1.3333333333333333,0.7333333333333333,0.6526250984656828,0.623949974188718,1.9382997706873795e-08,88,172,False,False,False,7b4e3bf206910ed0dd68b65e3150148187c66e5dc5768223bf9e87139f7509bf,0880935498d0d38d92e5bc01e4d2d6fcea8ddab6e55d0a89a22bf18836fee42e,1.99,1.85,True,2022-05-27T10:09:00+00:00,2022-05-27T10:09:00+00:00
te:2104567,2022-05-31,2022,2022-05-31,cerundolo-08df6,cobolli-d6311,2022-05-31T17:15:00+00:00,2022-05-29T17:33:00+00:00,0.0,2022-06-02T22:00:00+00:00,2022-05-31,1.93,1.87,0.4921052631578948,-0.03158157205029858,0.6119732245789906,0.4871957568583025,1.6166666666666667,0.31666666666666665,0.5000000000000001,0.5249208753096021,0.009335574820509965,140,196,False,False,False,69ec3d57db271ef5b0d8f7bd7316b96067596583493ed6b64a1f959cd4544693,059a61422e5598934a2c6d9835bb70f609fc7942600aac3e00618e53a659e75e,1.91,1.91,True,2022-05-31T16:46:00+00:00,2022-05-31T16:46:00+00:00
te:2106251,2022-05-31,2022,2022-05-31,fabbiano,coppejans,2022-05-31T09:40:00+00:00,2022-05-30T21:45:00+00:00,1.0,2022-06-02T22:00:00+00:00,2022-05-31,1.97,1.84,0.48293963254593175,-0.0682679711290029,0.6056178280908018,0.4971966929053772,0.8333333333333334,0.36666666666666664,0.6105953079653802,0.5574326016317878,8.657940919754026e-09,156,116,False,False,False,8b12ff64d311e4d749355e96dad11a0002f6be2ccf4f76a249b5771a26e6280e,8a2ce68e5b70f37bbf8ffa4c553634f8f81592bf9b7eb48bb37c024d2f844ae2,1.94,1.88,True,2022-05-31T06:36:00+00:00,2022-05-31T08:00:00+00:00
te:2106283,2022-05-31,2022,2022-05-31,ejupovic,janowicz,2022-05-31T14:10:00+00:00,2022-05-30T21:43:00+00:00,0.0,2022-06-02T22:00:00+00:00,2022-05-31,1.67,2.21,0.5695876288659795,0.280168889100998,0.6485387155662241,0.3324532517266864,0.0,0.0,0.7348958624008904,0.7156384170326775,5.96053131851626e-08,156,3,False,False,False,718477bc4e9df2cd0fd0d406b170d1f721d917bd210fbb03f72be4bc70952069,36a91bb925e504866f880abdcf3be55ca55b52d41c7dc0941dd98d905ee5d6a0,1.69,2.19,True,2022-05-31T12:49:00+00:00,2022-05-31T12:49:00+00:00
te:2108035,2022-06-03,2022,2022-06-03,wu-f664e,mejia-a7d27,2022-06-03T01:10:00+00:00,2022-06-01T03:38:00+00:00,0.0,2022-06-05T22:00:00+00:00,2022-06-03,1.83,1.98,0.5196850393700787,0.07878087785311416,0.628186983121401,0.4456659030156328,0.0,0.0,0.7432511615215905,0.6861216341434723,1.3142641919206e-08,110,134,False,False,False,51c4506a3424c8d44da764232b116d876fbe68afee1b5070995a29afea13d83e,52d36db21d9677475e09e5bbd6e549e029ed1605be93ac73b1c3bed689a5ae69,1.88,1.93,True,2022-06-01T17:52:00+00:00,2022-06-01T18:55:00+00:00
te:2108039,2022-06-03,2022,2022-06-03,burruchaga,jaziri,2022-06-03T15:05:00+00:00,2022-06-01T02:11:00+00:00,1.0,2022-06-05T22:00:00+00:00,2022-06-03,1.92,1.88,0.49473684210526314,-0.02105340919783241,0.6052876495087494,0.4485999349589317,0.2833333333333333,0.2833333333333333,0.5459057408677098,0.5000000000000001,0.010112517753365496,130,111,False,False,False,c2d8a635a7678e6eed8bc9e13ff46dc2e2f0d21c7bed090c40ba64f56326b06a,36292db3a85ebbe6d0648f9829e140a6803dbed777c4eadbc48a85b76326aaac,1.91,1.91,True,2022-06-02T15:58:00+00:00,2022-06-02T15:58:00+00:00
te:2108051,2022-06-03,2022,2022-06-03,holt-669c7,hijikata,2022-06-03T15:05:00+00:00,2022-06-01T02:11:00+00:00,1.0,2022-06-05T22:00:00+00:00,2022-06-03,1.93,1.87,0.4921052631578948,-0.03158157205029858,0.6185159965321343,0.514835707755672,1.4666666666666666,1.4666666666666666,0.6036051818336537,0.6362936080555877,5.95299920469472e-11,104,201,False,False,False,b85a927d0dd2eed3622e9071a03356556cab493672e8cb61cc73ce3049de6345,e1cf242045e099683b247cb456f9cf13e7e26c697c4762f95d31c36465c8d5b1,1.88,1.93,True,2022-06-03T11:36:00+00:00,2022-06-03T13:57:00+00:00
te:2108589,2022-06-03,2022,2022-06-03,passaro-5f6f1,bonadio,2022-06-03T10:10:00+00:00,2022-06-02T02:17:00+00:00,0.0,2022-06-05T22:00:00+00:00,2022-06-03,2.03,1.79,0.46858638743455505,-0.12582017320103203,0.6083018284224745,0.5659997875684012,0.8333333333333334,0.3,0.5000000000000001,0.5378943771141177,0.01612716675682517,150,179,False,False,False,97e97a9bafcf2eeaadce1edca00061f5553bd949bea49f82eb0ed773181741c7,1669d500c6ec67049eaf95e22f2f0f52c6bede377e16bbd31c7f14311d9586b5,1.97,1.86,True,2022-06-03T08:41:00+00:00,2022-06-03T08:41:00+00:00
te:2108591,2022-06-03,2022,2022-06-03,munar-d1298,daniel-2dd17,2022-06-03T11:55:00+00:00,2022-06-01T22:28:00+00:00,0.0,2022-06-05T22:00:00+00:00,2022-06-03,1.96,1.85,0.4855643044619423,-0.05775883415219216,0.6180936282601621,0.5392233037665751,0.36666666666666664,0.36666666666666664,0.6878258019893313,0.6363749396523609,1.189835202586309e-08,158,130,False,False,False,f34aa34b8e94923c4d7a83e7bba0a28dc67e9eca64fd9a46ab0c7c9a2c22bc70,599701e9c14d9589797e92eb6f2928fd31644ca5a109e080864d1502d4d6c8ea,1.94,1.89,True,2022-06-03T08:37:00+00:00,2022-06-03T08:37:00+00:00
te:2108811,2022-06-03,2022,2022-06-03,kuzmanov,tseng-5c1bc,2022-06-03T15:35:00+00:00,2022-06-02T21:49:00+00:00,0.0,2022-06-05T22:00:00+00:00,2022-06-03,1.95,1.87,0.4895287958115184,-0.041890941709159774,0.6074113149273515,0.4783346616790729,0.0,0.0,0.541086639585709,0.5867572692745618,2.1225068924657364e-10,129,187,False,False,False,0dffd96c1e34dec117fad4968a5e52492805486b2a12a3a6d077a4580bbba27f,6ccd9b4ab0da5efc27cea613c42f2e953967987ab20a39a36a13192b6b6d2875,1.96,1.88,True,2022-06-03T14:17:00+00:00,2022-06-03T14:17:00+00:00
te:2108853,2022-06-03,2022,2022-06-03,rinderknech,dutra-da-silva,2022-06-03T13:20:00+00:00,2022-06-02T21:47:00+00:00,1.0,2022-06-05T22:00:00+00:00,2022-06-03,2.14,1.72,0.4455958549222798,-0.21848153820839833,0.5529223721827395,0.43096691052094543,2.0166666666666666,2.0,0.7584033566453794,0.6293676569505244,4.616307336391401e-13,157,201,False,False,False,e0471840db9173178ac3a331dd544ff851bceee0f43899ff331ca2b377002ba4,85b0f197534a32956d484886ed4edda2e9b315b4c173839b0013375b6acf66ba,2.02,1.83,True,2022-06-03T12:30:00+00:00,2022-06-03T12:30:00+00:00
te:2108881,2022-06-03,2022,2022-06-03,svrcina,klein-88a5e,2022-06-03T09:10:00+00:00,2022-06-02T21:48:00+00:00,0.0,2022-06-05T22:00:00+00:00,2022-06-03,2.03,1.81,0.47135416666666663,-0.11470894777596173,0.6013177410887276,0.525667673881806,1.3666666666666667,0.5666666666666667,0.5000000000000001,0.5547243654646636,0.010339734813269844,144,95,False,False,False,d3dcf54debb3601c3aa7f545a26334a59e802eee3b3208e67075de7f970becdf,a3f902075a8940c39a3c7aefc7af6e4a9e9e57e290dd41e3ba98f539357d11d4,1.89,1.94,True,2022-06-03T08:32:00+00:00,2022-06-03T08:32:00+00:00
te:2109057,2022-06-03,2022,2022-06-03,musetti,cerundolo-08df6,2022-06-03T19:05:00+00:00,2022-06-02T21:47:00+00:00,,,,2.05,1.79,0.46614583333333337,-0.13562417329765303,0.5848520733997637,0.47834821621346485,0.2833333333333333,0.2833333333333333,0.7181962006515923,0.6208925333676593,6.1768645753801366e-12,135,142,False,False,False,7c41a88857c0f0fc7616b49580943dd755be1ec7855bc5ec2f7bbee123bf21af,d1449c0b1159f063ca632f3205cbf2d9aa8b2b087f477b1361735f74327d2355,1.93,1.89,True,2022-06-03T18:43:00+00:00,2022-06-03T18:53:00+00:00
te:2110381,2022-06-07,2022,2022-06-07,bonadio,kolar-d6d52,2022-06-07T12:00:00+00:00,2022-06-06T00:36:00+00:00,0.0,2022-06-09T22:00:00+00:00,2022-06-07,2.09,1.75,0.4557291666666667,-0.17754827804129686,0.5769662507230391,0.48788009050248243,1.3833333333333333,0.5166666666666667,0.5418412050347257,0.6372277607511184,6.0519644851098064e-12,183,175,False,False,False,a2043863579fb0a1c58071867bae2aefb916bb480fd90a34d2ab0c30bfa85508,c34942f149756e716001602dfe818b53f3a360580ffbe4094ee3d0a2f2185f2f,2.06,1.78,True,2022-06-07T07:38:00+00:00,2022-06-07T03:34:00+00:00
te:2112345,2022-06-07,2022,2022-06-07,fils,ugo-carabelli,2022-06-07T09:45:00+00:00,2022-06-06T22:20:00+00:00,1.0,2022-06-09T22:00:00+00:00,2022-06-07,2.15,1.7,0.44155844155844154,-0.2348395910774011,0.5872488797377223,0.5874435100344736,0.7833333333333333,0.18333333333333332,0.5943270913555103,0.6839881863263569,6.115987605248563e-09,140,166,False,False,False,a93a86fa477704632d45544f3caad3336a0061f568f3dd4439005013bf2e3f15,1c2aee23b054b70fb99deadeb270b10fa51adc5b9fa5abe8231539d712bfa6bf,2.09,1.76,True,2022-06-07T09:18:00+00:00,2022-06-07T09:18:00+00:00
te:2112461,2022-06-07,2022,2022-06-07,arnaboldi,baldi-7cfb2,2022-06-07T10:20:00+00:00,2022-06-06T22:18:00+00:00,,,,2.06,1.76,0.46073298429319376,-0.15739217375142914,0.5837981577623184,0.4957771362915413,0.4166666666666667,0.4166666666666667,0.625185135849042,0.5387376744111659,5.2659390736842226e-11,164,90,False,False,False,72ec1ec2c17e712a6c49acb7be79b1cc0c66311398f989bf5cda0a132ae622cb,db1445da64e8e0d22e81b33f21225eb85f89d30a83929c839be5ac5c2a751c89,1.98,1.84,True,2022-06-07T07:03:00+00:00,2022-06-07T08:41:00+00:00
te:2114343,2022-06-10,2022,2022-06-10,shevchenko-3bd40,kuznetsov-edb42,2022-06-10T14:25:00+00:00,2022-06-08T20:15:00+00:00,0.0,2022-06-12T22:00:00+00:00,2022-06-10,1.88,1.91,0.503957783641161,0.01583146521668067,0.6299649538490156,0.516235003330809,0.7,0.7,0.6527543352582041,0.6539141139540768,1.3000842347121733e-09,194,126,False,False,False,2cef537cca71cc473ca0de9270f2830bf8764f7536abcd347aae92059ac11c54,2d3bcbb45a50bdad867ee2f8a1f4891ebb1e034ff61739ae788e873a98aa26e8,1.84,2.0,True,2022-06-10T09:36:00+00:00,2022-06-10T09:36:00+00:00
te:2114519,2022-06-10,2022,2022-06-10,evans-cf2af,huesler,2022-06-10T16:40:00+00:00,2022-06-08T20:18:00+00:00,0.0,2022-06-12T22:00:00+00:00,2022-06-10,1.66,2.14,0.5631578947368422,0.2539882266653086,0.6016682562045138,0.15843281210327526,0.5166666666666667,0.5166666666666667,0.7787774306616497,0.6847676995496217,1.4038184226183859e-08,138,158,False,False,False,3c1b8f10f462ac67d0558d3a2b664e66799970d1bbbed146468f67388d1404b3,dfccb8df0b1dd422c7d34c5fe3b77b3f57d34dd72c288235a0f5ab43cd713ec6,1.59,2.41,True,2022-06-10T14:55:00+00:00,2022-06-10T14:55:00+00:00
te:2114955,2022-06-10,2022,2022-06-10,guinard,coria-df292,2022-06-10T13:50:00+00:00,2022-06-09T19:50:00+00:00,0.0,2022-06-12T22:00:00+00:00,2022-06-10,1.92,1.9,0.4973821989528796,-0.010471299867295303,0.6073612508001471,0.4467050793497859,0.0,0.0,0.5990407733640535,0.6591275402412123,1.9215275204320648e-09,159,171,False,False,False,8570e12120190f49157a633ec6801b57510e02c8a6dd1d833b3c565c50ad559e,a1a3efc8743ab7ab30927ca1056231fa6f4581694954aea068b94af10bef5e46,1.91,1.93,True,2022-06-10T09:53:00+00:00,2022-06-10T09:53:00+00:00
te:2114991,2022-06-10,2022,2022-06-10,munar-d1298,monteiro-f1500,2022-06-10T19:05:00+00:00,2022-06-10T00:09:00+00:00,1.0,2022-06-12T22:00:00+00:00,2022-06-10,1.69,2.2,0.5655526992287918,0.2637288314292882,0.6164057717783686,0.2105913391126208,1.2,0.7,0.7598977894560982,0.6841550098499867,2.076934565997668e-08,164,176,False,False,False,8c00982673f8d525e6da534205c6e37789aee124fe62e5ee52fdf4c85e5cbe9c,e67017c99c336b2fad2fd6d37f53c705f88d8a5cdf158dcbe1b78ac0de9181cb,1.71,2.19,True,2022-06-10T18:48:00+00:00,2022-06-10T18:56:00+00:00
te:2115101,2022-06-10,2022,2022-06-10,wolf-e839f,wu-f664e,2022-06-10T15:10:00+00:00,2022-06-10T00:05:00+00:00,1.0,2022-06-12T22:00:00+00:00,2022-06-10,1.93,1.89,0.4947643979057591,-0.02094317384524342,0.6237168702104497,0.5262978408258223,1.9333333333333333,1.4,0.7554177597011972,0.6886977945445849,6.285874099010158e-09,156,121,False,False,False,0b2d3d6df271a0d40dcab0762d072b3303459b49b4902fd396fcb0852f0189e2,b951fd683f6b53010c3d1925bd884460cbd2a63b7776c71a6436847defe2d00e,1.82,2.02,True,2022-06-10T14:05:00+00:00,2022-06-10T10:37:00+00:00
te:2115105,2022-06-10,2022,2022-06-10,wu-9762d,eubanks-b3a89,2022-06-10T18:30:00+00:00,2022-06-09T22:13:00+00:00,1.0,2022-06-12T22:00:00+00:00,2022-06-10,1.72,2.14,0.5544041450777203,0.21848153820839877,0.6499522725793127,0.4003478859385141,1.3,0.7666666666666667,0.7213829929698687,0.7495137675148614,2.5169219375342777e-08,36,138,False,False,False,4f5bd487e6a828907a2bad0d380693197330c01ed39fb466e70df31bba28366f,48ade33153cb72731e7f346d50998bf855106be6f1ff6596d81a498e34d8a2df,1.63,2.33,True,2022-06-10T12:32:00+00:00,2022-06-10T18:20:00+00:00
te:2116767,2022-06-14,2022,2022-06-14,juarez-8d805,dellien-e101c,2022-06-14T17:25:00+00:00,2022-06-12T23:47:00+00:00,0.0,2022-06-16T22:00:00+00:00,2022-06-14,1.97,1.83,0.48157894736842105,-0.07371757589656758,0.6128480832568339,0.5330174903632074,1.0166666666666666,1.0166666666666666,0.5206714851420905,0.5000000000000001,0.002885927062120097,185,155,False,False,False,3d1b8295210be9e3f015b85c267880769f11b61fd9e37573b4474cc233e48ed9,69915dee920a24c78e1ab12596e6477f6dad8c240ca4d4d2c1d47bcf2e01b60a,1.82,2.01,True,2022-06-14T16:45:00+00:00,2022-06-14T16:16:00+00:00
te:2116777,2022-06-14,2022,2022-06-14,descotte,huertas-del-pino-00123,2022-06-14T13:10:00+00:00,2022-06-12T23:49:00+00:00,1.0,2022-06-16T22:00:00+00:00,2022-06-14,1.85,1.98,0.5169712793733681,0.06791120561621009,0.6174257008623021,0.4107246526415058,1.1833333333333333,1.1833333333333333,0.6126904339814686,0.5859831710875478,4.180625817751249e-09,163,135,False,False,False,68f232f0fa96e492bbf017313c42697ac9d3cf81993bc388ec78124ef62b27e5,589ac0453760cd5df33450b7b1c3b85b06c212dad7d596a7e5920dfa2b0e90f1,1.88,1.94,True,2022-06-14T12:59:00+00:00,2022-06-14T12:59:00+00:00
te:2120233,2022-06-17,2022,2022-06-17,lajovic,kovalik,2022-06-17T17:20:00+00:00,2022-06-15T21:42:00+00:00,0.0,2022-06-19T22:00:00+00:00,2022-06-17,2.03,1.8,0.4699738903394256,-0.12024912815157689,0.5807906331395878,0.44626898665067233,0.8,0.8,0.7079626654786682,0.6083201592052924,2.3971041818171557e-10,130,120,False,False,False,e29522f447cea68b4e83c4c2113a9d9a88809a8e4235db0dbb0c21999a301336,ef54f8f02f125c2487c4743f010d9970d77393542b4c1128b21aac7a54784ece,1.88,1.96,True,2022-06-17T06:06:00+00:00,2022-06-17T13:01:00+00:00
te:2120269,2022-06-17,2022,2022-06-17,ficovich,hardt-79c77,2022-06-17T19:20:00+00:00,2022-06-15T21:43:00+00:00,1.0,2022-06-19T22:00:00+00:00,2022-06-17,2.1,1.75,0.4545454545454546,-0.18232155679395445,0.5869940170345901,0.533874104669617,0.0,0.0,0.6594421056205857,0.5729111713122299,1.9621332336683395e-11,144,155,False,False,False,0818e88f34b1f1c6921fd6be5117775415f3b103c9462f507c3517c0cc3b0139,e5fb6f3417111705c19cdc271aa755e04b890d27089792584b6a8e72af780d85,2.04,1.81,True,2022-06-17T18:26:00+00:00,2022-06-17T18:26:00+00:00
te:2120375,2022-06-17,2022,2022-06-17,ymer,arnaboldi,2022-06-17T09:10:00+00:00,2022-06-15T21:42:00+00:00,0.0,2022-06-19T22:00:00+00:00,2022-06-17,1.86,1.96,0.5130890052356021,0.052367985517315925,0.6093494314727589,0.3922104229674127,0.45,0.45,0.678267313747049,0.6165336655824015,1.3862799796982017e-11,155,168,False,False,False,678cbeb1c783eadd70317a90e9b8f7b2758267d0f8042248c49f7f9f17cba68d,6a3a23a4c3bf5de6c57a5db16cb5845cd9a30a971b67fad548fa3fb51cf89b74,1.89,1.94,True,2022-06-17T09:00:00+00:00,2022-06-17T09:00:00+00:00
te:2120625,2022-06-17,2022,2022-06-17,van-assche,sanchez-izquierdo-99add,2022-06-17T12:10:00+00:00,2022-06-16T18:57:00+00:00,1.0,2022-06-19T22:00:00+00:00,2022-06-17,1.88,1.93,0.5065616797900262,0.026248226074936154,0.6115768370939956,0.4276970032546404,1.65,0.25,0.5000000035696666,0.5266249558896985,6.242618139223888e-07,137,157,False,False,False,468f2fcc4e1a1863bf5d3373193b42a734f89778824b456809578dadf8ac2eb2,34aa414bafc7feb1d7176c423afe912c28e9e790c44843531d35047c5eb43d48,1.85,1.98,True,2022-06-17T11:06:00+00:00,2022-06-17T11:06:00+00:00
te:2120707,2022-06-17,2022,2022-06-17,coric,zeppieri,2022-06-17T11:20:00+00:00,2022-06-16T18:58:00+00:00,1.0,2022-06-19T22:00:00+00:00,2022-06-17,1.62,2.33,0.589873417721519,0.36344211833331663,0.5972342194931469,0.030512042397077388,1.1166666666666667,0.48333333333333334,0.6211936360548873,0.5528811611064947,2.8993578482516824e-08,36,136,False,False,False,b24fef628455b2fa71dbececc38419670b2d2c6b7ddccd17d66b35d8b002efd5,4e630731c11e00c8b6ce56bbb0c2fa147820ac62d4e8ca5bfb4acc293577dc48,1.61,2.36,True,2022-06-17T09:03:00+00:00,2022-06-17T07:39:00+00:00
te:2121907,2022-06-21,2022,2022-06-21,nikles,kirkin,2022-06-21T10:05:00+00:00,2022-06-19T17:46:00+00:00,1.0,2022-06-23T22:00:00+00:00,2022-06-21,2.06,1.77,0.46214099216710186,-0.15172643621575183,0.613454465647671,0.6135828038637808,0.5666666666666667,0.5666666666666667,0.5171209470108699,0.5000000008259139,0.007181839094531073,154,162,False,False,False,f55f8120c64ed46ed2f881e82655f264bb5ef1c32cfdfbbcb3342fc27746d5e7,ff888cd8df7c69268555fa16c317010b12336f771b9a01f61d45615c0ffc36aa,1.88,1.93,True,2022-06-21T08:51:00+00:00,2022-06-21T08:51:00+00:00
te:2122087,2022-06-21,2022,2022-06-21,navone,aboian-f7ddc,2022-06-21T20:00:00+00:00,2022-06-19T17:44:00+00:00,1.0,2022-06-23T22:00:00+00:00,2022-06-21,1.97,1.83,0.48157894736842105,-0.07371757589656758,0.6127236833585437,0.5324932142221063,1.2333333333333334,0.1,0.5213271807101052,0.5000000046144047,0.000859451302505157,146,195,False,False,False,1c822e0dcff41b814e31f26bee942f80656770d98483741d73465535cb998f64,c5ad930471449b6cd64466e4275ef815e2612961b3dd0f0525da3c2a79d574a7,2.03,1.81,True,2022-06-21T18:49:00+00:00,2022-06-21T18:07:00+00:00
te:2124447,2022-06-21,2022,2022-06-21,mochizuki-f2487,paulson-c9bf3,2022-06-21T08:40:00+00:00,2022-06-20T21:11:00+00:00,0.0,2022-06-23T22:00:00+00:00,2022-06-21,2.01,1.81,0.47382198952879584,-0.10480787679324989,0.6199594462594263,0.5941839760379699,0.7833333333333333,0.7833333333333333,0.5946764309778814,0.6119107200848257,7.959305436955333e-11,157,200,False,False,False,8d589f877d92d73cbda1b91b3fad6d9d28fb69b46e5d6325dd6ae2e8ee8bf869,dab3a03893f8be9018806a82f891fdcb0462a08f0697afa08856477f46f135f9,1.88,1.94,True,2022-06-21T07:16:00+00:00,2022-06-21T08:09:00+00:00
te:2124451,2022-06-21,2022,2022-06-21,galarneau-32e1f,arnaboldi-d7371,2022-06-21T10:30:00+00:00,2022-06-20T21:16:00+00:00,0.0,2022-06-23T22:00:00+00:00,2022-06-21,2.07,1.76,0.4595300261096606,-0.1622347982272172,0.596635614744292,0.5537010295151299,0.43333333333333335,0.43333333333333335,0.5636089341873709,0.5000000000000001,0.005408569747661171,154,74,False,False,False,49be21c0af644de523098d90eadd99774e8f468c9ec23bf63f78cea487c24deb,9da9d6c14dabe1d874a10a1523ff452fa78864de48ea372c7f9c7100c5a7100f,1.97,1.85,True,2022-06-21T07:53:00+00:00,2022-06-21T07:53:00+00:00
te:2125147,2022-06-21,2022,2022-06-21,galarza-76083,leite-f2563,2022-06-21T13:10:00+00:00,2022-06-21T00:26:00+00:00,1.0,2022-06-23T22:00:00+00:00,2022-06-21,1.9,1.9,0.5,0.0,0.614737876248803,0.4672720159354522,0.0,0.0,0.5000000000214292,0.5030659795520761,0.012983809066624025,76,161,False,False,False,1930a3c1205e7f2c28821c0739515e6fb26b864f17f793f5ba315d8598564166,9e1ca02da99c0348ace2ce3b91b98dd6d7c0a7eb7b409cc290937d41924b6afe,1.88,1.93,True,2022-06-21T00:38:00+00:00,2022-06-21T00:38:00+00:00
te:2126381,2022-06-24,2022,2022-06-24,uchida-ea757,geerts,2022-06-24T09:10:00+00:00,2022-06-23T21:32:00+00:00,1.0,2022-06-26T22:00:00+00:00,2022-06-24,1.97,1.85,0.48429319371727747,-0.06284790365966375,0.5798357140755074,0.38494692372431594,0.2833333333333333,0.2833333333333333,0.6076386195730858,0.7082266299792036,2.9156224656823326e-10,174,194,False,False,False,b3766914c9e7af42b99bb830e541b6a148bfd3d0b6e9839ba695bd9edcb66df1,a41b3abeb85b1a55258f0591c1084f32b595499ef1bd78c9eb264694bc0ab378,2.02,1.83,True,2022-06-24T08:40:00+00:00,2022-06-24T08:40:00+00:00
te:2126459,2022-06-24,2022,2022-06-24,coppejans,michalski-8906f,2022-06-24T11:35:00+00:00,2022-06-22T20:19:00+00:00,1.0,2022-06-26T22:00:00+00:00,2022-06-24,1.92,1.9,0.4973821989528796,-0.010471299867295303,0.6136443398183148,0.47312846440210443,0.0,0.0,0.51584700259606,0.5000000000601872,0.016331785234202298,124,197,False,False,False,a098d9ed48ed8973f4db80f2788cafc3f71e8848ad145588011e5deb9599dbea,61ffc57f730f3e0939227105c5f8dd02d062c805afcc4b7cabec3687cddcdf2e,1.86,1.98,True,2022-06-24T07:37:00+00:00,2022-06-24T09:56:00+00:00
te:2127045,2022-06-24,2022,2022-06-24,jarry,jacquet-d2059,2022-06-24T11:45:00+00:00,2022-06-23T21:32:00+00:00,1.0,2022-06-26T22:00:00+00:00,2022-06-24,2.13,1.73,0.4481865284974093,-0.20800057121164622,0.5794774741728683,0.528629314966186,0.95,0.95,0.8408272488862397,0.7185859529608032,3.476339216490487e-10,170,106,False,False,False,2235e171390aca27e4391f2bea4bdf85c5a4a0203429cec5e169ee38f08da43a,fa76321a05fa8853037e1991032fdc42a4803e7aca1f89c2b626ac11c3e5b879,2.08,1.78,True,2022-06-24T10:10:00+00:00,2022-06-24T10:10:00+00:00
te:2127075,2022-06-24,2022,2022-06-24,marozsan,gigante-f720d,2022-06-24T12:35:00+00:00,2022-06-23T21:34:00+00:00,0.0,2022-06-26T22:00:00+00:00,2022-06-24,1.96,1.86,0.486910994764398,-0.0523679855173157,0.6143483450750069,0.5179955764129436,1.0833333333333333,0.48333333333333334,0.5000000003737004,0.509771162267561,0.005356302762039494,174,101,False,False,False,6567a67b82b18c0c1b99cdbb01377ffa5682a38a6c7ed989294180fd75a93d24,fc728760a823995205dbd738edd82039766bee87891c60654a8c5040a28555cd,1.83,2.01,True,2022-06-24T12:25:00+00:00,2022-06-24T12:25:00+00:00
te:2128237,2022-06-28,2022,2022-06-28,jianu-c67fb,fanselow-fef29,2022-06-28T08:40:00+00:00,2022-06-26T21:31:00+00:00,0.0,2022-06-30T22:00:00+00:00,2022-06-28,1.92,1.88,0.49473684210526314,-0.02105340919783241,0.6077386632765255,0.45887007564707216,0.4166666666666667,0.4166666666666667,0.5395127875761122,0.5000000000000001,0.005191131800030377,165,162,False,False,False,fe9298e8e7294de732cb321139343fc641a124ec409fecfa747dc3a8c9201a3d,c6980284f5d9bfb03e2187ec6775c1228d475f03c049654476ec10ef9c3cdd5e,1.93,1.89,True,2022-06-28T05:08:00+00:00,2022-06-28T05:08:00+00:00
te:2128261,2022-06-28,2022,2022-06-28,haase,stricker,2022-06-28T09:05:00+00:00,2022-06-26T10:33:00+00:00,0.0,2022-06-30T22:00:00+00:00,2022-06-28,1.95,1.83,0.48412698412698413,-0.06351340572232586,0.6048879885438404,0.48938740570081696,0.5333333333333333,0.5333333333333333,0.6521378354493299,0.732319518333152,6.290444276579876e-10,122,129,False,False,False,e6b7f534625cad835656e8a40094e28fe8e035f34b55463b62e206f277bb4f1d,265db53a3d5ae4c94c22efb00ed8c5fbcc4465477df4949daaffcf4381616353,1.88,1.94,True,2022-06-28T07:38:00+00:00,2022-06-28T07:38:00+00:00
te:2130215,2022-06-28,2022,2022-06-28,tabur,chepelev-1d3cb,2022-06-28T15:50:00+00:00,2022-06-28T05:48:00+00:00,0.0,2022-06-30T22:00:00+00:00,2022-06-28,1.93,1.88,0.4934383202099738,-0.026248226074936154,0.6138718773540304,0.4898652252996523,0.0,0.0,0.5141706712324772,0.5000000001107829,0.029542443098727694,151,286,False,False,False,691d67cacc5be3245047a3d26e3c670b3f19158894ad51ba50463a0093ca0794,56b09c66ca8bd1340d285c86271712554d913644390fbfde8829733ce6596fb3,1.91,1.91,True,2022-06-28T15:10:00+00:00,2022-06-28T15:10:00+00:00
te:2131227,2022-07-01,2022,2022-07-01,fils,maestrelli,2022-07-01T08:10:00+00:00,2022-06-29T00:35:00+00:00,0.0,2022-07-03T22:00:00+00:00,2022-07-01,1.9,1.93,0.5039164490861618,0.015666116744399265,0.6191047697088121,0.4700840468147258,0.26666666666666666,0.26666666666666666,0.6145109337804678,0.6515443827919444,3.3524572007337383e-12,153,142,False,False,False,b3b090bc9a04f202dc4d03496949b38bd45fcca4e5b4ac30ffc073c889abf0e1,990362102550d95ad63d5573a78f2cab81c3c5c10a6caefdc885b85e19bfd7b2,1.88,1.94,True,2022-07-01T04:39:00+00:00,2022-07-01T04:39:00+00:00
te:2131295,2022-07-01,2022,2022-07-01,geerts,tabur,2022-07-01T09:40:00+00:00,2022-06-29T00:35:00+00:00,0.0,2022-07-03T22:00:00+00:00,2022-07-01,1.95,1.88,0.4908616187989557,-0.036557595733797334,0.5965529104865572,0.42768018463528984,0.9666666666666667,0.5,0.5637551049561513,0.5000000000000001,0.007232080503490793,197,153,False,False,False,3ded6724c5ad68d4f860a27430d10783b9ab3026fcfd17470cb4bb6170ded4ad,3d560130b7f9425c427a866e0fd905b1e9c06147056787251f748c545e1560b7,1.93,1.89,True,2022-07-01T09:21:00+00:00,2022-07-01T09:21:00+00:00
te:2131685,2022-07-01,2022,2022-07-01,celikbilek,barroso-campos,2022-07-01T12:10:00+00:00,2022-06-29T21:32:00+00:00,1.0,2022-07-03T22:00:00+00:00,2022-07-01,1.83,2.0,0.5221932114882506,0.08883121370661551,0.6249040752532087,0.4215851520716031,0.0,0.0,0.6553084490123191,0.63108179570478,2.631399265151657e-09,130,156,False,False,False,f41e286b7282fc139507b868c616d1da1ab2cbfb7a69ca73d2d51ea7997f05fb,70c1286457744de6e9f6e5676cd501f61083071bd005766d900eecc8dbcc580d,1.86,1.97,True,2022-07-01T11:04:00+00:00,2022-07-01T11:04:00+00:00
te:2131715,2022-07-01,2022,2022-07-01,kovalik,haase,2022-07-01T11:10:00+00:00,2022-06-29T20:06:00+00:00,0.0,2022-07-03T22:00:00+00:00,2022-07-01,1.98,1.85,0.4830287206266319,-0.06791120561621031,0.6106839429366837,0.5180992528628786,0.0,0.0,0.7434553172868381,0.6664953749177576,1.0657058568952493e-11,130,122,False,False,False,780bc75b8c4ce63bc4aca2105b518b29769d04cc49a8ca88a7d6dccbbe9f6ca9,189396dbf4186660af5ad168b028d49b6e263ca29dd129455e067afa49f8f438,1.92,1.92,True,2022-07-01T09:03:00+00:00,2022-07-01T09:03:00+00:00
te:2132721,2022-07-01,2022,2022-07-01,hassan-1d510,fils,2022-07-01T13:25:00+00:00,2022-07-01T11:07:00+00:00,1.0,2022-07-03T22:00:00+00:00,2022-07-01,1.94,1.89,0.49347258485639683,-0.02611114400368588,0.6160706491820583,0.4990142377754243,1.0333333333333334,0.03333333333333333,0.6416718906080735,0.699918045625997,5.2271086070643236e-09,138,156,False,False,False,5ce6073a47f00317dee5881b4ac76f5eb9c314d098bd0b5f6e52b2d5e54d37f1,69c551b7c9f999486dd105a584df4a5b9faf461efd457e75db0acefa4d70ba5c,1.93,1.88,True,2022-07-01T11:11:00+00:00,2022-07-01T11:11:00+00:00
te:2133153,2022-07-05,2022,2022-07-05,serdarusic-5f7cc,ajdukovic,2022-07-05T11:00:00+00:00,2022-07-03T21:24:00+00:00,,,,1.81,2.0,0.5249343832020998,0.09982033528221135,0.6351835345443245,0.45469925987671234,0.31666666666666665,0.31666666666666665,0.6775856120270033,0.6741707424423432,6.4182881232e-11,172,149,False,False,False,d3d531c00ea545b00a9299460bf4c57a89f85a8b0b17e8af56c01fd29d24327d,a24683ad1c9e498abcfde845e8f7a9c834750f4e79d3f18917e6f9ce902d6804,1.8,2.04,True,2022-07-05T07:19:00+00:00,2022-07-05T07:19:00+00:00
te:2133505,2022-07-05,2022,2022-07-05,escoffier,borges-8d823,2022-07-05T15:05:00+00:00,2022-07-03T21:18:00+00:00,1.0,2022-07-07T22:00:00+00:00,2022-07-05,1.77,2.07,0.5390625,0.15656906069153992,0.6124070248380683,0.300872318107244,0.38333333333333336,0.38333333333333336,0.6379186211754618,0.7015971020832363,1.2609658206486074e-08,221,186,False,False,False,c688b13ea03ed5a5c5a3d30c162125e0b30922af8edcc9cb51996da420ca4647,34a7c0a9b702db842a766e0d818357fa576668c363d6d1bb9b070e8cb0f49fe8,1.89,1.93,True,2022-07-05T14:18:00+00:00,2022-07-05T14:18:00+00:00
te:2133517,2022-07-05,2022,2022-07-05,nishioka,kuznetsov-edb42,2022-07-05T11:25:00+00:00,2022-07-03T21:18:00+00:00,1.0,2022-07-07T22:00:00+00:00,2022-07-05,1.9,1.92,0.5026178010471204,0.010471299867295303,0.6242379593428616,0.4971042684592594,0.45,0.45,0.6706831103139784,0.6370820148864043,2.3891970346578972e-09,138,124,False,False,False,bcc7c3bdc5ed9f2c6c512cfb53e5584e20346e5479e178007591057499eb5067,939316d67a4b01d45ae9560ad4b102beec224e0020a95bb71700ef3b1114d582,1.86,1.95,True,2022-07-05T11:20:00+00:00,2022-07-05T11:09:00+00:00
te:2134649,2022-07-05,2022,2022-07-05,dutra-da-silva,harris-5a94c,2022-07-05T08:10:00+00:00,2022-07-05T04:52:00+00:00,1.0,2022-07-07T22:00:00+00:00,2022-07-05,1.92,1.88,0.49473684210526314,-0.02105340919783241,0.6014405762022639,0.43252454124844825,0.2833333333333333,0.2833333333333333,0.6742152627121569,0.602756417538672,8.215240154818559e-10,191,280,False,False,False,4f304829a6aa1e55166fc3f0b25a7c71dbe979052937a29ef2611bf496db4a09,b687271a75204446ba8fee1b083058e6cd2a22cd2488eda571fe6cc3aef85b81,1.91,1.89,True,2022-07-05T07:44:00+00:00,2022-07-05T07:44:00+00:00
te:2134653,2022-07-05,2022,2022-07-05,passaro-5f6f1,de-loore,2022-07-05T15:20:00+00:00,2022-07-04T21:39:00+00:00,1.0,2022-07-07T22:00:00+00:00,2022-07-05,2.03,1.79,0.46858638743455505,-0.12582017320103203,0.5938270126651244,0.5056290796439855,1.85,1.2166666666666666,0.568404840590027,0.5000000000000001,0.019483299935722467,177,108,False,False,False,1169e7f949541e0676f836116b62f0df2b447b45b50caaf4e23e61a7cdfe685b,c32418ca5c7441cde81a95a80d8f2994899afa18ba1f75d69f893ed805446b92,2.06,1.78,True,2022-07-05T14:39:00+00:00,2022-07-05T14:39:00+00:00
te:2134871,2022-07-05,2022,2022-07-05,cecchinato,kovalik,2022-07-05T12:35:00+00:00,2022-07-04T21:41:00+00:00,1.0,2022-07-07T22:00:00+00:00,2022-07-05,1.82,1.99,0.5223097112860893,0.08929813764769719,0.6511631706946306,0.5348578443170815,1.9,0.26666666666666666,0.7322401398262095,0.723118526420833,1.14604561951559e-09,135,137,False,False,False,fe2c66247394312c5e87a544864b85ad0de132f3887dbd42639193eff9d98c2a,a5cbc8d48bd041388a78f90245052dc10d8ef658450beb1ddef9075d16a31542,1.81,2.02,True,2022-07-05T11:03:00+00:00,2022-07-05T11:03:00+00:00
te:2135517,2022-07-05,2022,2022-07-05,huertas-del-pino-3803d,oliveira-43505,2022-07-05T17:00:00+00:00,2022-07-05T06:48:00+00:00,0.0,2022-07-07T22:00:00+00:00,2022-07-05,1.88,1.93,0.5065616797900262,0.026248226074936154,0.6145741037177577,0.44033234057025633,0.0,0.0,0.5000000000864522,0.5067516792286652,0.016414134919999934,128,118,False,False,False,d640788cf14ff5d549af145a1f355606e52312e2adac0801c63e0550fd47ebcb,620de9f0d4c3699216082f84006031dc613ee5477db22585136421549bf48cd8,1.85,1.96,True,2022-07-05T16:04:00+00:00,2022-07-05T16:04:00+00:00
te:2135711,2022-07-08,2022,2022-07-08,rodriguez-taverna,dutra-da-silva,2022-07-08T09:05:00+00:00,2022-07-05T21:59:00+00:00,1.0,2022-07-10T22:00:00+00:00,2022-07-08,1.82,1.99,0.5223097112860893,0.08929813764769719,0.6147338496163571,0.3779568764896472,1.55,0.9833333333333333,0.6907927550401228,0.6333672848502852,2.6613548198550774e-08,231,191,False,False,False,5a9b7a532b577705ad49a51a03e9a405c4cc89853f5b2850b578ea0b0ca33d1c,7514e17f29805985e24f6789373396d7180210adc9e72d02b75a0b207ab29d62,1.8,2.03,True,2022-07-07T09:36:00+00:00,2022-07-07T09:36:00+00:00
te:2136137,2022-07-08,2022,2022-07-08,duckworth,mchugh,2022-07-08T10:55:00+00:00,2022-07-07T06:36:00+00:00,0.0,2022-07-10T22:00:00+00:00,2022-07-08,1.79,2.04,0.5326370757180157,0.13073418800346137,0.6037754895327089,0.2904872385338533,1.0666666666666667,0.43333333333333335,0.7556771166233793,0.6688984071842646,6.363076732185391e-12,113,173,False,False,False,3c0e4a6d7d3254141af39fb124a312028598cede072d47de0def62827c520ba0,46e867d627d84723c843a985c467786cc0f4181ffc48ccbc591669a0329be181,2.01,1.83,True,2022-07-08T10:24:00+00:00,2022-07-08T10:24:00+00:00
te:2136189,2022-07-08,2022,2022-07-08,o-connell-020b8,uchida-ea757,2022-07-08T12:10:00+00:00,2022-07-07T06:36:00+00:00,0.0,2022-07-10T22:00:00+00:00,2022-07-08,1.98,1.84,0.48167539267015713,-0.07333127308554936,0.5767076837277646,0.38260380183659987,0.7166666666666667,0.7166666666666667,0.7927331965064331,0.6767636162335364,5.714873019257993e-14,135,176,False,False,False,c24e06f390ab9505da9d10a8b60d8a124a19309a6af860a94d731ed2863f9ef2,4130e068218713ea5701165757f8061644167e58ef497a278fd3c7477c6bf361,2.08,1.78,True,2022-07-08T11:17:00+00:00,2022-07-08T07:56:00+00:00
te:2136325,2022-07-08,2022,2022-07-08,kicker,cobolli-d6311,2022-07-08T15:10:00+00:00,2022-07-07T06:36:00+00:00,0.0,2022-07-10T22:00:00+00:00,2022-07-08,1.98,1.83,0.48031496062992135,-0.07878087785311394,0.6053216438751563,0.5064696924840699,0.0,0.0,0.5000000000000001,0.5458230704797591,0.0028850415770687032,165,199,False,False,False,aba3935dac1d0155234fb7c4e61507064042070233af5dcbb5955313927db946,801b51740938be06305be070a165bc9d15400363080b03e25f640f5ca45ebe54,1.93,1.9,True,2022-07-08T06:32:00+00:00,2022-07-08T12:19:00+00:00
te:2136497,2022-07-08,2022,2022-07-08,nishioka,grenier-baaf0,2022-07-08T12:55:00+00:00,2022-07-07T22:55:00+00:00,,,,1.88,1.94,0.5078534031413613,0.031416196233379066,0.6196331324826765,0.45657515704995844,0.7666666666666667,0.06666666666666667,0.6590435244287699,0.6203470630610491,9.915039328456388e-08,140,180,False,False,False,64c32edc478f4b4c345a4d9da512980a1a660df53dd39ca389a4e5143871b3e1,ea5abf4ba418dba17e22c1a2cde14e074614a78d4e7830e51b55e098c4413478,2.0,1.84,True,2022-07-08T10:01:00+00:00,2022-07-08T10:01:00+00:00
te:2139365,2022-07-12,2022,2022-07-12,andreev-8a7ee,masur-d87d6,2022-07-12T08:40:00+00:00,2022-07-11T21:56:00+00:00,0.0,2022-07-14T22:00:00+00:00,2022-07-12,2.06,1.77,0.46214099216710186,-0.15172643621575183,0.5971615288662779,0.5453784150736372,1.65,0.48333333333333334,0.5993296336341838,0.6765437433826471,1.8833154757924575e-09,120,154,False,False,False,a8e9a2abe63afa9a99d15e153b6f54851699aa6aaa91e60c7a3990d0c65e28e6,512f0634f4caed24eb1d657cdb94705a899466c13f554d4b386dad422a81b240,1.94,1.87,True,2022-07-12T07:06:00+00:00,2022-07-12T07:45:00+00:00
te:2141439,2022-07-15,2022,2022-07-15,cecchinato,horansky,2022-07-15T15:15:00+00:00,2022-07-13T19:29:00+00:00,0.0,2022-07-17T22:00:00+00:00,2022-07-15,1.91,1.89,0.4973684210526315,-0.010526412986987747,0.6331957423288969,0.5564776689927895,1.2833333333333334,0.6166666666666667,0.7638637724671044,0.704566447479993,3.0575514342601195e-11,141,145,False,False,False,8567783a6c137d77d6edef62170c6c6965ac4f8266e7fdca85459bac78e82a73,a70fabd2d4e80f9a17ac71c207746001e66528143d742395914cb17ca5212a4e,1.97,1.87,True,2022-07-15T14:25:00+00:00,2022-07-15T14:25:00+00:00
te:2141571,2022-07-15,2022,2022-07-15,ofner-44428,gombos,2022-07-15T11:10:00+00:00,2022-07-13T22:21:00+00:00,1.0,2022-07-17T22:00:00+00:00,2022-07-15,1.68,2.19,0.5658914728682171,0.2651077504132419,0.6600781015775844,0.39853453262932564,1.7333333333333334,0.5333333333333333,0.7432520220280588,0.7617821971114289,6.976999533669925e-09,87,158,False,False,False,446bbf48b7b8ebe463e23e718a61251dca06f59d3301a3ce48593ae54eded1dc,eeb00f2c2d7aacc75303d9213d5e7b2a6b21badea7941d4f5fc31b0a629de2f4,1.69,2.22,True,2022-07-15T07:36:00+00:00,2022-07-15T10:54:00+00:00
te:2141577,2022-07-15,2022,2022-07-15,wu-9762d,wolf-e839f,2022-07-15T15:10:00+00:00,2022-07-13T22:51:00+00:00,0.0,2022-07-17T22:00:00+00:00,2022-07-15,1.81,2.02,0.5274151436031332,0.10977066613537934,0.6172434739333583,0.36809380436407907,0.0,0.0,0.6397074667791494,0.6946392679620457,7.0565764898056216e-09,48,164,False,False,False,fedaee4cf1bd74d869bd270edd021ec352103ee80c61b58c0f66e19d5a6d8ca8,2813d5680df5389546e625f2dddcfdac66ea3aee2c25e623cb3d6c51945178f6,1.68,2.23,True,2022-07-15T14:42:00+00:00,2022-07-15T14:42:00+00:00
te:2141861,2022-07-15,2022,2022-07-15,uchiyama,nishioka,2022-07-15T15:10:00+00:00,2022-07-14T21:30:00+00:00,1.0,2022-07-17T22:00:00+00:00,2022-07-15,2.13,1.73,0.4481865284974093,-0.20800057121164622,0.5776159740197571,0.5209948998638883,0.6666666666666666,0.6666666666666666,0.6360549229978112,0.7437398049889034,3.601220843751918e-08,101,146,False,False,False,81a39e74040317443ba9604d0ac71a866bfbfbeae31c3bca347378b7bd7fa886,11d952665929b730d37fcf68588160be6215168b3ac1aedcb2596fc6e69adfbd,2.09,1.78,True,2022-07-15T11:54:00+00:00,2022-07-15T13:30:00+00:00
te:2141995,2022-07-15,2022,2022-07-15,cachin,kym,2022-07-15T19:20:00+00:00,2022-07-14T21:32:00+00:00,1.0,2022-07-17T22:00:00+00:00,2022-07-15,2.21,1.68,0.4318766066838046,-0.2741987221144939,0.5479384782315079,0.4665434560819378,2.2333333333333334,0.5666666666666667,0.7963916194930935,0.6600208829087547,3.5270064646653054e-11,156,100,False,False,False,8703c7d176a07f599de99994da1ff353120205f15cb5dc355948c356b0af6d25,2f9944c95ef962eda7a73194023224a5f59ad7e60342a594f146b5708e9f76af,2.04,1.81,True,2022-07-15T19:06:00+00:00,2022-07-15T19:06:00+00:00
te:2142001,2022-07-15,2022,2022-07-15,shelton-38989,kovacevic-a2706,2022-07-15T16:35:00+00:00,2022-07-15T00:59:00+00:00,1.0,2022-07-17T22:00:00+00:00,2022-07-15,1.8,2.04,0.53125,0.12516314295400602,0.6262176471660614,0.3908611631737573,1.3833333333333333,0.55,0.6768760598940574,0.6447702156810837,3.433492934412641e-10,64,139,False,False,False,931d933e7dc48ac2fe2eb4a5650d75b4116986895f16ab4a8e0f9b3be4764ebd,fbd31b7ffea118d86ebb7bcbb93a4b8e9b7da20bd6703527bcb0b7786ea221e9,1.76,2.1,True,2022-07-15T10:04:00+00:00,2022-07-15T13:39:00+00:00
te:2143009,2022-07-19,2022,2022-07-19,melzer-a5987,moraing,2022-07-19T09:05:00+00:00,2022-07-18T02:55:00+00:00,1.0,2022-07-21T22:00:00+00:00,2022-07-19,1.8,2.02,0.5287958115183247,0.11531084651099463,0.6205227577006542,0.37645680640526735,0.7,0.7,0.6733395180114514,0.631081243764165,1.8818297364830983e-08,110,149,False,False,False,b0b6ad7b23af55f4b4cf62f53f03f701021a5b78a7a6a77de77b2f22688baba6,792eee0a11d15cac6fddcff4a907591b6990dba97bf334117b7a435bea327366,1.79,2.05,True,2022-07-19T05:38:00+00:00,2022-07-19T05:38:00+00:00
te:2143059,2022-07-19,2022,2022-07-19,blancaneaux,simon-04c62,2022-07-19T10:35:00+00:00,2022-07-17T20:43:00+00:00,1.0,2022-07-21T22:00:00+00:00,2022-07-19,2.08,1.75,0.4569190600522194,-0.17275210577780367,0.6002563050264829,0.5792852656590985,1.1333333333333333,0.5666666666666667,0.556856357446616,0.5000000000000001,0.003962458272658689,194,124,False,False,False,d2427f2492fda10768013d1027c7827cd6dfa5aaf3fe20d7e1a466e5ce427591,997687394aeb4d1e97f6b57133f1a7358867d104b16cf4af268abf839e955614,1.92,1.9,True,2022-07-19T08:19:00+00:00,2022-07-19T08:19:00+00:00
te:2143751,2022-07-19,2022,2022-07-19,uchiyama,ramanathan-8ace3,2022-07-18T22:50:00+00:00,2022-07-18T00:07:00+00:00,1.0,2022-07-21T22:00:00+00:00,2022-07-19,1.65,2.24,0.5758354755784061,0.30570057795445893,0.6288943977865593,0.22177611141015374,1.1333333333333333,1.1333333333333333,0.6787607342229292,0.652018554404268,2.467448467768918e-11,108,170,False,False,False,e39a28c4b5827df89fa1023e1955cd5820d271575be0f3d54b24751134d4601e,c604c2b580bb89783eea2bfb1cf18968714bc2754830668fda44e23dd6b37275,1.66,2.25,True,2022-07-18T20:33:00+00:00,2022-07-18T21:48:00+00:00
te:2145899,2022-07-19,2022,2022-07-19,ofner-44428,torres-dc0bf,2022-07-19T12:20:00+00:00,2022-07-18T20:09:00+00:00,1.0,2022-07-21T22:00:00+00:00,2022-07-19,1.95,1.85,0.48684210526315796,-0.0526437334854217,0.5910537920162763,0.42096713881864756,1.2,1.2,0.622951378832523,0.5458653209610052,1.3821513988876433e-07,90,192,False,False,False,ac4882c872fdcbaefe3cf25d572d9b3f66313ca16505230c7d2b56dfc6b9a5c3,2159d9ae4bb2916359bffbce0709d3d3c262d867d54e616e5749cb87212faa59,1.87,1.95,True,2022-07-19T09:35:00+00:00,2022-07-19T09:35:00+00:00
te:2146201,2022-07-19,2022,2022-07-19,geerts,montes-de-la-torre,2022-07-19T18:00:00+00:00,2022-07-19T14:10:00+00:00,0.0,2022-07-21T22:00:00+00:00,2022-07-19,1.83,1.98,0.5196850393700787,0.07878087785311416,0.6197062948631689,0.40952090754810566,0.0,0.0,0.6736515228333039,0.6297664049395066,2.7122150136893453e-08,202,87,False,False,False,2e00498f3555543e6436ca702dd6c45d45d5c24c9e30c2efab7300eba9f83874,f2593197414f196658bbf19eea2a498827834b8a03c883f27f2a6d4e304e099d,1.82,1.99,True,2022-07-19T17:40:00+00:00,2022-07-19T17:40:00+00:00
te:2146213,2022-07-19,2022,2022-07-19,mchugh,gojo,2022-07-19T20:30:00+00:00,2022-07-19T11:50:00+00:00,0.0,2022-07-21T22:00:00+00:00,2022-07-19,1.78,2.05,0.5352480417754569,0.14122642884632308,0.6439672076707769,0.45139853630150373,0.6,0.06666666666666667,0.7271897489081711,0.7826077482206139,3.701576267722828e-10,180,152,False,False,False,ba7a7abff66222826def272354a7aba1ff61736558cd60a03ce5e27f4df23844,a9f4be50453dc74e098a32611071a490495468bd47bdee630600757a9ef688fc,1.74,2.11,True,2022-07-19T19:56:00+00:00,2022-07-19T19:56:00+00:00
te:2146923,2022-07-22,2022,2022-07-22,yevseyev,decamps-8626a,2022-07-22T07:50:00+00:00,2022-07-20T21:52:00+00:00,1.0,2022-07-24T22:00:00+00:00,2022-07-22,1.95,1.87,0.4895287958115184,-0.041890941709159774,0.6123854086309042,0.49924125393622065,0.36666666666666664,0.36666666666666664,0.5000000000000001,0.5230162819747927,0.007034858124501331,157,203,False,False,False,fdefb9d23000066c32f925c58a32b499d32d659809410d6c67e87d97d4ffb384,5292cf8d365bc50181662717b55f7d836a25a4398412d74df11761244e756820,1.93,1.91,True,2022-07-22T04:08:00+00:00,2022-07-22T04:08:00+00:00
te:2147015,2022-07-22,2022,2022-07-22,muller-c81bc,agamenone,2022-07-22T09:40:00+00:00,2022-07-20T21:59:00+00:00,1.0,2022-07-24T22:00:00+00:00,2022-07-22,1.94,1.87,0.49081364829396334,-0.036749542208741146,0.6211691896284646,0.5312633393196846,0.7666666666666667,0.16666666666666666,0.6060605514697547,0.6266262919272314,1.981161111552776e-07,161,158,False,False,False,47ac3e7e80769a554fa67938024ebb28661aa18411aed9c138e06b0b8d9a335d,908afb86ab94f09aa2e7f5de3da779caaa6bc18e584de74599ee23031f723afb,1.85,1.99,True,2022-07-22T06:06:00+00:00,2022-07-22T09:21:00+00:00
te:2147427,2022-07-22,2022,2022-07-22,mayot,sels,2022-07-22T13:50:00+00:00,2022-07-22T00:59:00+00:00,1.0,2022-07-24T22:00:00+00:00,2022-07-22,1.79,2.05,0.5338541666666666,0.13562417329765303,0.6156075126029475,0.3353212991080841,1.2833333333333334,0.6833333333333333,0.5802016703405264,0.6119310541977526,3.261034575707811e-08,180,176,False,False,False,2d72a9faed0c148f1725022e03b1785a7a3b0c64dae1dc58be9ea7cf5258c529,ab78a1cb66b3a5018c37d4c5c69883d3359d3108e058a6144e030642de733ff0,1.8,2.06,True,2022-07-22T11:57:00+00:00,2022-07-22T10:31:00+00:00
te:2147559,2022-07-22,2022,2022-07-22,kovacevic-a2706,koepfer,2022-07-22T19:30:00+00:00,2022-07-22T00:55:00+00:00,1.0,2022-07-24T22:00:00+00:00,2022-07-22,1.71,2.16,0.5581395348837209,0.23361485118150513,0.6191679729760802,0.2524033425662354,1.2166666666666666,0.6833333333333333,0.6259669730774822,0.6692979616333423,5.216504167515623e-08,140,89,False,False,False,a46e6b147b0a1005349994ca4368967b3229340408dd6c0bc2edbe47fd940acb,c511ca1e5642dc845d3c85b365630298248600d4cc3909516abda7ce67809752,1.72,2.18,True,2022-07-22T02:21:00+00:00,2022-07-22T19:13:00+00:00
te:2147639,2022-07-22,2022,2022-07-22,barrere-ea847,janvier,2022-07-22T17:55:00+00:00,2022-07-22T00:39:00+00:00,0.0,2022-07-24T22:00:00+00:00,2022-07-22,1.8,2.03,0.5300261096605744,0.12024912815157689,0.6029018379874177,0.2973217563155663,0.6666666666666666,0.03333333333333333,0.7314738757923405,0.6494376309933461,1.2700810403387663e-09,125,133,False,False,False,115319b5454db88416afefaddacd4527260a63576cadbb9fc2fce03d73f9fb93,91973be504462d13b0a85748390d295cd72f6ce334d572eac9d46dff3fb23082,1.7,2.19,True,2022-07-22T14:25:00+00:00,2022-07-22T14:41:00+00:00
te:2147655,2022-07-22,2022,2022-07-22,shelton-38989,purcell-e05cf,2022-07-22T20:55:00+00:00,2022-07-22T00:55:00+00:00,1.0,2022-07-24T22:00:00+00:00,2022-07-22,1.66,2.25,0.5754475703324808,0.304112613847877,0.6373290154496363,0.2596773715440762,1.3,0.7666666666666667,0.7028994621512589,0.6818947696683124,3.0839225062528897e-09,68,141,False,False,False,c42299bcb66b92aa0026af6819cee9e52e4dd1557d63e10dc0ba871600531570,01d71ea8a68064f1bfd8dd1ca7d392369b4ff4767c51341e531fc2666662a051,1.63,2.32,True,2022-07-22T19:43:00+00:00,2022-07-22T19:43:00+00:00
te:2147703,2022-07-22,2022,2022-07-22,lestienne,escoffier,2022-07-22T19:25:00+00:00,2022-07-22T00:39:00+00:00,0.0,2022-07-24T22:00:00+00:00,2022-07-22,1.85,1.98,0.5169712793733681,0.06791120561621009,0.6022551732478169,0.34695936485612133,0.8166666666666667,0.25,0.5527719310037486,0.5000000000000001,0.002726240368125951,162,219,False,False,False,7a5f2965b846b97e954f559486bff60d0aa9f0b6bae007969989bf3b7b7fe861,4c999f821045968a1aff46a3d72295ea06228c7cd14ef2bacc7712ba460ad73c,1.93,1.9,True,2022-07-22T19:19:00+00:00,2022-07-22T19:19:00+00:00
te:2149413,2022-07-26,2022,2022-07-26,arnaboldi,kym,2022-07-26T11:05:00+00:00,2022-07-25T05:47:00+00:00,0.0,2022-07-28T22:00:00+00:00,2022-07-26,1.74,2.01,0.536,0.14424960884454685,0.6321893054158557,0.3973708854165835,0.0,0.0,0.6646289612786819,0.6622783963502562,2.7175087180530966e-10,171,109,False,False,False,c4665d9cf3f94d2ba899f812fb507c02a331d86f8a2334f0ddeae30bf874b9ad,e1ac6bb0b061418648d6a6cb71a28655db3d5f8ad607bf6a73199ac3b76d684e,1.78,2.06,True,2022-07-26T10:03:00+00:00,2022-07-26T10:03:00+00:00
te:2149421,2022-07-26,2022,2022-07-26,stricker,kovalik,2022-07-26T15:40:00+00:00,2022-07-25T05:39:00+00:00,1.0,2022-07-28T22:00:00+00:00,2022-07-26,1.75,2.0,0.5333333333333333,0.1335313926245226,0.6327367437075232,0.41044414579495225,1.7666666666666666,0.3,0.6706955370864723,0.7017727000824294,7.989077646652909e-08,132,145,False,False,False,aee5f0f8d02b58f8905e57a010201dac94728cb18426d5be694192bff0bf1779,7bcc9169e3196d21165b9d42c9156513b322d17609228f6e8fb83293e02be16f,1.77,2.08,True,2022-07-26T14:59:00+00:00,2022-07-26T14:29:00+00:00
te:2149423,2022-07-26,2022,2022-07-26,mayot,moraing,2022-07-26T14:05:00+00:00,2022-07-25T05:40:00+00:00,1.0,2022-07-28T22:00:00+00:00,2022-07-26,1.76,1.98,0.5294117647058824,0.11778303565638348,0.6245753857346177,0.3912313102656908,2.1,1.1,0.6235963379478362,0.6379749785258106,3.4685728178551756e-09,183,148,False,False,False,d3a5b75180b2e59bfaf283c214cadc05c611c58d9bfc93de1d117f44560726c8,a7dddc80d70eca775854af5a9fdcd1d95a36890cb65fb9596f0715109e499473,1.82,2.01,True,2022-07-26T11:55:00+00:00,2022-07-26T12:50:00+00:00
te:2149431,2022-07-26,2022,2022-07-26,masur-d87d6,donskoy,2022-07-26T08:05:00+00:00,2022-07-24T13:50:00+00:00,0.0,2022-07-28T22:00:00+00:00,2022-07-26,1.68,2.18,0.5647668393782384,0.2605310833858301,0.6574113162884061,0.3912482366688652,1.6333333333333333,0.0,0.7662538702922875,0.7386717168977056,1.8818280267396403e-14,159,100,False,False,False,6b32988e57d314bdbfdc81631b0d83405795c498d5fb64944a79602ec97e608f,0fc239d74d4fd7cbaa9236e83bd2a0542b7d829b494cae4c67ea0b386801a798,1.74,2.12,True,2022-07-26T07:10:00+00:00,2022-07-26T07:10:00+00:00
te:2149803,2022-07-26,2022,2022-07-26,pellegrino-fd654,sels,2022-07-26T12:35:00+00:00,2022-07-24T13:42:00+00:00,0.0,2022-07-28T22:00:00+00:00,2022-07-26,1.83,1.97,0.5184210526315789,0.07371757589656736,0.6048385339613576,0.35194950434273337,1.2,0.23333333333333334,0.6652196320970839,0.6001467947825346,1.579634756332382e-09,141,176,False,False,False,4289ffb5b47c61241416ca2548d14620aaa99f84d7f9eb5b8947446d30e40709,ccca803607b13bed9d4c4a11e824924f78ee25c5e04b65bf3a1e5432934f66e4,1.84,1.98,True,2022-07-26T10:00:00+00:00,2022-07-26T10:00:00+00:00
te:2149939,2022-07-26,2022,2022-07-26,tu-41622,diallo-dd116,2022-07-26T17:50:00+00:00,2022-07-24T21:27:00+00:00,0.0,2022-07-28T22:00:00+00:00,2022-07-26,1.77,2.07,0.5390625,0.15656906069153992,0.6193423128292918,0.33018855615588943,0.6,0.6,0.5879625900318872,0.5849574987463395,3.283137402498859e-07,220,29,False,False,False,edb1b02ed1330c777a91a0303e74987a34592315d9f681cc123d0e8c900abdff,734c569fa3838c180da6df999455e2b96283dc9fa4eb352f1ff38f6bdcef333f,1.83,2.0,True,2022-07-26T17:00:00+00:00,2022-07-26T17:00:00+00:00
te:2151707,2022-07-26,2022,2022-07-26,virtanen-7d161,kolar-d6d52,2022-07-26T09:05:00+00:00,2022-07-26T06:49:00+00:00,0.0,2022-07-28T22:00:00+00:00,2022-07-26,1.95,1.85,0.48684210526315796,-0.0526437334854217,0.608621585735657,0.49416553479724734,0.5,0.5,0.5807115858591879,0.6328835819048803,1.0693488897151049e-07,158,165,False,False,False,fc336f82d00d25a621dbf15d4970b7ce8f3841567ad340f15cb3fc03af54ff20,044a037c105d59a5b644aebc96579a4121a988d814342f82805ae5c59aacff0b,1.93,1.87,True,2022-07-26T08:53:00+00:00,2022-07-26T08:53:00+00:00
te:2152681,2022-07-29,2022,2022-07-29,stricker,mayot,2022-07-29T10:50:00+00:00,2022-07-27T04:49:00+00:00,,,,1.79,2.03,0.5314136125654451,0.12582017320103248,0.6152179714164516,0.34347944244344586,2.183333333333333,1.3166666666666667,0.6504092279904098,0.6058098072879314,1.3024903378067165e-10,132,187,False,False,False,0f8c2af2943db2c3f81e840f3ba4f076a701200f7febe582e8c966bd4ae21395,d49774aa95965699853361f9a4048477e502298e2548e918fe1f1ecfb1d2a2c1,1.66,2.24,True,2022-07-28T14:46:00+00:00,2022-07-28T14:46:00+00:00
te:2153159,2022-07-29,2022,2022-07-29,kuzmanov,giustino-1d545,2022-07-29T11:10:00+00:00,2022-07-28T01:57:00+00:00,0.0,2022-07-31T22:00:00+00:00,2022-07-29,1.88,1.94,0.5078534031413613,0.031416196233379066,0.6092563677049783,0.4127712748695886,1.5666666666666667,0.3,0.7098740400439054,0.6400616289815879,8.49682682546593e-09,129,146,False,False,False,f387c33f7ef1e96b660fe24be5e27656064a5b29449b691d33740f8083ce3384,b084414e7f91da1197455cac301330e6293a01ae7a7b6ede789cce17a1621f05,1.75,2.12,True,2022-07-29T10:07:00+00:00,2022-07-29T10:07:00+00:00
te:2153415,2022-07-29,2022,2022-07-29,grenier-baaf0,barrere-ea847,2022-07-29T15:10:00+00:00,2022-07-27T22:35:00+00:00,0.0,2022-07-31T22:00:00+00:00,2022-07-29,1.81,2.01,0.5261780104712042,0.10480787679324989,0.6219755555220328,0.39313405391002876,1.8666666666666667,1.2333333333333334,0.6088566184741707,0.6259647511988689,8.179773014482805e-08,181,130,False,False,False,2e2aa5333a257388dcdea75b7218b8add6cbd3df40348f748e964c95bd620b02,294c61b23a1d1e04142d13412c2ca2599e4cbfb2b07880bb41d05914abf8e508,1.78,2.09,True,2022-07-29T12:48:00+00:00,2022-07-29T10:36:00+00:00
te:2153847,2022-07-29,2022,2022-07-29,vavassori,boscardin-dias-3afa8,2022-07-29T13:10:00+00:00,2022-07-28T23:07:00+00:00,0.0,2022-07-31T22:00:00+00:00,2022-07-29,2.02,1.81,0.47258485639686687,-0.10977066613537889,0.6041809000101214,0.5326870338821625,1.65,0.7833333333333333,0.8066956525226308,0.7080755639881587,1.033007013262477e-12,135,147,False,False,False,804fadb5739de75abab160cf3a897936108e4661667afc2e6898674f9c964eea,da1b8a1351c20ec7bc4d34f913b46de334b2993dc6d83e833657c86287ecd5bd,1.95,1.88,True,2022-07-29T12:50:00+00:00,2022-07-29T12:50:00+00:00
te:2153895,2022-07-29,2022,2022-07-29,couacaud,tu-41622,2022-07-29T17:05:00+00:00,2022-07-28T23:22:00+00:00,0.0,2022-07-31T22:00:00+00:00,2022-07-29,1.8,1.98,0.5238095238095238,0.09531017980432496,0.6213708797462806,0.40006080228622487,0.31666666666666665,0.31666666666666665,0.7131380885127818,0.6580160294888814,9.663353450761747e-11,127,222,False,False,False,0af32fe004bd4a2a5ab4b6fd86fb6dfabf7c622ab1e6439e48fd0fb342eee1ea,7091f7d87bbdcbcfbadc87fb7d6e261ad1849da7b3e2f22e16aca9a477739267,1.81,2.03,True,2022-07-28T23:57:00+00:00,2022-07-29T10:37:00+00:00
te:2153945,2022-07-29,2022,2022-07-29,galarneau-32e1f,broady-9ff27,2022-07-29T18:40:00+00:00,2022-07-29T06:37:00+00:00,1.0,2022-07-31T22:00:00+00:00,2022-07-29,1.89,1.93,0.5052356020942408,0.020943173845242972,0.6090995905975661,0.4225857917224834,0.8666666666666667,0.16666666666666666,0.5767559426859361,0.6267009482485574,6.283362719017305e-12,155,178,False,False,False,bd9f541965d334d2ecf41e0250e32199b6c2e268e1181f92c32048ba9dca6e2b,b5dd083048991ae34171a45a608ccefcc7bdfe43588ed6beba2a013e728a6760,1.88,1.95,True,2022-07-29T15:53:00+00:00,2022-07-29T16:59:00+00:00
te:2154969,2022-08-02,2022,2022-08-02,lehecka,kuhn-c28ab,2022-08-02T12:50:00+00:00,2022-07-31T00:38:00+00:00,0.0,2022-08-04T22:00:00+00:00,2022-08-02,1.94,1.86,0.4894736842105264,-0.04211148535012657,0.6006484782950884,0.4502793182735929,2.066666666666667,0.8,0.7448059409727831,0.6575573518254313,1.978007480030186e-10,201,113,False,False,False,5fea0cf4e0e101caa88535a56e8874725e767a5be195098a33e299db407fde06,ad10862e0d287979b253bfff84eb37ca2e34a6b692671e65fe47da43c0989bbf,1.96,1.85,True,2022-08-02T10:32:00+00:00,2022-08-02T12:05:00+00:00
te:2154973,2022-08-02,2022,2022-08-02,kopriva,ajdukovic,2022-08-02T08:10:00+00:00,2022-07-31T00:38:00+00:00,0.0,2022-08-04T22:00:00+00:00,2022-08-02,1.85,1.94,0.5118733509234827,0.04750233398500287,0.6019221877193371,0.3659783522712711,1.1166666666666667,0.4166666666666667,0.5534734038560846,0.5000000022230366,0.00014254940078231582,172,145,False,False,False,022035a6eb0b42d01136992aa3810e7455dbedf3302b36dbe1022c91a1a050f6,aa874fdbb4974a10b6d68d8b10102d850e069450d1bad05bae97e7cce3f4f3b6,1.87,1.95,True,2022-08-02T07:50:00+00:00,2022-08-02T07:50:00+00:00
te:2155021,2022-08-02,2022,2022-08-02,zhang-45ae9,kotov-392a7,2022-08-02T12:40:00+00:00,2022-07-31T02:48:00+00:00,0.0,2022-08-04T22:00:00+00:00,2022-08-02,1.83,1.96,0.5171503957783641,0.06862850638909615,0.6367772755914638,0.4927752302154169,0.4666666666666667,0.4666666666666667,0.6869389349925056,0.6790211422209463,4.187912794328952e-10,113,153,False,False,False,66cae47a9b33393fe12d20ac383d5e2cb2a4fb0d2626e41398a6747fe7d949d4,fa97b52c36d96af685f64db09b2d6af197cd3200e827070f3062655c663dd07e,1.79,2.05,True,2022-08-02T04:32:00+00:00,2022-08-02T04:32:00+00:00
te:2155757,2022-08-02,2022,2022-08-02,mukund,torpegaard,2022-08-01T23:30:00+00:00,2022-07-31T22:40:00+00:00,,,,1.88,1.92,0.5052631578947367,0.02105340919783196,0.6247251717600749,0.4885997857923111,0.0,0.0,0.6589918196878525,0.7068396258041996,5.055553198296536e-11,146,79,False,False,False,efb0d7fd3c33eb5c97d12a5a176adb7e4717a516b02d08d160bb0777b781d91b,ee1554c7aeb503b2195924e22f42d1c97d7d14c0c6afa2979c8bbf78331972aa,1.96,1.86,True,2022-08-01T20:36:00+00:00,2022-08-01T20:36:00+00:00
te:2155763,2022-08-02,2022,2022-08-02,harris-5a94c,mchugh,2022-08-02T18:55:00+00:00,2022-07-31T22:36:00+00:00,1.0,2022-08-04T22:00:00+00:00,2022-08-02,1.7,2.15,0.5584415584415584,0.23483959107740088,0.6320858567406843,0.3063360385278013,1.2,0.5666666666666667,0.6602212952034766,0.6733924222297629,5.586799578516377e-08,288,179,False,False,False,f3ee456955522223591f7632d6c307b85139949e54728e725fb7f5ab8f829c4a,b5eddc6de8fa4a4a29007fc5f668db7d17509cba806482cd0054b3dfee971453,1.71,2.16,True,2022-08-02T16:55:00+00:00,2022-08-02T16:55:00+00:00
te:2157217,2022-08-02,2022,2022-08-02,guinard,yevseyev,2022-08-02T08:05:00+00:00,2022-08-02T06:09:00+00:00,0.0,2022-08-04T22:00:00+00:00,2022-08-02,2.19,1.69,0.43556701030927836,-0.25917301489342737,0.587320795032396,0.6120736369289026,0.8,0.8,0.6976310015679766,0.6059824100607893,3.722640251613285e-10,158,167,False,False,False,757769c21ce99abdc1b3636f1df0fa6822be5ecf93c8e4005d881d4320546a08,9f64c0ada7d5882bda92cc3023e072eabba42acf4acac5fd96a7d8114bfb1381,2.06,1.77,True,2022-08-02T07:36:00+00:00,2022-08-02T07:36:00+00:00
te:2160117,2022-08-05,2022,2022-08-05,mpetshi-perricard,gombos,2022-08-05T09:10:00+00:00,2022-08-03T22:58:00+00:00,1.0,2022-08-07T22:00:00+00:00,2022-08-05,1.81,2.0,0.5249343832020998,0.09982033528221135,0.6115784443826832,0.3541316601419877,1.1,0.5333333333333333,0.7236274496271127,0.820297330410014,2.558789291562391e-11,118,175,False,False,False,e56176e86b19d4eb5e1a0af2e93fdc8c12410d828b648ca05afcce61fb6e7b91,d13fdc124bc0750022bbf3951012523b01e0add9d51dbef145d8822fb3fd6815,1.73,2.15,True,2022-08-05T08:56:00+00:00,2022-08-05T08:56:00+00:00
te:2160563,2022-08-05,2022,2022-08-05,shang,safiullin,2022-08-05T15:05:00+00:00,2022-08-03T22:55:00+00:00,1.0,2022-08-07T22:00:00+00:00,2022-08-05,1.83,1.98,0.5196850393700787,0.07878087785311416,0.6140451954179607,0.3855673797230189,0.0,0.0,0.7214228550617132,0.8148030506684706,8.913814131261688e-12,136,130,False,False,False,ed785454e6fcbe1a5a771904a295e4336b59989545591fa3b500b85adc14f27c,b7c13f3da3ebbf8febf16a36ff9d7e43a71d274fc3eedf5b8bac4bee85dadeca,1.84,2.0,True,2022-08-05T10:35:00+00:00,2022-08-05T10:35:00+00:00
te:2160571,2022-08-05,2022,2022-08-05,moreno-de-alboran-a31d1,arnaldi,2022-08-05T12:40:00+00:00,2022-08-03T22:46:00+00:00,1.0,2022-08-07T22:00:00+00:00,2022-08-05,1.92,1.88,0.49473684210526314,-0.02105340919783241,0.6225853383105128,0.5215896364126413,1.5,0.43333333333333335,0.6370097716438089,0.6765706022697126,4.602703107536854e-09,95,182,False,False,False,19c86a95d3ac4d56e9ee7ff383b0cc609d41fe954a3e1c2deda2acbcd135484e,5cdb1434a7106b2903fbcd36ad02661d733eeea9f0acf59c2eb9dd58ff264baa,1.86,1.98,True,2022-08-05T11:32:00+00:00,2022-08-05T11:32:00+00:00
te:2160911,2022-08-05,2022,2022-08-05,lehecka,kopriva,2022-08-05T11:40:00+00:00,2022-08-05T01:16:00+00:00,0.0,2022-08-07T22:00:00+00:00,2022-08-05,1.93,1.88,0.4934383202099738,-0.026248226074936154,0.6098916968244951,0.47310522026767843,0.8333333333333334,0.3333333333333333,0.6325013542695619,0.5827004488478488,6.444459541010694e-08,198,172,False,False,False,84700bb603eefb7f9e092191207249f833b9f6aa2d6a774fc7473fa8cf4001e5,931c05208c34f6aaa188951124936bc521334050c7fad6ffc4f1884e7fe13828,1.88,1.95,True,2022-08-05T04:16:00+00:00,2022-08-05T07:54:00+00:00
te:2161259,2022-08-05,2022,2022-08-05,muller-c81bc,pellegrino-fd654,2022-08-05T18:00:00+00:00,2022-08-05T01:13:00+00:00,1.0,2022-08-07T22:00:00+00:00,2022-08-05,1.91,1.91,0.5,0.0,0.6278761206645304,0.5231160791172575,1.1333333333333333,0.36666666666666664,0.6542808709315632,0.6409797376296547,4.130004671587528e-11,162,148,False,False,False,22fa112844138d6f898c51ca90e62624fe858e8c9fda1607ee8cb186087019cf,6802f223a509bdcca3e0d38bbfdc1deca17fbf0d0de2b4425232410a128edd54,1.9,1.93,True,2022-08-05T13:36:00+00:00,2022-08-05T12:52:00+00:00
te:2161269,2022-08-05,2022,2022-08-05,gomez-eb573,mejia-a7d27,2022-08-05T18:25:00+00:00,2022-08-05T06:20:00+00:00,1.0,2022-08-07T22:00:00+00:00,2022-08-05,1.96,1.86,0.486910994764398,-0.0523679855173157,0.6082494498122822,0.49232777696753616,1.4833333333333334,1.4833333333333334,0.7680573362051726,0.6823516730360984,3.154538333327572e-08,147,134,False,False,False,352dcc4660de3ce3e16c3fcbe61e4c68f24c561ae5345cd76a41f9d192b492e8,737bf646c1ff08cb7d00f939b0b7686653752a7d450e6d30282afc58e2996e8c,1.93,1.91,True,2022-08-05T13:36:00+00:00,2022-08-05T13:36:00+00:00
te:2164803,2022-08-09,2022,2022-08-09,tabur,klein-88a5e,2022-08-09T15:10:00+00:00,2022-08-09T06:19:00+00:00,1.0,2022-08-11T22:00:00+00:00,2022-08-09,2.0,1.81,0.4750656167979003,-0.09982033528221068,0.5739462913367922,0.3977907431276795,0.6833333333333333,0.18333333333333332,0.5825962226008398,0.6860406593135407,8.017484950939568e-08,157,104,False,False,False,45a16f8087a147479a3a8bb80c0a864945248cf258a04ae1857d1beec5487c40,a83faea55f6870e96858b058385a255d01f6f1ae35b84ac1e74e0711c76a08d2,1.94,1.88,True,2022-08-09T14:53:00+00:00,2022-08-09T09:45:00+00:00
te:2164821,2022-08-09,2022,2022-08-09,kotov-392a7,durasovic,2022-08-09T17:05:00+00:00,2022-08-08T19:35:00+00:00,0.0,2022-08-11T22:00:00+00:00,2022-08-09,2.08,1.75,0.4569190600522194,-0.17275210577780367,0.5656029972637391,0.436685650792645,0.9,0.3,0.8286677236635828,0.6998203612582664,1.7732081913912623e-09,153,150,False,False,False,856ee709188c590f24c89f55a6c79d3ca57d86aae6e51d46b47446f0c1950f6a,ccb8e57357460cca90150711aaa71363ec506bcef660662628cab92dc43a9cb7,1.92,1.9,True,2022-08-09T14:33:00+00:00,2022-08-09T14:33:00+00:00
te:2167285,2022-08-12,2022,2022-08-12,jianu-c67fb,sanchez-izquierdo-99add,2022-08-12T15:10:00+00:00,2022-08-10T20:13:00+00:00,0.0,2022-08-14T22:00:00+00:00,2022-08-12,1.93,1.88,0.4934383202099738,-0.026248226074936154,0.6054936916987299,0.45465723989741813,0.7333333333333333,0.7333333333333333,0.5427960977737883,0.59340573793119,8.467614109886057e-11,167,166,False,False,False,083364c89ff3d81cc2890c20c423e9594bbefb1a3e82fb2a6051b6cd609ef874,90beb9dea20df41a958d10153191a01ae0c1128628e397a01ea7284736866cb9,1.92,1.92,True,2022-08-12T12:00:00+00:00,2022-08-12T12:00:00+00:00
te:2167311,2022-08-12,2022,2022-08-12,arnaldi,marozsan,2022-08-12T15:05:00+00:00,2022-08-11T07:36:00+00:00,0.0,2022-08-14T22:00:00+00:00,2022-08-12,1.9,1.92,0.5026178010471204,0.010471299867295303,0.6132732418410729,0.45062088961934077,1.0333333333333334,0.26666666666666666,0.5000000000000001,0.5182543218195838,0.007876934122042878,177,175,False,False,False,257fe55eabd061c4ca735dc8b9b2075f92f8023839bf24be64f5f2cf6d3b927e,66cf0ca54d26921d279577b2a01d0fb5d5ba08268b3c252c1bbbf3142d08b0e1,1.89,1.94,True,2022-08-12T14:37:00+00:00,2022-08-12T14:37:00+00:00
te:2167355,2022-08-12,2022,2022-08-12,etcheverry-7101a,olivo,2022-08-12T16:10:00+00:00,2022-08-11T08:28:00+00:00,1.0,2022-08-14T22:00:00+00:00,2022-08-12,2.1,1.75,0.4545454545454546,-0.18232155679395445,0.5841712105392193,0.5222420536387269,0.5166666666666667,0.5166666666666667,0.6393903533032734,0.5519650370300387,1.6943062938756803e-08,199,157,False,False,False,bc67bc66362f5dfed7cff467d0583ea0d0209dd33db46e71dfd256646fe3eb5c,f255662c563b9b3ada7b5bad2008fcbb40c6d0af82bd60f26cb190c9545f16d0,1.9,1.93,True,2022-08-12T12:38:00+00:00,2022-08-12T10:05:00+00:00
te:2167775,2022-08-12,2022,2022-08-12,albot,gojo,2022-08-12T20:30:00+00:00,2022-08-11T23:54:00+00:00,1.0,2022-08-14T22:00:00+00:00,2022-08-12,1.68,2.2,0.5670103092783505,0.26966356694910254,0.6683406320018174,0.43102596255208403,0.9,0.16666666666666666,0.7807317978556073,0.7598307861085888,1.501299085049368e-13,182,156,False,False,False,b957fa8105cd3a08d0d56d56347b5d2a5c38e342c5d673d76072cf58bc9ee6bc,bd27093a7371a2535522efeef54b9ef43f85c4ded117b46c1793ccc50b60fd9d,1.65,2.28,True,2022-08-12T17:15:00+00:00,2022-08-12T19:02:00+00:00
te:2167813,2022-08-12,2022,2022-08-12,ugo-carabelli,mena-99e7a,2022-08-12T20:45:00+00:00,2022-08-11T23:58:00+00:00,0.0,2022-08-14T22:00:00+00:00,2022-08-12,1.9,1.92,0.5026178010471204,0.010471299867295303,0.5982433860254206,0.387679903930473,0.9333333333333333,0.36666666666666664,0.5607001104744844,0.5000000000000001,0.00039665101264016456,158,164,False,False,False,9c343f51469745abb649920b934b8b20e00d9669815ca73afa87bb1cfb6696bb,e3b36177049a00ec87cde7c787a10cf690eef9ce8919896fa1dd6abb4d82fabe,1.91,1.93,True,2022-08-12T20:18:00+00:00,2022-08-12T20:18:00+00:00
te:2167853,2022-08-12,2022,2022-08-12,shelton-38989,thompson-46e89,2022-08-12T16:15:00+00:00,2022-08-11T23:53:00+00:00,1.0,2022-08-14T22:00:00+00:00,2022-08-12,1.73,2.13,0.5518134715025906,0.208000571211646,0.6271382572029118,0.31195876283017093,0.0,0.0,0.6573954524431276,0.6389294811640004,1.6155760063085722e-10,70,129,False,False,False,ee542646faef9e87a6107134f86f6a0c13dd45e921b948cd934a0a040c2ae753,1d3969cf692ae8db9ad613725f750dbf1570d26f1d78b432bcd96abf1fc0a1f6,1.76,2.1,True,2022-08-12T15:12:00+00:00,2022-08-12T15:35:00+00:00
te:2167855,2022-08-12,2022,2022-08-12,brouwer-44152,broady-9ff27,2022-08-12T18:40:00+00:00,2022-08-11T23:54:00+00:00,0.0,2022-08-14T22:00:00+00:00,2022-08-12,1.76,2.09,0.5428571428571429,0.1718502569266595,0.6085055516538932,0.26918444410551273,0.0,0.0,0.5584004533535871,0.6049891696947154,5.462604923955894e-09,193,173,False,False,False,ed2ef819b9fdd1bd87526ad423f6daec7cdbb454ab997781ed75d315e82a584b,5951bd6755eef82c8bb2e2c117c89360953f6ac94460b2384ad0862856448fc9,1.75,2.12,True,2022-08-12T05:57:00+00:00,2022-08-12T17:26:00+00:00
te:2168869,2022-08-16,2022,2022-08-16,haase,zuk,2022-08-16T10:00:00+00:00,2022-08-15T00:46:00+00:00,0.0,2022-08-18T22:00:00+00:00,2022-08-16,1.79,2.03,0.5314136125654451,0.12582017320103248,0.629894194593719,0.4059427616739961,1.55,0.8166666666666667,0.6673776588525133,0.7063621581529611,1.8169632465259156e-12,117,141,False,False,False,ff082d528090efa63bb85dc5bc00217d41feba909a5a826db0da2e9bb8827ea7,42e3f5c33a535df5ac2add7a3ab037c1fc54c5a5b97e9ed61981a0d07c9667d9,1.81,2.01,True,2022-08-16T08:29:00+00:00,2022-08-16T08:53:00+00:00
te:2169745,2022-08-16,2022,2022-08-16,verdasco,ficovich,2022-08-16T20:40:00+00:00,2022-08-14T23:54:00+00:00,0.0,2022-08-18T22:00:00+00:00,2022-08-16,1.83,1.98,0.5196850393700787,0.07878087785311416,0.6294863342764031,0.45123293794159625,0.35,0.35,0.714480828093086,0.6710546686396599,9.14379683081279e-13,153,175,False,False,False,a74fadf2f6c00468459969648cc82979a5ace7d063c8af0fa2a658db45fad609,0fe292427e901463d1b09e52aefc3ba591a388140feb54ec1ed2d89f7baabcff,1.82,2.01,True,2022-08-16T17:31:00+00:00,2022-08-16T17:31:00+00:00
te:2169747,2022-08-16,2022,2022-08-16,koepfer,piros,2022-08-15T22:30:00+00:00,2022-08-15T00:01:00+00:00,0.0,2022-08-18T22:00:00+00:00,2022-08-16,2.02,1.79,0.46981627296587924,-0.12088189156044984,0.5899447637561803,0.4846189301552941,0.0,0.0,0.5894189773870036,0.5139355293145731,1.119326700771417e-09,99,165,False,False,False,d091210c64c52264810eabf2ef8821ae504df7253cbcbc89321d8da5396bece9,e62680ff4ef2530e53ec258cbc4ab18ada47a796620d5969a50fa8846af4357e,1.96,1.85,True,2022-08-15T19:30:00+00:00,2022-08-15T19:58:00+00:00
te:2171645,2022-08-16,2022,2022-08-16,topo-77408,geerts,2022-08-16T10:15:00+00:00,2022-08-16T05:35:00+00:00,0.0,2022-08-18T22:00:00+00:00,2022-08-16,1.84,1.96,0.5157894736842105,0.06317890162153136,0.5817626181956995,0.26683442000684254,0.0,0.0,0.5000000000000001,0.5861410271704016,0.011538585140987573,99,201,False,False,False,320d447bad09ff07fc54efa2c73dfc5627183292af8af6fad92d8d19cfb1a6eb,a021c4b92969fccac49fb01ae1a0c5e85400d6f95459aa9aa01e6d5bb976eadb,1.92,1.88,True,2022-08-16T09:49:00+00:00,2022-08-16T09:49:00+00:00
te:2171647,2022-08-16,2022,2022-08-16,mansouri-63af0,mikula-e601b,2022-08-16T15:50:00+00:00,2022-08-16T05:37:00+00:00,0.0,2022-08-18T22:00:00+00:00,2022-08-16,1.95,1.85,0.48684210526315796,-0.0526437334854217,0.5710379386824203,0.33873090360011393,0.7,0.7,0.5994325605433865,0.5000000000000001,0.008786667325563699,236,74,False,False,False,f492d677cf41658ebf76e138270a0a7fc5b54a3f2b155e957d0cc86aabfd6bcc,46932d66998f79608747ce82ca6abf8d98a5ceca203ca0ef3bce2bc99ead5f16,1.91,1.91,True,2022-08-16T14:10:00+00:00,2022-08-16T14:10:00+00:00
te:2172153,2022-08-16,2022,2022-08-16,simon-04c62,blanch-d9f24,2022-08-16T17:10:00+00:00,2022-08-16T06:33:00+00:00,1.0,2022-08-18T22:00:00+00:00,2022-08-16,1.83,1.97,0.5184210526315789,0.07371757589656736,0.6378301102234488,0.49224097656202037,0.0,0.0,0.6952973740452001,0.682390313686278,6.127474916350906e-10,120,102,False,False,False,6b97bfc4214d541028540c056e66b0e75d09a4c5e868af8badd2640f2fab87f8,bc867a8fa177b8dea4c801937394d6db7983ae174f246f8841dd12d6c5d1c77c,1.84,1.98,True,2022-08-16T13:34:00+00:00,2022-08-16T13:34:00+00:00
te:2172155,2022-08-16,2022,2022-08-16,humbert-e2553,chidekh,2022-08-16T21:30:00+00:00,2022-08-16T06:35:00+00:00,0.0,2022-08-18T22:00:00+00:00,2022-08-16,2.08,1.75,0.4569190600522194,-0.17275210577780367,0.5649951034414817,0.43421188292974244,0.5833333333333334,0.5833333333333334,0.728003053309114,0.6117414262116764,1.1483211603824373e-10,105,47,False,False,False,4fb342e6a983a7659c31bc4f7a2935d2e33a5a5b5497abccd6d34734dda407aa,b25a437eaf36a803443fb58cc7270d588574b12b37ac4b0dad189f60f25ba8ec,2.12,1.74,True,2022-08-16T17:31:00+00:00,2022-08-16T17:31:00+00:00
te:2172681,2022-08-19,2022,2022-08-19,lestienne,koepfer,2022-08-18T22:10:00+00:00,2022-08-17T03:36:00+00:00,1.0,2022-08-21T22:00:00+00:00,2022-08-19,1.72,2.12,0.5520833333333334,0.20909179785855955,0.6127112438691416,0.24963141837093009,0.0,0.0,0.5000000000000001,0.5213916413975097,0.013429507138146793,173,94,False,False,False,fa220672f8a3531b3e7721c9e3ce27a01fe27b011ab91d84d3a1f1332074471d,2991dd222c0ae87c1cd55b54741a3bd3d99450d8e7de94ff101fa0007a311d04,1.75,2.11,True,2022-08-18T21:46:00+00:00,2022-08-18T13:36:00+00:00
te:2172759,2022-08-19,2022,2022-08-19,etcheverry-7101a,burruchaga,2022-08-19T18:15:00+00:00,2022-08-17T04:57:00+00:00,0.0,2022-08-21T22:00:00+00:00,2022-08-19,2.16,1.7,0.4404145077720207,-0.23947997063390342,0.566133074211377,0.5055712701746915,1.8166666666666667,1.0166666666666666,0.6049976571784244,0.5000000000000001,0.016447405823435415,209,118,False,False,False,253244e67eebf448d7c04a2eae4360cb8fbbc0a94250954bfdce25d31ca9ac9c,6865771732ffc1317b0d8b5d60c77223b2df7623d23f9bc4ec77e6dda7a01b72,2.03,1.8,True,2022-08-18T21:40:00+00:00,2022-08-18T21:40:00+00:00
te:2172939,2022-08-19,2022,2022-08-19,zhang-45ae9,haase,2022-08-19T09:40:00+00:00,2022-08-18T05:20:00+00:00,1.0,2022-08-21T22:00:00+00:00,2022-08-19,1.75,2.11,0.5466321243523315,0.18707215955255221,0.5975227225625562,0.2080815112299271,1.1833333333333333,0.21666666666666667,0.7290283733550553,0.6420852887021057,7.3406272171894216e-09,129,117,False,False,False,4e83daef8914a51665500ba311a27829e119624ee2f4e34b28506d97c517830d,a6c44cb4c96ba77fc30ece45cb88862baa07118d9585bfa69fca60fcd9cc4e4c,1.78,2.09,True,2022-08-19T07:00:00+00:00,2022-08-19T07:58:00+00:00
te:2173577,2022-08-19,2022,2022-08-19,mayot,decamps-8626a,2022-08-19T12:10:00+00:00,2022-08-18T18:00:00+00:00,1.0,2022-08-21T22:00:00+00:00,2022-08-19,1.81,2.02,0.5274151436031332,0.10977066613537934,0.6147194957078854,0.3574237415065328,0.3,0.3,0.5036689451793609,0.5000000147540667,0.01221495221089633,178,200,False,False,False,644c6223d8ca2a65c4095de48446e1949e954060c3e99936d1fbf213282aea40,270cfc993f2ad5fc605b3ef4f8dfc8dd9c640967d5dbc1597e7a14dba4639136,1.83,2.01,True,2022-08-19T05:09:00+00:00,2022-08-19T08:06:00+00:00
te:2173651,2022-08-19,2022,2022-08-19,mansouri-63af0,vatutin,2022-08-19T16:25:00+00:00,2022-08-18T17:56:00+00:00,0.0,2022-08-21T22:00:00+00:00,2022-08-19,1.85,1.97,0.5157068062827225,0.06284790365966353,0.6146118005220446,0.40389180956441084,1.8333333333333333,0.4,0.506103751863349,0.5000000092712561,0.004133170969329636,241,195,False,False,False,834dd636ff1254fed8315cc7eefb59837682edd20a5935c00e70219f5e1c65a6,db139181c5158195f6cfb405a77d1b3ff821a351e1335f2d6068afde6cb57f71,1.92,1.92,True,2022-08-19T12:08:00+00:00,2022-08-19T12:08:00+00:00
te:2174435,2022-08-23,2022,2022-08-23,vatutin,ajdukovic,2022-08-23T09:05:00+00:00,2022-08-21T22:00:00+00:00,1.0,2022-08-25T22:00:00+00:00,2022-08-23,2.05,1.79,0.46614583333333337,-0.13562417329765303,0.6169215920297958,0.6121264209824435,0.95,0.95,0.6017196722921255,0.6392299357207941,2.0508947318198523e-10,201,142,False,False,False,02cc07cd495152dd041056583af389fc6db3482faa24ee8ee499abc740c5879c,bd4138c27d1959c5831bd89fc39f7f25cd070c2a8e96d29f212fcadb3eebfc6d,2.02,1.82,True,2022-08-23T05:51:00+00:00,2022-08-23T05:35:00+00:00
te:2174439,2022-08-23,2022,2022-08-23,marozsan,fanselow-fef29,2022-08-23T14:05:00+00:00,2022-08-21T22:00:00+00:00,0.0,2022-08-25T22:00:00+00:00,2022-08-23,1.98,1.85,0.4830287206266319,-0.06791120561621031,0.5530682735316301,0.2809868140513207,0.0,0.0,0.6186805339152872,0.5000000000000001,0.003847540317438572,164,192,False,False,False,cd027e7f824b2d274bbfc4b0fd5505edd5c3c76b69aef89171fdcc8b926ba0cf,d6ca403a5291726f92602a3a4310b162fd0ea19f7ca1c4b7c920639c9b569070,2.02,1.83,True,2022-08-23T09:31:00+00:00,2022-08-23T09:31:00+00:00
te:2175567,2022-08-23,2022,2022-08-23,mejia-a7d27,aguilar-9f10a,2022-08-23T19:00:00+00:00,2022-08-22T23:51:00+00:00,0.0,2022-08-25T22:00:00+00:00,2022-08-23,2.2,1.68,0.4329896907216495,-0.26966356694910254,0.577433150126195,0.5819085864529844,0.43333333333333335,0.43333333333333335,0.7653136656995916,0.6542124053311041,6.37660757529801e-10,149,63,False,False,False,14de3d72f91da3c19d4cc2b7153ab3fe1d8a98e6acb544fc07d0ca2ea30b800f,7022b88f0741fe1abbd41b83483753be01b7b3719c62aeb32568b7addea48155,2.03,1.8,True,2022-08-23T14:24:00+00:00,2022-08-23T14:24:00+00:00
te:2176373,2022-08-23,2022,2022-08-23,vacherot,brymer-9177b,2022-08-23T06:15:00+00:00,2022-08-22T13:56:00+00:00,0.0,2022-08-25T22:00:00+00:00,2022-08-23,2.17,1.69,0.43782383419689114,-0.2499986386173863,0.5679439463753414,0.5234660329222491,0.0,0.0,0.6698002469995022,0.5622004844976745,5.973377348311715e-10,172,240,False,False,False,bc1b9d41fa158f9bc2ac255a7af889cf741a61b91650b6251bd2e0d6d58d4aa0,a69e362def67e58056cef0fee00cf71b8291fbd904ae75a7fe35de666dae7ae8,1.99,1.84,True,2022-08-23T03:24:00+00:00,2022-08-23T03:24:00+00:00
te:2176379,2022-08-23,2022,2022-08-23,uchiyama,shimizu-38ca9,2022-08-23T06:05:00+00:00,2022-08-22T13:57:00+00:00,0.0,2022-08-25T22:00:00+00:00,2022-08-23,1.81,2.0,0.5249343832020998,0.09982033528221135,0.6104889180691033,0.34954748929282675,0.0,0.0,0.53082450465992,0.5000000000000001,0.0017823432365327574,111,125,False,False,False,af28aea6a9893bffb8fb65d800d9b8f0c0c78f6cce8a8e038f59fd632894810a,612091552651d59c06c9a6da4c77ff605d34b187e567724fc8968f7e589d4922,1.84,1.98,True,2022-08-23T06:00:00+00:00,2022-08-23T05:41:00+00:00
te:2178721,2022-08-26,2022,2022-08-26,ly-d1fd1,gray-0bd9f,2022-08-26T03:40:00+00:00,2022-08-24T20:19:00+00:00,1.0,2022-08-28T22:00:00+00:00,2022-08-26,1.87,1.95,0.5104712041884817,0.041890941709160225,0.6121230930938656,0.41435441403820367,0.0,0.0,0.5000000000000001,0.5242455968664725,0.009137064914775686,179,205,False,False,False,eb2fb4e088129c0b650e941bc476ac62e8bfbb26d4057a957834f39a4ce44ae0,8b1d204d7beb0f6a66338707f50f1ccfd2d1a85b91c58927cfe5852d106f36ff,1.75,2.12,True,2022-08-25T23:37:00+00:00,2022-08-25T23:37:00+00:00
te:2178739,2022-08-26,2022,2022-08-26,gerch-539c1,gigante-f720d,2022-08-26T08:05:00+00:00,2022-08-25T02:38:00+00:00,0.0,2022-08-28T22:00:00+00:00,2022-08-26,2.02,1.83,0.47532467532467537,-0.09878154455978364,0.6126668077553684,0.5573175046063821,1.25,1.25,0.5602290323327359,0.5950962744092779,1.3869491943818701e-09,171,125,False,False,False,297a4f806092d4fef6b93be1bcf5699c3e6a067f71117f0b8dccc15618b239b7,ac441c87532931cb47c6043438a6f6a708e99203b3c0d59eec898403f9181b91,1.96,1.88,True,2022-08-26T07:36:00+00:00,2022-08-26T07:36:00+00:00
te:2179433,2022-08-26,2022,2022-08-26,vacherot,jacquet-d2059,2022-08-26T05:40:00+00:00,2022-08-25T16:18:00+00:00,0.0,2022-08-28T22:00:00+00:00,2022-08-26,1.76,2.09,0.5428571428571429,0.1718502569266595,0.6094631556761352,0.27320592359678675,0.8333333333333334,0.16666666666666666,0.6516570800805997,0.5965917114468248,3.066146170294104e-09,174,117,False,False,False,7dc171a17bbd688ee7302a4992b0c22dae635e892251639c7844b48cbff4bf57,49da625356c3b5b98085be484d2ff4b35f7110962f8b07348aefc4d894e64693,1.8,2.05,True,2022-08-26T05:29:00+00:00,2022-08-26T05:29:00+00:00
te:2179435,2022-08-26,2022,2022-08-26,mensik,cuevas-de8b1,2022-08-26T08:10:00+00:00,2022-08-25T16:20:00+00:00,0.0,2022-08-28T22:00:00+00:00,2022-08-26,1.96,1.86,0.486910994764398,-0.0523679855173157,0.5905742022925856,0.418707588671821,0.95,0.95,0.5000000000000001,0.5735854752266946,0.012845616945420288,42,146,False,False,False,6ba6e1c3364ad8842c77f655854ecf1243d9bf6c18ca4cdaa4f2391360a00369,e87a47d86319b2a8970443bdff1fa35ae5442be895f89268238e976f2c2b320d,1.88,1.96,True,2022-08-26T04:38:00+00:00,2022-08-26T07:56:00+00:00
te:2179795,2022-08-26,2022,2022-08-26,alvarez-bea30,coppejans,2022-08-26T15:05:00+00:00,2022-08-25T22:10:00+00:00,,,,1.85,1.98,0.5169712793733681,0.06791120561621009,0.6147197755959071,0.3992843837885991,1.6333333333333333,0.8333333333333334,0.6284760874887462,0.6839025916079705,6.093905480231143e-08,143,142,False,False,False,81be0b90f2dbf99df760413579b3359673bc49dc14742f3aed23fc901a16323a,96097d5b3ccb7dff41c55d2d3b9e570dc14364a33c70baa3d4a10717be55bee4,1.87,1.97,True,2022-08-26T11:06:00+00:00,2022-08-26T11:06:00+00:00
te:2180731,2022-08-30,2022,2022-08-30,watanuki-223ad,kachmazov,2022-08-30T08:45:00+00:00,2022-08-29T22:08:00+00:00,0.0,2022-09-01T22:00:00+00:00,2022-08-30,1.99,1.82,0.47769028871391084,-0.08929813764769673,0.6114482852827681,0.5427022441692424,0.7166666666666667,0.7166666666666667,0.7968347797953097,0.7063343340185761,1.071365218763276e-14,115,161,False,False,False,2553166dc7562fddc9639d89e1b700d0326246256d145da7e0eff67f1464bd8c,8435f3c04eed1eec92e0561c3031367eb04fb373c547e0744825a0acb592f4f0,1.98,1.84,True,2022-08-30T05:01:00+00:00,2022-08-30T05:01:00+00:00
te:2180733,2022-08-30,2022,2022-08-30,vacherot,santillan-29bed,2022-08-30T08:40:00+00:00,2022-08-29T22:08:00+00:00,1.0,2022-09-01T22:00:00+00:00,2022-08-30,1.93,1.88,0.4934383202099738,-0.026248226074936154,0.5791282272613566,0.3454439329757677,1.7833333333333334,1.1833333333333333,0.6927146606049488,0.5935229168432834,8.387036953827476e-09,181,146,False,False,False,f4f848c9f2357738dbc6cdc699d508c4a98d1b1c798468e8292125ecb87db253,dc568c272c161100ab343987952c8642203091fabc4089d0c20ae613511984ba,2.07,1.77,True,2022-08-30T06:13:00+00:00,2022-08-30T06:13:00+00:00
te:2183005,2022-08-30,2022,2022-08-30,passaro-5f6f1,moreno-de-alboran-a31d1,2022-08-30T10:25:00+00:00,2022-08-30T07:52:00+00:00,1.0,2022-09-01T22:00:00+00:00,2022-08-30,1.88,1.92,0.5052631578947367,0.02105340919783196,0.6103654476448047,0.4277952085044797,2.35,0.9166666666666666,0.6774232710057396,0.6173530423702895,1.0140499551170024e-11,170,111,False,False,False,288a9be154f6362109998d7e5eaa6e0f8d1ceaf774e2812e224a2fb998374a22,ac73b652d9c53ce965b33031d3f81ae374b416f179db8fa374af2cbf76d347b1,1.9,1.9,True,2022-08-30T09:59:00+00:00,2022-08-30T09:59:00+00:00
te:2184741,2022-09-02,2022,2022-09-02,droguet,silva-cb43c,2022-09-02T09:10:00+00:00,2022-08-31T23:17:00+00:00,1.0,2022-09-04T22:00:00+00:00,2022-09-02,1.83,1.99,0.5209424083769634,0.08381867188307154,0.6530475628739107,0.5486435904688515,1.75,0.6833333333333333,0.745512911475538,0.7271146678323394,1.7327700663205547e-09,147,118,False,False,False,380146f5d2605b4a96545586a1db7cf9810025026e3f17801a0d79be6ab9dd0c,1848a9a8cad78f3e1ce6d90a79d3c3733d4eb3113df7893a97a744a645e5ebba,1.82,2.03,True,2022-09-02T05:36:00+00:00,2022-09-02T05:49:00+00:00
te:2185183,2022-09-02,2022,2022-09-02,zhukayev,vacherot,2022-09-02T03:40:00+00:00,2022-09-01T05:51:00+00:00,1.0,2022-09-04T22:00:00+00:00,2022-09-02,1.84,1.98,0.518324607329843,0.0733312730855498,0.5717922040790195,0.21583579045920392,2.1666666666666665,0.9666666666666667,0.6911976159746187,0.8138820700512687,3.2329472432479633e-11,151,181,False,False,False,79e30ba7dab2720e311598b1050a50a09c65067420cae8807c86746792f90045,60948d3c3beba7817b67a2606be3814f311c9acc9e00b0f3a1fba11dff242872,1.83,2.02,True,2022-09-02T00:00:00+00:00,2022-09-02T00:16:00+00:00
te:2185409,2022-09-02,2022,2022-09-02,janvier,fils,2022-09-02T11:40:00+00:00,2022-09-02T06:47:00+00:00,1.0,2022-09-04T22:00:00+00:00,2022-09-02,1.68,2.21,0.5681233933161953,0.2741987221144937,0.643865582862219,0.3179830241229159,1.4166666666666667,0.65,0.7088736641218345,0.7440160260655976,9.182238303040435e-12,130,174,False,False,False,4f52b1baa8571ce77ff8bfc7fe01419bfe64c2ec7311d5664543c8a8fb048f7a,7ee04212bd12357861b7af22f636392a2901996865badab7ca10e23737787a55,1.77,2.07,True,2022-09-02T09:57:00+00:00,2022-09-02T09:57:00+00:00
te:2185419,2022-09-02,2022,2022-09-02,shelbayh,popko,2022-09-02T19:30:00+00:00,2022-09-02T06:45:00+00:00,1.0,2022-09-04T22:00:00+00:00,2022-09-02,1.85,1.98,0.5169712793733681,0.06791120561621009,0.6130522534183507,0.39224930664444535,0.5,0.5,0.5000000000018011,0.5195479200404672,0.023451498460093978,62,129,False,False,False,31f6d20e9cfeaed44924246da85e572d63b199bc354cd259cdfa75fa1745bb1d,c341f4a192b50f9ca4490bdc7dadc7ea1c2fb55ed6b62fae29daa8751b91f773,1.8,2.05,True,2022-09-02T17:55:00+00:00,2022-09-02T17:55:00+00:00
te:2186341,2022-09-06,2022,2022-09-06,lokoli,clarke-60a59,2022-09-06T12:10:00+00:00,2022-09-04T14:40:00+00:00,0.0,2022-09-08T22:00:00+00:00,2022-09-06,1.97,1.83,0.48157894736842105,-0.07371757589656758,0.5886826057180944,0.4322395792305116,0.7833333333333333,0.11666666666666667,0.6319519709993917,0.5508021695437866,3.1931301991416916e-08,198,131,False,False,False,45e6a87593d25c059237e6d92024ea76119a26e5853ab243801400a7d151ee00,766f5f618ee0c64d1418097c8dc2d033e0ebf79003ad6bd4c1bd21251f75ff9c,1.81,2.02,True,2022-09-06T11:32:00+00:00,2022-09-06T11:32:00+00:00
te:2187431,2022-09-06,2022,2022-09-06,brymer-9177b,mccabe-b71c6,2022-09-06T05:10:00+00:00,2022-09-06T01:27:00+00:00,1.0,2022-09-08T22:00:00+00:00,2022-09-06,1.83,1.98,0.5196850393700787,0.07878087785311416,0.6093701328678931,0.3658844965072786,0.43333333333333335,0.43333333333333335,0.563149942798701,0.6087096045136072,1.0117473525639298e-09,237,156,False,False,False,1ed55a524a604bacd2200496ca0f60c424528f4331914a73c7a998bef90f89ce,4c2ec2898b2bc70f8c38bd80f8514aa68a97c96103cb6dd2ce00471b90332a93,1.79,2.03,True,2022-09-06T04:49:00+00:00,2022-09-06T04:49:00+00:00
te:2187675,2022-09-06,2022,2022-09-06,durasovic,muller-c81bc,2022-09-06T08:10:00+00:00,2022-09-06T01:52:00+00:00,1.0,2022-09-08T22:00:00+00:00,2022-09-06,2.01,1.8,0.47244094488188976,-0.1103480571688654,0.6051170964945668,0.5371807702662387,0.26666666666666666,0.26666666666666666,0.6822418096300159,0.7716175405039016,3.0967305969520353e-08,153,171,False,False,False,b401918ba2da18d22b3e8905262b846f51ba19bb9b1975514af8dca097c18ac0,dc67debf55f95f715a2e48f961c37f35af413a03af117c8aad7e82d827dc87b2,2.11,1.74,True,2022-09-06T07:29:00+00:00,2022-09-06T07:29:00+00:00
te:2187679,2022-09-06,2022,2022-09-06,del-bonis,moreno-de-alboran-a31d1,2022-09-06T11:55:00+00:00,2022-09-06T01:53:00+00:00,,,,1.78,2.04,0.5340314136125655,0.13633644355213126,0.6278741249217256,0.3867710938990023,0.5333333333333333,0.5333333333333333,0.7405996700261136,0.6840963204985745,2.1136050049053168e-08,115,112,False,False,False,706d51788838a9892e151c06f39369a9c8bef23c5daaffa512ebf575e5187d1d,a16f135bce6be227ceb40643107c7be6e056441588ccb5ea662197af0e2e0bab,1.76,2.09,True,2022-09-06T11:15:00+00:00,2022-09-06T11:15:00+00:00
te:2187681,2022-09-06,2022,2022-09-06,taberner,jianu-c67fb,2022-09-06T08:10:00+00:00,2022-09-06T01:50:00+00:00,0.0,2022-09-08T22:00:00+00:00,2022-09-06,2.06,1.77,0.46214099216710186,-0.15172643621575183,0.5916030958242866,0.5223228941185174,0.7,0.7,0.6801902308907969,0.5958886430585872,3.830550210359718e-09,162,161,False,False,False,ba9e3ab1c7b3c06d8b1b1e49564722311a3d9bf52c608a2614a3475972b4400c,88292cbe913153f9aa81d4eab2ed493da22a6764fddb6b35149864af5e946429,1.99,1.82,True,2022-09-06T07:40:00+00:00,2022-09-06T07:40:00+00:00
te:2187683,2022-09-06,2022,2022-09-06,fonio,svrcina,2022-09-06T10:45:00+00:00,2022-09-06T01:50:00+00:00,0.0,2022-09-08T22:00:00+00:00,2022-09-06,1.98,1.85,0.4830287206266319,-0.06791120561621031,0.6137207136154299,0.5308905187704469,0.0,0.0,0.5000000000000001,0.5153047784341904,0.0022185727708247116,165,132,False,False,False,bfa92f9cbc5de1919a2f65a3bdcaf1c17c0dc1fdcce4c9725fbc51d69e5cf79a,d06bb8217ea864978f784a302fabc2df0d2f39f776833874db951ea7c7af47fd,1.91,1.91,True,2022-09-06T08:20:00+00:00,2022-09-06T08:20:00+00:00
te:2187689,2022-09-06,2022,2022-09-06,debru-5353d,olivetti,2022-09-06T10:05:00+00:00,2022-09-05T22:18:00+00:00,0.0,2022-09-08T22:00:00+00:00,2022-09-06,1.63,2.28,0.5831202046035805,0.3355954281476782,0.6389038558893495,0.23501430459210515,1.85,0.016666666666666666,0.7002215614781293,0.7422655671497846,2.554248479391674e-10,64,31,False,False,False,28da8b0ee0c21520e06261fa73465d0bc66ec24d82d2bb111eec20141e7a73ef,f56127974daf788649ba9924a67f7e8592f759a1ba2a866e5fd4aa40affd51e6,1.6,2.37,True,2022-09-06T08:07:00+00:00,2022-09-06T09:25:00+00:00
te:2187695,2022-09-06,2022,2022-09-06,piros,de-schepper,2022-09-06T13:45:00+00:00,2022-09-05T22:17:00+00:00,0.0,2022-09-08T22:00:00+00:00,2022-09-06,1.87,1.93,0.5078947368421052,0.03158157205029858,0.5965104065117688,0.3593644185239924,0.85,0.85,0.6940529332034168,0.6128806949424157,4.195871428080977e-11,146,178,False,False,False,65db20f7db296779e00bbfd2a85bf7ccb89a7a886943fc8c0195333ee92cdd9e,99a160ee30ea7533f1efb89d6d7af60ebc4d934cf64275c33fa8cb13b210ccd5,1.86,1.96,True,2022-09-06T13:26:00+00:00,2022-09-06T13:26:00+00:00
te:2188309,2022-09-09,2022,2022-09-09,harris-5a94c,brymer-9177b,2022-09-09T03:00:00+00:00,2022-09-06T12:19:00+00:00,1.0,2022-09-11T22:00:00+00:00,2022-09-09,1.87,1.94,0.5091863517060368,0.03674954220874159,0.5879028726722249,0.3185531420084985,0.7166666666666667,0.7166666666666667,0.6611010996080796,0.5753933084020395,7.991163286646952e-12,298,237,False,False,False,cdda6bc9213139634b62915b6536144411358712c3748b8d3e30174b9060f2d4,84f881d1c97fd8299329d911f7a4e2a83167f12b4360db9d984c75c9eb224861,1.99,1.83,True,2022-09-07T23:36:00+00:00,2022-09-06T12:22:00+00:00
te:2188313,2022-09-09,2022,2022-09-09,jasika,istomin,2022-09-09T03:00:00+00:00,2022-09-06T07:46:00+00:00,0.0,2022-09-11T22:00:00+00:00,2022-09-09,1.9,1.9,0.5,0.0,0.5915502532897751,0.37037775121603,0.8333333333333334,0.8333333333333334,0.6162514365952162,0.540565172305661,6.451138234719878e-11,152,92,False,False,False,576f3a3dd30d6d13263348f11127e5a09de2d5b5b0d60cb1444e26113a31845a,b7abe93287e00d6495086b92bc3c3d5a82d4b80c47ec3ab13086282fc33b5294,1.88,1.94,True,2022-09-07T23:31:00+00:00,2022-09-07T23:31:00+00:00
te:2188987,2022-09-09,2022,2022-09-09,grenier-baaf0,uchida-ea757,2022-09-09T11:10:00+00:00,2022-09-08T04:11:00+00:00,1.0,2022-09-11T22:00:00+00:00,2022-09-09,1.88,1.93,0.5065616797900262,0.026248226074936154,0.5769008155591816,0.28381549873540435,0.48333333333333334,0.48333333333333334,0.7187414481799241,0.6139867192545043,5.616282439113718e-11,184,179,False,False,False,e0076f1825cad720fb3eddcebe11c43782b2cbba5401a2379aecd276676395c0,0a0a7af7f64ed3c3ab4ac4ca0139fc94ed68914f10219a40a2036f951691b2a6,1.99,1.85,True,2022-09-09T08:53:00+00:00,2022-09-09T08:53:00+00:00
te:2189903,2022-09-09,2022,2022-09-09,kovalik,ymer,2022-09-09T10:35:00+00:00,2022-09-08T15:48:00+00:00,1.0,2022-09-11T22:00:00+00:00,2022-09-09,1.76,2.09,0.5428571428571429,0.1718502569266595,0.6249808396200255,0.3388936167201216,0.8333333333333334,0.2,0.6348670740200676,0.6629724006608383,1.9601829603921317e-09,143,169,False,False,False,9de8d13dbd482839d5d631ce570768140813082a3333b9a54094e60eea486472,829e304754a985bbca54e99942db42b9e2adf421bf6a9453e6c9262d13c484cf,1.74,2.13,True,2022-09-09T10:20:00+00:00,2022-09-09T07:48:00+00:00
te:2190013,2022-09-09,2022,2022-09-09,maestrelli,lestienne,2022-09-09T13:15:00+00:00,2022-09-08T22:30:00+00:00,1.0,2022-09-11T22:00:00+00:00,2022-09-09,1.85,1.97,0.5157068062827225,0.06284790365966353,0.6020245416029931,0.3510599665364349,0.7,0.0,0.5000000000000001,0.5532587396021472,0.004368688516460523,186,174,False,False,False,99cbbba2fa376cb7d914ab14a6b68742310809bf4279968e08d0cc1874d6c338,754e0974c72774c65e1c9ab7f4f63ccdc612d84d2320c238e0d178a1e2c39f14,1.81,2.04,True,2022-09-09T13:00:00+00:00,2022-09-09T13:00:00+00:00
te:2190105,2022-09-09,2022,2022-09-09,carballes-baena,diaz-acosta,2022-09-09T17:10:00+00:00,2022-09-09T01:37:00+00:00,0.0,2022-09-11T22:00:00+00:00,2022-09-09,2.11,1.75,0.4533678756476684,-0.18707215955255246,0.5921797319525567,0.5600557917748435,1.0,0.0,0.7316646939846864,0.6390143356105683,1.575252317476128e-08,197,117,False,False,False,02a15ba06ad6554a5b7be06d419e5b5bd07b77c8d5a74dbcc990d1beb57723a4,d68f500d6a6cecf0fef713ec4d4861a01bb656858a599697ad5eae0c2ae6afeb,2.18,1.71,True,2022-09-09T16:09:00+00:00,2022-09-09T16:09:00+00:00
te:2192082,2022-09-13,2022,2022-09-13,novak-77d05,tirante,2022-09-13T08:40:00+00:00,2022-09-11T20:09:00+00:00,1.0,2022-09-15T22:00:00+00:00,2022-09-13,1.8,2.01,0.5275590551181102,0.11034805716886517,0.6365556393209771,0.45009755176958677,0.75,0.016666666666666666,0.6969404912023136,0.6784803814857786,4.1323435506779305e-09,176,145,False,False,False,d4f51d44d81fb6efcbda7e7a1d8e9249c28dbbcd19dc00eee094a5ceabc2e2ae,d5dd47758122a023a188ca7894a7f093f0f7d2dd07fd1a7bd48d4724221e82be,1.7,2.18,True,2022-09-13T06:07:00+00:00,2022-09-13T06:07:00+00:00
te:2192116,2022-09-13,2022,2022-09-13,thiem-cd8bc,simon-04c62,2022-09-13T17:20:00+00:00,2022-09-12T09:32:00+00:00,1.0,2022-09-15T22:00:00+00:00,2022-09-13,1.97,1.83,0.48157894736842105,-0.07371757589656758,0.5877715165765043,0.428478103980769,0.0,0.0,0.7214596066753336,0.6264082239624732,9.66587920814277e-13,57,129,False,False,False,64bea2bbd64c85cfa5e18ff163a42f334d64269aeaed5d016b864cde422a1269,24e9df0b3908f6e72f56ecf691f738540a31d4ddc80b8cc9ca58713c91c22b33,1.93,1.89,True,2022-09-13T17:01:00+00:00,2022-09-13T17:01:00+00:00
te:2192120,2022-09-13,2022,2022-09-13,barrere-ea847,moriya,2022-09-13T10:20:00+00:00,2022-09-12T09:30:00+00:00,0.0,2022-09-15T22:00:00+00:00,2022-09-13,2.03,1.79,0.46858638743455505,-0.12582017320103203,0.573651396428119,0.42258473185574574,0.7666666666666667,0.7666666666666667,0.5963489933872524,0.5000000000000001,0.0017943430934951876,135,135,False,False,False,8dbe51ab9de562dc8fdf6b2a3fec30153b234ee2b1a11f9158acda15dcdece2d,9cddda0582f451f0a0e20f9ff0b3cf1a0ba9e9a2aea6d607e2ef4fe61edd3c75,2.02,1.81,True,2022-09-13T09:45:00+00:00,2022-09-13T09:45:00+00:00
te:2193430,2022-09-13,2022,2022-09-13,uchiyama,young-6ada8,2022-09-13T20:35:00+00:00,2022-09-13T07:18:00+00:00,1.0,2022-09-15T22:00:00+00:00,2022-09-13,1.94,1.88,0.4921465968586388,-0.03141619623337862,0.5801001732445318,0.3546008222464831,0.0,0.0,0.7121694451333495,0.6112782605334574,1.1100984020906424e-10,106,78,False,False,False,d4505bd57841d1081615c3f34677b2e90b3cca7056e845c5619e93e274069832,4ac680ef18c3920213c77fb92026dad002a9434e7d17bc9fdf19603b656b7f57,2.04,1.79,True,2022-09-13T16:45:00+00:00,2022-09-13T16:45:00+00:00
te:2194524,2022-09-16,2022,2022-09-16,humbert-e2553,brouwer-44152,2022-09-16T15:30:00+00:00,2022-09-16T07:30:00+00:00,0.0,2022-09-18T22:00:00+00:00,2022-09-16,1.68,2.24,0.5714285714285715,0.28768207245178123,0.6210662334761883,0.20639422865765922,0.8666666666666667,0.23333333333333334,0.7278075735822509,0.6672894692540328,7.1601335971394064e-12,122,209,False,False,False,5b7e54f6759bc6e1b370278939df14c90835ef14fe2a9bc373e82b91e255e505,6ceebb7d67bb87e9fd0968d50c79622bdf467a90d1f5c4f22d0e39696eec0e60,1.76,2.11,True,2022-09-16T14:07:00+00:00,2022-09-16T14:07:00+00:00
te:2194756,2022-09-16,2022,2022-09-16,blancaneaux,mayot,2022-09-16T08:10:00+00:00,2022-09-16T05:47:00+00:00,0.0,2022-09-18T22:00:00+00:00,2022-09-16,1.83,2.0,0.5221932114882506,0.08883121370661551,0.6142800112948156,0.3765079665781948,0.7833333333333333,0.11666666666666667,0.5767579434540091,0.5515756315751339,1.2553375783319609e-08,191,169,False,False,False,6c7de1471dec31234ebddd8a19c4e654b34d9d4d0f1f8b46e6090a0b2e9ae35d,56d68e97409fd1f53f0724604c519af7a89e44c18b4c4d63d05fb2e1efb3e19c,1.76,2.09,True,2022-09-16T07:52:00+00:00,2022-09-16T07:52:00+00:00
te:2194814,2022-09-16,2022,2022-09-16,brancaccio,del-bonis,2022-09-16T13:15:00+00:00,2022-09-15T20:38:00+00:00,1.0,2022-09-18T22:00:00+00:00,2022-09-16,1.98,1.85,0.4830287206266319,-0.06791120561621031,0.6183144885282453,0.5503114136149941,0.6166666666666667,0.11666666666666667,0.5993861368974244,0.6303139720330927,1.6476126019071557e-10,168,121,False,False,False,2e7303d328702a50f03aa7afc61d5c0f752aaabbc23d75c9a0429ffe87a5fdd8,2d2680c5bc1e7806e912114768fdaf1a617c83ddf841260a978307e80e12dc24,1.91,1.93,True,2022-09-16T12:12:00+00:00,2022-09-16T12:12:00+00:00
te:2194868,2022-09-16,2022,2022-09-16,gaston-e1fa4,paire-4a33b,2022-09-16T17:35:00+00:00,2022-09-15T20:34:00+00:00,0.0,2022-09-18T22:00:00+00:00,2022-09-16,1.78,2.07,0.5376623376623377,0.1509352429732842,0.6120138667323587,0.3048500973580659,0.0,0.0,0.6020118238383253,0.5638235341391287,4.813046905471907e-10,142,108,False,False,False,7c1bc131e15f5c528c6058463b60efeb6628c27c8bb74a34f93a373e4c9b50c1,8aa8fe410105c0ea5af52cfa60ef1718b0a073e377f0f2265a5c2a3fa86904fc,1.81,2.05,True,2022-09-16T15:59:00+00:00,2022-09-16T16:34:00+00:00
te:2194986,2022-09-16,2022,2022-09-16,novak-77d05,choinski,2022-09-16T16:15:00+00:00,2022-09-16T00:04:00+00:00,0.0,2022-09-18T22:00:00+00:00,2022-09-16,1.94,1.88,0.4921465968586388,-0.03141619623337862,0.6201753524112145,0.5217087682501713,1.7666666666666666,1.0333333333333334,0.7732467718223033,0.6971426444985281,3.6500130695671373e-10,176,95,False,False,False,8828977660905e0a84d90aca28a441ccd57507d3be0884278ffa055b4ccb3aec,74ab1e4df385d869021109a6d417152f96bacdd5198ad4a630620c558d598bd4,1.9,1.93,True,2022-09-16T14:14:00+00:00,2022-09-16T14:14:00+00:00
te:2194988,2022-09-16,2022,2022-09-16,thiem-cd8bc,andreev-8a7ee,2022-09-16T18:50:00+00:00,2022-09-16T07:31:00+00:00,1.0,2022-09-18T22:00:00+00:00,2022-09-16,2.17,1.7,0.43927648578811374,-0.24409891649019763,0.5182955072234131,0.31731363284359515,1.0333333333333334,0.13333333333333333,0.7469923036184203,0.5936835584496076,7.1417952662855555e-09,60,139,False,False,False,481bda880bf32ddc8ba9d1ace45f38364d56bae6f4a4cb8ca29e6ea1fc2c1f8f,0a12660aa297fb4c330f3cbad2f12bc721af47069b3d91dc9574b0f78888a440,2.16,1.72,True,2022-09-16T18:16:00+00:00,2022-09-16T18:16:00+00:00
te:2195088,2022-09-16,2022,2022-09-16,mmoh,uchiyama,2022-09-16T20:10:00+00:00,2022-09-16T06:19:00+00:00,1.0,2022-09-18T22:00:00+00:00,2022-09-16,1.89,1.93,0.5052356020942408,0.020943173845242972,0.6183612407568977,0.4616551400494982,0.6666666666666666,0.16666666666666666,0.6194045805245898,0.5929234335619952,5.873019848223748e-10,152,106,False,False,False,feaf8f7b16c5c696e73989d07ea8a9dec2de74d22ea48eb4ca1676602bb95b48,e461e08c5b4bc0b7c4724cc9aface8680fb4e384a854b93aaadeda16887ee099,1.85,1.99,True,2022-09-16T18:11:00+00:00,2022-09-16T18:11:00+00:00
te:2195978,2022-09-20,2022,2022-09-20,andreev-8a7ee,caruso-7cfdb,2022-09-20T11:15:00+00:00,2022-09-19T08:08:00+00:00,1.0,2022-09-22T22:00:00+00:00,2022-09-20,1.94,1.86,0.4894736842105264,-0.04211148535012657,0.6189512482055378,0.5272106715693224,1.55,1.55,0.6039891658269526,0.5866912243932667,9.79835768077919e-10,145,105,False,False,False,e1107adf4ca82cf3e428fe523474c60eef8f1dc307063b7f02e3707ae7687462,057a3176a690e8385f14613e157f4440d9d45c1437e7e008705bf257a89af67e,1.83,2.0,True,2022-09-20T08:48:00+00:00,2022-09-20T08:48:00+00:00
te:2196038,2022-09-20,2022,2022-09-20,valkusz,copil-9c2cf,2022-09-20T08:45:00+00:00,2022-09-19T04:50:00+00:00,1.0,2022-09-22T22:00:00+00:00,2022-09-20,1.98,1.83,0.48031496062992135,-0.07878087785311394,0.5945551419899959,0.4616094641103465,0.31666666666666665,0.31666666666666665,0.6944149372917428,0.6109991945978972,7.473310859040794e-11,88,130,False,False,False,f7f83b2aada8f40bb0bffa1badae1791aeb5f651559dea2fd0be09ca87584654,f2ec2e3363dcb678a77bc29d33a3061d8a4227b0aeab4077cae6b804311aa859,1.93,1.89,True,2022-09-20T08:24:00+00:00,2022-09-20T08:24:00+00:00
te:2196046,2022-09-20,2022,2022-09-20,dzumhur,horansky,2022-09-20T09:40:00+00:00,2022-09-19T04:46:00+00:00,0.0,2022-09-22T22:00:00+00:00,2022-09-20,2.12,1.72,0.44791666666666663,-0.20909179785855955,0.5956434294571832,0.5964369241125345,0.25,0.25,0.5653417615386926,0.5000000000000001,0.011315417454605764,143,141,False,False,False,e90af211cf47d5eaa5fa89ce7fbad3ca2ae94b6e88464fa8720931d19f4f3414,a9b2a4ea98855be544e6c74b13aa6b7e5439e631ec1afad964b34773c81bc5d6,2.1,1.75,True,2022-09-20T06:03:00+00:00,2022-09-19T17:28:00+00:00
te:2197836,2022-09-20,2022,2022-09-20,fonio,madaras,2022-09-20T12:10:00+00:00,2022-09-19T20:54:00+00:00,0.0,2022-09-22T22:00:00+00:00,2022-09-20,2.0,1.81,0.4750656167979003,-0.09982033528221068,0.5932498697205357,0.4772369446022853,0.0,0.0,0.6694017129527188,0.58871823889939,2.158482553804575e-08,173,224,False,False,False,f97afb0fc7d00c0d5ec8b9069eb6e6610c7cfb1b249a0781cf615675124ef5a9,866658ed8420ac1eca3e6a54d781b2d07436fb3b6de0cf7e2db1c59273950b0f,2.03,1.8,True,2022-09-20T10:29:00+00:00,2022-09-20T10:29:00+00:00
te:2197944,2022-09-20,2022,2022-09-20,oliveira-43505,blanchet,2022-09-20T09:10:00+00:00,2022-09-19T19:08:00+00:00,0.0,2022-09-22T22:00:00+00:00,2022-09-20,1.85,1.94,0.5118733509234827,0.04750233398500287,0.5977171266181668,0.3484597693476812,0.8333333333333334,0.8333333333333334,0.5000000000000001,0.561666798605525,0.013896078633308495,125,170,False,False,False,010f302e9d0acd88b36d5afb17074b3cb6a16b19a2a4fc41654e9a4e39a477ec,dda296ae14379335206d9d1cc1b3710eb100a75b5d1978c46928a6fa820d2ce5,1.91,1.91,True,2022-09-20T08:46:00+00:00,2022-09-20T08:46:00+00:00
te:2199772,2022-09-23,2022,2022-09-23,hijikata,stricker,2022-09-23T15:05:00+00:00,2022-09-22T03:19:00+00:00,1.0,2022-09-25T22:00:00+00:00,2022-09-23,1.76,2.09,0.5428571428571429,0.1718502569266595,0.6142665066811162,0.2934319278266333,0.0,0.0,0.6518634875260642,0.7177067235462561,5.774926370438749e-10,180,143,False,False,False,b094fd402925f831237492c5faa73083a0db306b29c3ee1f645cacb2308d45be,08495eb0cb1f2a14cfc1a923b391513805ecc0362324b6ceb1b4085dec97c969,1.71,2.17,True,2022-09-23T14:22:00+00:00,2022-09-23T14:22:00+00:00
te:2199806,2022-09-23,2022,2022-09-23,kingsley-84b50,vukic,2022-09-23T15:05:00+00:00,2022-09-22T03:19:00+00:00,0.0,2022-09-25T22:00:00+00:00,2022-09-23,1.62,2.32,0.5888324873096447,0.3591410364339258,0.607918592334639,0.07943045153595851,0.3,0.3,0.5000000000000001,0.5390029117669958,0.02568475222859648,74,116,False,False,False,cb1a7d77f57265d5c658bd68f5c531a4f9435e6b4a7eba04c28b33def0027699,782e0f3803369bef563f401dcf579f5b6a639912a6ef211604a37135cadd13d2,1.61,2.38,True,2022-09-23T11:38:00+00:00,2022-09-23T12:19:00+00:00
te:2200932,2022-09-27,2022,2022-09-27,gaston-e1fa4,masur-d87d6,2022-09-27T16:55:00+00:00,2022-09-25T13:59:00+00:00,1.0,2022-09-29T22:00:00+00:00,2022-09-27,1.79,2.03,0.5314136125654451,0.12582017320103248,0.6312205614600618,0.411636433194119,0.6833333333333333,0.05,0.7606554573177581,0.7003861444391802,1.656778603198461e-10,147,179,False,False,False,361430cd3a3d7db3e44a7420662372c46c26614defcd31e52ec1d52e63a7933a,f36bac81f00e7905b8944ffb881105178f183ca4c37d183d8604a7d6a9c80d74,1.7,2.18,True,2022-09-27T13:10:00+00:00,2022-09-27T12:10:00+00:00
te:2201370,2022-09-27,2022,2022-09-27,elias-3e14c,cachin,2022-09-27T13:55:00+00:00,2022-09-25T13:59:00+00:00,1.0,2022-09-29T22:00:00+00:00,2022-09-27,1.9,1.9,0.5,0.0,0.6126071350961044,0.458284508666715,0.48333333333333334,0.48333333333333334,0.6512113767933487,0.719588661898253,6.790311368742863e-10,110,198,False,False,False,1600576395de897966847594d75c0cc6b8d69f2fec8a40390de891f4191b504f,126a1a312aa9f3ed9add41f4d6807539def24aac42c6125dded392e139c1b2d7,1.83,1.99,True,2022-09-27T04:15:00+00:00,2022-09-27T04:15:00+00:00
te:2204767,2022-09-30,2022,2022-09-30,seyboth-wild,darderi,2022-09-29T23:25:00+00:00,2022-09-28T21:52:00+00:00,0.0,2022-10-02T22:00:00+00:00,2022-09-30,1.98,1.84,0.48167539267015713,-0.07333127308554936,0.5858824035855574,0.4203003832479914,0.2833333333333333,0.2833333333333333,0.5545477255256306,0.6400226581117823,9.03038438471171e-09,103,177,False,False,False,d6856da0b4abf5f6da96b710dfb1452e38ed0c5eb414cafe9bfc6d3bf76622c4,468166164f18773b7af76545badee1d61a25300e8794c9e89843b4b601692e54,1.93,1.91,True,2022-09-29T19:59:00+00:00,2022-09-29T23:18:00+00:00
te:2204855,2022-09-30,2022,2022-09-30,ugo-carabelli,olivo,2022-09-30T19:10:00+00:00,2022-09-29T04:18:00+00:00,1.0,2022-10-02T22:00:00+00:00,2022-09-30,1.95,1.87,0.4895287958115184,-0.041890941709159774,0.6091451878219218,0.4856114179792328,1.4,0.2,0.535334307456151,0.5000000000000001,0.0013588517162634178,149,162,False,False,False,7cb68bab9c5ba2eff4bdbaa99cda4a0e0150db5faf6891608a85a8db42d614e0,82ab0dea63d163ea6fb8ec68e7b7cc69c362086465a9b92b5dbdbc70b2cf7a24,1.89,1.94,True,2022-09-30T17:24:00+00:00,2022-09-30T17:24:00+00:00
te:2204999,2022-09-30,2022,2022-09-30,halys,furness,2022-09-30T12:40:00+00:00,2022-09-29T20:58:00+00:00,1.0,2022-10-02T22:00:00+00:00,2022-09-30,1.71,2.16,0.5581395348837209,0.23361485118150513,0.6664712501746071,0.45865308397181004,0.23333333333333334,0.23333333333333334,0.8366785312985896,0.7756102336341774,8.566480858007708e-13,197,155,False,False,False,8f845f42759c0582e5cc6756b0944fd9d0274927e8780a35de09d08606dc42cb,3e0adac9293c51ede487d9f707187045430e44a6e4c5f1118183be8bcd7d5b2d,1.64,2.32,True,2022-09-30T09:04:00+00:00,2022-09-30T09:04:00+00:00
te:2205021,2022-09-30,2022,2022-09-30,barrere-ea847,gasquet,2022-09-30T15:15:00+00:00,2022-09-29T20:59:00+00:00,1.0,2022-10-02T22:00:00+00:00,2022-09-30,1.74,2.11,0.548051948051948,0.19280283426153733,0.6236491014024593,0.31226308929859536,0.65,0.016666666666666666,0.6509748355406341,0.6965416582269414,3.364850897913385e-10,142,154,False,False,False,5f6fb9ac8f231a6c620ad337f5206bf109260fac50fddeb06e4fe44ca9759695,b0cf1ed0ecd4c4ebb5f3f104434f0a096758207c3c04a94a1217c5f4b7886e7e,1.66,2.26,True,2022-09-30T11:34:00+00:00,2022-09-30T12:36:00+00:00
te:2205071,2022-09-30,2022,2022-09-30,misolic,zeppieri,2022-09-30T09:10:00+00:00,2022-09-30T00:06:00+00:00,0.0,2022-10-02T22:00:00+00:00,2022-09-30,1.78,2.06,0.5364583333333334,0.14609261849749608,0.6278446531663404,0.37688878368261824,0.9833333333333333,0.25,0.6439993715684748,0.6657196178026513,8.124326211778055e-11,150,122,False,False,False,8b51b220bb7cf52598091b70a753fa02daca5af1c2abf268fbc8e84de4ac6c28,10d373d24b19ba812862d9980d736f02566c4c39ba85bff0443495f88e5b2a9c,1.75,2.13,True,2022-09-30T08:49:00+00:00,2022-09-30T08:49:00+00:00
te:2205225,2022-09-30,2022,2022-09-30,gaston-e1fa4,sock,2022-09-30T19:15:00+00:00,2022-09-29T23:57:00+00:00,0.0,2022-10-02T22:00:00+00:00,2022-09-30,1.85,1.97,0.5157068062827225,0.06284790365966353,0.6323650258430857,0.4795283684521029,0.36666666666666664,0.36666666666666664,0.6784280923665442,0.7193769874688039,4.275008796961188e-08,146,135,False,False,False,d110df04c7fa7038ea0d5c8f3894c96ead398852bdb9d3f0e30d8bb69338e413,9a288af5130a9ef5d3e55f305c5f7b846a9ca43c344d824aa8c0c27d74a3652f,1.8,2.05,True,2022-09-30T16:39:00+00:00,2022-09-30T16:39:00+00:00
te:2205289,2022-09-30,2022,2022-09-30,navone,seyboth-wild,2022-09-30T18:10:00+00:00,2022-09-30T05:52:00+00:00,0.0,2022-10-02T22:00:00+00:00,2022-09-30,1.95,1.86,0.48818897637795283,-0.04725288485054525,0.6220554695927826,0.5455347131260536,1.9166666666666667,0.6833333333333333,0.6133537560399045,0.6062353677083044,2.9261890077680874e-08,153,105,False,False,False,33ef53c00c4c3241385780d7a62bdd508756b02c29c9720ae34b44002944d451,4fa503fae698b68c20f352fc678a07be82270d0d2f1f3f269a9faf4abb8fb24e,1.9,1.93,True,2022-09-30T17:39:00+00:00,2022-09-30T17:39:00+00:00
te:2205379,2022-09-30,2022,2022-09-30,cecchinato,taberner,2022-09-30T13:55:00+00:00,2022-09-30T12:34:00+00:00,1.0,2022-10-02T22:00:00+00:00,2022-09-30,1.87,1.95,0.5104712041884817,0.041890941709160225,0.6326242747573202,0.5016006425641722,1.1666666666666667,0.13333333333333333,0.6922860373186859,0.6666414557062954,9.200160300260052e-08,153,163,False,False,False,d539cb07d5103b226ad695df613460bd0f2b008d279126accb10d4f0deaedb4d,7dfd1f62c3246d5206869f1720e283fb4b9960a401f980a9fcd2f3250d4c9b7e,1.81,2.02,True,2022-09-30T12:59:00+00:00,2022-09-30T12:59:00+00:00
te:2206207,2022-10-04,2022,2022-10-04,wolf-e839f,masur-d87d6,2022-10-04T08:40:00+00:00,2022-10-02T21:07:00+00:00,0.0,2022-10-06T22:00:00+00:00,2022-10-04,1.86,1.94,0.5105263157894737,0.042111485350127015,0.6139000362018332,0.421624312546222,0.65,0.08333333333333333,0.7866986348762531,0.7009919484787555,9.324402361343687e-12,176,179,False,False,False,6356fd8262a31c19a00ba2651fa8323a4c4bf81f88f3404c8c27754faeb944b6,072db2230126c49bdb5cf02978c05506b9b8dd2a971aabef49c7eea51bb8798e,1.83,2.0,True,2022-10-04T05:36:00+00:00,2022-10-04T05:36:00+00:00
te:2208007,2022-10-04,2022,2022-10-04,travaglia,ovcharenko-bb3a3,2022-10-04T10:05:00+00:00,2022-10-04T03:42:00+00:00,1.0,2022-10-06T22:00:00+00:00,2022-10-04,1.96,1.84,0.4842105263157894,-0.06317890162153181,0.6184377211923906,0.5461013104783834,1.0333333333333334,1.0333333333333334,0.7149100807190076,0.6552151509804953,2.3019236516930164e-10,97,144,False,False,False,ebed439e178718bac8b40c57a275df963c66a577759004c3050eb2fdd1ae00f0,09ea8e4234bd1c441fd503878fa0e74db04e871069f6f0532e466455fee79c68,1.87,1.93,True,2022-10-04T09:47:00+00:00,2022-10-04T09:47:00+00:00
te:2208023,2022-10-04,2022,2022-10-04,brancaccio,yunchaokete,2022-10-04T10:35:00+00:00,2022-10-04T03:35:00+00:00,1.0,2022-10-06T22:00:00+00:00,2022-10-04,2.06,1.76,0.46073298429319376,-0.15739217375142914,0.5656570080227934,0.42154554930460675,0.0,0.0,0.6055237245983968,0.5000000000000001,0.012454317811979976,171,200,False,False,False,e4e62bde4062b00da9111776528f109c5c2ba8718c66c28ea4d7f7e5555c84a8,bc098ff397533d0844b9c82db10ae77580dffc0dac048e5483d8fb9ca6e395d1,1.99,1.83,True,2022-10-04T10:10:00+00:00,2022-10-04T09:32:00+00:00
te:2208435,2022-10-04,2022,2022-10-04,bourgue,bellier,2022-10-04T12:35:00+00:00,2022-10-04T03:39:00+00:00,1.0,2022-10-06T22:00:00+00:00,2022-10-04,1.66,2.24,0.5743589743589743,0.29965826349849645,0.6085117392811268,0.1414024113170162,0.38333333333333336,0.38333333333333336,0.6131019941132748,0.6752913123213158,4.048036905679453e-11,88,183,False,False,False,b0924aeec354a3f2f8401b9c33fe10912de3d8affef16888f961ec8320c168cb,eccd1a81e1e8aaef412b3ed5cf1b839ae66241e0b89665e473db10461e93ec92,1.7,2.18,True,2022-10-04T10:10:00+00:00,2022-10-04T11:15:00+00:00
te:2209625,2022-10-07,2022,2022-10-07,jubb,michelsen-a98bb,2022-10-06T23:55:00+00:00,2022-10-05T11:11:00+00:00,0.0,2022-10-09T22:00:00+00:00,2022-10-07,2.19,1.68,0.43410852713178294,-0.2651077504132419,0.5455030213253346,0.4476248282909789,0.3333333333333333,0.3333333333333333,0.714723735388784,0.583736745976557,5.334414904245577e-08,147,74,False,False,False,a6096566f6a161a7d74cf2f8c2de3fbf35c60e373aec80d640092924175ba514,261ebccff13ecaa7c4581880e1fab8d30b2f6e0d319ef476e02c90430763aed6,1.88,1.94,True,2022-10-06T21:51:00+00:00,2022-10-06T21:51:00+00:00
te:2210387,2022-10-07,2022,2022-10-07,svajda,escobedo-2bf83,2022-10-07T19:10:00+00:00,2022-10-06T04:19:00+00:00,1.0,2022-10-09T22:00:00+00:00,2022-10-07,1.8,2.04,0.53125,0.12516314295400602,0.6250757169251075,0.38598555274166046,0.3,0.3,0.6923157407305697,0.6509355901676868,2.347672611868745e-10,115,125,False,False,False,a182c401b7d4f07ac159d69e28610122dfd19aeee321737b34cd9202ba7899d8,f493d1049f7911528b481c0e7655f4ac5186896a27ae94b75613182692a97304,1.75,2.12,True,2022-10-07T15:36:00+00:00,2022-10-07T15:36:00+00:00
te:2210617,2022-10-07,2022,2022-10-07,klein-88a5e,caruso-7cfdb,2022-10-07T11:40:00+00:00,2022-10-07T00:07:00+00:00,0.0,2022-10-09T22:00:00+00:00,2022-10-07,1.85,1.97,0.5157068062827225,0.06284790365966353,0.6295782671044001,0.4675600990965566,0.7833333333333333,0.15,0.7519329123878143,0.6931484514211738,1.879089245315768e-09,115,102,False,False,False,eb1bc5be5b5064e3bc4fed8eeacd4a156ed7695d97b9adc62379367c5f901470,4b77765d83e163fa86e8587078bedae67ad128d5163c6a82e802230d50cadb4f,1.86,1.98,True,2022-10-07T11:21:00+00:00,2022-10-07T09:52:00+00:00
te:2210769,2022-10-07,2022,2022-10-07,gaston-e1fa4,gombos,2022-10-07T16:45:00+00:00,2022-10-07T00:33:00+00:00,0.0,2022-10-09T22:00:00+00:00,2022-10-07,1.79,2.05,0.5338541666666666,0.13562417329765303,0.6395813900549981,0.43792354969627484,1.3833333333333333,0.18333333333333332,0.7083326736530545,0.6890700899745503,4.4730399939574284e-10,145,204,False,False,False,8dd9b9981449c6484c476def682323ecaa27ecbab7176625e1cdefdb31db9b6d,887efb9d3d3ebf1dadcf1a04a08e5539fd2338dd90796cb0d52ed76102ba6e12,1.7,2.2,True,2022-10-07T15:59:00+00:00,2022-10-07T15:59:00+00:00
te:2211335,2022-10-11,2022,2022-10-11,svrcina,eubanks-b3a89,2022-10-11T01:40:00+00:00,2022-10-08T22:32:00+00:00,1.0,2022-10-13T22:00:00+00:00,2022-10-11,1.96,1.84,0.4842105263157894,-0.06317890162153181,0.612470621452336,0.520888216387861,1.3333333333333333,0.16666666666666666,0.6824960063096712,0.7629309844241425,3.1132291050672833e-08,134,143,False,False,False,bf9332e224f6f04cf0f4df35328891d3480b3b748cee93ea300fde78f1ca32c6,59df485845110f575032e3d9790b0ab59bed19261fc87f0e10ce09d719d6fa3a,1.78,2.06,True,2022-10-11T00:00:00+00:00,2022-10-11T00:00:00+00:00
te:2213465,2022-10-11,2022,2022-10-11,millman,moriya,2022-10-11T06:05:00+00:00,2022-10-10T11:55:00+00:00,0.0,2022-10-13T22:00:00+00:00,2022-10-11,1.97,1.83,0.48157894736842105,-0.07371757589656758,0.6158979200703311,0.5458904611159012,0.7,0.7,0.711224914258783,0.6493404257472053,1.0247804826946094e-09,115,141,False,False,False,7d125776c31d0da90c219b938ae9d7e4b773064dd16448df4ffe376eb4b0db54,8c1d0811dc1efd220051ebb5054de40645fd1fd0864b2a34d59b0b7200a31ea3,1.95,1.87,True,2022-10-11T02:03:00+00:00,2022-10-11T02:03:00+00:00
te:2214463,2022-10-11,2022,2022-10-11,nagal,dutra-da-silva,2022-10-11T13:10:00+00:00,2022-10-11T07:06:00+00:00,0.0,2022-10-13T22:00:00+00:00,2022-10-11,2.0,1.81,0.4750656167979003,-0.09982033528221068,0.6293295663447476,0.6291620587908491,1.25,0.35,0.657597503914249,0.6477555379243481,2.4264409875796034e-07,50,193,False,False,False,c41fd14d973ebc621b0a6468b81040a9972c1fa9ac47fc9184c328f1c6b2aa06,bcb68c4a9ed82ffd7c2fbb7a2419fc6adf1d7d6d648cbb6c806ef6512b0887f7,1.9,1.9,True,2022-10-11T12:53:00+00:00,2022-10-11T12:53:00+00:00
te:2216111,2022-10-14,2022,2022-10-14,cecchinato,pucinelli-de-almeida,2022-10-14T18:40:00+00:00,2022-10-14T05:00:00+00:00,1.0,2022-10-16T22:00:00+00:00,2022-10-14,1.78,2.07,0.5376623376623377,0.1509352429732842,0.6246006310158547,0.35818676891209844,0.5166666666666667,0.08333333333333333,0.6939968196353482,0.6510742245979251,2.6269125763533907e-10,163,144,False,False,False,1cf3ddd1a5b0040be1d8d0fb3146c1fd61c9a675d324d889e651be4044441145,08ac5ccb88eb2d2ecedded08ed4449bb4f57b03dc472a35fc66dc9d67b3a0301,1.83,2.02,True,2022-10-14T16:50:00+00:00,2022-10-14T16:50:00+00:00
te:2216147,2022-10-14,2022,2022-10-14,ayeni-bd31c,sandgren-fb235,2022-10-14T21:10:00+00:00,2022-10-14T04:46:00+00:00,1.0,2022-10-16T22:00:00+00:00,2022-10-14,1.88,1.94,0.5078534031413613,0.031416196233379066,0.6323380575888394,0.5108440749398052,2.183333333333333,0.05,0.7267876795339693,0.8011910747843791,5.497973618040497e-08,82,81,False,False,False,1b34c3b6fdfb6a0ab533608beb5ac995e82ff08c2abbb25efa2ab9c134dc7a43,aed1c02221402910a43ceab16b74ab3928a2249e105cb846e187511fd3bdd5cd,1.91,1.93,True,2022-10-14T20:56:00+00:00,2022-10-14T20:56:00+00:00
te:2216627,2022-10-18,2022,2022-10-18,polmans,duckworth,2022-10-18T03:55:00+00:00,2022-10-16T17:48:00+00:00,1.0,2022-10-20T22:00:00+00:00,2022-10-18,1.98,1.83,0.48031496062992135,-0.07878087785311394,0.5761583836725929,0.38580363335653767,1.1666666666666667,0.23333333333333334,0.6874745668200055,0.8059620464476417,1.5443424317140853e-11,44,121,False,False,False,af1c48356b7d2b8d8bd03b476a941127b8ee7b9aa6cb08985ec5a847d2d72884,eb2b8416aa6f1cc576de0e9b97f2902acc499203deebe168a25354e611c4234f,1.78,2.07,True,2022-10-18T02:57:00+00:00,2022-10-18T02:57:00+00:00
te:2217833,2022-10-18,2022,2022-10-18,cecchinato,seyboth-wild,2022-10-18T16:40:00+00:00,2022-10-16T23:10:00+00:00,0.0,2022-10-20T22:00:00+00:00,2022-10-18,2.09,1.74,0.4543080939947781,-0.18327895275028178,0.5880479865448,0.5391806367190835,1.4833333333333334,0.8833333333333333,0.789112947302931,0.6821482700523807,1.6590509827052458e-08,165,115,False,False,False,554b4c6d2ff303dd3f5d5a4028051031d172c18d69e4fb1bb3bbbed68597506b,600fcca8d83aed45ec3d04a3b08f978e532da3d773d39824af04440a7efecdcc,2.07,1.77,True,2022-10-18T16:29:00+00:00,2022-10-18T16:29:00+00:00
te:2217835,2022-10-18,2022,2022-10-18,diaz-acosta,casanova-dbdaf,2022-10-18T18:30:00+00:00,2022-10-16T23:09:00+00:00,1.0,2022-10-20T22:00:00+00:00,2022-10-18,1.94,1.86,0.4894736842105264,-0.04211148535012657,0.6123666783834569,0.49938289072611697,1.1166666666666667,1.1166666666666667,0.5231062165697087,0.5000000000000001,0.0015692966939588743,113,179,False,False,False,50c5e4a5162d36a59999f48310cf72d1132847b459d95ad350b6dc08046434b9,c425b3f6a5db1fbe2c3f55e6e303fe1ed9ff6d920bba595bd0a7b60516d6c59f,1.96,1.85,True,2022-10-18T14:32:00+00:00,2022-10-18T15:40:00+00:00
te:2219327,2022-10-18,2022,2022-10-18,donskoy,mayot,2022-10-18T17:20:00+00:00,2022-10-18T01:36:00+00:00,0.0,2022-10-20T22:00:00+00:00,2022-10-18,1.76,2.06,0.5392670157068064,0.15739217375142958,0.5998193647148963,0.24732034394343813,0.6166666666666667,0.6166666666666667,0.5000000000000001,0.5577117736980322,0.0002556090232726099,81,170,False,False,False,5db1ceccb74c5b17ce7afdb00b6574301fd2ca63eb9d647d5565844bd143edca,3bf32e2820b46696f39875da23e5bb1e9ee489124c2cf7a8d13bc6537a66e044,1.74,2.11,True,2022-10-18T10:49:00+00:00,2022-10-18T12:31:00+00:00
te:2219331,2022-10-18,2022,2022-10-18,paulson-c9bf3,domingues,2022-10-18T09:50:00+00:00,2022-10-18T01:30:00+00:00,0.0,2022-10-20T22:00:00+00:00,2022-10-18,1.84,1.97,0.5170603674540682,0.0682679711290029,0.616178318882554,0.40509035657545295,0.0,0.0,0.6713704932398825,0.6220508287795171,1.4327817343673388e-07,206,119,False,False,False,6210662b63188bcc0bbf4729f5eb49a4631cfc83652bd7f63f2fc4beec602440,8628a281640cb0f8702d327605a8572f3a702fdbdf4d142fedddd7de8f942d3d,2.02,1.81,True,2022-10-18T08:17:00+00:00,2022-10-18T08:17:00+00:00
te:2220045,2022-10-21,2022,2022-10-21,cerundolo-08df6,etcheverry-7101a,2022-10-21T14:15:00+00:00,2022-10-19T22:06:00+00:00,1.0,2022-10-23T22:00:00+00:00,2022-10-21,1.94,1.88,0.4921465968586388,-0.03141619623337862,0.6152847069711597,0.5009977329841601,0.8,0.26666666666666666,0.5520580440728182,0.5393382336230556,2.763451125709082e-07,109,221,False,False,False,33b645ff882bad7f02e5e9c513d23f9e4454fd5650ecadc7bb250ca119ef6966,c757627dd2ade146bb7090e91bf0db0337aca1efcae4a54fb0c03498e7c6f0f4,1.78,2.08,True,2022-10-21T12:26:00+00:00,2022-10-21T12:26:00+00:00
te:2221093,2022-10-21,2022,2022-10-21,hong-0ce56,millman,2022-10-21T07:00:00+00:00,2022-10-20T05:24:00+00:00,1.0,2022-10-23T22:00:00+00:00,2022-10-21,2.2,1.68,0.4329896907216495,-0.26966356694910254,0.5438305527384251,0.4454369459851438,1.0,0.16666666666666666,0.6103653326555843,0.7449968280560622,1.4419726523939858e-10,104,115,False,False,False,7404c988094bf7d76a4be54300a8c5429b8bd0c35ec8e45f0da977dd2aa9bc85,abd877dd0bb93b5eb516cc6b6420466325f66f68b13201f618e5e71819873f97,2.07,1.79,True,2022-10-21T06:49:00+00:00,2022-10-20T18:13:00+00:00
te:2221159,2022-10-21,2022,2022-10-21,durasovic,escoffier,2022-10-21T11:10:00+00:00,2022-10-19T22:15:00+00:00,0.0,2022-10-23T22:00:00+00:00,2022-10-21,1.7,2.18,0.5618556701030928,0.24869662573882725,0.6521389993055162,0.3797581258931142,0.26666666666666666,0.26666666666666666,0.7248195223556557,0.741749325074118,3.3526831866304008e-09,145,181,False,False,False,13799c9ccd4d835728d9d00b7d9f752bfc8e047473fb6b8a1c626e69b75fcba9,7fbd841b23ee3d8f78742818730bcaf105e5abc848b9a7139d3dcc246b5ef96a,1.71,2.17,True,2022-10-21T06:24:00+00:00,2022-10-21T06:24:00+00:00
te:2221245,2022-10-21,2022,2022-10-21,bellucci-47e7e,kolar-d6d52,2022-10-21T13:05:00+00:00,2022-10-20T20:41:00+00:00,0.0,2022-10-23T22:00:00+00:00,2022-10-21,1.87,1.95,0.5104712041884817,0.041890941709160225,0.6000733319000257,0.3638797253211618,1.4333333333333333,1.4333333333333333,0.6412951872428789,0.5740337777109922,2.6153579302246044e-11,194,138,False,False,False,7d83874f9e7d7613bcacde8ed3574a368091b650430910a97e436df1bc386199,dbbe036b42d89759e710aba0592229d23a74d9967ffdfe9268b49aa8c955ee53,1.89,1.94,True,2022-10-21T10:49:00+00:00,2022-10-21T11:54:00+00:00
te:2221371,2022-10-21,2022,2022-10-21,agamenone,collarini,2022-10-21T14:10:00+00:00,2022-10-20T20:43:00+00:00,1.0,2022-10-23T22:00:00+00:00,2022-10-21,2.0,1.83,0.47780678851174935,-0.08883121370661573,0.6075429275956261,0.5258268875628976,0.0,0.0,0.5400601914561385,0.5000000000000001,0.009670446881754238,140,134,False,False,False,a2bc6fea38caafc3918f3b59a3a3111f6ed2240679c6525169a69f8b9d12954e,53f1ef19c336585a47f70373b863d4a1c669bd506092db5cbba355f82a5e2259,1.88,1.96,True,2022-10-21T10:39:00+00:00,2022-10-21T10:39:00+00:00
te:2221439,2022-10-21,2022,2022-10-21,varillas,mejia-a7d27,2022-10-21T18:40:00+00:00,2022-10-20T20:43:00+00:00,0.0,2022-10-23T22:00:00+00:00,2022-10-21,2.14,1.72,0.4455958549222798,-0.21848153820839833,0.5286764436712289,0.33331333098542204,0.7333333333333333,0.7333333333333333,0.7657189985988635,0.6186756608216268,1.3543027810314356e-11,169,151,False,False,False,a0b279c724642d06e7d72ef6c7a992faed4016ac9502a622d16a482cc6320da2,16f586d4ee29d46ba68b47258c0fbdc35c2c14d45157ce19af07cbbebb794038,1.92,1.92,True,2022-10-21T18:12:00+00:00,2022-10-21T18:12:00+00:00
te:2222765,2022-10-25,2022,2022-10-25,simon-04c62,lokoli,2022-10-25T17:25:00+00:00,2022-10-24T00:57:00+00:00,0.0,2022-10-27T22:00:00+00:00,2022-10-25,1.98,1.83,0.48031496062992135,-0.07878087785311394,0.6026841903984783,0.49544275207029514,1.0,1.0,0.5000000000000001,0.5518545380112914,0.004098459048766295,123,189,False,False,False,11bd89c872b07ddde44a828342e91bebfa4c1aa020473a4d862b0704cdffd4f7,41228afc6f719595b98b4e83398354a0620b26aab1b46a7fea2daef684b6c96d,1.81,2.01,True,2022-10-24T10:58:00+00:00,2022-10-24T10:58:00+00:00
te:2222773,2022-10-25,2022,2022-10-25,blancaneaux,debru-5353d,2022-10-25T10:35:00+00:00,2022-10-24T00:56:00+00:00,0.0,2022-10-27T22:00:00+00:00,2022-10-25,1.85,1.96,0.5144356955380577,0.05775883415219216,0.6013660084573504,0.3534012326453493,1.0166666666666666,1.0166666666666666,0.6015996719401734,0.5423752572876669,8.159894981929483e-11,203,89,False,False,False,bed537bfd7848d21ab5e24c3d391295f2441b4ca6babd408f9d1aba3d475b2e0,c469f8b034e4564ff7f1c7505dca8347e2b99b9cf40dcc560d47f7c413481a99,1.74,2.11,True,2022-10-25T10:26:00+00:00,2022-10-25T10:26:00+00:00
te:2222797,2022-10-25,2022,2022-10-25,vavassori,marozsan,2022-10-25T09:20:00+00:00,2022-10-24T01:11:00+00:00,1.0,2022-10-27T22:00:00+00:00,2022-10-25,1.74,2.1,0.5468749999999999,0.1880522315029392,0.6366503348889591,0.3728027131419704,0.0,0.0,0.6783404692049818,0.6940598960962431,2.5531858294236542e-09,140,162,False,False,False,888ca1ce5dc1a7422931d9468164986676a7fde5840e3a630eb730a3a4cc51c6,15a8be274d6a612bc187bdda8a2a56cb0890616587e11e587729d45302baa5ef,1.66,2.24,True,2022-10-24T21:46:00+00:00,2022-10-25T08:47:00+00:00
te:2226453,2022-10-28,2022,2022-10-28,sandgren-fb235,holt-669c7,2022-10-28T18:05:00+00:00,2022-10-26T23:06:00+00:00,1.0,2022-10-30T22:00:00+00:00,2022-10-28,1.87,1.95,0.5104712041884817,0.041890941709160225,0.6301214856611278,0.4908470813706571,0.9333333333333333,0.4,0.7116270147540359,0.7805833246847511,3.820857127911914e-08,88,182,False,False,False,8c724b1818e307e2b06c30fcd58589fc946a2afd61121a444f37ef8af73dce25,cf04fa0c5c4a6d0f91f3e3e67e88d6b4ee6732f095910953f5dd139fe03c6d60,1.79,2.07,True,2022-10-28T17:47:00+00:00,2022-10-28T17:47:00+00:00
te:2226489,2022-10-28,2022,2022-10-28,johnson-61d6e,ficovich,2022-10-28T18:05:00+00:00,2022-10-27T04:18:00+00:00,,,,1.81,2.03,0.5286458333333333,0.11470894777596129,0.5914940955455998,0.2554363852368898,0.35,0.35,0.7991230398757491,0.692779095872001,1.5247247908689587e-11,136,162,False,False,False,3a0a7bc32ed094e91c4fe2e3f468aff44839b23f65927105af0536bcea67361e,b7c5c9aeadbc473c8615a496eaa644a490f0f3d3886d8e78486c40ae3eed171f,1.8,2.05,True,2022-10-28T14:38:00+00:00,2022-10-28T14:38:00+00:00
te:2226557,2022-10-28,2022,2022-10-28,hijikata,duckworth,2022-10-28T02:05:00+00:00,2022-10-27T07:08:00+00:00,1.0,2022-10-30T22:00:00+00:00,2022-10-28,1.84,1.98,0.518324607329843,0.0733312730855498,0.6233459290068185,0.43044317221558376,0.0,0.0,0.6911038204802454,0.7596471716952939,3.299393591671418e-09,187,121,False,False,False,22cc4138f960540dd01bae0a4af682248ef95a8b6f331fb0de8bd78c80ad6c17,d96db1048ce70c2035f273be417c80cdbf175124c2e29f73f92ddf2c7b20cbe7,1.83,2.02,True,2022-10-28T01:59:00+00:00,2022-10-27T22:06:00+00:00
te:2226573,2022-10-28,2022,2022-10-28,jasika,kelly-ebf89,2022-10-28T00:40:00+00:00,2022-10-27T07:07:00+00:00,0.0,2022-10-30T22:00:00+00:00,2022-10-28,1.79,2.05,0.5338541666666666,0.13562417329765303,0.6086257373159943,0.3059150569169798,0.0,0.0,0.5980712885935372,0.5530493535404682,2.8828385734147588e-08,181,147,False,False,False,8ebfb9f8a55ad14b548a2600089ca2d0d02ef9ca6c3b79d74e6fe80b30d97186,4d34353a4745c74b829ab558721d118b0ac9b9930edcd5b796c31474fe1b515a,1.83,2.02,True,2022-10-27T23:29:00+00:00,2022-10-27T21:13:00+00:00
te:2226943,2022-10-28,2022,2022-10-28,bourgue,sels,2022-10-28T17:55:00+00:00,2022-10-27T23:09:00+00:00,1.0,2022-10-30T22:00:00+00:00,2022-10-28,1.69,2.19,0.5644329896907216,0.25917301489342737,0.5983091073242223,0.13925163823594078,1.3333333333333333,0.13333333333333333,0.5858818612275453,0.6584759253491257,4.461270128319761e-08,99,223,False,False,False,479f746e64c14871ff044a59258cad4fe3999c9d185a1555435c07f899737bae,d1a2a6caadef8fbbf7f92e9c0a835e8a085eab40c339935ce78a89da6c9668e5,1.67,2.26,True,2022-10-28T16:45:00+00:00,2022-10-28T17:27:00+00:00
te:2226947,2022-10-28,2022,2022-10-28,altmaier,rodriguez-taverna,2022-10-28T21:40:00+00:00,2022-10-27T23:08:00+00:00,1.0,2022-10-30T22:00:00+00:00,2022-10-28,1.78,2.05,0.5352480417754569,0.14122642884632308,0.6211139646002597,0.3530526924146728,0.8833333333333333,0.25,0.6137301175433826,0.600723187785466,2.526830519822276e-07,163,199,False,False,False,a0735a66ee2030a07f7471853e1b04f13095c2adbbdb8ba85000862d3c1dcdeb,4bbb921f1ea58581870f4757e9d99d9593c04dbca0387bc7939bd0f3c2f2ea96,1.79,2.07,True,2022-10-28T12:21:00+00:00,2022-10-28T18:49:00+00:00
te:2229647,2022-11-01,2022,2022-11-01,seelig,takahashi-aebfd,2022-11-01T01:15:00+00:00,2022-10-31T11:52:00+00:00,1.0,2022-11-03T23:00:00+00:00,2022-11-01,1.96,1.84,0.4842105263157894,-0.06317890162153181,0.5915588795361327,0.4335923548749826,1.2666666666666666,0.4,0.5720546894252065,0.5000000000000001,0.0191435155670355,172,73,False,False,False,ce1e7420028bbfa27e2063b3ec6676c83af0c26a2ed9db222f358332edc8351b,68e79730a82d0a92f1a804355ef259503d553fa599d4802141521ba146f1e7cb,2.04,1.79,True,2022-10-31T22:01:00+00:00,2022-10-31T19:57:00+00:00
te:2231003,2022-11-01,2022,2022-11-01,leshem,galarneau-32e1f,2022-11-01T16:40:00+00:00,2022-11-01T10:47:00+00:00,0.0,2022-11-03T23:00:00+00:00,2022-11-01,1.93,1.87,0.4921052631578948,-0.03158157205029858,0.601850024580836,0.44476110075234637,0.9166666666666666,0.9166666666666666,0.5972045798213901,0.6666368836098974,3.38793099130541e-09,157,150,False,False,False,bd9a8147f1771a89c58bc6af8ecd5dc184a49620e47a668c0e08f3a38d630002,76e4cf24089ad7697acf376ef8f6eaf9092af739407bdb678369a6f91be54c28,1.92,1.88,True,2022-11-01T14:06:00+00:00,2022-11-01T14:06:00+00:00
te:2231647,2022-11-04,2022,2022-11-04,o-connell-020b8,wu-f664e,2022-11-04T02:10:00+00:00,2022-11-02T05:46:00+00:00,1.0,2022-11-06T23:00:00+00:00,2022-11-04,1.78,2.07,0.5376623376623377,0.1509352429732842,0.6272142405544586,0.36934904760115006,0.0,0.0,0.7828630683946439,0.7102928934922028,3.500128359368304e-08,162,129,False,False,False,2d8740d902e6dbb92cd5065c799555da9f8d0d444b7b1252c4b4e41a4e71d41c,27827c26031e6447ebab9c0c3d4e08df3e6f655cb1653ad98892c56b9a77064c,1.8,2.06,True,2022-11-04T00:15:00+00:00,2022-11-04T00:15:00+00:00
te:2232235,2022-11-04,2022,2022-11-04,purcell-e05cf,schoolkate,2022-11-04T00:10:00+00:00,2022-11-03T06:10:00+00:00,1.0,2022-11-06T23:00:00+00:00,2022-11-04,1.76,2.08,0.5416666666666667,0.16705408466316649,0.5891894096884418,0.19356136826317263,1.3666666666666667,0.6666666666666666,0.7589294191889209,0.6585329230617767,1.9268933670879562e-10,148,165,False,False,False,7fc3ce26833147643d47edf3941e2639879e65f90f69d7986c73da44701fa566,982cbab75df3f251ca7d2c238c5e391597c671f52951ffe95aaf4b37f8ce4102,1.79,2.07,True,2022-11-03T23:29:00+00:00,2022-11-03T08:10:00+00:00
te:2232285,2022-11-04,2022,2022-11-04,serdarusic-5f7cc,millman,2022-11-04T02:15:00+00:00,2022-11-03T07:08:00+00:00,,,,1.79,2.05,0.5338541666666666,0.13562417329765303,0.612933354309906,0.32403514690089374,0.0,0.0,0.7154143108545926,0.8076788943074096,2.5217605781335806e-12,137,108,False,False,False,33e821b14fd05f17e39d3fe8f9740eceffab355a772c795193f0606d4317019b,344ececc2b00bba74217acfd958b35e358239f803b8029f7edbcfddb43346417,1.88,1.95,True,2022-11-04T00:46:00+00:00,2022-11-04T00:46:00+00:00
te:2232291,2022-11-04,2022,2022-11-04,shimabukuro,dzumhur,2022-11-04T05:00:00+00:00,2022-11-03T09:29:00+00:00,0.0,2022-11-06T23:00:00+00:00,2022-11-04,1.88,1.94,0.5078534031413613,0.031416196233379066,0.6149870397027271,0.43690800086598963,0.0,0.0,0.5220427610244841,0.5281320590505568,2.9497005248069197e-07,147,141,False,False,False,3465ca05ba9f779ceb3bf84179712af8d5d49346f5f6c8e415b59d836927f4ae,871af4f4e734b0e5874eb8bc75e311300fd23c358f35a86458c7725c81742b6e,1.86,1.97,True,2022-11-04T04:48:00+00:00,2022-11-04T04:48:00+00:00
te:2234159,2022-11-08,2022,2022-11-08,shelton-38989,smith-8b3b8,2022-11-08T17:45:00+00:00,2022-11-06T22:38:00+00:00,1.0,2022-11-10T23:00:00+00:00,2022-11-08,1.95,1.85,0.48684210526315796,-0.0526437334854217,0.5599150701942214,0.29346111477379555,1.3,0.03333333333333333,0.8048205895752947,0.6754976402712887,2.489667957905617e-08,98,142,False,False,False,039a7ba7db1f8c02493ef4809220d5c8dbe050fbbe0e9f8e8b6d55c753f6c993,668d37eff0e0757fa320989d81b3934e4be098562e217569f0cabb9aeef1a925,1.93,1.89,True,2022-11-08T17:35:00+00:00,2022-11-08T17:35:00+00:00
te:2234163,2022-11-08,2022,2022-11-08,gunneswaran,bicknell-8dc8a,2022-11-08T19:55:00+00:00,2022-11-06T22:39:00+00:00,0.0,2022-11-10T23:00:00+00:00,2022-11-08,1.94,1.85,0.4881266490765172,-0.047502333985003094,0.5803339108311371,0.37164661091016377,1.8333333333333333,0.6333333333333333,0.7125072108029985,0.6117877188906647,9.622291852195985e-11,111,123,False,False,False,a64837bead9b815c631a06517e33aeaf4547f9691dcf8d569dbdf62f61d49970,92c591005c8214d3b2be59161a2065068045e26d1175232e3942cafe36e1cdb0,1.91,1.91,True,2022-11-08T17:56:00+00:00,2022-11-08T17:56:00+00:00
te:2234963,2022-11-08,2022,2022-11-08,jung-270ad,watanuki-223ad,2022-11-08T02:35:00+00:00,2022-11-07T14:06:00+00:00,1.0,2022-11-10T23:00:00+00:00,2022-11-08,1.92,1.88,0.49473684210526314,-0.02105340919783241,0.6202239396773195,0.5115522509845895,1.4166666666666667,0.2833333333333333,0.6563768672634539,0.7130636501941139,1.575013730548136e-10,110,129,False,False,False,cc4325f9f48aed4f1730116f217bdb8e4344b28341cff9010d07998e847521a5,d112f0a9bbb2da9ee9167f15c79fe925a35ff778ae383ac7418249c5da7c24e8,1.93,1.89,True,2022-11-07T23:35:00+00:00,2022-11-07T23:35:00+00:00
te:2234965,2022-11-08,2022,2022-11-08,hong-0ce56,mukund,2022-11-08T01:10:00+00:00,2022-11-07T14:05:00+00:00,0.0,2022-11-10T23:00:00+00:00,2022-11-08,1.81,2.01,0.5261780104712042,0.10480787679324989,0.6105896445510827,0.3449835579689246,1.75,0.08333333333333333,0.5304598297156555,0.5000000000005346,0.024183363718839446,121,182,False,False,False,78da7c738d6d01bbf880202454039ea24538fe367d42319b65a2ae5ba7b600c9,6e532192cc4eb084b7632e7a46959574594bfa5a5764f29eed00844277efd735,1.78,2.07,True,2022-11-08T00:49:00+00:00,2022-11-08T00:49:00+00:00
te:2235345,2022-11-08,2022,2022-11-08,klein-88a5e,medjedovic,2022-11-08T16:20:00+00:00,2022-11-07T21:55:00+00:00,0.0,2022-11-10T23:00:00+00:00,2022-11-08,1.79,2.03,0.5314136125654451,0.12582017320103248,0.6152286377876055,0.3435245007798412,0.0,0.0,0.7560647065802835,0.6802578303090775,5.007560471836925e-08,146,144,False,False,False,e68e13580fbecd23652e0a4895177651610505c19601bd77ceccea756478650e,be9b4a19a396d46eaa0c9ffebc05219d9c70d46cfb0fb2b0515557c132578459,1.75,2.1,True,2022-11-08T14:21:00+00:00,2022-11-08T16:05:00+00:00
te:2235911,2022-11-08,2022,2022-11-08,blanch-d9f24,mccormick-1f674,2022-11-08T21:00:00+00:00,2022-11-08T07:38:00+00:00,1.0,2022-11-10T23:00:00+00:00,2022-11-08,2.04,1.78,0.4659685863874345,-0.13633644355213148,0.5985109631946348,0.5356010587445228,0.8,0.8,0.8347828960161222,0.7256754215550243,4.5146217320102267e-10,124,99,False,False,False,996221afdda3c481f570ad4d0ee08ffaf0ac25a32d92bc4473cb0c4dedbf5d14,9572b7348ed8afd0ea0416be095d92fc5f64de6cdb3215822dd773fa268d0af1,1.96,1.86,True,2022-11-08T18:11:00+00:00,2022-11-08T18:11:00+00:00
te:2235913,2022-11-08,2022,2022-11-08,krueger-d6035,hussey-d2863,2022-11-08T21:05:00+00:00,2022-11-08T07:36:00+00:00,0.0,2022-11-10T23:00:00+00:00,2022-11-08,1.92,1.88,0.49473684210526314,-0.02105340919783241,0.6004960527945714,0.4285858319766724,0.5166666666666667,0.5166666666666667,0.753857491444984,0.6644623938811264,2.842651114498551e-11,135,152,False,False,False,8d5f6942810b0901b37b5913199b5a6858b65851bf4e04938413d58347f69e81,d7f7d9b6bdaf50a671af557c473419e88bbaa2fbc2de513b321cbce507ac7321,1.88,1.93,True,2022-11-08T20:54:00+00:00,2022-11-08T20:54:00+00:00
te:2236547,2022-11-11,2022,2022-11-11,pospisil-9e7de,vacherot,2022-11-11T01:15:00+00:00,2022-11-09T19:42:00+00:00,1.0,2022-11-13T23:00:00+00:00,2022-11-11,1.68,2.19,0.5658914728682171,0.2651077504132419,0.5970953453905216,0.12826911285257275,0.0,0.0,0.7894248327103054,0.6893509097362424,1.559927464978017e-09,141,164,False,False,False,603f1998e4439879480bfba5a78fcca298759a600fd9343ed13ae8b458ac9507,33c9b445a6b0566c7b5ed8ea3989341f950b66f70e73fb3bccce8c075787e86f,1.74,2.12,True,2022-11-11T00:59:00+00:00,2022-11-11T00:59:00+00:00
te:2237075,2022-11-11,2022,2022-11-11,couacaud,kozlov,2022-11-11T17:10:00+00:00,2022-11-10T03:37:00+00:00,0.0,2022-11-13T23:00:00+00:00,2022-11-11,1.95,1.87,0.4895287958115184,-0.041890941709159774,0.6217216333605997,0.5387530552081062,1.25,0.5166666666666667,0.6899452733739053,0.6436554485620131,1.9320097188746388e-09,151,142,False,False,False,e7b78171de24a7996800d403ac3e9c6f7ae8ea1cf3de01a5dd34f8310666f06c,199807c0115ca586c9828b2c4a7540e12058c02a9d944ff00a11e3b79d50896c,1.94,1.88,True,2022-11-11T16:13:00+00:00,2022-11-11T13:56:00+00:00
te:2237105,2022-11-11,2022,2022-11-11,hong-0ce56,jung-270ad,2022-11-11T03:05:00+00:00,2022-11-10T07:00:00+00:00,0.0,2022-11-13T23:00:00+00:00,2022-11-11,1.87,1.95,0.5104712041884817,0.041890941709160225,0.6106277734904472,0.4080608565420491,1.4,0.3333333333333333,0.5000000000177011,0.5303206514580103,0.026759673627883007,125,112,False,False,False,84735e6b529f4b9c152d146922c2642af7dab6512b815104a9b1287b563b31d0,eb1705fb9fb081dfc20f00f2a8709e1be4498206d584a75cdd16c35b1f720ff5,1.83,2.01,True,2022-11-10T22:06:00+00:00,2022-11-10T23:32:00+00:00
te:2237593,2022-11-11,2022,2022-11-11,eubanks-b3a89,gerch-539c1,2022-11-11T22:45:00+00:00,2022-11-11T01:40:00+00:00,0.0,2022-11-13T23:00:00+00:00,2022-11-11,1.72,2.14,0.5544041450777203,0.21848153820839877,0.6176665269973126,0.26117397951566135,2.1666666666666665,0.7,0.8177856385192049,0.7262488782457015,8.850337129828745e-12,154,200,False,False,False,ee639eba6a2c1397b499abcee994654e6b9c4317be11b48746541fb72681f764,21f451f47f29f67b2a9cb0dee3b656ec82191cccfb6297d59a9820ded3b05726,1.71,2.19,True,2022-11-11T22:23:00+00:00,2022-11-11T22:23:00+00:00
te:2239075,2022-11-15,2022,2022-11-15,escoffier,ocleppo,2022-11-15T15:10:00+00:00,2022-11-13T21:56:00+00:00,1.0,2022-11-17T23:00:00+00:00,2022-11-15,1.93,1.88,0.4934383202099738,-0.026248226074936154,0.6078777695889431,0.4646484475099708,1.0333333333333334,0.26666666666666666,0.7855525624950577,0.6950745470939792,2.69971656141621e-10,174,32,False,False,False,05edca6f0bccc762e29b376d0f584a7e4aab83750b7e97d0a65a1bbb674ffcb4,c1752da789dcda850b6878ab37aa49a7e5ebb29bb8501edf75360214a3d46d9a,1.86,1.96,True,2022-11-15T14:43:00+00:00,2022-11-15T14:43:00+00:00
te:2240297,2022-11-15,2022,2022-11-15,baadi,jaziri,2022-11-15T02:35:00+00:00,2022-11-14T06:35:00+00:00,1.0,2022-11-17T23:00:00+00:00,2022-11-15,1.8,2.02,0.5287958115183247,0.11531084651099463,0.6201404361618275,0.3748335002509503,1.45,0.45,0.6390377781446323,0.6868534523929003,5.71109115554691e-09,61,131,False,False,False,7884537966e13fd2d49fdb11f004e1d4172dad00e14600030c35a807585b39a2,ea46331b567e1028775dec3b54815e445578227c4c818ee952dc55c81af8913a,1.77,2.07,True,2022-11-14T23:43:00+00:00,2022-11-14T23:43:00+00:00
te:2241075,2022-11-15,2022,2022-11-15,kukushkin,travaglia,2022-11-15T11:40:00+00:00,2022-11-14T22:19:00+00:00,0.0,2022-11-17T23:00:00+00:00,2022-11-15,1.77,2.05,0.5366492146596858,0.14686024656457897,0.6601528043064773,0.5171149911774023,1.3166666666666667,1.3166666666666667,0.7609273188281103,0.7434213507429851,4.00375077536097e-09,135,104,False,False,False,8ae2d3f776fe0ee5d9e2a46fa653ea6c50ff680a1c3548d9842291324e3e79bc,8abd2666679f7b9a1a21815ffc7dc7a4640f8e72f9b3cc91db133c439df7cb2c,1.73,2.13,True,2022-11-15T11:17:00+00:00,2022-11-15T11:17:00+00:00
te:2241553,2022-11-15,2022,2022-11-15,blanch-d9f24,lapadat,2022-11-15T18:15:00+00:00,2022-11-15T10:18:00+00:00,0.0,2022-11-17T23:00:00+00:00,2022-11-15,2.06,1.76,0.46073298429319376,-0.15739217375142914,0.5573127293158914,0.38765512360858245,0.85,0.85,0.8041473407375928,0.6731739496624045,4.696243394164412e-14,129,28,False,False,False,2cd32ae2825bd0dcd91a8477d273130f7f7edf76942917c6ed3e8de6a316019e,60ba120e30f4f8303bb2334a7e6599d9b3fe52c906890b8316b3af2418079838,2.0,1.83,True,2022-11-15T16:52:00+00:00,2022-11-15T16:52:00+00:00
te:2242075,2022-11-18,2022,2022-11-18,pospisil-9e7de,blanch-d9f24,2022-11-18T00:10:00+00:00,2022-11-16T08:53:00+00:00,0.0,2022-11-20T23:00:00+00:00,2022-11-18,1.7,2.15,0.5584415584415584,0.23483959107740088,0.6245561717174724,0.2740928129252394,1.4,0.7,0.8253480523190888,0.7365975214922209,2.8421709430404007e-12,144,129,False,False,False,9ef9310185e505102baa0d50072090c22c3b2cbed6dc037fe82bb27190378204,56cbe4f2abcd481a5d57225f2cd57a657d32edb988c4e38e8e3e6c4db0e44871,1.8,2.04,True,2022-11-17T23:23:00+00:00,2022-11-17T23:23:00+00:00
te:2242757,2022-11-18,2022,2022-11-18,escoffier,dougaz,2022-11-18T17:15:00+00:00,2022-11-17T07:25:00+00:00,1.0,2022-11-20T23:00:00+00:00,2022-11-18,1.84,1.98,0.518324607329843,0.0733312730855498,0.6122077481121256,0.3832706465745855,0.55,0.55,0.696039327422035,0.6336156281714473,2.8474553936952418e-08,172,225,False,False,False,83a94ea32972667dd435e9dde359dc856098c600d35fa5aa917b582e947d760d,3330080f1311684a763a7e3070fb7b9ac43e812d27c2e4440ac14aed723e5c59,1.8,2.05,True,2022-11-18T01:26:00+00:00,2022-11-18T01:26:00+00:00
te:2243097,2022-11-18,2022,2022-11-18,sels,andreev-8a7ee,2022-11-18T11:40:00+00:00,2022-11-17T20:55:00+00:00,0.0,2022-11-20T23:00:00+00:00,2022-11-18,1.69,2.18,0.5633074935400517,0.2545963478660157,0.6348147236247664,0.2983320033317699,0.48333333333333334,0.48333333333333334,0.6757746904824337,0.6729325923592044,4.2004288935970635e-11,212,177,False,False,False,1fa68ea39872092e94ac317377ba18adea5439b743495e290e1ea13bd07778a0,8389e34d55d5eb2ad637313faa2757e8874892b4508947d941aea715ac99a34b,1.67,2.26,True,2022-11-18T09:37:00+00:00,2022-11-18T11:00:00+00:00
te:2243199,2022-11-18,2022,2022-11-18,varillas,dutra-da-silva,2022-11-18T15:10:00+00:00,2022-11-17T20:59:00+00:00,1.0,2022-11-20T23:00:00+00:00,2022-11-18,2.1,1.75,0.4545454545454546,-0.18232155679395445,0.5647594856964545,0.4428227235391071,0.0,0.0,0.7283786193612581,0.611877533500527,1.1070649952316103e-10,168,155,False,False,False,3b4c8a3c2dfaed4e23e5aca0ede4f1f7688ba1e9868bec3e140800eec69dfb54,d09cd7090b1e608890e933e98214afdc77d3398c97216d200c631e36029000ff,2.15,1.73,True,2022-11-18T09:00:00+00:00,2022-11-18T12:06:00+00:00
te:2243735,2022-11-22,2022,2022-11-22,watanuki-223ad,kolar-d6d52,2022-11-22T02:15:00+00:00,2022-11-19T21:39:00+00:00,0.0,2022-11-24T23:00:00+00:00,2022-11-22,2.05,1.77,0.46335078534031415,-0.14686024656457897,0.584211499521567,0.486946601880461,0.26666666666666666,0.26666666666666666,0.7915352965929328,0.6812526355177219,1.7493415216396357e-08,131,139,False,False,False,6107caa99a82638710d528ccf9827c8bdf080a62d05e7337d0114fc35704b00a,842ed301c932b85a92a87f7536f86cc5c6e53a662b5ce6612f130cc0fe887cf2,1.88,1.93,True,2022-11-22T02:06:00+00:00,2022-11-21T08:11:00+00:00
te:2244409,2022-11-22,2022,2022-11-22,travaglia,ymer,2022-11-22T19:30:00+00:00,2022-11-20T11:24:00+00:00,1.0,2022-11-24T23:00:00+00:00,2022-11-22,1.76,2.06,0.5392670157068064,0.15739217375142958,0.6436063006416359,0.4336590141320703,1.2333333333333334,0.5666666666666667,0.7079138216464727,0.7426655777417284,1.3137657628448096e-11,110,170,False,False,False,b41cc7eba3ade25329591b6079ebeae9dc5aba33b0e29360e01fbc9f253cb0d1,526a9cc89f49c8a5f3243b3bc6938ec7b3edeb2817c4cb9dd2dd20a713b1f675,1.71,2.16,True,2022-11-22T19:23:00+00:00,2022-11-22T19:23:00+00:00
te:2245975,2022-11-22,2022,2022-11-22,darderi,caruso-7cfdb,2022-11-22T13:55:00+00:00,2022-11-22T01:48:00+00:00,0.0,2022-11-24T23:00:00+00:00,2022-11-22,1.96,1.85,0.4855643044619423,-0.05775883415219216,0.6132608957729812,0.518798967989453,0.0,0.0,0.6856977991111737,0.6276007462408942,7.687069508710564e-08,167,112,False,False,False,6c7080ea1a0739d5115ddbffd72025a58cde7ac8fa1eaa7d8868f065514fc664,48cb3cf54007554888a72f1ceac8ddd9771d03dc01a21a3dfeb4b94172b054bf,1.92,1.9,True,2022-11-22T13:32:00+00:00,2022-11-22T13:32:00+00:00
te:2247251,2022-11-25,2022,2022-11-25,mejia-a7d27,hardt-79c77,2022-11-25T18:25:00+00:00,2022-11-24T00:02:00+00:00,1.0,2022-11-27T23:00:00+00:00,2022-11-25,1.86,1.96,0.5130890052356021,0.052367985517315925,0.610047825460284,0.39514526875189154,0.5166666666666667,0.5166666666666667,0.5944811506439458,0.6475991813188178,4.8078551695418525e-09,153,175,False,False,False,c348387c22283fc9af444aa6eb1ffa1e78aef14bcd19b02a6ae6cf6908a602e3,c4a3d0828164f92a3c61cf5babe9231db6f1d946227ac3310f4e46cab2e5aa98,1.85,1.98,True,2022-11-25T09:26:00+00:00,2022-11-25T16:06:00+00:00
te:2247395,2022-11-25,2022,2022-11-25,duckworth,ionel,2022-11-25T01:40:00+00:00,2022-11-24T12:52:00+00:00,1.0,2022-11-27T23:00:00+00:00,2022-11-25,1.95,1.86,0.48818897637795283,-0.04725288485054525,0.5906706040828212,0.4139911924818074,0.0,0.0,0.7397547363516591,0.6442014604554824,5.863973112640863e-09,122,233,False,False,False,b06bdac298d0ac2febb4fbf4bbefae458b4977ce07e192ea288b2f7c98840316,8dbeff7a8136b0109da54b32540d8088a5296c0219b0200c20dd0a44d66855c2,1.89,1.94,True,2022-11-24T23:10:00+00:00,2022-11-24T23:10:00+00:00
te:2247617,2022-11-25,2022,2022-11-25,riedi-a3a3d,karlovskiy,2022-11-25T12:10:00+00:00,2022-11-24T20:59:00+00:00,0.0,2022-11-27T23:00:00+00:00,2022-11-25,1.95,1.86,0.48818897637795283,-0.04725288485054525,0.5740757782934987,0.3457528432612511,2.15,0.75,0.7608265515124052,0.6477390784351039,3.225697792208493e-09,160,164,False,False,False,9f13b1600cc50edc4450afe01df22994be53b3d65587a7111882f6823086eabc,7aabdd4489c7ba6b86fbfd3a657273dc5fc4c88b7aed3af2b30cfbb9af506250,1.89,1.94,True,2022-11-25T09:20:00+00:00,2022-11-25T09:20:00+00:00
te:2247703,2022-11-25,2022,2022-11-25,gomez-eb573,olivo,2022-11-25T16:10:00+00:00,2022-11-25T03:38:00+00:00,1.0,2022-11-27T23:00:00+00:00,2022-11-25,2.0,1.83,0.47780678851174935,-0.08883121370661573,0.5835010240297963,0.42599341746101316,0.7666666666666667,0.13333333333333333,0.6365160367941067,0.5486064383746476,4.103994633020136e-08,167,161,False,False,False,1cdefa4637bbe30dba08dfc7e4c445b317d72d48eeea0e7c4b8dd72bbba5402a,783c97ecf9bcc988eaddcbac2bee214c63b314d50cbfbff732ead6190f20f665,1.99,1.85,True,2022-11-25T12:33:00+00:00,2022-11-25T11:03:00+00:00
te:2247757,2022-11-25,2022,2022-11-25,kicker,bagnis,2022-11-25T21:25:00+00:00,2022-11-25T03:38:00+00:00,0.0,2022-11-27T23:00:00+00:00,2022-11-25,1.82,2.01,0.5248041775456919,0.09929822098228022,0.6039835719071597,0.3227930822765056,1.9333333333333333,1.2666666666666666,0.5000000000000001,0.5489739098694568,0.00419406287134888,140,178,False,False,False,262d5ef11e2ec6021d3e9206a9c3792e55ff62c5a629aa911062a80eaf597297,9ed0ff591225d1b6a4fa4536f9c5dff0b0df150a9c1d56473c5f2dd793202a84,1.87,1.96,True,2022-11-25T21:19:00+00:00,2022-11-25T21:19:00+00:00
te:2248625,2022-11-29,2022,2022-11-29,kopriva,barranco-cosano,2022-11-29T15:05:00+00:00,2022-11-28T06:48:00+00:00,,,,1.96,1.84,0.4842105263157894,-0.06317890162153181,0.6113959047721423,0.5163625376379993,1.6,1.6,0.5273677521961433,0.5000000000000001,0.009515360001871295,171,171,False,False,False,389f0cc157d83bea280009357401742abfe897f282b5545b573cfbf5df68e39f,916e2237524d87a07dd8dd217c98ae9a26493e65f9b27b24428634eb15834d41,1.93,1.89,True,2022-11-29T14:43:00+00:00,2022-11-29T14:43:00+00:00
te:2248635,2022-11-29,2022,2022-11-29,bonadio,alvarez-varona,2022-11-29T11:10:00+00:00,2022-11-27T18:57:00+00:00,1.0,2022-12-01T23:00:00+00:00,2022-11-29,1.82,1.99,0.5223097112860893,0.08929813764769719,0.6200029499451707,0.40026260867951063,0.8333333333333334,0.2,0.6247541890216846,0.6011303296523957,3.086364497306704e-11,189,149,False,False,False,1be49e94171f1bdc22c0c135604c62efb970517799c4702914410c87ee0b8cc7,05dcbe750d0738e5e176ab31ef7bfe051374dbe377f6b70abfeb433ac82f1cda,1.88,1.93,True,2022-11-29T09:21:00+00:00,2022-11-29T09:21:00+00:00
te:2248637,2022-11-29,2022,2022-11-29,fatic-cddef,blancaneaux,2022-11-29T16:15:00+00:00,2022-11-27T18:53:00+00:00,0.0,2022-12-01T23:00:00+00:00,2022-11-29,1.96,1.84,0.4842105263157894,-0.06317890162153181,0.611696400664806,0.5176274775370524,0.38333333333333336,0.38333333333333336,0.5000000000000001,0.5261225853674841,0.006066662576398263,148,205,False,False,False,9be5da3e7eaea609fc937dff25e10a96a9aa1e9b1fadba946d71feb60bc00699,8c1ea2085b51ded9c7de3b4162d159ee57ad36dc80162c72e9be98638d850350,1.88,1.93,True,2022-11-29T16:01:00+00:00,2022-11-28T22:33:00+00:00
te:2248641,2022-11-29,2022,2022-11-29,skatov,ionel,2022-11-29T17:45:00+00:00,2022-11-27T18:49:00+00:00,1.0,2022-12-01T23:00:00+00:00,2022-11-29,2.06,1.76,0.46073298429319376,-0.15739217375142914,0.6136522150353352,0.620082555267255,1.0833333333333333,0.35,0.6736114183125886,0.6195124847486663,3.761740918761802e-12,148,230,False,False,False,13793fff677d70163b13c65789d152e88f6f570bdc613323ecdd3026229d5437,062c96563931431d65097087ee296e6be5e3818f0bb4fde9fb20b8320bc7ec82,1.98,1.84,True,2022-11-29T16:56:00+00:00,2022-11-29T16:44:00+00:00
te:2249403,2022-11-29,2022,2022-11-29,echargui,lavagno,2022-11-29T09:40:00+00:00,2022-11-28T20:49:00+00:00,1.0,2022-12-01T23:00:00+00:00,2022-11-29,1.98,1.83,0.48031496062992135,-0.07878087785311394,0.6082732700853439,0.5188406370944051,0.4666666666666667,0.4666666666666667,0.5379780844457539,0.5000000000000001,0.025077930564979756,189,182,False,False,False,83c9c4f370037205b88949c08d350d0bcaf65590747bce92febc00bf0ab4e4c5,a8768f8681a5e6ec198dea1c36e2193f3e2fb16815e5308989c109e282d45a58,1.81,2.02,True,2022-11-29T00:45:00+00:00,2022-11-29T08:07:00+00:00
te:2251061,2022-12-02,2022,2022-12-02,llamas-ruiz,giustino-1d545,2022-12-02T10:10:00+00:00,2022-11-30T17:46:00+00:00,1.0,2022-12-04T23:00:00+00:00,2022-12-02,1.94,1.88,0.4921465968586388,-0.03141619623337862,0.6107079426710431,0.4817051902600307,1.1666666666666667,1.1666666666666667,0.6557309570398766,0.601698987846209,7.769253573819412e-10,129,141,False,False,False,b328987ba42da9e5938c72d560be046cfeb65d4af898b7ce8402c5d8ef23161c,1c8619fca978107272e6fbff607f11b20d18c7aee8469c6a532b82cb8745ff75,1.91,1.93,True,2022-12-02T09:48:00+00:00,2022-12-02T09:48:00+00:00
te:2251421,2022-12-02,2022,2022-12-02,borges-8d823,bonadio,2022-12-02T13:10:00+00:00,2022-12-01T18:45:00+00:00,1.0,2022-12-04T23:00:00+00:00,2022-12-02,1.95,1.87,0.4895287958115184,-0.041890941709159774,0.5820813414247734,0.37321432469467386,0.0,0.0,0.7308218678604408,0.6289866093822105,4.880540416252188e-13,201,186,False,False,False,71e03cfcc64f0176ba89a49c9f10d9772f0efea231aed822fa936a5c9803d86f,8861ddbe350d34fc7c62b45d2b23459d8ae767c597a8abcedc165a82b5f3819d,2.02,1.83,True,2022-12-02T10:24:00+00:00,2022-12-02T10:24:00+00:00
te:2251431,2022-12-02,2022,2022-12-02,neuchrist,choinski,2022-12-02T12:10:00+00:00,2022-12-01T18:42:00+00:00,1.0,2022-12-04T23:00:00+00:00,2022-12-02,1.71,2.16,0.5581395348837209,0.23361485118150513,0.6310880928480533,0.3032727283989519,0.8166666666666667,0.8166666666666667,0.6996377355396338,0.7596739403172359,2.1829729690558963e-10,159,148,False,False,False,18820e58d4132913ee565247178465d12f6dc447f760f2604902bd2f71560152,97e963d0250f934fa2726bc9e634d760bdce3077a2ec69ea6589909efc884d01,1.78,2.09,True,2022-12-02T11:40:00+00:00,2022-12-02T11:40:00+00:00
te:2259901,2023-01-03,2023,2023-01-03,lokoli,serdarusic-5f7cc,2023-01-03T00:10:00+00:00,2023-01-01T06:46:00+00:00,1.0,2023-01-05T23:00:00+00:00,2023-01-03,1.74,2.1,0.5468749999999999,0.1880522315029392,0.610559777718977,0.26161359268605255,0.0,0.0,0.6458101811069188,0.5940046327978498,5.108145684218357e-09,181,150,False,False,False,6f5720493f6e46ca37c8feb6d25fc7afd39f0a834d536af9037ebad4e9efdf1a,8b0695b44431e221309f09ad3ca33995e1f5667d6af26b8956fe4a1290e4658e,1.66,2.24,True,2023-01-02T22:26:00+00:00,2023-01-02T22:26:00+00:00
te:2260705,2023-01-03,2023,2023-01-03,andreozzi,comesana-c17e0,2023-01-03T18:55:00+00:00,2023-01-02T14:09:00+00:00,1.0,2023-01-05T23:00:00+00:00,2023-01-03,2.02,1.79,0.46981627296587924,-0.12088189156044984,0.5960149423042086,0.5097697379160953,0.0,0.0,0.5649501564816972,0.50023792984478,8.107033322435342e-09,55,107,False,False,False,fa083f15d46a5b76330c5232aed85a7a0f19069a4c161dcc71c21b4df5ff52c3,3a1287fb1c7b81311a536ee9c378048d91022158d41297530a66b37990116e75,2.18,1.7,True,2023-01-03T18:07:00+00:00,2023-01-03T18:07:00+00:00
te:2260717,2023-01-03,2023,2023-01-03,dutra-da-silva,zhu-bb6ef,2023-01-03T19:15:00+00:00,2023-01-02T15:06:00+00:00,0.0,2023-01-05T23:00:00+00:00,2023-01-03,1.92,1.88,0.49473684210526314,-0.02105340919783241,0.6279568860416068,0.5445151752141918,0.0,0.0,0.670892958914308,0.6463058236444679,7.646397404137417e-11,146,174,False,False,False,0a015b732d6a5bccd39213d7a4c8e163ceea69ebffa6aadacf4daf1b13c4bce9,690735ecaca34120581b42fb231e938cc674ab6f3c373b1f42a10c51ab049123,1.98,1.85,True,2023-01-03T17:53:00+00:00,2023-01-03T17:53:00+00:00
te:2260751,2023-01-03,2023,2023-01-03,muller-c81bc,nava-337db,2023-01-03T01:00:00+00:00,2023-01-02T11:36:00+00:00,0.0,2023-01-05T23:00:00+00:00,2023-01-03,1.78,2.05,0.5352480417754569,0.14122642884632308,0.6413824471171947,0.440142983187494,0.0,0.0,0.6952082722622388,0.7160262003782791,1.229357171617096e-10,162,165,False,False,False,bedc2fd156dec715019a8b357526f2804ebe49f575ae631b5683553cec1bbc86,f76245da146591e4fe6d4bd25f31cca25fad85bef842fa4b25791a629cb78ede,1.66,2.25,True,2023-01-02T23:02:00+00:00,2023-01-02T23:02:00+00:00
te:2260795,2023-01-03,2023,2023-01-03,kelly-ebf89,trungelliti,2023-01-03T07:50:00+00:00,2023-01-02T13:08:00+00:00,0.0,2023-01-05T23:00:00+00:00,2023-01-03,1.88,1.93,0.5065616797900262,0.026248226074936154,0.5988581596899637,0.37446146757723364,0.0,0.0,0.6363969363655482,0.7201601886093955,2.0536448208652303e-08,169,105,False,False,False,bdf5d003a160b2912b87a6696cd432813d17ff38bc076fd32174fad367c02049,348864bef68b8b37f76ec31254932fbe6ec69e86250710addc33c6026c65168f,1.67,2.24,True,2023-01-03T06:58:00+00:00,2023-01-03T06:58:00+00:00
te:2262225,2023-01-06,2023,2023-01-06,wu-f664e,harris-9f62b,2023-01-06T05:35:00+00:00,2023-01-05T08:13:00+00:00,1.0,2023-01-08T23:00:00+00:00,2023-01-06,1.65,2.26,0.578005115089514,0.31458952537170504,0.6130378607098641,0.14551031468999776,0.3333333333333333,0.3333333333333333,0.659067260297528,0.7297622892372735,8.190745304226255e-11,136,51,False,False,False,d1509434d1cd4ca547716f67114cb5c5acd539577286004c839e93a268922c3a,c33519ea0605178edcad2fdc73854cc7eaacd37c24bd3145cf4ab23391bded6f,1.66,2.28,True,2023-01-05T22:30:00+00:00,2023-01-06T05:05:00+00:00
te:2262251,2023-01-06,2023,2023-01-06,lokoli,peniston,2023-01-06T05:30:00+00:00,2023-01-05T13:40:00+00:00,,,,1.85,1.98,0.5169712793733681,0.06791120561621009,0.6273895172260291,0.45312278982818277,0.5166666666666667,0.5166666666666667,0.6382571849079387,0.6458005895727014,1.4549139670805289e-11,181,151,False,False,False,ca91a4c97fb527df4e7829e85f792d9ac07a12574d203b97c7f674a1c9be7d2f,7b7e29275342d93eac83507b4526941f410ccb9804530169c183ec5db7ce56d0,2.02,1.83,True,2023-01-06T02:03:00+00:00,2023-01-06T02:03:00+00:00
te:2262261,2023-01-06,2023,2023-01-06,novak-77d05,escoffier,2023-01-06T04:10:00+00:00,2023-01-05T13:39:00+00:00,0.0,2023-01-08T23:00:00+00:00,2023-01-06,1.76,2.09,0.5428571428571429,0.1718502569266595,0.6401093558785128,0.40398855441624787,0.7833333333333333,0.25,0.7708213995693771,0.7164984839987663,3.353278332784981e-08,149,180,False,False,False,b49d56cb88cbb71e19dc5f5a0123130fe89e5d3a7d3683f09400c360fee0de9f,a0965b745036adf42badfb2e0d5f9bd3deaf98299c020ac9ec7b083f44285f6e,1.74,2.14,True,2023-01-05T22:30:00+00:00,2023-01-05T22:30:00+00:00
te:2262291,2023-01-06,2023,2023-01-06,collignon,leshem,2023-01-06T12:20:00+00:00,2023-01-05T13:58:00+00:00,1.0,2023-01-08T23:00:00+00:00,2023-01-06,2.14,1.72,0.4455958549222798,-0.21848153820839833,0.5263903367559285,0.32414107365351663,0.95,0.48333333333333334,0.6430974131693183,0.5000000000000001,0.009149816264746286,189,162,False,False,False,ccc345b015d7366cbbe2676305b67c9aeb8c9f8fe066e9d41eb936d853a72317,467058e994303a26f9318006105268f963b922d9244716abd488177551d77ca8,1.93,1.9,True,2023-01-06T12:07:00+00:00,2023-01-06T12:07:00+00:00
te:2262327,2023-01-06,2023,2023-01-06,giannessi,midon,2023-01-06T16:25:00+00:00,2023-01-05T20:13:00+00:00,0.0,2023-01-08T23:00:00+00:00,2023-01-06,2.08,1.76,0.4583333333333333,-0.16705408466316626,0.5845188873041927,0.5084060222085749,0.0,0.0,0.7240459374805973,0.6255033772061053,1.454392162258955e-12,133,26,False,False,False,58ba3f419e4159e4796e5c92d7341dd8cddb68f766e7cd5c5a18f205d63a3672,9763327bde4604b1359fe89d7fa396e5617f5312667713b289a6de2fc01c5adc,1.89,1.94,True,2023-01-06T15:22:00+00:00,2023-01-06T15:22:00+00:00
te:2262329,2023-01-06,2023,2023-01-06,dellien-e101c,londero,2023-01-06T14:40:00+00:00,2023-01-05T23:40:00+00:00,0.0,2023-01-08T23:00:00+00:00,2023-01-06,2.1,1.75,0.4545454545454546,-0.18232155679395445,0.5557221070648006,0.40613966702466575,0.26666666666666666,0.26666666666666666,0.5000000000000001,0.6160162785990969,0.001827150072669509,179,52,False,False,False,f2cb294bb53ce3eab5e7f098a16cf81a975ba53b03010bf96f6da43380a45bf2,39285c090b0f7870b59784509b4fef071c28fdc289dfbbb2b7e42230490d3117,2.15,1.73,True,2023-01-06T14:26:00+00:00,2023-01-06T14:26:00+00:00
te:2262331,2023-01-06,2023,2023-01-06,villanueva-55ff0,aboian-f7ddc,2023-01-06T13:10:00+00:00,2023-01-05T23:37:00+00:00,1.0,2023-01-08T23:00:00+00:00,2023-01-06,1.95,1.87,0.4895287958115184,-0.041890941709159774,0.6125041583383389,0.4997415556887058,0.8666666666666667,0.8666666666666667,0.5224377521833723,0.5000000000000001,0.001722174961121814,145,165,False,False,False,d3693467956d1f25b05e36ff76907c9de10986162c7a4ee528d7d14f54f7089a,b2233036e9d79460ba4ad2c933df6baba4013dba01ff0e5707f72de63ef4c04a,2.03,1.82,True,2023-01-06T12:44:00+00:00,2023-01-06T12:44:00+00:00
te:2263107,2023-01-10,2023,2023-01-10,oliveira-43505,neumayer,2023-01-10T11:10:00+00:00,2023-01-08T19:22:00+00:00,0.0,2023-01-12T23:00:00+00:00,2023-01-10,1.79,2.02,0.5301837270341206,0.1208818915604494,0.610579937482577,0.32886871791881456,1.1166666666666667,0.2833333333333333,0.5000000000005572,0.5304951618859921,0.028934677327217107,107,190,False,False,False,2a999dbd2210ede880af768f839156380a233e25da6cc1991d8dcb153533abf3,ea2101b8a2f95d66c68fc63a387913cf473d34d98e5fc03bc6924253f1a86eb3,1.8,2.04,True,2023-01-10T10:36:00+00:00,2023-01-09T13:27:00+00:00
te:2263731,2023-01-10,2023,2023-01-10,villanueva-55ff0,zhu-bb6ef,2023-01-10T13:10:00+00:00,2023-01-09T07:50:00+00:00,1.0,2023-01-12T23:00:00+00:00,2023-01-10,2.05,1.77,0.46335078534031415,-0.14686024656457897,0.6028519154797367,0.5642226134927141,1.6333333333333333,0.9333333333333333,0.5873416804660504,0.5325567733451023,9.37637051334761e-09,149,176,False,False,False,93efcf7764ff7ce3e78cfee8f39c3c97c3792decc6044beba7f4fd1609c8b76a,866d00e2dad8fa87c6c674ef643df516413529f47c1ad3b09c933efc1e6a24ac,2.06,1.78,True,2023-01-10T01:46:00+00:00,2023-01-09T14:03:00+00:00
te:2263737,2023-01-10,2023,2023-01-10,giannessi,londero,2023-01-10T14:40:00+00:00,2023-01-09T07:41:00+00:00,,,,2.07,1.76,0.4595300261096606,-0.1622347982272172,0.5934308457742861,0.5404014505369955,1.7833333333333334,0.11666666666666667,0.5971847375114554,0.679256305588747,2.9344045526791263e-09,139,56,False,False,False,2a59658d691060dafb6a729a87bbfe6aaee2d81dba9f7b686831d9f341194619,f045232f415cc8718bbefde6cac8c468a1f74855e4f871858de0da9b04be09fe,1.92,1.9,True,2023-01-10T12:52:00+00:00,2023-01-10T12:52:00+00:00
te:2264329,2023-01-10,2023,2023-01-10,cazaux,fonio,2023-01-10T03:10:00+00:00,2023-01-09T13:17:00+00:00,0.0,2023-01-12T23:00:00+00:00,2023-01-10,1.69,2.16,0.5610389610389611,0.24537969276109184,0.6227352705530861,0.25579466769297143,1.1666666666666667,1.1666666666666667,0.7392882281077803,0.6769378082331049,2.1946333639277782e-13,83,177,False,False,False,51db34ef41c83dc99d4cc2c0a9908f23856c84438a9b610cf02f0e233fee26f5,c68b15ca0990201057fdea4bffdaa960b7806ec9bde346170e8c98c53c305b02,1.79,2.05,True,2023-01-10T02:34:00+00:00,2023-01-10T02:34:00+00:00
te:2264599,2023-01-10,2023,2023-01-10,giustino-1d545,ejupovic,2023-01-10T12:20:00+00:00,2023-01-10T04:54:00+00:00,1.0,2023-01-12T23:00:00+00:00,2023-01-10,1.6,2.34,0.5939086294416244,0.38014730012387454,0.6530089702436274,0.25214463726506886,1.6333333333333333,0.1,0.7329170617631239,0.7703340436228358,1.8041124150158794e-13,148,166,False,False,False,fa2ee3ce3533e511543572775eea53d79f0b242230d08bd94273a7a3c8eda1c1,ba4ee7f051407d310856fb34f0edb92c577144409ddb7ad0b13003b12b094aaf,1.63,2.3,True,2023-01-10T11:05:00+00:00,2023-01-10T11:28:00+00:00
te:2264819,2023-01-10,2023,2023-01-10,sanchez-jover,casanova-dbdaf,2023-01-10T15:25:00+00:00,2023-01-10T05:34:00+00:00,1.0,2023-01-12T23:00:00+00:00,2023-01-10,2.11,1.73,0.45052083333333337,-0.1985665389782874,0.597809544380123,0.5949130079182425,1.6,0.36666666666666664,0.5000000000000001,0.5614980977259139,0.003338230997086855,154,154,False,False,False,0e33e604687f2e39662ab4f0c1afb51ba24c0d36931f5a66729a32f692f18003,e41288d4fddfbf100fdfd30fa7b7242c0d0cd7e7ac0a74088c9e4767663e1eda,2.03,1.8,True,2023-01-10T14:14:00+00:00,2023-01-10T14:14:00+00:00
te:2265911,2023-01-13,2023,2023-01-13,giannessi,navone,2023-01-13T14:40:00+00:00,2023-01-12T14:49:00+00:00,1.0,2023-01-15T23:00:00+00:00,2023-01-13,1.98,1.84,0.48167539267015713,-0.07333127308554936,0.6195560446495368,0.5609955632777642,1.2833333333333334,0.7166666666666667,0.591400038122609,0.5866091013666884,4.884904497015619e-07,138,159,False,False,False,cddc25a2e3a9b366307fe37425c3949486f9ae023235ba95b888e8077898630b,7a3f1de545d251283fee73345d616d5c66a2730e117aad7fcad78cb589d5895c,1.83,2.02,True,2023-01-12T16:19:00+00:00,2023-01-13T08:53:00+00:00
te:2266335,2023-01-13,2023,2023-01-13,de-loore,herbert-fa5ad,2023-01-13T11:10:00+00:00,2023-01-13T06:12:00+00:00,0.0,2023-01-15T23:00:00+00:00,2023-01-13,1.66,2.25,0.5754475703324808,0.304112613847877,0.6378742305127877,0.262036938197576,1.9833333333333334,1.0166666666666666,0.7191499783342705,0.6883302049091538,2.701006807104278e-09,151,86,False,False,False,12337abc5cd44bdf00397dc1f888c16ab796224ebaca1f74b344f779c5722312,d8b431b86d8bedbf2652ac86d81c33ec43f670acdd6d376167e02ae114cb19a4,1.68,2.2,True,2023-01-13T10:45:00+00:00,2023-01-13T10:58:00+00:00
te:2266345,2023-01-13,2023,2023-01-13,fils,berankis,2023-01-13T12:40:00+00:00,2023-01-13T06:12:00+00:00,0.0,2023-01-15T23:00:00+00:00,2023-01-13,1.73,2.13,0.5518134715025906,0.208000571211646,0.6377418861155748,0.35757608353009024,0.7166666666666667,0.05,0.684230850289435,0.7078641263655855,2.7735973795461888e-09,169,98,False,False,False,6b894379d8795eec55d4224dc9dc613c6445c990b661cf3c0bce92112fbafa06,42259de4bf521381c0ec80fbd005c3f3984af311e33a59605616f218ca12e24e,1.71,2.16,True,2023-01-13T12:25:00+00:00,2023-01-13T12:25:00+00:00
te:2266857,2023-01-17,2023,2023-01-17,hassan-1d510,moriya,2023-01-17T05:20:00+00:00,2023-01-14T19:56:00+00:00,0.0,2023-01-19T23:00:00+00:00,2023-01-17,1.88,1.92,0.5052631578947367,0.02105340919783196,0.6206374045254782,0.4712011485399895,1.1333333333333333,0.6333333333333333,0.6289602961672428,0.605390893964625,3.0349252111427916e-07,155,136,False,False,False,30e845c83b75f50e8e739c410f83a7f9727ba166d4e40700c85bd2b23b468ef4,17cd051b2849e4cb0a5742390fa3b403e9bc29b8fc516da3a677972078df48d8,1.86,1.96,True,2023-01-16T15:51:00+00:00,2023-01-16T15:51:00+00:00
te:2267009,2023-01-17,2023,2023-01-17,ugo-carabelli,giannessi,2023-01-17T18:30:00+00:00,2023-01-16T21:28:00+00:00,1.0,2023-01-19T23:00:00+00:00,2023-01-17,2.09,1.74,0.4543080939947781,-0.18327895275028178,0.5944737018515903,0.5657697070749168,1.0833333333333333,0.5166666666666667,0.5673296204532954,0.5000000000000001,0.007213010103532896,142,138,False,False,False,f5ac22e9d68f0256863923a7ee643d10b1be80e181bec83d8849637f352ecc0f,0a1aa8cb7c31e57406d51ae51f4576b1a51a1d4169ba271e73357e85c14dfff0,1.96,1.86,True,2023-01-17T16:29:00+00:00,2023-01-17T14:56:00+00:00
te:2267295,2023-01-17,2023,2023-01-17,kolar-d6d52,donskoy,2023-01-17T03:10:00+00:00,2023-01-16T10:10:00+00:00,1.0,2023-01-19T23:00:00+00:00,2023-01-17,1.79,2.03,0.5314136125654451,0.12582017320103248,0.6124719809573195,0.33189486940941393,1.85,1.25,0.6539131911147681,0.7235365602737206,3.3980471214611896e-10,139,113,False,False,False,36fbabd40ab78915943587eec0438bc9ab780d65dffb2de5a4a6e7f73916708a,96c35f966e69379a40ab18e4ae5aed1578c45630e6f80516abb753842c8fb31b,1.68,2.22,True,2023-01-16T23:34:00+00:00,2023-01-16T23:34:00+00:00
te:2267301,2023-01-17,2023,2023-01-17,mochizuki-f2487,jubb,2023-01-17T06:45:00+00:00,2023-01-16T10:48:00+00:00,1.0,2023-01-19T23:00:00+00:00,2023-01-17,1.88,1.92,0.5052631578947367,0.02105340919783196,0.6322965829569878,0.5210284704209214,0.9333333333333333,0.06666666666666667,0.6804532803633915,0.7234585204476565,3.277493748621296e-08,173,137,False,False,False,0ff76c11ac0d402e53ac041b4277b6f311cd1fa90d8157da73046398e57ea048,6fd58234a68917e024632f88db7484618bab6dd65bd2417dc27ee6ac6091ff37,1.8,2.03,True,2023-01-17T03:13:00+00:00,2023-01-17T03:13:00+00:00
te:2267355,2023-01-17,2023,2023-01-17,gigante-f720d,blanch-d9f24,2023-01-17T14:45:00+00:00,2023-01-16T21:39:00+00:00,0.0,2023-01-19T23:00:00+00:00,2023-01-17,1.76,2.06,0.5392670157068064,0.15739217375142958,0.6386454815725382,0.4120978027985669,0.48333333333333334,0.48333333333333334,0.6950011871751439,0.6854783860754419,1.4359183286849486e-10,134,131,False,False,False,47ec29e3178b032011d2576a73ea283bf25bf8ef91128c3235e48e410a1a1055,897b75e46fcd31502f9ff08d2c1db9e229d25dfb41e0d569329a5c8fa5325d10,1.75,2.09,True,2023-01-17T13:47:00+00:00,2023-01-17T13:51:00+00:00
te:2267375,2023-01-17,2023,2023-01-17,lavagno,dutra-da-silva,2023-01-17T14:50:00+00:00,2023-01-17T06:12:00+00:00,0.0,2023-01-19T23:00:00+00:00,2023-01-17,2.01,1.8,0.47244094488188976,-0.1103480571688654,0.6147529944711073,0.5776839079218546,1.0166666666666666,0.5166666666666667,0.500000000022035,0.5024617511571358,0.017329408178357264,168,147,False,False,False,3754bb16f7345faa22ffe40c182286bdf5e6dabb89f1d8395f82e39ca65175b7,fcc5d27623f13fe99ac11555456dac82fbb3d724d266e55428d1249ba37f3848,1.88,1.94,True,2023-01-17T12:42:00+00:00,2023-01-17T12:42:00+00:00
te:2269309,2023-01-20,2023,2023-01-20,seyboth-wild,mejia-a7d27,2023-01-20T13:15:00+00:00,2023-01-18T10:19:00+00:00,0.0,2023-01-22T23:00:00+00:00,2023-01-20,1.86,1.93,0.5092348284960422,0.036943515191684165,0.6161569802226455,0.4363245875579184,0.31666666666666665,0.31666666666666665,0.7175554814153121,0.654104726248104,3.23420901171545e-10,115,152,False,False,False,50e43d2b747d8bb46089456e9f9d7115b38bbce5cebbcf9a9a9fb5eb8b545153,b8949ed159c2c93b03db955b897bab68af7d37e7cb5b8206db9796b46ab86eba,2.06,1.78,True,2023-01-19T21:58:00+00:00,2023-01-19T21:58:00+00:00
te:2269611,2023-01-20,2023,2023-01-20,valkusz,passaro-5f6f1,2023-01-20T11:05:00+00:00,2023-01-18T14:37:00+00:00,0.0,2023-01-22T23:00:00+00:00,2023-01-20,2.0,1.83,0.47780678851174935,-0.08883121370661573,0.5969368319156741,0.48154921802490913,0.7,0.03333333333333333,0.5605933510649388,0.630644848869354,2.7373433242328105e-09,108,184,False,False,False,d27d33a2875ee048c65e9255702cf9000a799e8b752ffea62f5b3ce3057963b6,0c2813eb086f1cd52ec25dc33b352fdae134e5f674cf4543f7f39fdbaa7f8368,1.85,1.99,True,2023-01-20T02:00:00+00:00,2023-01-20T08:48:00+00:00
te:2270167,2023-01-20,2023,2023-01-20,cazaux,sandgren-fb235,2023-01-20T06:15:00+00:00,2023-01-19T09:16:00+00:00,1.0,2023-01-22T23:00:00+00:00,2023-01-20,1.74,2.11,0.548051948051948,0.19280283426153733,0.6284294999323443,0.33268239799820176,2.1166666666666667,1.5166666666666666,0.7911755854236826,0.7168501171681898,1.7486012637846216e-15,104,122,False,False,False,498a7697f06724f1f09a7bf67e8d034d68f4b0a40f4d0c212025de17c8c85115,5a7dbe6bb47b410a8d5270c0a654cd723314d3462e6f9c5010f050e34bf1c1ec,1.75,2.12,True,2023-01-20T04:46:00+00:00,2023-01-20T04:46:00+00:00
te:2270239,2023-01-20,2023,2023-01-20,fonio,escoffier,2023-01-20T05:35:00+00:00,2023-01-19T12:44:00+00:00,,,,1.64,2.29,0.5826972010178116,0.333855575730041,0.6430621452981721,0.2548241026625322,0.7333333333333333,0.7333333333333333,0.7111359271413058,0.7523966220244006,3.551436922322182e-12,190,177,False,False,False,d9824e24776efe736d2ba87666e5ab8f960f53020094ab76cc0a76055cbb6c8c,9322b1541d5a372205b8fe1cdce658a99c7dc774a8d862941ec426fe6809aa00,1.66,2.28,True,2023-01-20T02:05:00+00:00,2023-01-20T02:05:00+00:00
te:2270357,2023-01-20,2023,2023-01-20,shevchenko-3bd40,giustino-1d545,2023-01-20T15:05:00+00:00,2023-01-19T20:33:00+00:00,1.0,2023-01-22T23:00:00+00:00,2023-01-20,1.9,1.92,0.5026178010471204,0.010471299867295303,0.618704452821488,0.4735816109094035,0.8833333333333333,0.8833333333333333,0.6920298681689508,0.6401471613299838,5.663898544616686e-09,198,155,False,False,False,f4909a5ad7c91357c71681af3e72a08c0ee43be3dbb8782a42eebfa89463dcdf,f3e42ffcf6fe1c571dea965f31dd069810d1ef62bb92f11b874f837d780ef829,1.79,2.06,True,2023-01-20T13:58:00+00:00,2023-01-20T13:58:00+00:00
te:2270601,2023-01-20,2023,2023-01-20,ugo-carabelli,seyboth-wild,2023-01-20T18:45:00+00:00,2023-01-20T15:23:00+00:00,1.0,2023-01-22T23:00:00+00:00,2023-01-20,1.89,1.93,0.5052356020942408,0.020943173845242972,0.6142952717553634,0.44446041332648856,1.45,0.5833333333333334,0.5000000029354636,0.5103540336975035,0.00486191614716297,141,119,False,False,False,c995e0ed97f9f7e001f3dea9c6714f1bf74ab9907dee330a1cd6c2e7241bb6a9,40828ee6d0d993a8ef897bd52d87ce71cfdd9b8106ebe218d5376f303e05646d,1.87,1.95,True,2023-01-20T18:27:00+00:00,2023-01-20T18:27:00+00:00
te:2271339,2023-01-24,2023,2023-01-24,kicker,ficovich,2023-01-24T13:15:00+00:00,2023-01-22T05:50:00+00:00,0.0,2023-01-26T23:00:00+00:00,2023-01-24,1.93,1.88,0.4934383202099738,-0.026248226074936154,0.5991661962987709,0.4282403551787803,0.0,0.0,0.5589680782709082,0.5000000000000001,0.004013155434073629,129,151,False,False,False,8a26921c11c249c671aa6a2c3cc853ece6cc671715e67d59e0aced72806bead6,1e7d8e3ee8897d24a2e1ba948202df1d02273a4af893f6d0481cd3c6018ae12b,1.85,1.97,True,2023-01-24T10:09:00+00:00,2023-01-24T10:09:00+00:00
te:2271787,2023-01-24,2023,2023-01-24,berankis,laaksonen,2023-01-24T14:15:00+00:00,2023-01-23T12:08:00+00:00,0.0,2023-01-26T23:00:00+00:00,2023-01-24,1.81,2.01,0.5261780104712042,0.10480787679324989,0.621227928216848,0.3899555415045911,0.0,0.0,0.6805438801839329,0.6368964966317361,6.652416423280627e-09,97,136,False,False,False,ae615649e741be0fc532fe88a542d0a3268b5952f90cee015b469c8c79bd8523,37c4abb07c7634ae0fba8185ed5b85f9cd00043954838a2576ef1d0a1ccf6e70,1.67,2.24,True,2023-01-24T06:08:00+00:00,2023-01-24T07:20:00+00:00
te:2271789,2023-01-24,2023,2023-01-24,hanfmann,serdarusic-5f7cc,2023-01-24T13:15:00+00:00,2023-01-23T12:08:00+00:00,1.0,2023-01-26T23:00:00+00:00,2023-01-24,1.76,2.07,0.5404699738903395,0.16223479822721742,0.5915654305417193,0.20820576827828174,0.0,0.0,0.7615271410864012,0.6626578797674759,5.6193827369099836e-11,148,140,False,False,False,13341add2fca062e2d03c6902b0d9ac7bc429e8dd607bb15fe78a63c04cd45a9,c2f45e55f7ef33f5be68850eec555c670e57b2fb5973735ac7349120bd4d4f18,1.66,2.24,True,2023-01-24T08:24:00+00:00,2023-01-24T12:47:00+00:00
te:2271877,2023-01-24,2023,2023-01-24,bellier,piros,2023-01-24T16:05:00+00:00,2023-01-23T05:20:00+00:00,1.0,2023-01-26T23:00:00+00:00,2023-01-24,1.65,2.25,0.5769230769230769,0.3101549283038393,0.6238230811708875,0.19565231457376187,0.0,0.0,0.6475478827678579,0.6903710570849041,6.068090474542487e-10,168,140,False,False,False,9ef0961a474c421a65850b1706f24b235e7cb065ae836578cb89ef5dd13a46fb,be6f3f77a9303cb410ebdea464031b257fbc1c91c2ed3165b98c3867afe0f2e8,1.64,2.28,True,2023-01-24T11:36:00+00:00,2023-01-24T11:36:00+00:00
te:2272625,2023-01-24,2023,2023-01-24,diaz-acosta,reis-da-silva,2023-01-24T14:50:00+00:00,2023-01-24T07:55:00+00:00,1.0,2023-01-26T23:00:00+00:00,2023-01-24,2.17,1.69,0.43782383419689114,-0.2499986386173863,0.5762355969426132,0.5573375905232179,0.48333333333333334,0.48333333333333334,0.7345453574464232,0.6270094142042033,1.0762779556472424e-12,110,164,False,False,False,f57483dbdbccf2dd8c8a718b27c58e9c17f9eaec4344011a2d28234daa8106fa,8cd18d684ea43f16aa0d86516f81bb9986c58e7b01344006e2e0f4239d395be7,2.18,1.7,True,2023-01-24T14:28:00+00:00,2023-01-24T14:28:00+00:00
te:2274013,2023-01-27,2023,2023-01-27,hemery,stricker,2023-01-27T19:10:00+00:00,2023-01-26T16:30:00+00:00,,,,1.86,1.96,0.5130890052356021,0.052367985517315925,0.5875196831970417,0.3013532754589505,0.6333333333333333,0.6333333333333333,0.6862994762377274,0.7947190683738937,2.1964984830979972e-09,128,135,False,False,False,2208b7953bbbacb9896e80f6b49b5fd6ad7bacc0d5e50546479c0bb0aa8c67dc,06fefc57b0c3c97a7d15c0179602807b5e3868805faae11a181c62ba89e39768,1.78,2.08,True,2023-01-27T15:38:00+00:00,2023-01-27T17:23:00+00:00
te:2274047,2023-01-27,2023,2023-01-27,skatov,tabilo,2023-01-27T21:00:00+00:00,2023-01-26T20:29:00+00:00,1.0,2023-01-29T23:00:00+00:00,2023-01-27,1.88,1.94,0.5078534031413613,0.031416196233379066,0.6314113563404216,0.5068601303240341,0.7,0.7,0.661615853427862,0.6868843192704488,1.1323164628151972e-12,150,123,False,False,False,57f630e78dc70be270efd505fc3ed1dfe02ac9f9d008f103d1d4a9cf83816b08,1eea53c31c56a38349e66f8aa77b1c1a8245095da9d892c9b4425ddea332d617,1.79,2.07,True,2023-01-27T20:39:00+00:00,2023-01-27T20:39:00+00:00
te:2274049,2023-01-27,2023,2023-01-27,onclin-89017,uchida-ea757,2023-01-27T19:35:00+00:00,2023-01-26T20:29:00+00:00,0.0,2023-01-29T23:00:00+00:00,2023-01-27,1.88,1.93,0.5065616797900262,0.026248226074936154,0.6117178176186197,0.4282905183173543,1.7,1.7,0.6503144908092939,0.5993715598912478,1.238550123572324e-09,200,159,False,False,False,1cc38c9c826cb11aa986de2f3f442d21a14e21a820ea412f26d85ac7c0f2b070,c8dd6e553d57056dc541971689cd1f5ab51ff5803960e0cf3fe3b780063ba619,1.85,1.99,True,2023-01-27T10:40:00+00:00,2023-01-27T14:41:00+00:00
te:2274057,2023-01-27,2023,2023-01-27,diaz-acosta,torres-dc0bf,2023-01-27T19:35:00+00:00,2023-01-26T20:30:00+00:00,1.0,2023-01-29T23:00:00+00:00,2023-01-27,1.98,1.84,0.48167539267015713,-0.07333127308554936,0.6083614858386074,0.5137612708642156,0.6833333333333333,0.6833333333333333,0.7125567640452011,0.641003659532429,6.952157405315518e-09,107,143,False,False,False,eaf23a94f31325ad766137d3f7d1c8ef1ff6bb52a96b2086f963a53b6a3dda8c,50bbce283330fea0162a433fe6d6803dde171721b21d0f40d90c6b6f2e08be1d,1.91,1.93,True,2023-01-27T18:23:00+00:00,2023-01-27T18:23:00+00:00
te:2274059,2023-01-27,2023,2023-01-27,blancaneaux,albot,2023-01-27T13:15:00+00:00,2023-01-26T20:29:00+00:00,1.0,2023-01-29T23:00:00+00:00,2023-01-27,1.76,2.09,0.5428571428571429,0.1718502569266595,0.6153534678520377,0.2980217759919596,0.0,0.0,0.6322751909754818,0.6879529199175508,3.0896179697981196e-08,192,157,False,False,False,6c9dbdb80050d80e2e29554a3be32504e29e706f505c53b587dab42ddb64e1e4,64a90d0a06d9df148e8c0d33f73008522cfa4e1b1a54129b3de44d8640363c96,1.78,2.07,True,2023-01-27T12:29:00+00:00,2023-01-27T12:38:00+00:00
te:2274085,2023-01-27,2023,2023-01-27,dellien,cerundolo-08df6,2023-01-27T16:15:00+00:00,2023-01-26T23:10:00+00:00,0.0,2023-01-29T23:00:00+00:00,2023-01-27,1.85,1.96,0.5144356955380577,0.05775883415219216,0.5999400806646841,0.34745661629057634,0.0,0.0,0.5032156009888042,0.5608982463387108,4.325444835640013e-09,108,113,False,False,False,49c6c843a1af5b7d79a8eaf76428386a8b1618416a0b9cf08bb59346ef5a553b,cbcef3c72b7826f15e7f25cb6cca4524a7f0a6df772a34e0b6aaa0cc32e377a6,1.81,2.05,True,2023-01-27T14:55:00+00:00,2023-01-27T12:32:00+00:00
te:2274087,2023-01-27,2023,2023-01-27,goffin,hanfmann,2023-01-27T15:40:00+00:00,2023-01-26T23:16:00+00:00,1.0,2023-01-29T23:00:00+00:00,2023-01-27,1.81,2.03,0.5286458333333333,0.11470894777596129,0.6192491376910938,0.3716534715504981,0.36666666666666664,0.36666666666666664,0.7179704117172995,0.6583584054020067,9.967260350407514e-11,164,150,False,False,False,fc3e20ef825e7d468400d6283f84f34755894a0653b1626e5dddcdf4d6c0c5c6,d17dedf1a825072e55d926c01218b017d95ed4879b345b4aaff85264d3bcf5b0,1.76,2.1,True,2023-01-27T15:19:00+00:00,2023-01-27T15:19:00+00:00
te:2274093,2023-01-27,2023,2023-01-27,coria-df292,del-bonis,2023-01-27T18:05:00+00:00,2023-01-26T23:10:00+00:00,1.0,2023-01-29T23:00:00+00:00,2023-01-27,1.92,1.9,0.4973821989528796,-0.010471299867295303,0.616705497061008,0.4860592646187412,0.5166666666666667,0.5166666666666667,0.6110942468521093,0.5827839331451112,1.1495299961916672e-08,194,116,False,False,False,4e2c2228dd6e0de62b4ee6f7e89736a183f2f520b44e6b4740043ef4c2a1ac63,cb1d2d73c272b5c87632aa33295940ccaa27c369cf8ebde134b40bf71291b2d9,1.87,1.97,True,2023-01-27T15:19:00+00:00,2023-01-27T14:33:00+00:00
te:2274721,2023-01-31,2023,2023-01-31,escoffier,topo-77408,2023-01-31T14:40:00+00:00,2023-01-29T19:46:00+00:00,1.0,2023-02-02T23:00:00+00:00,2023-01-31,1.88,1.93,0.5065616797900262,0.026248226074936154,0.6007716136625671,0.3824329757242013,0.0,0.0,0.777559010474067,0.6830807635481416,2.253472547453228e-08,176,110,False,False,False,97a8a74d224384e8ba6223eb9c0d4983309a06be65adc2c7e26f5277474520c0,f1d0271df37e0a0cb71b50bb70c6b66b033d03447335fddefb99c888bf50a4a9,1.78,2.06,True,2023-01-31T13:12:00+00:00,2023-01-31T13:12:00+00:00
te:2274751,2023-01-31,2023,2023-01-31,bonadio,landaluce-84126,2023-01-31T14:25:00+00:00,2023-01-29T22:28:00+00:00,1.0,2023-02-02T23:00:00+00:00,2023-01-31,2.03,1.79,0.46858638743455505,-0.12582017320103203,0.5529565215042068,0.33844369146258,0.7,0.7,0.6187915855300767,0.5000000000000001,0.007781662668902262,188,9,False,False,False,3ea99fa627e939f0c17198a806d4c84bbc928e2261452363c3153d7660b84b17,9255b00d54c9718ad15373d38199639d78c6c3d89ff1740b2fd8d1baaad80355,1.93,1.88,True,2023-01-31T13:40:00+00:00,2023-01-31T12:55:00+00:00
te:2275635,2023-01-31,2023,2023-01-31,delaney,jin-18180,2023-01-30T23:15:00+00:00,2023-01-30T10:25:00+00:00,1.0,2023-02-02T23:00:00+00:00,2023-01-31,2.04,1.78,0.4659685863874345,-0.13633644355213148,0.5674644479354077,0.4078500198364342,0.0,0.0,0.6024989021576602,0.7152013940430417,1.1935858690304002e-09,41,47,False,False,False,b3b65a4f236796f9dec6e6fe85175f7a161857cf5b632b3416b277d0f03ce17c,9b95dd00f55601948581f50e1f8fa2d0d64408293c28d2b5e775261f056e2edf,1.95,1.87,True,2023-01-30T22:01:00+00:00,2023-01-30T22:01:00+00:00
te:2276021,2023-01-31,2023,2023-01-31,royer,rosol,2023-01-31T12:10:00+00:00,2023-01-31T01:06:00+00:00,1.0,2023-02-02T23:00:00+00:00,2023-01-31,1.69,2.17,0.5621761658031088,0.24999863861738608,0.6398772927771563,0.3248329625484638,0.0,0.0,0.714832930636984,0.691254036013723,5.456297913486452e-10,165,182,False,False,False,c33374f69a6c72d176c609b574ea66aac5305650b7b0d96cba99cf4580bee430,a1e5c020df7152914b2ad2a6b73e850fb59f953c4cabfc5b36e2f98fafec505d,1.63,2.31,True,2023-01-31T11:51:00+00:00,2023-01-31T11:51:00+00:00
te:2276245,2023-01-31,2023,2023-01-31,holt-669c7,perez-37652,2023-01-31T22:35:00+00:00,2023-01-31T06:19:00+00:00,0.0,2023-02-02T23:00:00+00:00,2023-01-31,2.0,1.81,0.4750656167979003,-0.09982033528221068,0.5538159490771792,0.3159212078235688,1.5333333333333334,1.5333333333333334,0.7361654738300786,0.6099839563413433,1.7071744018437585e-10,172,147,False,False,False,abaf27444db0ff0f2db8e0b5a6d992a98152ffec4d2b1ad0e81e935762ba7a49,9a95486b89bdb4f992e9032b2bad95803ba1c735a8e95c57ccc89295fb625735,2.06,1.78,True,2023-01-31T20:38:00+00:00,2023-01-31T20:38:00+00:00
te:2276821,2023-02-03,2023,2023-02-03,alvarez-varona,moro-canas,2023-02-03T11:10:00+00:00,2023-02-01T22:43:00+00:00,1.0,2023-02-05T23:00:00+00:00,2023-02-03,1.74,2.12,0.5492227979274612,0.1975309754574837,0.6268985183210732,0.3214032478343003,0.48333333333333334,0.48333333333333334,0.6421496193513309,0.6678266121564614,2.5982660467605e-10,134,140,False,False,False,7cbc33ea059c3bd827fce481667c66853ce23e94b7c6555f27a9f10fdc1dcb1a,10b07b5db8bd5cb7641042dd169e9cf21cfc5f2f27f1521001b58a6ac5be43cc,1.76,2.11,True,2023-02-03T00:16:00+00:00,2023-02-03T00:16:00+00:00
te:2276833,2023-02-03,2023,2023-02-03,kolar-d6d52,muller-c81bc,2023-02-03T12:05:00+00:00,2023-02-02T01:45:00+00:00,1.0,2023-02-05T23:00:00+00:00,2023-02-03,1.99,1.83,0.4790575916230366,-0.08381867188307154,0.6189336180002244,0.5688431071857223,0.6333333333333333,0.03333333333333333,0.6817817409053122,0.7527856064282751,3.407257626042437e-08,142,158,False,False,False,a80932a8d059798214d3b7ea3eace5c3b670ef207f36b62eca38cf0ad1b4a278,8048b7c77b6feb30c49151b1511426a095c33ce78e4da34b71df58e021d99f41,1.91,1.93,True,2023-02-03T09:27:00+00:00,2023-02-03T09:27:00+00:00
te:2276835,2023-02-03,2023,2023-02-03,gomez-eb573,diallo-dd116,2023-02-03T19:50:00+00:00,2023-02-02T01:43:00+00:00,1.0,2023-02-05T23:00:00+00:00,2023-02-03,1.78,2.07,0.5376623376623377,0.1509352429732842,0.6344541970066475,0.40043826671101246,0.3333333333333333,0.3333333333333333,0.6759515604189522,0.7056127409972788,2.8658305506468196e-08,162,82,False,False,False,074d40a2d6fc41dbc7d9281faa8a82611426f13ffdf4b729b57d3c5123a7fd1b,c3728c47a408b70d209172cc9b29423a116d40c168039e1d5a4d740b7ad17faf,1.69,2.22,True,2023-02-03T17:34:00+00:00,2023-02-02T19:47:00+00:00
te:2276931,2023-02-03,2023,2023-02-03,hijikata,mccabe-b71c6,2023-02-02T23:15:00+00:00,2023-02-02T11:28:00+00:00,0.0,2023-02-05T23:00:00+00:00,2023-02-03,1.95,1.87,0.4895287958115184,-0.041890941709159774,0.5970460431569405,0.435062871934062,0.0,0.0,0.7391568545102961,0.6496741715727236,1.5023787491852403e-09,198,149,False,False,False,422ba594c7fd89ac1ea63de9fd17ffb21eb378cc67999ba9d9784f615660817d,445a159b4343f5715b0049d1dbc2c239a60b51abd4039b401e317134188a57aa,1.98,1.85,True,2023-02-02T22:59:00+00:00,2023-02-02T21:37:00+00:00
te:2277051,2023-02-03,2023,2023-02-03,arnaldi,krutykh,2023-02-03T13:20:00+00:00,2023-02-02T21:19:00+00:00,0.0,2023-02-05T23:00:00+00:00,2023-02-03,1.8,2.03,0.5300261096605744,0.12024912815157689,0.6150075254029898,0.3481615884122253,0.0,0.0,0.5398122380680017,0.529497359110389,1.4105500739658439e-08,199,201,False,False,False,2c73b2fd09ea59740e50fcc0b1906dfed88704728cf6cf666be2e08966fa2c96,a3f53c9b27f37a3e6b79ad84892056f36e85ff0219762ed420cd50a6f65978d0,1.67,2.25,True,2023-02-03T09:35:00+00:00,2023-02-03T09:35:00+00:00
te:2277079,2023-02-03,2023,2023-02-03,sandgren-fb235,svajda,2023-02-03T18:00:00+00:00,2023-02-03T00:02:00+00:00,1.0,2023-02-05T23:00:00+00:00,2023-02-03,1.77,2.08,0.5402597402597403,0.16138834712748912,0.6342488702789204,0.38909994148332944,1.3166666666666667,0.18333333333333332,0.6782314500232662,0.6691516230829938,5.172046346757497e-09,123,130,False,False,False,ac418ae9deb753be488a20b63749e7797ca92e7d50bfe4a204d8d1c0316126fc,4100d64ba82a94df63a18e0153e50c8ded2b06244745548ab4e46d2bbb8ed479,1.72,2.17,True,2023-02-03T17:20:00+00:00,2023-02-03T17:20:00+00:00
te:2278233,2023-02-07,2023,2023-02-07,escoffier,butvilas,2023-02-07T18:35:00+00:00,2023-02-05T12:33:00+00:00,1.0,2023-02-09T23:00:00+00:00,2023-02-07,2.07,1.76,0.4595300261096606,-0.1622347982272172,0.5995669821832472,0.5658959904128674,1.1333333333333333,1.1333333333333333,0.8316626924544992,0.7239523163853961,3.1262384347918726e-10,178,41,False,False,False,30f1d18eeb55419102788c475be890f9d27300b01fbe8c0e31da22d9af91b4f6,01308750c0bd093998d80a1ef1618907caed0bfe36a833dff52cd6336f5233cc,1.94,1.88,True,2023-02-07T17:55:00+00:00,2023-02-07T17:55:00+00:00
te:2278237,2023-02-07,2023,2023-02-07,dzumhur,laaksonen,2023-02-07T13:10:00+00:00,2023-02-05T12:33:00+00:00,,,,1.93,1.88,0.4934383202099738,-0.026248226074936154,0.6126132962084505,0.48455869605920776,0.7333333333333333,0.7333333333333333,0.5000000000000001,0.5218926360515757,0.0029868261343115876,129,137,False,False,False,4fa771040e26a46db229abcf87dd3bd06c2ce9dfd6dfd387c71fc7f098535a08,cfd93c42f52f07a67ef7c71605518b9455f639596c27486c7c18e2dc8c606c48,1.88,1.93,True,2023-02-07T10:35:00+00:00,2023-02-06T18:03:00+00:00
te:2278243,2023-02-07,2023,2023-02-07,furness,kopriva,2023-02-07T17:45:00+00:00,2023-02-05T12:35:00+00:00,0.0,2023-02-09T23:00:00+00:00,2023-02-07,1.89,1.91,0.5026315789473684,0.010526412986987525,0.6201958279898648,0.47985308370474755,0.0,0.0,0.6006376544300179,0.5922343500930041,5.439620045510907e-07,138,148,False,False,False,60139cc6ca923aa6c1bb9c52b1d099d46670b2b8c9ab63b9eff244f483ec757d,14cc21e64a43096442fd786f4355958565482109acbe94559a0d07ef750784cd,1.82,2.01,True,2023-02-07T14:07:00+00:00,2023-02-07T11:40:00+00:00
te:2280507,2023-02-07,2023,2023-02-07,kolar-d6d52,masur-d87d6,2023-02-07T11:30:00+00:00,2023-02-07T00:53:00+00:00,1.0,2023-02-09T23:00:00+00:00,2023-02-07,1.82,1.99,0.5223097112860893,0.08929813764769719,0.6401478923906172,0.4867079590235101,1.6666666666666667,0.9666666666666667,0.7015749295662583,0.7410403849466892,1.5360390737129137e-10,148,152,False,False,False,9df7ce33e7f878dcee48fb43271a268b0d36a738f7450ee53325d01d742d519c,9afd820f17fee7bc3f421e54e673c4479b395f5d3b248efb57549b6ae1322657,1.81,2.03,True,2023-02-07T04:00:00+00:00,2023-02-07T09:19:00+00:00
te:2280791,2023-02-07,2023,2023-02-07,passaro-5f6f1,mochizuki-f2487,2023-02-07T12:45:00+00:00,2023-02-06T22:54:00+00:00,0.0,2023-02-09T23:00:00+00:00,2023-02-07,1.94,1.86,0.4894736842105264,-0.04211148535012657,0.5897903894708949,0.4052104127925912,2.1166666666666667,0.18333333333333332,0.6196153311274775,0.5412313053635939,3.6430608529869346e-11,181,181,False,False,False,f79146b5d497eabda082f56c45a420b38780f0ed192431a9ab0638796fd22667,cd4ade1e88be77b6e6272f329d2365162deb4f952d50b24bd12a4e6b13063662,1.88,1.94,True,2023-02-07T05:19:00+00:00,2023-02-07T10:06:00+00:00
te:2280799,2023-02-07,2023,2023-02-07,fonio,harrison-5baad,2023-02-07T12:30:00+00:00,2023-02-06T22:54:00+00:00,1.0,2023-02-09T23:00:00+00:00,2023-02-07,1.9,1.9,0.5,0.0,0.6185424369022818,0.48336619452178065,0.36666666666666664,0.36666666666666664,0.6001373039993756,0.6305469882891991,1.206025557198842e-10,185,75,False,False,False,6255d66e0474442a573aedb2cbd3218760d3fac267ee467c523c5a0cbade33c6,04ad4adc26bc7afac9b272c02cddf352cc16d595c31f2ab01e063f195bb78ca9,1.96,1.86,True,2023-02-07T10:35:00+00:00,2023-02-07T10:35:00+00:00
te:2282031,2023-02-10,2023,2023-02-10,peniston,fonio,2023-02-10T13:20:00+00:00,2023-02-09T13:57:00+00:00,0.0,2023-02-12T23:00:00+00:00,2023-02-10,1.88,1.94,0.5078534031413613,0.031416196233379066,0.6395590968853451,0.5420348186422552,0.95,0.15,0.7332721253745212,0.697187841976881,4.737185088643514e-10,143,189,False,False,False,3eca74cef86363e7575cb14449c1d3c178bbfaa4314deeac0f179df8875b71d3,a92de9278a0619e2714f3fef8cf2577836a184bc9993c855fd26730ee3dfed87,1.78,2.08,True,2023-02-10T13:03:00+00:00,2023-02-10T13:03:00+00:00
te:2282139,2023-02-10,2023,2023-02-10,dzumhur,novak-77d05,2023-02-10T16:50:00+00:00,2023-02-10T02:45:00+00:00,,,,1.85,1.98,0.5169712793733681,0.06791120561621009,0.5929238987453243,0.30815470357404984,1.0166666666666666,0.31666666666666665,0.5751299767409112,0.653831102296763,1.2440937169344579e-11,132,158,False,False,False,8484f8e3f1c7a0d4a2490a7314382a02a4b949a3bd33e5f45f01a2c6af71593a,c8c786d67235139b3f20953a4aa182f2288aff2b565056c7bba4065344047c78,1.82,2.02,True,2023-02-10T16:13:00+00:00,2023-02-10T16:13:00+00:00
te:2283413,2023-02-14,2023,2023-02-14,passaro-5f6f1,uchida-ea757,2023-02-14T08:10:00+00:00,2023-02-13T08:21:00+00:00,0.0,2023-02-16T23:00:00+00:00,2023-02-14,1.88,1.92,0.5052631578947367,0.02105340919783196,0.5974655375765578,0.3738624811271118,0.7833333333333333,0.7833333333333333,0.7175651110417676,0.6328814786734434,4.030709110924846e-08,186,161,False,False,False,f4bbf740aeabef0ea8e418c997aaf2c423aab95b22a2a1852f4e8aa1ab1cc70e,b23349d1022963ccdb9f0a570da2091a5e4a10e4ef8a351c3688bbc313bb1c38,1.93,1.89,True,2023-02-14T07:14:00+00:00,2023-02-14T07:14:00+00:00
te:2283425,2023-02-14,2023,2023-02-14,popyrin,virtanen-7d161,2023-02-14T15:10:00+00:00,2023-02-13T08:30:00+00:00,0.0,2023-02-16T23:00:00+00:00,2023-02-14,1.79,2.03,0.5314136125654451,0.12582017320103248,0.6259672830813211,0.3891346611042056,0.38333333333333336,0.38333333333333336,0.8268317096355268,0.7386392580011365,3.4264813209006206e-12,152,187,False,False,False,fd84073538425e65a703482701409a065e7af713b6a32cfdabbee53b034b8414,452253a309ac1242c86e80432987f5a3d02f1bad30b3b1a401f0fcd6e1816cb5,1.67,2.24,True,2023-02-14T12:31:00+00:00,2023-02-14T14:30:00+00:00
te:2283427,2023-02-14,2023,2023-02-14,moraing,pospisil-9e7de,2023-02-14T10:25:00+00:00,2023-02-12T01:49:00+00:00,1.0,2023-02-16T23:00:00+00:00,2023-02-14,1.92,1.88,0.49473684210526314,-0.02105340919783241,0.5639676250252652,0.2783337614893238,0.6,0.06666666666666667,0.7018285700108686,0.8321827794532567,3.083324651154129e-09,111,142,False,False,False,bbc14b125b711d8d2e4327208130728bad566afbf514e1e349b450e961ea0ba2,4dbefe18f758db8904ae7c91c482b615acb288eb82b45b916d8d4471472a7a1b,1.93,1.89,True,2023-02-12T18:42:00+00:00,2023-02-14T09:54:00+00:00
te:2283433,2023-02-14,2023,2023-02-14,zeppieri,poljicak,2023-02-14T09:10:00+00:00,2023-02-12T01:50:00+00:00,1.0,2023-02-16T23:00:00+00:00,2023-02-14,1.93,1.88,0.4934383202099738,-0.026248226074936154,0.5646868124062069,0.2864537456935603,0.0,0.0,0.6065886247143655,0.5000000000000001,6.25752606143587e-05,152,100,False,False,False,b1ac0393dba51ad238237c9ffd2f55318c20c9a49accef62c2479e7c99c45aac,99ba21c68ef9718c745adb1b2308647ed2dcc43d27e3783f97f3c50b4af33a94,1.95,1.87,True,2023-02-14T08:46:00+00:00,2023-02-14T08:46:00+00:00
te:2284315,2023-02-14,2023,2023-02-14,giustino-1d545,safwat,2023-02-14T08:10:00+00:00,2023-02-13T20:28:00+00:00,0.0,2023-02-16T23:00:00+00:00,2023-02-14,1.88,1.92,0.5052631578947367,0.02105340919783196,0.5949896552772114,0.36357800080219926,0.0,0.0,0.7066134730934063,0.6214441907722225,3.4066638399110616e-12,166,132,False,False,False,41fda871a1c01fd381ea9170a0a1c33a85c184fc5ebc7e7b91461946682bb0f7,3f538b56da9000dc7c67cf6b73ec8ca50ee37514802353fdb2393702b9b0dc06,1.83,1.99,True,2023-02-14T07:28:00+00:00,2023-02-14T07:28:00+00:00
te:2284739,2023-02-14,2023,2023-02-14,choinski,yevseyev,2023-02-14T10:55:00+00:00,2023-02-14T02:20:00+00:00,0.0,2023-02-16T23:00:00+00:00,2023-02-14,1.78,2.05,0.5352480417754569,0.14122642884632308,0.6094627728099378,0.30382814311632744,0.5833333333333334,0.5833333333333334,0.6659069714483212,0.6073887633688192,1.9319587596378085e-10,171,158,False,False,False,8c2a912ee0a670a985c28e1c6d86d91d2c4e5b40a43a26ba3a77c8aaac85dcf9,6c9b292ed97e6c2f893799b29489e01b905d7fbb90a3c4eed357bcc34a769cd6,1.75,2.1,True,2023-02-14T05:54:00+00:00,2023-02-14T10:42:00+00:00
te:2285607,2023-02-17,2023,2023-02-17,sweeny,cazaux,2023-02-17T07:20:00+00:00,2023-02-15T10:48:00+00:00,1.0,2023-02-19T23:00:00+00:00,2023-02-17,2.11,1.74,0.451948051948052,-0.19280283426153733,0.5431821677974622,0.36596288710569935,0.0,0.0,0.5866642336240513,0.7198714331374615,2.9278987540015677e-08,215,119,False,False,False,3445d29e138f2d603842ebd813c3ccea152e8c51374bdcba7fab5df2acb34d30,c632c24e178b61c461a6b6fb4dad8b4a9bbba34d4d128c17b1ad3767d4603a35,2.17,1.72,True,2023-02-16T11:07:00+00:00,2023-02-16T11:07:00+00:00
te:2286007,2023-02-17,2023,2023-02-17,nagal,clarke-60a59,2023-02-17T05:30:00+00:00,2023-02-16T12:50:00+00:00,0.0,2023-02-19T23:00:00+00:00,2023-02-17,1.88,1.94,0.5078534031413613,0.031416196233379066,0.5961569803361136,0.35806158871491833,0.5333333333333333,0.5333333333333333,0.564450449374143,0.5000000000000001,0.0036314941696423825,94,96,False,False,False,8716a1cf2dcdf6e5f0da59b9268775b0876bd9b5911df0b0f1e267cee7c8afaf,36a14b2def1758ef6d13b87f8731e304bf515fdc4b763be6cbe955b4f0db6b57,1.87,1.97,True,2023-02-17T05:20:00+00:00,2023-02-17T05:20:00+00:00
te:2286041,2023-02-17,2023,2023-02-17,droguet,vatutin,2023-02-17T14:05:00+00:00,2023-02-16T20:14:00+00:00,1.0,2023-02-19T23:00:00+00:00,2023-02-17,1.68,2.21,0.5681233933161953,0.2741987221144937,0.6197241230204694,0.21417871266200167,1.65,0.016666666666666666,0.5983384557230806,0.6212271473566079,6.72434885551354e-11,175,188,False,False,False,a1a3dad0bf3f10fc9438e5df1baf01fc0bbeef4df444ca81df2e7cea3bb46f64,07e62d7ab17a1b91fb5ddb741d99d8e9345458038a880e224a02ca95672cfbe0,1.79,2.07,True,2023-02-17T10:35:00+00:00,2023-02-17T10:35:00+00:00
te:2286945,2023-02-21,2023,2023-02-21,moreno-de-alboran-a31d1,svrcina,2023-02-21T08:00:00+00:00,2023-02-19T12:48:00+00:00,0.0,2023-02-23T23:00:00+00:00,2023-02-21,1.93,1.88,0.4934383202099738,-0.026248226074936154,0.6163036184334351,0.5001363884095631,1.3666666666666667,0.2,0.5814877668622573,0.5628267029775451,4.986887540137097e-07,140,148,False,False,False,ca7706fceca4d09eec0b2bc7314f84ffcf4af3b4cdab69906a2ff568dff75664,415f932f7368e7a29ca5c4d68b1cb61ac4cb2fb6d8fbf94a48ccef4ea0b6edfb,1.82,2.0,True,2023-02-21T07:04:00+00:00,2023-02-21T07:04:00+00:00
te:2288059,2023-02-21,2023,2023-02-21,decamps-8626a,cukierman,2023-02-21T15:05:00+00:00,2023-02-19T20:33:00+00:00,0.0,2023-02-23T23:00:00+00:00,2023-02-21,1.91,1.89,0.4973684210526315,-0.010526412986987747,0.6147736046647587,0.47794928923155144,0.0,0.0,0.5012276098044628,0.5000000216794164,0.006175389587795885,134,188,False,False,False,637884c886fd721c00c7c2e5daedc168e01b91f0424983fb49007962711e9842,c314dfbb8eba1fda906ea042ab510ed6fbd9e8a0dd07fdc8c700df476eb7e552,1.67,2.24,True,2023-02-20T14:34:00+00:00,2023-02-21T03:57:00+00:00
te:2288075,2023-02-21,2023,2023-02-21,daniel-2dd17,johnson-61d6e,2023-02-21T00:40:00+00:00,2023-02-19T22:00:00+00:00,1.0,2023-02-23T23:00:00+00:00,2023-02-21,1.75,2.08,0.5430809399477807,0.17275210577780412,0.6304332173285264,0.3613236618361543,1.5833333333333333,1.05,0.7370804625790947,0.6853358859780309,1.577434996513638e-08,161,139,False,False,False,1e7a99f903bd0d0e70b65dd962329c521c9427018511c72f40037f1fac3ee018,abd197c81c4ece0f40f75c1187e744a374f352782dab060bf4db06f92b87ebb2,1.64,2.28,True,2023-02-21T00:19:00+00:00,2023-02-21T00:19:00+00:00
te:2288973,2023-02-21,2023,2023-02-21,kachmazov,neuchrist,2023-02-21T09:55:00+00:00,2023-02-20T13:20:00+00:00,1.0,2023-02-23T23:00:00+00:00,2023-02-21,1.6,2.34,0.5939086294416244,0.38014730012387454,0.6548704379812905,0.26037022272045185,1.0,0.3333333333333333,0.7554701495061014,0.7320332203477647,1.4551315707933554e-10,167,182,False,False,False,871ac06bfb1670e435deeb38b8f376548eedd4a08a23ce250a15a97b4c903b19,fd3d6261215352ef91065db12cdb63a9f626ea7876a003abdb8b84d90cdc713c,1.63,2.32,True,2023-02-21T04:43:00+00:00,2023-02-21T04:43:00+00:00
te:2290407,2023-02-24,2023,2023-02-24,tomic-4ca3d,gomez-eb573,2023-02-24T00:40:00+00:00,2023-02-22T09:25:00+00:00,1.0,2023-02-26T23:00:00+00:00,2023-02-24,1.76,2.06,0.5392670157068064,0.15739217375142958,0.6124591920170166,0.300268986997126,0.6333333333333333,0.0,0.6319285561944724,0.6932482128178644,3.8187084605567634e-08,105,171,False,False,False,5da6abaf460cd06bc52fc6b154baf0ae7f345a2b787237bbba5a33b0cc5716d5,257ca40e4614aac2be8828dce8f7e6acdf03bda59a53c98a970e484b484e52b2,1.68,2.21,True,2023-02-24T00:28:00+00:00,2023-02-24T00:28:00+00:00
te:2290687,2023-02-24,2023,2023-02-24,medjedovic,tseng-5c1bc,2023-02-24T10:55:00+00:00,2023-02-22T14:03:00+00:00,0.0,2023-02-26T23:00:00+00:00,2023-02-24,1.83,2.0,0.5221932114882506,0.08883121370661551,0.6222579315320399,0.4103118698392091,0.65,0.05,0.6601192240082077,0.7144590123363306,5.275024861361999e-11,131,143,False,False,False,fc57c2ccde327300e7e1b38615fd49475bdfd7315dde07312f52c6cb680a9f64,36999b503005ab98f90b0f3eeec7b69a3f0f4dfc752d5bf2fc9ad99fb8e158a9,1.76,2.1,True,2023-02-24T08:03:00+00:00,2023-02-24T08:23:00+00:00
te:2290917,2023-02-24,2023,2023-02-24,stricker,moro-canas,2023-02-24T16:00:00+00:00,2023-02-24T04:55:00+00:00,1.0,2023-02-26T23:00:00+00:00,2023-02-24,1.85,1.98,0.5169712793733681,0.06791120561621009,0.5894069667836541,0.2936031476300206,1.5666666666666667,0.6333333333333333,0.71222152624312,0.620321984407397,6.247752315502453e-12,123,152,False,False,False,13e91f2f23a3442bd97de794eab899c1fa4fa519a2530054828e016c7278e532,36e9aff6e77a94d369d8ea95245f62cdb872105a6bce03818de2481c33755fbe,1.88,1.95,True,2023-02-24T11:04:00+00:00,2023-02-24T12:04:00+00:00
te:2290939,2023-02-24,2023,2023-02-24,svajda,ejupovic,2023-02-24T18:25:00+00:00,2023-02-23T08:06:00+00:00,1.0,2023-02-26T23:00:00+00:00,2023-02-24,1.74,2.12,0.5492227979274612,0.1975309754574837,0.6119250201500678,0.2578802154650941,0.0,0.0,0.733677198851776,0.6606642853080568,5.161959748534173e-11,141,178,False,False,False,7aa9110bda9bb376f3c40ebf6f775a86a1a0a26bdcda7ae9346468f6d264abdb,e63ddc34b21003e6492c60b5369174038ea53678fab3d34601c9dd82aa198e14,1.73,2.15,True,2023-02-24T02:03:00+00:00,2023-02-24T02:03:00+00:00
te:2291093,2023-02-24,2023,2023-02-24,purcell-e05cf,nardi-e2cda,2023-02-24T09:40:00+00:00,2023-02-23T12:51:00+00:00,0.0,2023-02-26T23:00:00+00:00,2023-02-24,1.74,2.12,0.5492227979274612,0.1975309754574837,0.6572801157501321,0.4536658584277137,2.15,1.4833333333333334,0.7805699802161054,0.742515448951669,6.833139609696559e-11,168,137,False,False,False,a82aa016ebabc6a5fad9cc7334b9f72a8c908100774d2e1664a785fbe6fb057a,2aeb13ac1b509fc0d16c0eb1c0adcbeca0478df71f723a6963421877ba9ce94b,1.71,2.18,True,2023-02-24T08:34:00+00:00,2023-02-24T08:34:00+00:00
te:2291125,2023-02-24,2023,2023-02-24,duckworth,kuzmanov,2023-02-24T06:40:00+00:00,2023-02-23T15:57:00+00:00,0.0,2023-02-26T23:00:00+00:00,2023-02-24,1.79,2.04,0.5326370757180157,0.13073418800346137,0.625684634361535,0.3830136114487215,1.3166666666666667,0.38333333333333336,0.71573867417585,0.6658745618297416,7.918554700836467e-12,154,140,False,False,False,43536ebaf292cbc8a2ad20de17239b1be68655ea3834a2565c33e4bf5dd655cd,2453a0ca578e2f5b238ec3d1f8e7a58a99a9381bbe5971e71170771bca2b9e62,1.75,2.11,True,2023-02-24T06:27:00+00:00,2023-02-24T06:27:00+00:00
te:2291321,2023-02-24,2023,2023-02-24,zeppieri,escoffier,2023-02-24T18:40:00+00:00,2023-02-24T04:52:00+00:00,1.0,2023-02-26T23:00:00+00:00,2023-02-24,1.61,2.34,0.5924050632911392,0.3739167503732382,0.6519308719380872,0.25362067739410304,2.15,0.35,0.7516688190595971,0.7256203912983367,4.944477410839809e-09,158,180,False,False,False,3a0c0bd891b977195a62f15ded85eaa334a9c991fb7e749bdbe9d344d84bc0eb,66a7eab4e28fdbf5ebbd3ea330f11c8fae3d92f4944358c48a1f9c81fca6395f,1.64,2.31,True,2023-02-24T15:03:00+00:00,2023-02-24T15:03:00+00:00
te:2291863,2023-02-28,2023,2023-02-28,purcell-e05cf,mukund,2023-02-28T13:30:00+00:00,2023-02-26T08:51:00+00:00,1.0,2023-03-02T23:00:00+00:00,2023-02-28,1.96,1.84,0.4842105263157894,-0.06317890162153181,0.553021062833112,0.2760635176529854,2.216666666666667,0.9166666666666666,0.778549671576708,0.6475134726476462,2.8586816247511138e-09,174,174,False,False,False,74ca4da2ebd44e84aeec9e84c1ab4ce35eb856736c7563c4020c8e5cc207428b,309ab51de5b0cf40e695ed98d510eb3f9708654add765de3664b277c42e7baef,2.06,1.78,True,2023-02-28T12:17:00+00:00,2023-02-28T12:17:00+00:00
te:2292951,2023-02-28,2023,2023-02-28,hardt-79c77,kodat,2023-02-28T20:40:00+00:00,2023-02-28T01:21:00+00:00,0.0,2023-03-02T23:00:00+00:00,2023-02-28,1.89,1.91,0.5026315789473684,0.010526412986987525,0.6116908906790188,0.443898965384269,1.8833333333333333,0.75,0.5261459473140762,0.5000000000000001,0.009764660955390234,162,92,False,False,False,b6f90fa7d60721fbac5ed018c6746ce6e073149cbef694a5daa46265ea16e3c5,0edf3ed945cdde5ba08e2c4b4601be06a991316e70908b7583cd972183e317f3,1.79,2.04,True,2023-02-28T03:47:00+00:00,2023-02-28T15:34:00+00:00
te:2293923,2023-02-28,2023,2023-02-28,tseng-5c1bc,santillan-29bed,2023-02-28T11:05:00+00:00,2023-02-27T21:21:00+00:00,1.0,2023-03-02T23:00:00+00:00,2023-02-28,1.93,1.86,0.4907651715039578,-0.036943515191684165,0.5758214264447874,0.34258657367440165,1.1333333333333333,1.1333333333333333,0.7693238909131052,0.6563448380995147,3.4442881879925835e-10,150,145,False,False,False,26a0b8ca27ba56a9e5e44f99230ba95bb12c0ecf14f299b12c668a0573cea176,fecfad102bb49e962df85e97fca16575ae384471ab785d8a7c81fce68a91d28d,1.81,2.03,True,2023-02-28T10:49:00+00:00,2023-02-28T10:49:00+00:00
te:2294707,2023-02-28,2023,2023-02-28,vukic,misolic,2023-02-28T20:00:00+00:00,2023-02-28T05:20:00+00:00,0.0,2023-03-02T23:00:00+00:00,2023-02-28,1.74,2.1,0.5468749999999999,0.1880522315029392,0.6215771033473321,0.30819538737375096,0.7166666666666667,0.7166666666666667,0.6703390475651396,0.6312745693257272,1.3932543507788608e-08,126,145,False,False,False,3cc77117ced826f8e3f2297a35ab5eed0807b1966dd45c5cd3f2d32a59c0fff2,7dd2d73382c1ac1ea0bbe613fde0f9ba698ae99b883bd91b057a90afacd646f4,1.75,2.11,True,2023-02-28T16:35:00+00:00,2023-02-28T18:43:00+00:00
te:2295583,2023-03-03,2023,2023-03-03,nardi-e2cda,noguchi-08bde,2023-03-03T06:35:00+00:00,2023-03-01T19:30:00+00:00,0.0,2023-03-05T23:00:00+00:00,2023-03-03,2.02,1.81,0.47258485639686687,-0.10977066613537889,0.5922744811597737,0.4831466441072797,0.7666666666666667,0.7666666666666667,0.7296269517887863,0.6374454588542019,2.1074511413754493e-08,142,164,False,False,False,858c39d5e92f4b3f0396584e39e32a8c7f126d53c9233c60e4d7448a64fde78d,f1f8920621cf4db043359ce9b20d84729ba721fe1691934a8e21e5e404e3eb33,2.01,1.83,True,2023-03-03T06:00:00+00:00,2023-03-03T06:00:00+00:00
te:2295625,2023-03-03,2023,2023-03-03,palan,tseng-5c1bc,2023-03-03T06:40:00+00:00,2023-03-01T19:23:00+00:00,1.0,2023-03-05T23:00:00+00:00,2023-03-03,2.07,1.77,0.4609375,-0.15656906069153992,0.5935597881506377,0.5352701700671416,1.1166666666666667,0.48333333333333334,0.6925097435069723,0.7968585568384441,5.5379478780537283e-11,160,150,False,False,False,2c1d178e5b74fe1fb91e4048aff2922c599788723acbdf70ce80b5fc58912767,f9b764d296437f561dbe1023547c4ff1bfdbfabcb2798854462d90c7d686c7df,2.02,1.83,True,2023-03-03T06:05:00+00:00,2023-03-03T00:40:00+00:00
te:2295905,2023-03-03,2023,2023-03-03,michelsen-a98bb,vukic,2023-03-03T17:10:00+00:00,2023-03-02T02:56:00+00:00,0.0,2023-03-05T23:00:00+00:00,2023-03-03,1.73,2.13,0.5518134715025906,0.208000571211646,0.6193796936410061,0.27891560488856687,1.1333333333333333,1.1333333333333333,0.5887315744413504,0.604187494211919,4.2511633102648716e-10,136,126,False,False,False,ec49747bcc0f37d44183bb7d2d217233a32d070c92d90d11ed797dbdf70aaa5c,2d2814d1942a02301ae4e158df9ea784faa95307a3e60c111e1f6848f90bc2ca,1.7,2.2,True,2023-03-03T16:50:00+00:00,2023-03-03T16:50:00+00:00
te:2296173,2023-03-03,2023,2023-03-03,purcell-e05cf,maestrelli,2023-03-03T09:15:00+00:00,2023-03-02T13:01:00+00:00,0.0,2023-03-05T23:00:00+00:00,2023-03-03,1.83,1.99,0.5209424083769634,0.08381867188307154,0.6104054305166117,0.36519807172641205,2.183333333333333,1.45,0.7331970685746774,0.658653137229101,9.582232229909948e-11,182,176,False,False,False,d6cbaadffe2da852023f816f9e3c4079887ec393850e8012a6abc18a872c2300,8f420536d5c38888061b5225878112a416818ff1ecaf63398fd5a7e9071515fb,1.85,2.0,True,2023-03-03T09:02:00+00:00,2023-03-03T09:02:00+00:00
te:2296265,2023-03-03,2023,2023-03-03,van-assche,rodionov-f5e38,2023-03-03T13:15:00+00:00,2023-03-02T20:20:00+00:00,1.0,2023-03-05T23:00:00+00:00,2023-03-03,1.75,2.1,0.5454545454545455,0.1823215567939549,0.6194238874967418,0.30478208538565016,1.3666666666666667,0.5,0.6056527442171031,0.5895672645530688,3.516078261878164e-10,189,173,False,False,False,11542b92aa7847eee73856e9c0df04d36f5ec7bbe791d5fda01b2239b1850a90,0305fb3284a6e08fcf59d45efb37287da04967eef077c6e1545649617d48de8b,1.66,2.26,True,2023-03-03T12:13:00+00:00,2023-03-03T12:54:00+00:00
te:2296271,2023-03-03,2023,2023-03-03,zekic,mayot,2023-03-03T10:25:00+00:00,2023-03-02T20:21:00+00:00,0.0,2023-03-05T23:00:00+00:00,2023-03-03,1.98,1.84,0.48167539267015713,-0.07333127308554936,0.5533092690649093,0.2873818971271521,0.36666666666666664,0.36666666666666664,0.5000000000000001,0.6184407419519207,0.012648206482658436,139,151,False,False,False,9fc1354aeae1dd9d0f183fee3e47d1e104fed98e5624db8f00ea036d67fa5f8b,a0a64c88c6198938e8afb887cf720ec4ab1133b780f0735f68144718507ee8f5,2.08,1.78,True,2023-03-03T10:18:00+00:00,2023-03-03T10:18:00+00:00
te:2296405,2023-03-03,2023,2023-03-03,uchida-ea757,lokoli,2023-03-03T19:05:00+00:00,2023-03-03T00:00:00+00:00,1.0,2023-03-05T23:00:00+00:00,2023-03-03,1.81,2.02,0.5274151436031332,0.10977066613537934,0.6061783483006308,0.3215054346067546,1.1333333333333333,0.5333333333333333,0.6166255905946628,0.6840453979577718,1.4965723105220263e-11,170,183,False,False,False,750f9e9a146c3b3e56ccf63f66228c0141410b487095e750f7f0c1e0eb2fe697,9d1072dd1e1409ab0fd819f9c5ffdf6c8ae451c26715df9dbf88c2fcde3ef6cc,1.75,2.11,True,2023-03-03T18:58:00+00:00,2023-03-03T15:33:00+00:00
te:2296409,2023-03-03,2023,2023-03-03,kovacevic-a2706,elias-3e14c,2023-03-03T19:10:00+00:00,2023-03-02T22:14:00+00:00,1.0,2023-03-05T23:00:00+00:00,2023-03-03,1.82,2.01,0.5248041775456919,0.09929822098228022,0.6227752330920435,0.40204624266712596,0.5,0.5,0.810342293541438,0.7249418203685711,1.3423151479230455e-12,193,109,False,False,False,6898364ec273b206b99dd222cb27c3fada322086f1b6d394367101c3c42e44ee,23d52795c31e75d91b63e092b8be480c5163d936f8dfc138ff39f826277715bf,1.94,1.89,True,2023-03-03T18:42:00+00:00,2023-03-03T18:42:00+00:00
te:2297505,2023-03-07,2023,2023-03-07,paire-4a33b,mejia-a7d27,2023-03-07T02:35:00+00:00,2023-03-06T01:34:00+00:00,1.0,2023-03-09T23:00:00+00:00,2023-03-07,1.83,1.98,0.5196850393700787,0.07878087785311416,0.6195484119564771,0.4088510302524928,1.0166666666666666,0.38333333333333336,0.6866751712455956,0.6379452209677837,7.538831892084374e-09,121,158,False,False,False,d2c6a7bfb9eaaea09f2fd2120a874d9a8882e8520e17c98051974c4e95d7346f,5224b33ea97d0ca7a65512a115cd0f326b485a430ddc2db16889d5c7485d451a,1.75,2.1,True,2023-03-06T17:06:00+00:00,2023-03-06T23:03:00+00:00
te:2297931,2023-03-07,2023,2023-03-07,statham-f53e5,chappell-53c4a,2023-03-06T23:05:00+00:00,2023-03-06T01:48:00+00:00,0.0,2023-03-09T23:00:00+00:00,2023-03-07,1.86,1.86,0.5,0.0,0.6210611292478649,0.4940546126987613,0.9,0.36666666666666664,0.6796915346287102,0.7463269906133536,4.865549058097329e-08,137,143,False,False,False,48a2892f24c28a7286791db894e711824b2eac62035d6612b48f96ae6e8b5835,f178c699f063e3a4ef33a34dbadc21a9ffdd3edeae8c28689811acc7781e7ec1,1.78,2.01,True,2023-03-06T22:54:00+00:00,2023-03-06T22:54:00+00:00
te:2298731,2023-03-07,2023,2023-03-07,cobolli-d6311,basic,2023-03-07T08:55:00+00:00,2023-03-06T21:00:00+00:00,1.0,2023-03-09T23:00:00+00:00,2023-03-07,1.96,1.84,0.4842105263157894,-0.06317890162153181,0.5874650719016755,0.4166748174224102,0.0,0.0,0.578232316985572,0.5000000000000001,0.007052505968381292,166,96,False,False,False,c369495544150cf77cf1c8ebffc3b53670077cc68c73397d68edcd9430d8da17,26c11ee88d51fd93d4a52bc9af9dfe8896e01665720c409e0a8c8ac3d9cd7e2e,1.88,1.93,True,2023-03-07T08:49:00+00:00,2023-03-07T08:49:00+00:00
te:2299337,2023-03-07,2023,2023-03-07,casanova-dbdaf,villanueva-55ff0,2023-03-07T19:05:00+00:00,2023-03-07T06:24:00+00:00,0.0,2023-03-09T23:00:00+00:00,2023-03-07,1.97,1.83,0.48157894736842105,-0.07371757589656758,0.5966834099723329,0.4653824103427709,0.0,0.0,0.5635243137550451,0.5000000000000001,0.0002990198116163134,182,164,False,False,False,b85a110b233f8eb323dfd197126f311d45e5cf1857a11c772778f9d5c97735e7,4d491efa5d1df344e306ea082c21a96df7c7f9bf2fc870111e4c6001cf621cd4,1.96,1.86,True,2023-03-07T13:41:00+00:00,2023-03-07T13:41:00+00:00
te:2299341,2023-03-07,2023,2023-03-07,agamenone,torres-dc0bf,2023-03-07T13:10:00+00:00,2023-03-06T23:29:00+00:00,1.0,2023-03-09T23:00:00+00:00,2023-03-07,1.88,1.92,0.5052631578947367,0.02105340919783196,0.6125979783384476,0.43719251556517125,1.1333333333333333,1.1333333333333333,0.5000000000011666,0.5219699572151458,0.017645078141325182,152,156,False,False,False,e9f67456e005be2408ba8b558a7b018c4cb1f81cdd0f3f5e0453e9cd563e7f4c,0b6060b98f27c29ddde776b2f5768c0d5d74bd0a6991062c0825fc2282d2cf4e,1.81,2.01,True,2023-03-07T12:49:00+00:00,2023-03-07T12:49:00+00:00
te:2299343,2023-03-07,2023,2023-03-07,gaio,olivo,2023-03-07T17:40:00+00:00,2023-03-07T06:23:00+00:00,1.0,2023-03-09T23:00:00+00:00,2023-03-07,1.73,2.11,0.5494791666666667,0.19856653897828785,0.629986870862545,0.3335939511254084,0.0,0.0,0.6581227453995515,0.6868331740231446,6.2883864782037335e-12,149,169,False,False,False,d32849e7d73ba02d5e0dc555275cdc805a96929ab9f8260bfa026ad8ab477b27,4f32ec05dcaafa5b830124250a685abe634cf7eeed5a85dfc014de1d6b28518e,1.77,2.08,True,2023-03-07T15:25:00+00:00,2023-03-07T17:26:00+00:00
te:2299667,2023-03-07,2023,2023-03-07,mccabe-b71c6,ficovich,2023-03-07T21:10:00+00:00,2023-03-07T06:36:00+00:00,1.0,2023-03-09T23:00:00+00:00,2023-03-07,1.82,1.99,0.5223097112860893,0.08929813764769719,0.6070512496890967,0.3456358839344338,0.5,0.5,0.7432714379470244,0.6626529729219766,3.8847008942966e-11,150,144,False,False,False,da0c0c2dd42bda0ad8cfa10b632a5a5cbe8e2752825bfc713bf0bb09484803bb,956124242092611324d606a0aa8d89beb49cae645f5428a97b7de940fb4bf4c9,1.85,1.96,True,2023-03-07T19:04:00+00:00,2023-03-07T19:04:00+00:00
te:2300201,2023-03-10,2023,2023-03-10,shimizu-38ca9,galarneau-32e1f,2023-03-09T23:50:00+00:00,2023-03-08T15:20:00+00:00,0.0,2023-03-12T23:00:00+00:00,2023-03-10,1.85,1.95,0.513157894736842,0.0526437334854217,0.6088843660504367,0.3899813858088286,0.3,0.3,0.5000000000000001,0.5361451804772672,0.014089135608305825,176,140,False,False,False,40aeb9837b68e14394e110a53da3e6a6961ae7579538ec988256497d01396bdd,f3c40afc11d9f4ce31ca72b66b013a81b303e284cba12e412d77bedfc911a490,1.75,2.11,True,2023-03-09T12:36:00+00:00,2023-03-09T12:36:00+00:00
te:2300235,2023-03-10,2023,2023-03-10,altmaier,ejupovic,2023-03-10T01:40:00+00:00,2023-03-08T15:20:00+00:00,0.0,2023-03-12T23:00:00+00:00,2023-03-10,1.68,2.2,0.5670103092783505,0.26966356694910254,0.5865549998742964,0.08007837813611118,0.4166666666666667,0.4166666666666667,0.8163295143827591,0.7031280041317446,3.4266534054694375e-11,159,187,False,False,False,4ae06f612732f3f67f8238a840ea8b03228d5287c803e0a319643ee986b5081e,b766e4464ceeda8c4d86f8c67c8ef2d931fa3278a674cb08367653d974a03d4b,1.78,2.06,True,2023-03-09T21:35:00+00:00,2023-03-09T21:35:00+00:00
te:2300457,2023-03-10,2023,2023-03-10,ofner-44428,coppejans,2023-03-10T08:05:00+00:00,2023-03-08T16:47:00+00:00,0.0,2023-03-12T23:00:00+00:00,2023-03-10,1.89,1.93,0.5052356020942408,0.020943173845242972,0.6272929732875298,0.49967785983393026,0.0,0.0,0.750137310157607,0.6893298160413251,5.3012797762708175e-09,154,154,False,False,False,af3697e341ef69d12bca041a4f82c0da1e65a54e4ef383aed6d4fbc3c2b20896,0bdac723123c4582f835b79f624f0dd40dabde0adbc5113d5fec319d3b6f8ab7,1.84,2.0,True,2023-03-10T05:56:00+00:00,2023-03-10T05:56:00+00:00
te:2300513,2023-03-10,2023,2023-03-10,mager,fatic-cddef,2023-03-10T08:05:00+00:00,2023-03-08T16:47:00+00:00,,,,1.97,1.85,0.48429319371727747,-0.06284790365966375,0.6082829312938193,0.5029482092188369,0.0,0.0,0.6522890945958145,0.5951803171526359,4.668118974704427e-09,128,126,False,False,False,6689cc65ca13a52f59f3d2876bc58387e9431c371915a7b9449e44d88876395d,5f7cafff3576771c7aed5df5bea595e0f38c37873f9e9ad8981d02bcdeb5ea0e,1.87,1.97,True,2023-03-10T07:22:00+00:00,2023-03-10T07:22:00+00:00
te:2301027,2023-03-10,2023,2023-03-10,kopriva,geerts,2023-03-10T09:40:00+00:00,2023-03-09T14:58:00+00:00,1.0,2023-03-12T23:00:00+00:00,2023-03-10,1.83,1.99,0.5209424083769634,0.08381867188307154,0.5911815729495065,0.2850334145417268,0.8166666666666667,0.8166666666666667,0.5767031553959406,0.5038286447902824,5.820013915247557e-11,146,197,False,False,False,fd8ae60ba9226e542c589fd3a4a9aa7976094fa1134cfba64e642cadc0ba3757,7c46d2cf42175679e529625539891e01e3513f0bef966c07eef919db9c033168,1.88,1.96,True,2023-03-10T05:33:00+00:00,2023-03-10T09:28:00+00:00
te:2301099,2023-03-10,2023,2023-03-10,ilkel,sachko,2023-03-10T11:10:00+00:00,2023-03-09T19:30:00+00:00,0.0,2023-03-12T23:00:00+00:00,2023-03-10,1.85,1.97,0.5157068062827225,0.06284790365966353,0.6027452834231236,0.35406910985868023,1.5833333333333333,0.2833333333333333,0.6910664518097411,0.6177696911800583,1.0455525334407412e-11,122,145,False,False,False,9ff839a57a1562b35494074954b185ff8f50488959766402c24afc3984518244,25b90f4f8227d805d02d97570864dbd5c341007fdd70f6888478d44407fee3c6,1.78,2.08,True,2023-03-10T10:11:00+00:00,2023-03-10T10:11:00+00:00
te:2301185,2023-03-10,2023,2023-03-10,virtanen-7d161,berankis,2023-03-10T14:05:00+00:00,2023-03-09T19:30:00+00:00,0.0,2023-03-12T23:00:00+00:00,2023-03-10,1.75,2.1,0.5454545454545455,0.1823215567939549,0.6248203337667497,0.3277375644537668,0.8333333333333334,0.16666666666666666,0.6255604328070615,0.6267357207898354,2.7067040209161064e-07,188,93,False,False,False,8d4cf12de47175f439bc877dd18ef66d54eb062d1c0a36f23c3431768a60a909,7aede7d724b215b0423ff427cf45cce87bcc28b0ba5a231088b4c161c21e970c,1.69,2.21,True,2023-03-10T13:57:00+00:00,2023-03-10T13:57:00+00:00
te:2301929,2023-03-14,2023,2023-03-14,dzumhur,droguet,2023-03-14T11:55:00+00:00,2023-03-12T06:49:00+00:00,1.0,2023-03-16T23:00:00+00:00,2023-03-14,1.86,1.94,0.5105263157894737,0.042111485350127015,0.6144932688071952,0.4241278358693076,0.7666666666666667,0.7666666666666667,0.507965398518895,0.5000000001213522,0.008807082219512707,133,164,False,False,False,890f154f522097db935cf50746856f7f3b36f29834d23f2a362859f6fd41b2aa,c142b685660566b842497ae4b8a650d4bb82f0609faf184beabb6bd9691871b3,1.78,2.06,True,2023-03-14T10:38:00+00:00,2023-03-14T11:02:00+00:00
te:2302713,2023-03-14,2023,2023-03-14,martin-tiffon,kicker,2023-03-14T14:50:00+00:00,2023-03-12T19:45:00+00:00,,,,1.97,1.83,0.48157894736842105,-0.07371757589656758,0.5933679327401473,0.4516234774903245,1.0166666666666666,0.4166666666666667,0.5000000000000001,0.569158421669796,0.018497789147011973,154,127,False,False,False,4c60c8edc813003dfdd869bd5113ee4b440752c75b37c822337157b97d6cf617,c8c4cb5bed8c90efbe7472a45a36a6f35c0b1e1e163f78eb1dd35b42c860b000,1.95,1.87,True,2023-03-14T14:29:00+00:00,2023-03-14T14:39:00+00:00
te:2304029,2023-03-14,2023,2023-03-14,michalski-8906f,ocleppo,2023-03-14T09:10:00+00:00,2023-03-13T15:26:00+00:00,1.0,2023-03-16T23:00:00+00:00,2023-03-14,1.99,1.82,0.47769028871391084,-0.08929813764769673,0.5940326427496655,0.46995965411627,0.9833333333333333,0.9833333333333333,0.5680647118192796,0.5000000000000001,0.000660356795701228,169,40,False,False,False,d1f4e1a823b0f87137e5c974d0460a8092b1f191b2c5cd8833043ba7c040528c,d1e04fb3a168c7d948dd46fc44379a3fe22af40608524bd7af4c305d6d15f6e7,1.95,1.87,True,2023-03-14T08:32:00+00:00,2023-03-14T08:32:00+00:00
te:2305031,2023-03-14,2023,2023-03-14,kotov-392a7,bellucci-47e7e,2023-03-14T19:00:00+00:00,2023-03-14T05:35:00+00:00,0.0,2023-03-16T23:00:00+00:00,2023-03-14,1.79,1.93,0.5188172043010751,0.07530438306413004,0.6342452904982914,0.475168473975901,0.0,0.0,0.6794538414333591,0.6690241803897816,7.300106685814711e-09,143,187,False,False,False,2c136c3096a020c9b9c8036a83771caab7951dc2e46e987bde167fe0f36f58f0,537f413fa9f2f5fe1c9f466aacfcca6b55ad53368c852c8506ed3289f1cc53dd,1.8,1.97,True,2023-03-14T11:32:00+00:00,2023-03-14T17:37:00+00:00
te:2306197,2023-03-17,2023,2023-03-17,vavassori,ugo-carabelli,2023-03-17T14:10:00+00:00,2023-03-16T04:49:00+00:00,1.0,2023-03-19T23:00:00+00:00,2023-03-17,1.94,1.88,0.4921465968586388,-0.03141619623337862,0.6259185594979506,0.5461629331591834,0.5333333333333333,0.5333333333333333,0.641495820062192,0.630421834665988,4.079813709090274e-10,133,157,False,False,False,9b2682af2f64e287139f34e01077ef7de44e264d099739022152fa9b5283a5f6,267eb92defcdc47e5aa4dd3077d49bf42efcae476cdffd5943c5a1e79a7f10fd,1.98,1.85,True,2023-03-17T13:53:00+00:00,2023-03-17T01:46:00+00:00
te:2306251,2023-03-17,2023,2023-03-17,gaston-e1fa4,bonadio,2023-03-17T16:20:00+00:00,2023-03-16T04:50:00+00:00,1.0,2023-03-19T23:00:00+00:00,2023-03-17,1.99,1.83,0.4790575916230366,-0.08381867188307154,0.6029348290378888,0.5015273590792592,0.9166666666666666,0.35,0.6300385489881197,0.5689777205686066,1.798107496231438e-10,154,180,False,False,False,0e7b7ea43bf31e05fee4fd5df98d191750f5c4ba1b8c068a02a1262e22854f95,ed84792811b1af7a72b5a6a4b7bc3279be3a5c80c10bda2ff9ec7cb7a4385e7d,1.96,1.88,True,2023-03-17T15:06:00+00:00,2023-03-17T15:06:00+00:00
te:2306437,2023-03-17,2023,2023-03-17,serdarusic-5f7cc,dzumhur,2023-03-17T09:10:00+00:00,2023-03-16T13:00:00+00:00,0.0,2023-03-19T23:00:00+00:00,2023-03-17,1.97,1.85,0.48429319371727747,-0.06284790365966375,0.5993341267976772,0.4655393078690061,0.0,0.0,0.5000000000000001,0.5586475695591814,0.002530822683649403,137,133,False,False,False,f69f3f3b85b09767c06cbb975157814c6908bf3ba40ec4333dbd63e8dfe631dd,c84ad175b894970d3471a5f544ec65c313f4d2551d5da6e9e9c7e57e3ac19e93,1.93,1.91,True,2023-03-17T06:43:00+00:00,2023-03-17T06:43:00+00:00
te:2306497,2023-03-17,2023,2023-03-17,marozsan,andreev-8a7ee,2023-03-17T10:50:00+00:00,2023-03-16T14:25:00+00:00,,,,1.9,1.92,0.5026178010471204,0.010471299867295303,0.6019267150054438,0.4030282806735966,1.3,1.3,0.5970075125598936,0.5393475232713969,3.8904508781190117e-10,179,180,False,False,False,e33894b579c153372d3764cad07de1a94293b2b5b0d89dc91be9027f256d1901,f3897a340e642bcafda38f3ac345d4f96be2000398ebb838aa590a98f78cb8fa,1.79,2.06,True,2023-03-17T10:29:00+00:00,2023-03-17T10:29:00+00:00
te:2306647,2023-03-17,2023,2023-03-17,seyboth-wild,pellegrino-fd654,2023-03-17T18:45:00+00:00,2023-03-17T01:48:00+00:00,1.0,2023-03-19T23:00:00+00:00,2023-03-17,2.12,1.74,0.45077720207253885,-0.19753097545748347,0.590946060965881,0.5654086936708606,1.75,1.2833333333333334,0.6634726049660262,0.5809725511839414,1.0475237699480999e-07,144,151,False,False,False,8fa17e774c0b41e5842eb4d3409d07d189ce3f9450ce9ecf256dc55e1a8970d2,8f6e85853347223cef9d52162f58cad99ff19cbf4f78602b276a5d0e84cad961,2.01,1.83,True,2023-03-17T17:12:00+00:00,2023-03-17T14:31:00+00:00
te:2306669,2023-03-17,2023,2023-03-17,halys,ruusuvuori,2023-03-17T20:00:00+00:00,2023-03-17T02:09:00+00:00,1.0,2023-03-19T23:00:00+00:00,2023-03-17,1.75,2.11,0.5466321243523315,0.18707215955255221,0.6594231275309779,0.47365238046789326,1.1333333333333333,0.6,0.7510286165195758,0.7962139387572574,4.434668854358392e-09,184,179,False,False,False,f3b426ba645c9d6e0fcf7ea32da3b7ee30c90c71c83445c4eadf3a0deb131cb1,f32631ae3b6a4e741e276356b7e5ba5a7415e486c81c91b6342b3250e7652496,1.66,2.28,True,2023-03-17T17:10:00+00:00,2023-03-17T16:32:00+00:00
te:2306671,2023-03-17,2023,2023-03-17,borges-8d823,safiullin,2023-03-17T18:10:00+00:00,2023-03-17T02:10:00+00:00,1.0,2023-03-19T23:00:00+00:00,2023-03-17,1.75,2.11,0.5466321243523315,0.18707215955255221,0.645674724784692,0.4130083476312152,0.0,0.0,0.7088141389400875,0.7330806243720159,2.9742042162439475e-12,178,125,False,False,False,7d108be4acd9fc58e9b5e116ecec2fd4ba0655a002235e8275e44261252515da,b9858c7c6b5de9ba47ea4522734f918dd64fd1eb077a0453d39c944c1966fcd8,1.71,2.18,True,2023-03-17T17:08:00+00:00,2023-03-17T17:08:00+00:00
te:2306677,2023-03-17,2023,2023-03-17,kovacevic-a2706,gasquet,2023-03-17T19:45:00+00:00,2023-03-17T02:10:00+00:00,1.0,2023-03-19T23:00:00+00:00,2023-03-17,1.74,2.11,0.548051948051948,0.19280283426153733,0.6620647529047268,0.4797062304588,1.8166666666666667,0.05,0.7485745297409431,0.7767190999276743,5.7274185394362576e-12,187,162,False,False,False,c3fbb6e0da6c428d384daabc9992da619963fd735ae889932b475f97a3ee9835,8c88f2664fb55b78bf8be8350401222aaad203f4253252ab570f1c8f6962a2c4,1.7,2.2,True,2023-03-17T19:38:00+00:00,2023-03-17T19:38:00+00:00
te:2306699,2023-03-17,2023,2023-03-17,barrios-vera,lopez-san-martin,2023-03-17T21:40:00+00:00,2023-03-17T01:48:00+00:00,1.0,2023-03-19T23:00:00+00:00,2023-03-17,2.19,1.69,0.43556701030927836,-0.25917301489342737,0.5706899932378139,0.5438398736479512,1.25,0.6166666666666667,0.5998365596344755,0.5000000000000001,0.010895151136944309,120,239,False,False,False,5f76f4db12514e4ddf75d7f56cde461d3211233bfab12e567f282ad93b8b4b1e,5b3d91dcd85d7662ccde61410f9daa92a87dbbe0d71c2fcda14cdaed277f0329,1.99,1.85,True,2023-03-17T17:21:00+00:00,2023-03-17T17:21:00+00:00
te:2307295,2023-03-21,2023,2023-03-21,giannessi,guinard,2023-03-21T14:15:00+00:00,2023-03-19T10:27:00+00:00,0.0,2023-03-23T23:00:00+00:00,2023-03-21,1.95,1.85,0.48684210526315796,-0.0526437334854217,0.6242320521615661,0.5601941183251378,1.6666666666666667,0.03333333333333333,0.6260699827669609,0.6207298486089895,4.4828465939339424e-10,145,154,False,False,False,e7e2604504dff22cc39df3a6b55d8658520731e15a6b56fef194900277403635,6977f7d8335a4f53541b035858c5840d36bbeacc470c7862f3f875a7decf8c4b,1.83,2.0,True,2023-03-21T12:01:00+00:00,2023-03-21T14:01:00+00:00
te:2307317,2023-03-21,2023,2023-03-21,silva-cb43c,erhard,2023-03-21T13:30:00+00:00,2023-03-19T02:03:00+00:00,0.0,2023-03-23T23:00:00+00:00,2023-03-21,1.83,1.98,0.5196850393700787,0.07878087785311416,0.6110028964281821,0.37274892401897786,0.0,0.0,0.6332210703058997,0.5853139442769841,3.3248027248022893e-08,127,159,False,False,False,9c3de2bb101d0a5866aa51dbf38afdd0daae2bab4ee33a4d05d36ac903833ab7,bc3ac290c39b63d41b6f364467c05a46a21601ec7ead225914eda3ef2bb62dd3,1.9,1.92,True,2023-03-20T11:57:00+00:00,2023-03-20T11:57:00+00:00
te:2309841,2023-03-21,2023,2023-03-21,cazaux,fonio,2023-03-21T09:10:00+00:00,2023-03-20T23:49:00+00:00,1.0,2023-03-23T23:00:00+00:00,2023-03-21,1.8,2.01,0.5275590551181102,0.11034805716886517,0.637302347114855,0.4533265530101629,0.0,0.0,0.7443160045410083,0.698879623568769,4.0829395420161063e-10,121,195,False,False,False,bb4f6a75799c5162c4ac09a1740cbb189dfe05f79906bdac463329d0f961b851,92fde2ba47699641314487f3527c42d4d1cef03ba4bb7c253260250ca42b182e,1.84,1.98,True,2023-03-21T07:33:00+00:00,2023-03-21T07:33:00+00:00
te:2310017,2023-03-21,2023,2023-03-21,gombos,dalla-valle,2023-03-21T10:10:00+00:00,2023-03-21T02:38:00+00:00,1.0,2023-03-23T23:00:00+00:00,2023-03-21,2.03,1.79,0.46858638743455505,-0.12582017320103203,0.5472728525473408,0.3154780471033072,0.0,0.0,0.6946092446140685,0.5665130277460674,8.835646103655392e-11,162,89,False,False,False,ae29cb41706327e674b52d4282f7818a2ebac870a5232e071aa1a6eb55372e56,3bb342af678c1e2904883ef227246c1763a75a3a81941d73bc235962d7248054,1.88,1.94,True,2023-03-21T08:13:00+00:00,2023-03-21T08:13:00+00:00
te:2311099,2023-03-24,2023,2023-03-24,yunchaokete,elias-3e14c,2023-03-24T12:30:00+00:00,2023-03-22T21:00:00+00:00,1.0,2023-03-26T23:00:00+00:00,2023-03-24,1.9,1.93,0.5039164490861618,0.015666116744399265,0.6238011445685977,0.49004764784505,0.0,0.0,0.6349578053600496,0.6685779283342018,3.76571551718996e-09,221,116,False,False,False,f373d08b2faaf54a4768814983984ca48f847a00ea6673887d83a8b17533723a,97a9385b862ba71cdbd54c54e18a94d67c9f5a554c2caf9b73c49e8418e31617,1.74,2.17,True,2023-03-24T08:11:00+00:00,2023-03-23T15:00:00+00:00
te:2311347,2023-03-24,2023,2023-03-24,cobolli-d6311,zeppieri,2023-03-24T10:10:00+00:00,2023-03-22T21:00:00+00:00,1.0,2023-03-26T23:00:00+00:00,2023-03-24,1.88,1.96,0.5104166666666667,0.04167269640056832,0.5990129760067163,0.3596814965987361,0.8666666666666667,0.3333333333333333,0.5752099185889499,0.6444949879702531,1.6086076914945124e-11,162,165,False,False,False,61e11573874adfcb09fd65c63b970676953551291db751a25cd658965945f14d,542cf60cf3a1266fe7999f7cdfe918881d908ea2d5aaedd50fc150f705fea05a,1.86,1.99,True,2023-03-24T08:11:00+00:00,2023-03-24T00:00:00+00:00
te:2311349,2023-03-24,2023,2023-03-24,cazaux,prizmic,2023-03-24T12:25:00+00:00,2023-03-22T21:00:00+00:00,0.0,2023-03-26T23:00:00+00:00,2023-03-24,1.93,1.9,0.4960835509138382,-0.015666116744399043,0.6098730236202312,0.4624446276494309,0.0,0.0,0.5092189918033792,0.5429538853035816,3.30752519817068e-09,121,95,False,False,False,5b1d1bd716b32852eaa5db129cf41f85bb408f8210fa57a865ca99ed9a07f9b5,7fcefa758f3ba4ad9a08b40e5efd07228521e5b3fff621cfd04baf0da7ad75a6,1.88,1.97,True,2023-03-24T01:23:00+00:00,2023-03-24T11:13:00+00:00
te:2311415,2023-03-24,2023,2023-03-24,hassan-1d510,gombos,2023-03-24T11:50:00+00:00,2023-03-23T02:37:00+00:00,0.0,2023-03-26T23:00:00+00:00,2023-03-24,1.83,2.02,0.5246753246753246,0.09878154455978364,0.6069247846216964,0.3356223442252354,0.6,0.6,0.6956193848685146,0.7873350287934391,1.5591131163894545e-10,164,162,False,False,False,8a3568a39b1df7057a5d04a621a88164e5970139acb738ef7bb30d3593b12540,3f92796f8f5d1de65b4f4a5439ff4997ae06f91d6ad060ae05ecf432087fb16e,1.78,2.1,True,2023-03-24T10:05:00+00:00,2023-03-24T11:33:00+00:00
te:2311537,2023-03-24,2023,2023-03-24,added,lajal,2023-03-24T15:30:00+00:00,2023-03-23T21:03:00+00:00,0.0,2023-03-26T23:00:00+00:00,2023-03-24,1.85,1.99,0.5182291666666667,0.07294899964616788,0.6106445017014068,0.3770731562595441,0.6,0.6,0.5539878685208971,0.593585443632599,1.7254469825145335e-08,196,172,False,False,False,775d8e43347f5a087f467e8fc91f418459f71c182fe0233cb0cae82a45266d55,2f22d5ad483ad276d16ee95f0d5c8118e1056124f54e3486802fed20a3e8eb7a,1.79,2.09,True,2023-03-24T15:15:00+00:00,2023-03-24T10:35:00+00:00
te:2311589,2023-03-24,2023,2023-03-24,rodionov-f5e38,virtanen-7d161,2023-03-24T13:35:00+00:00,2023-03-23T20:12:00+00:00,1.0,2023-03-26T23:00:00+00:00,2023-03-24,1.66,2.26,0.5765306122448979,0.30854721091574233,0.6323697239203145,0.2338492698156971,0.0,0.0,0.6778247119199057,0.7181898382643553,4.605215653263883e-08,180,184,False,False,False,4fe2afabae8a0955597a90fa747f6416589acc78ea9ec450792b4c43b3a870eb,44b93e7cf24b633721d458733c4664c42294e9a4ce722da573edb1857e88c11f,1.65,2.32,True,2023-03-24T12:50:00+00:00,2023-03-24T12:50:00+00:00
te:2311659,2023-03-24,2023,2023-03-24,herbert-fa5ad,poullain,2023-03-24T17:40:00+00:00,2023-03-23T21:03:00+00:00,0.0,2023-03-26T23:00:00+00:00,2023-03-24,1.9,1.93,0.5039164490861618,0.015666116744399265,0.6109375482404863,0.4355887497292846,1.1,0.1,0.5291655143442457,0.5000000000978311,0.0037422334303144206,69,105,False,False,False,e56ea58b85791625c675ddb979c1c2541ae917d1c38c6bef0fe2476271473b6a,76a5a4ac115134aebb6fc0bbb3803af823cf8537349357c0faa872c5c4337b15,1.86,1.99,True,2023-03-24T14:04:00+00:00,2023-03-24T09:41:00+00:00
te:2311747,2023-03-24,2023,2023-03-24,furness,mayot,2023-03-24T11:45:00+00:00,2023-03-24T00:58:00+00:00,0.0,2023-03-26T23:00:00+00:00,2023-03-24,1.88,1.95,0.5091383812010444,0.03655759573379756,0.610472838299684,0.4127426082491566,0.8833333333333333,0.2833333333333333,0.5000000000000001,0.5308823254849786,0.003309436738877264,133,149,False,False,False,cabf970dc4068502464136f02f82c295195a33ef7b0ba1155578082738145935,493f1e5fe6d480be59a4cfaab78c8ff8f0ad344425a5a85ee1cdd54268e6cc81,1.89,1.96,True,2023-03-24T08:02:00+00:00,2023-03-24T08:02:00+00:00
te:2312247,2023-03-28,2023,2023-03-28,zeppieri,giannessi,2023-03-28T10:25:00+00:00,2023-03-26T14:49:00+00:00,0.0,2023-03-30T22:00:00+00:00,2023-03-28,1.91,1.91,0.5,0.0,0.5957149858286436,0.3876422311399196,1.9833333333333334,0.65,0.6949412495220011,0.6127152045007742,4.374761664038829e-11,170,147,False,False,False,77d2802ba813be394180c7f3e1e9ecf7aa21496b66a5144013adcc96980bbdf9,b26033809903b9d4e4e774cad1ca65704377d94a2f0626ec3d4daaae655ec46a,1.85,1.99,True,2023-03-28T10:17:00+00:00,2023-03-28T10:17:00+00:00
te:2312249,2023-03-28,2023,2023-03-28,mager,nardi-e2cda,2023-03-28T09:55:00+00:00,2023-03-26T14:58:00+00:00,0.0,2023-03-30T22:00:00+00:00,2023-03-28,1.78,2.06,0.5364583333333334,0.14609261849749608,0.66044429148531,0.5191821355448031,0.3,0.3,0.7449415028606843,0.7716891832233693,6.939726571175697e-13,133,149,False,False,False,744d19b12b8ba4fb9e1970885ca4e76c5860becf7a6b10c47ee3313f7e2f7583,d274cf74961e8999f961f3a0baa477b48093d85f19ecf7b61c9eca3a34964f99,1.76,2.11,True,2023-03-28T09:19:00+00:00,2023-03-28T09:19:00+00:00
te:2312867,2023-03-28,2023,2023-03-28,meligeni-rodrigues-alves,ficovich,2023-03-28T01:50:00+00:00,2023-03-27T01:49:00+00:00,0.0,2023-03-30T22:00:00+00:00,2023-03-28,1.83,2.0,0.5221932114882506,0.08883121370661551,0.6272916913127285,0.43178433668297844,1.2166666666666666,1.2166666666666666,0.7132510171970319,0.6668425910626912,4.631323102799456e-12,160,141,False,False,False,06f05eb0a70b2ea9e71199c0a21a97ded12872fa2935cbbe1139d87d4514acd1,9e36f1ad16a1d7b85b02154012da1f491d47dd15155fbaac4d12f248cc14d775,1.79,2.06,True,2023-03-27T20:21:00+00:00,2023-03-27T20:21:00+00:00
te:2313721,2023-03-28,2023,2023-03-28,vavassori,kotov-392a7,2023-03-28T14:05:00+00:00,2023-03-27T21:19:00+00:00,,,,1.83,1.99,0.5209424083769634,0.08381867188307154,0.6487375854316063,0.5296760622873469,0.9,0.9,0.7320407203566442,0.7159776052248672,3.56785247457303e-08,132,151,False,False,False,5cbc6c3c55d2ca2fa554e19aaca92d1ca1a9a67ba9ae49065f0bae5f92d71659,b068deddcbe2d0bf47e94f4ceeb5aed7d875303d390197ae8cc67fbbf8f56f3a,1.85,2.0,True,2023-03-28T13:39:00+00:00,2023-03-28T10:05:00+00:00
te:2313989,2023-03-28,2023,2023-03-28,purcell-e05cf,zhukayev,2023-03-28T12:10:00+00:00,2023-03-27T21:06:00+00:00,1.0,2023-03-30T22:00:00+00:00,2023-03-28,1.69,2.2,0.5655526992287918,0.2637288314292882,0.60429865854117,0.1596799736038298,1.5666666666666667,0.7,0.845311591541762,0.7374128814862635,4.3496675705689825e-10,189,175,False,False,False,926a883605d62650cf79aa3452fb822a802997853df92114be8c92dfe7483b23,7fc96ff78e56b6c836f9d4486a93cb1d4c97174b84dd4dbdbd42ed0f3020a3c3,1.68,2.24,True,2023-03-28T11:51:00+00:00,2023-03-28T11:51:00+00:00
te:2315131,2023-03-31,2023,2023-03-31,gakhov,skatov,2023-03-31T10:10:00+00:00,2023-03-30T05:19:00+00:00,0.0,2023-04-02T22:00:00+00:00,2023-03-31,1.94,1.91,0.49610389610389616,-0.015584731016698041,0.6216154061161906,0.5119951918660289,0.8,0.8,0.6869681330011329,0.7562154496281253,1.0000622829853256e-08,204,145,False,False,False,7bb6d6647efa9704c77314badf7beb10c6241cd5bf61e1328039f501e13e4de6,e66d3dae6837fe715563477b322a1f41fd79cf857b5d00b6f47eca01efff0c10,1.93,1.94,True,2023-03-31T09:30:00+00:00,2023-03-31T09:30:00+00:00
te:2315207,2023-03-31,2023,2023-03-31,kopriva,mager,2023-03-31T10:25:00+00:00,2023-03-29T18:15:00+00:00,0.0,2023-04-02T22:00:00+00:00,2023-03-31,1.72,2.18,0.558974358974359,0.237000585975636,0.6323262354699626,0.3052088347942792,0.0,0.0,0.6683289296918524,0.6615750083656096,1.0231096914115057e-08,148,133,False,False,False,40e9fa4d2a971f2f2b01d0e2dba4afba8f4dcba33158b73677c8f66365b90328,d038dba0cf65b57af603d73f6ecfe8fee4d3097f4dc7e595157f459520e6a3e4,1.76,2.14,True,2023-03-31T09:44:00+00:00,2023-03-31T09:44:00+00:00
te:2315331,2023-03-31,2023,2023-03-31,choinski,couacaud,2023-03-30T22:45:00+00:00,2023-03-30T05:42:00+00:00,0.0,2023-04-02T22:00:00+00:00,2023-03-31,1.65,2.3,0.5822784810126582,0.33213383502261473,0.6340079271073923,0.217315948256963,1.5166666666666666,0.38333333333333336,0.6704332526389857,0.6930493179146483,3.4706866852696194e-08,185,153,False,False,False,f4fa95bfd0855dfe760ec6164378f5366c5ec65045a1f7c5deefac08b9572047,8c93eacd7bb197578a9ff2355e21c7e4ef4001309352f348af3b05b963f44bec,1.75,2.17,True,2023-03-30T22:29:00+00:00,2023-03-30T22:31:00+00:00
te:2315573,2023-03-31,2023,2023-03-31,de-jong-57322,cachin,2023-03-31T12:30:00+00:00,2023-03-30T21:06:00+00:00,0.0,2023-04-02T22:00:00+00:00,2023-03-31,1.8,2.07,0.5348837209302325,0.1397619423751585,0.6291483239852279,0.3888029081645311,0.5666666666666667,0.5666666666666667,0.6517956297445995,0.6477989319832248,2.708217272662239e-08,148,189,False,False,False,3e831554dafa1aee59e6e0382e7c2820558065b4938f252dc5ffa69830768f56,fba0ac3f5078555b560ce2065788d5ef8e7acdce09c33ce1d21810f2d0d7973c,1.81,2.08,True,2023-03-31T07:35:00+00:00,2023-03-31T07:35:00+00:00
te:2315583,2023-03-31,2023,2023-03-31,purcell-e05cf,janvier,2023-03-31T11:30:00+00:00,2023-03-30T22:35:00+00:00,,,,1.81,2.06,0.5322997416020672,0.12937913752375527,0.6089552757289609,0.31354375085178887,3.1,0.43333333333333335,0.8163216623656298,0.7188051122796593,2.052494285642581e-11,194,140,False,False,False,595ee9b1c173f1ae0781f975a70f0b0ccadd6ca3ba9985db86e65e0b68795c20,2989dc8f07c6486cfc368a2b4f7bf55392da7fe9ceb123c418180174a97216c0,1.86,2.02,True,2023-03-31T09:50:00+00:00,2023-03-31T09:50:00+00:00
te:2315639,2023-03-31,2023,2023-03-31,koepfer,gaio,2023-03-30T23:15:00+00:00,2023-03-30T22:28:00+00:00,1.0,2023-04-02T22:00:00+00:00,2023-03-31,1.84,2.02,0.5233160621761658,0.09333193979221903,0.6261016615910209,0.42219687880210516,2.2666666666666666,0.13333333333333333,0.7335393073078792,0.6774409679832252,1.8496315590255108e-13,78,169,False,False,False,b5bd0c538af5dcca03568c22c602859e736beee2f074dc3f2e6fdd149c02a333,a7078ed5a689d5c3d4aaacb9ce61329a540bada14c43d200c3156e52ee09b3e4,1.85,2.01,True,2023-03-30T22:37:00+00:00,2023-03-30T22:37:00+00:00
te:2316419,2023-04-04,2023,2023-04-04,gojo,alvarez-varona,2023-04-04T16:05:00+00:00,2023-04-02T11:06:00+00:00,0.0,2023-04-06T22:00:00+00:00,2023-04-04,1.77,2.07,0.5390625,0.15656906069153992,0.6589886465973268,0.5022214742686595,0.0,0.0,0.8342743973556183,0.7683290815127432,1.2827516826519059e-12,162,121,False,False,False,0e15c90b110c33bc62c8dd15f9faf36f33ee83f381881babee8ef48c6f3970b3,d8467d5cc39860199122b31427c952c3229904d3021068ede32ef9d4c39dbcb3,1.83,2.02,True,2023-04-03T23:05:00+00:00,2023-04-03T23:05:00+00:00
te:2316437,2023-04-04,2023,2023-04-04,arnaldi,lopez,2023-04-04T14:10:00+00:00,2023-04-02T11:04:00+00:00,1.0,2023-04-06T22:00:00+00:00,2023-04-04,1.86,1.96,0.5130890052356021,0.052367985517315925,0.580487026205092,0.2724050137911075,0.36666666666666664,0.36666666666666664,0.7275810232425544,0.6248042020830136,2.0371759834603154e-12,203,30,False,False,False,eb6645f6e0ef9249c3b349e1712efbc6e454a4dfebe0e14eaf54057713dac199,7f6702ec5d41954204a7b4bbdf9dfa2ce6121c8d6278678f07b796fba0f4a3f6,2.13,1.75,True,2023-04-04T09:05:00+00:00,2023-04-04T09:05:00+00:00
te:2317937,2023-04-04,2023,2023-04-04,ionel,piraino,2023-04-04T11:45:00+00:00,2023-04-04T03:28:00+00:00,1.0,2023-04-06T22:00:00+00:00,2023-04-04,2.08,1.76,0.4583333333333333,-0.16705408466316626,0.5948405159877703,0.5510666366458353,0.7833333333333333,0.7833333333333333,0.5667123633344601,0.5000000000000001,0.015595815899730928,220,118,False,False,False,abe22dc9ec4d3ff0c128097bbb8cee725ad94e872e93da6058eb1be1ae535d06,2f3305d46b5af428a32e4569195a42b451f8f8852a53d91da261e9caad309469,1.97,1.87,True,2023-04-04T11:03:00+00:00,2023-04-04T11:03:00+00:00
te:2318013,2023-04-04,2023,2023-04-04,moro-canas,brancaccio,2023-04-04T11:15:00+00:00,2023-04-04T01:29:00+00:00,0.0,2023-04-06T22:00:00+00:00,2023-04-04,1.87,1.95,0.5104712041884817,0.041890941709160225,0.6121109142018025,0.41430311932617375,0.9666666666666667,0.9666666666666667,0.5000000000164737,0.5243011691957722,0.018627405315816165,138,178,False,False,False,dd5d2cd5618125c8b0deb76e3329cc855c7008b3e35c1b9e1a9a89035e12e213,638b4911244f2e3c56675a95f7f249021c3ef3c8bc22df84be27c5259048443c,1.89,1.94,True,2023-04-04T08:47:00+00:00,2023-04-04T08:47:00+00:00
te:2319933,2023-04-07,2023,2023-04-07,ionel,diez-fe7f1,2023-04-07T09:05:00+00:00,2023-04-06T13:02:00+00:00,0.0,2023-04-09T22:00:00+00:00,2023-04-07,2.02,1.84,0.4766839378238342,-0.09333193979221903,0.6039590841612349,0.5153208652353594,0.31666666666666665,0.31666666666666665,0.5490297252235791,0.5000000000000001,0.01066899937639354,220,155,False,False,False,2f1755f5a0762d02c428cf7da78c8785f3d2a8cf773bae992323d94306320fde,eff972fc9c9b4ed3d07de80d6af9220c976572e3834f410220099f458f301353,2.03,1.85,True,2023-04-07T05:30:00+00:00,2023-04-07T05:30:00+00:00
te:2319985,2023-04-07,2023,2023-04-07,mochizuki-f2487,piros,2023-04-07T09:05:00+00:00,2023-04-06T13:01:00+00:00,0.0,2023-04-09T22:00:00+00:00,2023-04-07,1.97,1.88,0.4883116883116883,-0.04676176590803932,0.5961242598266067,0.4361036440620169,1.2,0.6333333333333333,0.6155175944267095,0.6978220772517271,1.9159424047288098e-11,199,145,False,False,False,2b83b965c31715e5a975effd251b858ddafeeb68d5f92641cce13bfe025e0f70,7477f9afbb26a19ed69a4522dc31ee30e3a745183e617cd246cbefc5b9d1d7dc,2.05,1.83,True,2023-04-07T08:51:00+00:00,2023-04-07T08:51:00+00:00
te:2320003,2023-04-07,2023,2023-04-07,rodriguez-taverna,pellegrino-fd654,2023-04-07T11:35:00+00:00,2023-04-06T13:00:00+00:00,0.0,2023-04-09T22:00:00+00:00,2023-04-07,1.92,1.93,0.5012987012987012,0.005194816877103783,0.6118205664792006,0.44977654036800563,0.4,0.4,0.5496294674478016,0.5842622042580837,5.249224660497376e-08,157,157,False,False,False,06ce9c51dc4ebed431cb5b9f6c0d085c68d4f25b1b64bf24ad08022cc0b17f2f,8b74c41c3a5fb9915f062d3da76a469a254ae0159eccb71ccc48649fc7aa253f,1.96,1.91,True,2023-04-07T07:26:00+00:00,2023-04-07T07:26:00+00:00
te:2320033,2023-04-07,2023,2023-04-07,arnaldi,kukushkin,2023-04-07T09:10:00+00:00,2023-04-06T19:37:00+00:00,0.0,2023-04-09T22:00:00+00:00,2023-04-07,2.07,1.8,0.4651162790697674,-0.13976194237515893,0.5778662244815044,0.4537820713268379,0.2833333333333333,0.2833333333333333,0.6525681488153251,0.5567145741618973,3.7264703267592125e-09,201,109,False,False,False,774ee90a14a2d7e85ae446f830048d18c99a2dfaed2fb7f61919e3597e58fdc3,5a5b82a62eb0f537ba7bc0626f72f91907f89b384da88cd31183f43792995188,2.06,1.83,True,2023-04-07T05:31:00+00:00,2023-04-07T03:57:00+00:00
te:2320073,2023-04-07,2023,2023-04-07,agamenone,lokoli,2023-04-07T13:25:00+00:00,2023-04-06T17:48:00+00:00,0.0,2023-04-09T22:00:00+00:00,2023-04-07,1.86,2.0,0.5181347150259067,0.07257069283483525,0.6147787769410549,0.394874023355477,0.5833333333333334,0.15,0.5000000029426818,0.5006035868681793,0.012414041880819654,156,167,False,False,False,b470e999febfb34944f21aec58b6a87fd0ed2ff7a1ce79c0ad1bdffe212c06ce,bc11fb941cc081dac4a6c572010e83ed2f393fb539c16697eb553a01107b0b4b,1.89,1.98,True,2023-04-07T12:27:00+00:00,2023-04-07T12:27:00+00:00
te:2321093,2023-04-11,2023,2023-04-11,mochizuki-f2487,mayot,2023-04-11T13:15:00+00:00,2023-04-09T03:49:00+00:00,1.0,2023-04-13T22:00:00+00:00,2023-04-11,1.98,1.85,0.4830287206266319,-0.06791120561621031,0.6115461517190609,0.5217272627546696,0.6166666666666667,0.6166666666666667,0.5000000000014703,0.5267523704959554,0.019747558201166082,201,147,False,False,False,b57e493710fea2d6949b69f07ce28991a4ce701d1e7443c05e5517a4c5b62cc1,93dc9ddf2e1ff0c8e28ff62b5fa9afe29aab27f71355a9833347e3ed79ec6741,1.88,1.95,True,2023-04-10T18:57:00+00:00,2023-04-10T18:57:00+00:00
te:2321353,2023-04-11,2023,2023-04-11,crawford-71058,reis-da-silva,2023-04-10T22:45:00+00:00,2023-04-09T14:51:00+00:00,1.0,2023-04-13T22:00:00+00:00,2023-04-11,1.88,1.94,0.5078534031413613,0.031416196233379066,0.596924519365342,0.3612506346729769,0.8333333333333334,0.8333333333333334,0.5630957694088503,0.5000000000000001,0.020200600061866844,168,169,False,False,False,c415ac7fde367737568ce9322f76e9b545131ad89a2f8a642d96bd88cd6df903,cdd56eb3ad814de5399527430fdf002187afb34b6eaa27731cafd017fcba4a74,1.87,1.96,True,2023-04-10T21:37:00+00:00,2023-04-10T21:58:00+00:00
te:2322361,2023-04-11,2023,2023-04-11,cazaux,bellucci-47e7e,2023-04-11T12:05:00+00:00,2023-04-10T19:49:00+00:00,0.0,2023-04-13T22:00:00+00:00,2023-04-11,1.89,1.93,0.5052356020942408,0.020943173845242972,0.6091625076216394,0.42285004857805797,0.5333333333333333,0.5333333333333333,0.7095203574399208,0.6396849054281474,9.186791966042662e-09,130,181,False,False,False,d45008f55dc4263922509d56fc4d70531696320799d1e798fe0e27b53b13b57f,370f4c150b12b7bced9c65f4114ebf6594c751ee2d5a62ec4c03748054feedd8,1.97,1.86,True,2023-04-11T10:31:00+00:00,2023-04-11T08:32:00+00:00
te:2324419,2023-04-14,2023,2023-04-14,shevchenko-3bd40,perez-contri,2023-04-14T11:20:00+00:00,2023-04-13T15:35:00+00:00,0.0,2023-04-16T22:00:00+00:00,2023-04-14,2.21,1.71,0.4362244897959184,-0.2564991450150929,0.5563349365796119,0.48279974572093787,1.05,1.05,0.6153934422481722,0.5000000000000001,0.005297474710993552,207,159,False,False,False,e89bc87c9a0616100e615bff75ec965e4efed20ee4d59cc40ae3abff901bbed8,21a5102cbffdc1b99879d6a6ef71a9e2757dd8561be33d75a494f6a71fb23bcb,2.13,1.77,True,2023-04-14T11:09:00+00:00,2023-04-14T11:09:00+00:00
te:2324559,2023-04-14,2023,2023-04-14,cachin,ofner-44428,2023-04-14T13:15:00+00:00,2023-04-13T15:36:00+00:00,1.0,2023-04-16T22:00:00+00:00,2023-04-14,1.75,2.14,0.5501285347043702,0.20119004109833744,0.6579893219609512,0.4531567031608352,0.0,0.0,0.745731110276775,0.7410804877600042,1.9703216252997535e-08,181,186,False,False,False,4bbc6502365353be9262f4113a916b680efc04304b7bf97973e8188213236e24,19ea2a2359af9c81e3fab88fa648767f0163a5a200553ab0455dfe5d2222598c,1.7,2.25,True,2023-04-14T09:33:00+00:00,2023-04-14T09:47:00+00:00
te:2324681,2023-04-14,2023,2023-04-14,galan-e4b30,vukic,2023-04-14T16:10:00+00:00,2023-04-13T22:25:00+00:00,0.0,2023-04-16T22:00:00+00:00,2023-04-14,1.76,2.12,0.5463917525773196,0.1861022796338609,0.6236249529266006,0.31886075919147144,0.3,0.3,0.619615205563514,0.6375062885725877,1.1305355818169716e-08,159,153,False,False,False,b1e410216fa0bba654f6fef659f3d0140ee3ece8db0734089e3c11061ce2c0f9,ea8ae41ec40b5c841eb714dbd49f91876a2d61526ae3b656a6e1015ac8a96ff5,1.78,2.13,True,2023-04-14T11:40:00+00:00,2023-04-14T11:33:00+00:00
te:2325659,2023-04-18,2023,2023-04-18,diez-fe7f1,sousa-16efd,2023-04-18T12:30:00+00:00,2023-04-17T14:19:00+00:00,0.0,2023-04-20T22:00:00+00:00,2023-04-18,2.0,1.83,0.47780678851174935,-0.08883121370661573,0.6157429962012821,0.5603492667781276,0.4666666666666667,0.4666666666666667,0.6371769989055396,0.6941423707586541,1.2594266102228246e-08,167,131,False,False,False,b419e38a4f5aa73c589593d4083d8392ce9697235f8ab44049500450abcaaca8,60b759ab708b84c69c8399591a871a00eae98866cc7250a100200f22a9bea461,1.98,1.85,True,2023-04-18T10:59:00+00:00,2023-04-18T05:20:00+00:00
te:2326725,2023-04-18,2023,2023-04-18,ribeiro-a7963,aboian-f7ddc,2023-04-18T17:55:00+00:00,2023-04-17T05:34:00+00:00,1.0,2023-04-20T22:00:00+00:00,2023-04-18,1.93,1.88,0.4934383202099738,-0.026248226074936154,0.6145373282056886,0.4926735412015655,0.0,0.0,0.5073288079866971,0.500000000738031,0.0063265761913949,157,179,False,False,False,98a8c2b91448bd52e1a5fa73c9350a78b335c3aa132458a7cdd9d99e530b8249,495bbc6f75e1e043c2693a1daccba46984a51ac5b7fa3283ff96ee9b6201771d,1.91,1.93,True,2023-04-17T13:37:00+00:00,2023-04-17T13:37:00+00:00
te:2328505,2023-04-18,2023,2023-04-18,tseng-5c1bc,squire,2023-04-18T09:15:00+00:00,2023-04-18T00:05:00+00:00,0.0,2023-04-20T22:00:00+00:00,2023-04-18,1.95,1.87,0.4895287958115184,-0.041890941709159774,0.6029907552196027,0.4598332399914856,0.8666666666666667,0.8666666666666667,0.6935803922441817,0.6200422675011487,5.004469061375971e-12,133,164,False,False,False,de18d80e885050d38a928bd54f61117b73d328cb306031a92a9b23eda6419712,465d3adeed1a200339e1e1ecfa5393f99e15edeccec118cb206191ee0fb8d31f,1.96,1.88,True,2023-04-18T08:52:00+00:00,2023-04-18T08:02:00+00:00
te:2329055,2023-04-18,2023,2023-04-18,sachko,descotte,2023-04-18T16:40:00+00:00,2023-04-18T09:07:00+00:00,0.0,2023-04-20T22:00:00+00:00,2023-04-18,2.14,1.72,0.4455958549222798,-0.21848153820839833,0.5561694287805878,0.4441116208083331,0.0,0.0,0.6155619414291114,0.5000000000000001,0.005564887474915223,155,162,False,False,False,937b57fabba4e4a074b96b14573eb4164056478c8fd30ebff6bb51d408eb8103,782857cd7b6c5b407a8d93eeecb5dde220f125b73f0d9af1264d71f9255722c4,2.04,1.81,True,2023-04-18T15:40:00+00:00,2023-04-18T14:48:00+00:00
te:2329609,2023-04-21,2023,2023-04-21,tirante,zhu-bb6ef,2023-04-20T22:10:00+00:00,2023-04-19T02:16:00+00:00,0.0,2023-04-23T22:00:00+00:00,2023-04-21,1.85,1.97,0.5157068062827225,0.06284790365966353,0.5805172830618156,0.26204934388667867,0.55,0.55,0.7465858831496172,0.6409279150730861,1.3674646748285113e-08,161,148,False,False,False,2c5f6a6c6bf7279440b3b852350f367f62a4a0ffc8e164dde967c4c42cb24b76,729fec7f66bf8980114b4b840592374c5e4e1dd4697389e5ac2ac3f6156fb426,1.81,2.04,True,2023-04-20T20:55:00+00:00,2023-04-20T20:55:00+00:00
te:2329651,2023-04-21,2023,2023-04-21,ficovich,pacheco-mendez,2023-04-20T23:45:00+00:00,2023-04-19T09:41:00+00:00,0.0,2023-04-23T22:00:00+00:00,2023-04-21,1.98,1.85,0.4830287206266319,-0.06791120561621031,0.564859353572276,0.32881867009193466,1.7833333333333334,1.2833333333333334,0.7054476309270191,0.591515232724257,1.3852642422040873e-08,140,35,False,False,False,5f7672bec41630fc815199ee86c333382d564daae071359b3459f12c39c91652,1bb6920d0b809e56eb5bf81021555b3b0366bd4edae10ec4f5d47b6cafc11380,1.91,1.93,True,2023-04-20T22:17:00+00:00,2023-04-20T22:17:00+00:00
te:2330307,2023-04-21,2023,2023-04-21,duckworth,sachko,2023-04-21T21:10:00+00:00,2023-04-20T10:14:00+00:00,1.0,2023-04-23T22:00:00+00:00,2023-04-21,1.85,2.0,0.5194805194805195,0.0779615414697121,0.604460320577611,0.34612337694794815,0.5166666666666667,0.5166666666666667,0.7163793018128845,0.6394558226540739,9.226167468900925e-09,188,155,False,False,False,0b5dab1f1eb5f0d67baff95703671fe78170bf7c216b177f48e2e5276f71eadd,d318a36e2f3f4beb5a02e21e374ba8ddd71b0fb66a80d433a7b6d8b4236d1138,1.88,1.99,True,2023-04-21T20:41:00+00:00,2023-04-21T20:41:00+00:00
te:2330787,2023-04-21,2023,2023-04-21,tabilo,comesana-c17e0,2023-04-21T17:00:00+00:00,2023-04-21T04:48:00+00:00,1.0,2023-04-23T22:00:00+00:00,2023-04-21,2.14,1.75,0.4498714652956298,-0.20119004109833744,0.5647430734319892,0.46162443901135947,0.0,0.0,0.7110118544397556,0.5963956686182831,4.8675274366694055e-09,113,125,False,False,False,a92559f923bcb63e9d65b385e41c67caf8b8bd8867e831f2effe6cc78e4a9903,6e5e18a19f939223d1db6d9d7c65157d6949e4e62caadb4ab208aa36bd02c5b8,2.09,1.81,True,2023-04-21T16:48:00+00:00,2023-04-21T16:48:00+00:00
te:2331665,2023-04-25,2023,2023-04-25,sels,jianu-c67fb,2023-04-25T08:05:00+00:00,2023-04-23T08:26:00+00:00,0.0,2023-04-27T22:00:00+00:00,2023-04-25,1.8,2.03,0.5300261096605744,0.12024912815157689,0.6392798313547141,0.4519906494727571,1.0833333333333333,0.31666666666666665,0.688510390063365,0.6940896039369243,1.0390244220559453e-11,157,158,False,False,False,cc484f41b94f8cb16fcac77437ae1e0fb1636470f950b9ad1ed03a2a09c1e4df,ca9e7624d4c85fd101297d269c7b669f79181b3fd4bd43bc40606931640641f4,1.85,1.99,True,2023-04-25T04:10:00+00:00,2023-04-25T04:10:00+00:00
te:2332171,2023-04-25,2023,2023-04-25,hemery,galarneau-32e1f,2023-04-25T14:10:00+00:00,2023-04-23T21:34:00+00:00,1.0,2023-04-27T22:00:00+00:00,2023-04-25,1.93,1.89,0.4947643979057591,-0.02094317384524342,0.6207858920350013,0.5138284427591007,0.7333333333333333,0.13333333333333333,0.5972658725519123,0.6073639461098338,3.1673877659565974e-07,128,130,False,False,False,a3b4cd73ee6342522a9b91852618d6bda3446a873093d8324d36f7dd9ebd1a32,088618e676892c531f5593179adcb70229fc54f35bd82d87b17401cb11db93ca,1.88,1.95,True,2023-04-25T08:08:00+00:00,2023-04-25T08:08:00+00:00
te:2333529,2023-04-25,2023,2023-04-25,bonadio,marti-pujolras,2023-04-25T08:05:00+00:00,2023-04-24T18:35:00+00:00,0.0,2023-04-27T22:00:00+00:00,2023-04-25,1.88,1.93,0.5065616797900262,0.026248226074936154,0.6146719375839131,0.440745382962033,0.0,0.0,0.5048957557855077,0.500000001244028,0.015330629977955229,170,176,False,False,False,cb3a4856229225c4de16d7689cd85d19350b71c2638a2079b6b58c59f5eb2a0c,7f83c985735986865aa273abb6cb4de0084f1cf472c554cad8b6d9985d64c861,1.89,1.94,True,2023-04-25T07:58:00+00:00,2023-04-25T07:58:00+00:00
te:2333531,2023-04-25,2023,2023-04-25,mayot,sultanov,2023-04-25T08:05:00+00:00,2023-04-24T18:30:00+00:00,0.0,2023-04-27T22:00:00+00:00,2023-04-25,1.99,1.83,0.4790575916230366,-0.08381867188307154,0.5920736233658777,0.4563629541332196,0.31666666666666665,0.31666666666666665,0.5712420212978048,0.5000000000000001,0.017177265993928728,150,148,False,False,False,80e07db3d10dcbe300030671c2a5f617164bf03ed8f483b1a0012492c94ac258,59a0ac4f72d5acfd262b81ce53202a08791989b3384cb1d2770d6246541cdb3b,1.98,1.86,True,2023-04-25T07:58:00+00:00,2023-04-25T07:58:00+00:00
te:2333535,2023-04-25,2023,2023-04-25,nagal,maestrelli,2023-04-25T09:45:00+00:00,2023-04-24T18:29:00+00:00,0.0,2023-04-27T22:00:00+00:00,2023-04-25,1.99,1.83,0.4790575916230366,-0.08381867188307154,0.6144025838579475,0.5496751973681329,1.3333333333333333,0.6,0.5091371944648846,0.500000000039511,0.005860824381364954,122,166,False,False,False,23d255a595bf697ab1d968e045f4680f2bb7575337c5ca92eef32377b429d678,8b1ab2a142080b1820c3989abd584ff36a517c7d87e77cc944ee524663867b97,1.95,1.88,True,2023-04-25T07:58:00+00:00,2023-04-25T06:35:00+00:00
te:2333541,2023-04-25,2023,2023-04-25,fonio,bellucci-47e7e,2023-04-25T09:00:00+00:00,2023-04-24T18:29:00+00:00,0.0,2023-04-27T22:00:00+00:00,2023-04-25,1.78,2.05,0.5352480417754569,0.14122642884632308,0.6303974054165309,0.3926956341957991,0.35,0.35,0.6828600826493006,0.6575008105696546,4.037631340381154e-12,199,166,False,False,False,1f51929425c28f6c8d1c9786ba2bc86430a589d6707b30662a04350e3b7fe0f8,6b7cd0c684263ebd9a6dbdcc9e08a940547b13764ab250f7e5109303b6ad1ea2,1.9,1.93,True,2023-04-25T06:35:00+00:00,2023-04-25T04:09:00+00:00
te:2333543,2023-04-25,2023,2023-04-25,agamenone,caruso-7cfdb,2023-04-25T13:05:00+00:00,2023-04-24T18:29:00+00:00,0.0,2023-04-27T22:00:00+00:00,2023-04-25,2.06,1.78,0.46354166666666663,-0.14609261849749608,0.5958523623317894,0.5343052896911085,1.5166666666666666,0.21666666666666667,0.5649805578023438,0.5000000000000001,0.009355720023871333,165,136,False,False,False,51c6388595bb1c4f29e7171e7adb0e7c4aad4d510a0786d016193154d87d0fcf,6789e4f060dd3a7b0e4c6152f4fac008ace50bebbb0a1bb9558aa065eef800f9,1.87,1.96,True,2023-04-25T12:23:00+00:00,2023-04-25T12:23:00+00:00
te:2335603,2023-04-28,2023,2023-04-28,cobolli-d6311,trungelliti,2023-04-28T14:25:00+00:00,2023-04-26T14:20:00+00:00,1.0,2023-04-30T22:00:00+00:00,2023-04-28,2.01,1.85,0.4792746113989638,-0.08294908298075057,0.5989174953889738,0.4839057810592404,0.9333333333333333,0.9333333333333333,0.5594396707629897,0.5000000000000001,0.005799871577302426,171,127,False,False,False,f9a2975319df7699727b9187b991569cf207e70872966f390519c5eb869bf772,4c3030d0676f6067c4bb9d73c32e945d513292594706c81522e2b9f070ccfbaf,1.94,1.93,True,2023-04-27T08:22:00+00:00,2023-04-27T08:22:00+00:00
te:2336111,2023-04-28,2023,2023-04-28,diaz-acosta,dougaz,2023-04-28T15:10:00+00:00,2023-04-27T07:40:00+00:00,1.0,2023-04-30T22:00:00+00:00,2023-04-28,2.18,1.72,0.44102564102564096,-0.23700058597563622,0.558240023472139,0.4710229104121745,0.5333333333333333,0.03333333333333333,0.7536261522176625,0.6291096103290121,5.057065877167588e-13,138,244,False,False,False,721361d15de2125c2936c0971b40d9e84afd1244df35f465c6932b91655f3ba9,fd9d8226b9ef4e6b165064c9b326f246fca42fa4bcd9fd1debedca762e2ce260,2.19,1.74,True,2023-04-28T01:45:00+00:00,2023-04-28T01:45:00+00:00
te:2336193,2023-04-28,2023,2023-04-28,chung-403ca,hijikata,2023-04-28T04:05:00+00:00,2023-04-27T08:59:00+00:00,0.0,2023-04-30T22:00:00+00:00,2023-04-28,2.01,1.85,0.4792746113989638,-0.08294908298075057,0.5765211917124243,0.39145770789512213,0.38333333333333336,0.38333333333333336,0.5000000000000001,0.5928556817247765,0.00371944668373686,131,175,False,False,False,fd6acb92a223c25b2dd0446ad59e5b73536462f22b3515d8999e187ce23feadb,cd24593236cc4c21be5face770d6cfd8db932f7610989ab7bbf5e646a9699820,1.97,1.9,True,2023-04-28T00:35:00+00:00,2023-04-28T00:35:00+00:00
te:2336209,2023-04-28,2023,2023-04-28,uchiyama,kudla,2023-04-28T02:10:00+00:00,2023-04-27T09:00:00+00:00,1.0,2023-04-30T22:00:00+00:00,2023-04-28,1.73,2.17,0.5564102564102563,0.22660575904268024,0.6342401342216543,0.32384487064492096,0.7,0.7,0.6996624654296789,0.7533142104029049,2.6651389428700156e-10,119,137,False,False,False,9e33b1bbea87fa0ecb3064fd167a66ec53c55f235117ccdaf8e377046ddbf998,d5c9565625f250f4ce995ee56ef40c7a29537f0454e5e2cdbcf4cc8ac844bdbc,1.71,2.22,True,2023-04-27T22:31:00+00:00,2023-04-27T22:31:00+00:00
te:2336541,2023-04-28,2023,2023-04-28,navone,burruchaga,2023-04-28T15:40:00+00:00,2023-04-27T23:00:00+00:00,1.0,2023-04-30T22:00:00+00:00,2023-04-28,2.04,1.83,0.4728682170542636,-0.10863384100279541,0.6143055892597882,0.5740809738157472,0.5333333333333333,0.03333333333333333,0.5102433250559643,0.5000000091153182,0.0033258108274156484,187,154,False,False,False,7e88215f219a740a0ffbbee8b16a61fddc582bc22c0e090a07886693a51a6d78,44c0841b152f809e46800748085b4b8acd9698925f88ef0de93e4fddf7f6dd4b,1.95,1.92,True,2023-04-28T12:31:00+00:00,2023-04-28T12:31:00+00:00
te:2337561,2023-05-02,2023,2023-05-02,kolar-d6d52,bellier,2023-05-02T10:00:00+00:00,2023-04-30T11:34:00+00:00,1.0,2023-05-04T22:00:00+00:00,2023-05-02,1.74,2.12,0.5492227979274612,0.1975309754574837,0.6464407885507407,0.40589965898449853,1.0333333333333334,0.16666666666666666,0.7955030602480515,0.7366549431999201,1.0362383867645875e-08,158,164,False,False,False,fc919937981472eba88bfbbd65a716ad43ea21c3fd5f35e6134ac397504324c0,f048c746070aacc34eed3edb1704e01e7275e2999e2ed8f9755808df9d164aef,1.76,2.11,True,2023-05-02T07:33:00+00:00,2023-05-02T07:33:00+00:00
te:2339357,2023-05-02,2023,2023-05-02,medjedovic,guinard,2023-05-02T11:20:00+00:00,2023-05-01T16:55:00+00:00,0.0,2023-05-04T22:00:00+00:00,2023-05-02,1.9,1.8,0.4864864864864864,-0.054067221270276106,0.6165519868269613,0.5290058133252908,0.0,0.0,0.675596813896565,0.6255806048904321,8.150131694528717e-08,130,136,False,False,False,f9234702bf7aecb94855b6f8b18bd8db4215590aae005f14c3d79d46021ebae2,00442b5c4785ab0fa57c442200edbd62a085be99a622dfd2ebbe27cd3b8e24a9,2.0,1.76,True,2023-05-02T09:17:00+00:00,2023-05-02T06:50:00+00:00
te:2339593,2023-05-02,2023,2023-05-02,gaio,kuzmanov,2023-05-02T14:00:00+00:00,2023-05-02T05:18:00+00:00,1.0,2023-05-04T22:00:00+00:00,2023-05-02,1.94,1.88,0.4921465968586388,-0.03141619623337862,0.6122604805406373,0.48824023741985434,0.0,0.0,0.6201769558432464,0.677480039531296,3.6061431618605866e-12,162,147,False,False,False,8edde8ce0f562b37d6e5344e18b256e13a73228403a4c46798df78170a8f9663,c537515bf1b7391499fb5aa1b30912819a44edfe6c2c482aa9827cb8910e02c2,1.93,1.9,True,2023-05-02T05:53:00+00:00,2023-05-02T11:46:00+00:00
te:2339599,2023-05-02,2023,2023-05-02,kopriva,sachko,2023-05-02T09:40:00+00:00,2023-05-02T05:20:00+00:00,1.0,2023-05-04T22:00:00+00:00,2023-05-02,2.05,1.79,0.46614583333333337,-0.13562417329765303,0.6041801400078759,0.5585373630656576,1.2333333333333334,0.3,0.5485235943004295,0.5000000000000001,0.0064438959383046335,159,157,False,False,False,67ca2a5bfc7ede6603c3f6dbb64bc63c85e4b7189e5d163073714069c4ba460e,9292845cb0d228dfd4ba7611447523da0abf9974aa4e4dedd36aa0afe14b488b,2.01,1.82,True,2023-05-02T05:26:00+00:00,2023-05-02T05:26:00+00:00
te:2339999,2023-05-02,2023,2023-05-02,pereira-9b0a8,de-la-fuente-32aa6,2023-05-02T14:05:00+00:00,2023-05-02T05:34:00+00:00,0.0,2023-05-04T22:00:00+00:00,2023-05-02,2.05,1.79,0.46614583333333337,-0.13562417329765303,0.6011436661541003,0.5458568379460695,0.0,0.0,0.5550795051788782,0.5000000000000001,0.015845748530040116,101,94,False,False,False,d5aed501d3949f9f8e4e7bcf6773e258c2f728cc96a622fae104062c548cdda9,859a65101048cd4fa2526fb9b7170cb7b625b91357be5eb6a1a657157e7822dd,1.94,1.89,True,2023-05-02T12:09:00+00:00,2023-05-02T12:09:00+00:00
te:2340191,2023-05-05,2023,2023-05-05,polmans,duckworth,2023-05-05T03:10:00+00:00,2023-05-02T07:48:00+00:00,1.0,2023-05-07T22:00:00+00:00,2023-05-05,1.72,2.15,0.5555555555555556,0.22314355131420988,0.6313001092607384,0.3146547982323991,1.55,0.05,0.6665023209662522,0.6991105344771171,9.550971125094065e-13,125,205,False,False,False,4f3015ea666af6df3f11938d90a9806f0f295bd9cd22c99f93132e5074c4d05f,7486ef91c7a0e5f910eb30dc7cec40bf8c03af3e2191f00af7d4a62c29198a63,1.65,2.3,True,2023-05-05T01:43:00+00:00,2023-05-05T02:22:00+00:00
te:2340975,2023-05-05,2023,2023-05-05,stricker,svrcina,2023-05-05T12:40:00+00:00,2023-05-03T21:20:00+00:00,1.0,2023-05-07T22:00:00+00:00,2023-05-05,2.07,1.8,0.4651162790697674,-0.13976194237515893,0.6307101445382826,0.6750264886447874,0.25,0.25,0.678619400018079,0.6568397794763087,2.2911117447677043e-12,136,115,False,False,False,6be6697fbf17fde545f1f98eaebea36d907e31e6ac93d515a78ffe34f1a5533c,91b0f5df4a236ee6bd57fb88638707b84e4dfacf7713adc4a20292e77f54e929,1.84,2.04,True,2023-05-05T12:33:00+00:00,2023-05-05T12:23:00+00:00
te:2341053,2023-05-05,2023,2023-05-05,ofner-44428,barrios-vera,2023-05-05T11:10:00+00:00,2023-05-03T21:20:00+00:00,0.0,2023-05-07T22:00:00+00:00,2023-05-05,1.93,1.93,0.5,0.0,0.6400104789138905,0.5754096265902638,0.0,0.0,0.6929434036722603,0.6934929489348066,9.886610252696215e-09,189,127,False,False,False,29894b02ec4b40201c87c07075b6f4504c8b00b868835b70978d22d88533bb61,3246d7fabc68bd6638ee3e860917c4cb8c6d1cced4e7e408fb9127ea2129d91f,1.81,2.08,True,2023-05-05T07:28:00+00:00,2023-05-05T10:12:00+00:00
te:2341499,2023-05-05,2023,2023-05-05,humbert-e2553,daniel-2dd17,2023-05-05T09:10:00+00:00,2023-05-04T16:18:00+00:00,1.0,2023-05-07T22:00:00+00:00,2023-05-05,1.76,2.09,0.5428571428571429,0.1718502569266595,0.6267044524476696,0.346254346285156,0.0,0.0,0.640036668855113,0.664107310939441,3.333471831901136e-10,174,162,False,False,False,611bb49a69dbcc36bee4f8773d68d36d406547fd63c03e0d3c2565ff9ebd0597,6e431d48d64ac077fc3709dbabc779a8d2d7e9e23e3b1f0651ba782bbd58a292,1.74,2.15,True,2023-05-05T05:35:00+00:00,2023-05-05T08:48:00+00:00
te:2341571,2023-05-05,2023,2023-05-05,paul-324c3,rodionov-f5e38,2023-05-05T11:15:00+00:00,2023-05-04T16:27:00+00:00,0.0,2023-05-07T22:00:00+00:00,2023-05-05,1.89,1.96,0.5090909090909091,0.03636764417087508,0.5965030422556784,0.35454774951678275,0.75,0.016666666666666666,0.7272220972736775,0.6396295795301716,1.2259456838581428e-08,173,185,False,False,False,846af064d632fe8f05e7308a0a32104344fbf8eae3e952b2134af2b61a44266c,d55ef1f457ac5a61362f27507b9f791c206eef3e368c4490f4556808dbca52c3,1.88,1.98,True,2023-05-05T09:05:00+00:00,2023-05-05T10:58:00+00:00
te:2341761,2023-05-05,2023,2023-05-05,shelton-38989,zeppieri,2023-05-05T19:00:00+00:00,2023-05-04T21:16:00+00:00,1.0,2023-05-07T22:00:00+00:00,2023-05-05,1.63,2.31,0.5862944162436549,0.34866750971503135,0.6450039687486027,0.2484823503210245,0.5833333333333334,0.5833333333333334,0.7103185028905056,0.7081298955425693,1.65387509243331e-09,171,169,False,False,False,a4e8560fc8b271f5eb9ccd4e028fa617dc5d092edc54b3462fe385716bce882a,bd7bd02fdca29d937eab06bc4a35f42c8209a6d3c424d013aa64c294f2411832,1.65,2.35,True,2023-05-05T14:31:00+00:00,2023-05-05T14:31:00+00:00
te:2342247,2023-05-09,2023,2023-05-09,hardt-79c77,gaio,2023-05-09T08:10:00+00:00,2023-05-07T00:46:00+00:00,0.0,2023-05-11T22:00:00+00:00,2023-05-09,2.01,1.82,0.47519582245430814,-0.09929822098228022,0.6125748910806138,0.5574468642686171,2.966666666666667,0.7,0.5912134933571924,0.6371145990451776,7.384429789869529e-09,169,165,False,False,False,f71ab40b1c914d45692362e679196feae099af31fd823815b41455ffedd6f7b5,2a424ae6f5e9b1765e5a82b6c356a43e014f3e512f2ae9d0ede823fa1c87bbc9,1.93,1.9,True,2023-05-09T05:33:00+00:00,2023-05-09T05:33:00+00:00
te:2342705,2023-05-09,2023,2023-05-09,santillan-29bed,tseng-5c1bc,2023-05-09T08:10:00+00:00,2023-05-08T20:56:00+00:00,0.0,2023-05-11T22:00:00+00:00,2023-05-09,2.04,1.79,0.46736292428198434,-0.13073418800346137,0.617136650542949,0.6081465275585355,0.0,0.0,0.6606321472880309,0.7251789439537509,5.5167759249741266e-11,151,125,False,False,False,7423fd4b077fb2f18fe795a7c4b8509f8f3e7384d2b9a4bee442ca65a8fb664d,f0b757a400b60ea911a9adc8eb3308c178124361202d24eddb6472e59d572c72,2.03,1.81,True,2023-05-09T07:30:00+00:00,2023-05-09T07:30:00+00:00
te:2344221,2023-05-09,2023,2023-05-09,ajdukovic,arnaboldi,2023-05-09T09:10:00+00:00,2023-05-08T20:55:00+00:00,0.0,2023-05-11T22:00:00+00:00,2023-05-09,1.91,1.91,0.5,0.0,0.6176114509315017,0.4794223037303825,0.0,0.0,0.6850218676316059,0.6337201739298962,1.9772430276399078e-08,161,99,False,False,False,a417a804723def25be0070858241e09c1e8d6418baa4c7f40ba549f277a1576e,ed981c04394acc6bca508c0c008e034b137b5c1e66e88a5ba4d10ff98f8f2874,1.97,1.87,True,2023-05-09T07:31:00+00:00,2023-05-09T07:31:00+00:00
te:2345821,2023-05-12,2023,2023-05-12,kicker,laaksonen,2023-05-12T11:45:00+00:00,2023-05-10T18:55:00+00:00,,,,1.87,1.98,0.5142857142857141,0.057158413839947964,0.6144572949377867,0.40892905188573586,0.0,0.0,0.5084496939623959,0.5000000000034512,0.02176120124799949,118,109,False,False,False,363262c113d3eb544473b01687d05083a657a4a09b0193df3f9fc135322eaf3b,a5639103bb184242dc6de62dbfa87558876df89aad19a008d9d3b3b9c33cb7ff,1.88,1.99,True,2023-05-12T07:24:00+00:00,2023-05-12T07:24:00+00:00
te:2346059,2023-05-12,2023,2023-05-12,paire-4a33b,mager,2023-05-12T11:45:00+00:00,2023-05-11T17:28:00+00:00,1.0,2023-05-14T22:00:00+00:00,2023-05-12,1.82,2.05,0.5297157622739017,0.11900329206161245,0.6365447148726117,0.44139509726513637,0.6333333333333333,0.6333333333333333,0.6999385881476544,0.6790896944221713,5.376116635202877e-09,142,143,False,False,False,a29fe2ed6fd42bdefe060af4b45deb9e62fc152fbb8404c89751af23647069e9,62a96255d83abd121da082d9b44b1b0b70858af56204f502804993beae54bbf1,1.84,2.04,True,2023-05-12T11:09:00+00:00,2023-05-12T11:09:00+00:00
te:2346135,2023-05-12,2023,2023-05-12,koepfer,klein-88a5e,2023-05-12T11:50:00+00:00,2023-05-11T18:30:00+00:00,1.0,2023-05-14T22:00:00+00:00,2023-05-12,1.78,2.1,0.5412371134020618,0.16532398042538338,0.6383600295544615,0.4029292932573529,1.8666666666666667,0.5,0.7033826134271702,0.6848239011962964,1.0679800932500427e-09,110,174,False,False,False,578c453d9dbc706c613213a9941228dacca52919d571a1c1f8ef714bb3e37880,025f0ee158447abd76e3f422a79a870c50241bd081988dc4d47e768570bdcd18,1.79,2.11,True,2023-05-12T07:31:00+00:00,2023-05-12T07:31:00+00:00
te:2346681,2023-05-12,2023,2023-05-12,tabilo,coppejans,2023-05-12T16:40:00+00:00,2023-05-12T12:22:00+00:00,0.0,2023-05-14T22:00:00+00:00,2023-05-12,1.92,1.93,0.5012987012987012,0.005194816877103783,0.6179891750941321,0.4758271787432739,0.8333333333333334,0.13333333333333333,0.6918679852543843,0.6389400665942456,7.611327457190953e-09,112,189,False,False,False,390b68494f852c97440ce4a44c83ec0a5143e2a637a7a312e0521cd4f917354e,9809a72f795ae07c766212cc08eede69ab169d4ad0c47b2d752ba5af68cb485d,1.86,1.99,True,2023-05-12T15:06:00+00:00,2023-05-12T15:06:00+00:00
te:2349425,2023-05-16,2023,2023-05-16,jacquet-d2059,bourgue,2023-05-16T08:40:00+00:00,2023-05-15T18:29:00+00:00,1.0,2023-05-18T22:00:00+00:00,2023-05-16,1.91,1.91,0.5,0.0,0.6252335330445256,0.5118221556240887,0.5833333333333334,0.5833333333333334,0.6692838434758079,0.7223327944649988,3.166300555079715e-12,144,116,False,False,False,7c0b6a584eec72ff0473e0e38875af4537bfd974d979cb89fceaaf1ecbf1d44f,e44c95c5747194cc4e54199597de5230db98b177089ad2e4ee9503ea11f6df40,1.85,1.99,True,2023-05-16T07:41:00+00:00,2023-05-16T07:41:00+00:00
te:2350003,2023-05-16,2023,2023-05-16,blanch-d9f24,sousa-41f7b,2023-05-16T12:10:00+00:00,2023-05-16T00:40:00+00:00,0.0,2023-05-18T22:00:00+00:00,2023-05-16,1.91,1.91,0.5,0.0,0.6159735689427673,0.47249267395532074,0.0,0.0,0.6121038247230038,0.6574433703900882,2.054525993777645e-11,117,81,False,False,False,d6b493671017dc40b4503f575779c7eabd2517820dc41774943cf7b4192556f3,91c6df5ba4e5eb74763ebbcf3f893eb79445d73abc18c3afde4ebb8bc4b21c51,1.92,1.92,True,2023-05-16T09:34:00+00:00,2023-05-16T09:34:00+00:00
te:2351799,2023-05-19,2023,2023-05-19,etcheverry-7101a,struff,2023-05-19T12:15:00+00:00,2023-05-18T13:47:00+00:00,0.0,2023-05-21T22:00:00+00:00,2023-05-19,1.69,2.23,0.5688775510204082,0.27727305653704526,0.6336342987265836,0.2705668972325833,0.7,0.7,0.6667949979788368,0.6818444871524181,2.1185619286656632e-08,201,212,False,False,False,0768ea3a8264a7d442af42444f813f888049ccb9d8b8eff10b16927d60abaf4d,a35394159d3b2a81d393a9070daa9d2c30788e26ad0fbf537eb0e0994943226c,1.68,2.29,True,2023-05-19T12:03:00+00:00,2023-05-19T12:03:00+00:00
te:2351827,2023-05-19,2023,2023-05-19,vukic,meligeni-rodrigues-alves,2023-05-19T12:05:00+00:00,2023-05-18T15:40:00+00:00,1.0,2023-05-21T22:00:00+00:00,2023-05-19,1.7,2.22,0.5663265306122449,0.26687894482201774,0.6628932650210672,0.40933544328945487,0.9333333333333333,0.9333333333333333,0.7712124525282522,0.749277628820654,1.8668400159072007e-13,175,147,False,False,False,b3a6fa4663500fc7096b7a3b27b519dafe8426ceba839b148633f2629391bb2c,fd002c2536bdb155c446eeaa84bf63a705d582b30e5698d091c45c51679c350d,1.69,2.25,True,2023-05-19T11:43:00+00:00,2023-05-19T11:43:00+00:00
te:2351873,2023-05-19,2023,2023-05-19,diaz-acosta,moreno-de-alboran-a31d1,2023-05-19T14:30:00+00:00,2023-05-18T16:01:00+00:00,0.0,2023-05-21T22:00:00+00:00,2023-05-19,1.79,2.09,0.538659793814433,0.1549484461240559,0.634679289443681,0.39739574234469344,1.1833333333333333,0.5166666666666667,0.6961827239006566,0.6731357197806007,2.274308388838797e-08,139,151,False,False,False,998f59a2c5000d65e4f1866c82133a906b4534685427fad49fcd055c358b1c38,93c69b4d83567ea0b1d9c88bef0ed236b3a1eccfcd3b6fee9d7a029a50450eef,1.78,2.13,True,2023-05-19T13:49:00+00:00,2023-05-19T10:02:00+00:00
te:2351945,2023-05-19,2023,2023-05-19,humbert-e2553,gasquet,2023-05-19T14:10:00+00:00,2023-05-18T19:55:00+00:00,0.0,2023-05-21T22:00:00+00:00,2023-05-19,1.69,2.23,0.5688775510204082,0.27727305653704526,0.6460981854679541,0.3246589110013498,0.8333333333333334,0.8333333333333334,0.7601952020590853,0.718970893216089,3.94294520367211e-08,184,152,False,False,False,3faa5d1934d2394b88d2cd4787ce7fe4b3e8fe106aaaa29afec98a8b3db81803,3e3b850aa955d6193658713c254d15b3420b0be6add98b64ecabe7ea5f30b57b,1.72,2.2,True,2023-05-19T13:37:00+00:00,2023-05-19T13:58:00+00:00
te:2353315,2023-05-23,2023,2023-05-23,dougaz,wessels-3ac5c,2023-05-23T08:35:00+00:00,2023-05-22T03:25:00+00:00,1.0,2023-05-25T22:00:00+00:00,2023-05-23,1.86,1.96,0.5130890052356021,0.052367985517315925,0.6117508038567813,0.40230963926796526,1.4,0.7333333333333333,0.6109302015720514,0.569988303662341,5.348668730142947e-11,236,189,False,False,False,00112ab0026eb37eaa5b9ef8feb7b13b4cb90b4984b28d9de5de03a62e92e860,727970725c4e31ba769a9810c4f626b42840ab47308b59fefe502dd8d20d672b,1.85,1.98,True,2023-05-22T03:31:00+00:00,2023-05-22T16:14:00+00:00
te:2353319,2023-05-23,2023,2023-05-23,comesana-c17e0,mccabe-b71c6,2023-05-23T08:40:00+00:00,2023-05-22T03:22:00+00:00,,,,1.92,1.9,0.4973821989528796,-0.010471299867295303,0.6010814341206452,0.42044442240934826,0.23333333333333334,0.23333333333333334,0.6193442954629284,0.5571169056816971,9.449461657595748e-09,125,149,False,False,False,cb6cf605580a98d0625d4a95d6f20efe889eb9aa879645815b5a17608caf6959,8c5d91800d1395721181a101d74c4ba261441bad65463c889b4ac411d4fbcf46,2.0,1.84,True,2023-05-23T05:15:00+00:00,2023-05-23T05:15:00+00:00
te:2355911,2023-05-23,2023,2023-05-23,nagal,hassan-1d510,2023-05-23T11:15:00+00:00,2023-05-22T19:10:00+00:00,0.0,2023-05-25T22:00:00+00:00,2023-05-23,2.1,1.75,0.4545454545454546,-0.18232155679395445,0.5952905806563298,0.5682018874860195,0.4666666666666667,0.4666666666666667,0.6734533895715725,0.5945322350251095,5.917687756484824e-09,134,172,False,False,False,bd269795332321598a0e365affab510598444ff172ab8e0d323acfbd056ba48d,4360f80cf502d3a106979427d448e54acd9ee8e82a6f29723b552afb102191db,2.08,1.78,True,2023-05-23T09:59:00+00:00,2023-05-23T09:59:00+00:00
te:2357561,2023-05-26,2023,2023-05-26,comesana-c17e0,donskoy,2023-05-26T08:40:00+00:00,2023-05-25T13:03:00+00:00,0.0,2023-05-28T22:00:00+00:00,2023-05-26,1.87,1.94,0.5091863517060368,0.03674954220874159,0.6083014077127697,0.40342830647950867,0.4166666666666667,0.4166666666666667,0.5429300952857684,0.5046955148362017,6.343936814756646e-08,120,169,False,False,False,86f76acd32dde5eba6aa7b1bde59fb275964e76a44178ea33d45f480b5508018,1a511b140c4695080c1af1ea42f09d5ca6e9653cf0953d6b1f962caff00f6076,2.0,1.84,True,2023-05-26T07:31:00+00:00,2023-05-26T07:31:00+00:00
te:2357599,2023-05-26,2023,2023-05-26,valkusz,madaras,2023-05-26T08:40:00+00:00,2023-05-25T13:44:00+00:00,0.0,2023-05-28T22:00:00+00:00,2023-05-26,2.13,1.73,0.4481865284974093,-0.20800057121164622,0.5944551874064343,0.5904145264805365,1.6,0.5666666666666667,0.5673606319855515,0.5000000000000001,0.02791435621563884,99,229,False,False,False,841ad8fe56b31dd223bc358b98bb269bf59e3e027d9d6076fd740b83441d7399,d6fe0c2dc1f070cc47831aaed7a535ba0226aa2f986bb1662a0391e9965a7405,2.04,1.81,True,2023-05-26T07:20:00+00:00,2023-05-26T07:20:00+00:00
te:2358641,2023-05-30,2023,2023-05-30,klein-88a5e,topo-77408,2023-05-30T13:35:00+00:00,2023-05-28T01:25:00+00:00,1.0,2023-06-01T22:00:00+00:00,2023-05-30,2.03,1.8,0.4699738903394256,-0.12024912815157689,0.6054020372249452,0.5482744590070701,1.4333333333333333,0.23333333333333334,0.7645681657451354,0.6771559379339189,2.69340105774063e-13,173,113,False,False,False,ad93fe0ece31990bd2c23f5d80e4ece96cf9748bd6ce5d4c8abfb47344e99b79,dfbab7c43354bd38eed788d23fdf51176af143ddf1281017c5e7692d9e311347,1.91,1.93,True,2023-05-30T13:13:00+00:00,2023-05-30T13:13:00+00:00
te:2358661,2023-05-30,2023,2023-05-30,bellucci-47e7e,donskoy,2023-05-30T15:10:00+00:00,2023-05-28T01:25:00+00:00,0.0,2023-06-01T22:00:00+00:00,2023-05-30,1.8,2.04,0.53125,0.12516314295400602,0.6303002967691934,0.40834216119044975,1.55,0.7833333333333333,0.6748679619219607,0.6544569939413382,3.4933445025586707e-12,160,167,False,False,False,2e8aaa4d75a458118fd608fb894200305f5de294ce1bf24d8d8ece819b7595ae,3b9623b8eb2fd94adb6488b9735aee462f19f20c0b2c34523c9b63ae05d56cfb,1.85,2.0,True,2023-05-30T09:56:00+00:00,2023-05-30T09:56:00+00:00
te:2359565,2023-05-30,2023,2023-05-30,galarneau-32e1f,ficovich,2023-05-30T16:55:00+00:00,2023-05-28T13:17:00+00:00,0.0,2023-06-01T22:00:00+00:00,2023-05-30,1.83,1.99,0.5209424083769634,0.08381867188307154,0.6457490359920872,0.5165866674102402,0.65,0.65,0.7132062270877304,0.7471190247339596,1.2906620217023601e-12,118,130,False,False,False,3263d38c5805ea4a5115ad6a8002c4b255c584a0ee11fa293edf24815e06742a,47f593ff56d7dedf51ceb28e7fd99aebfb73331a24da0895bde6c0560f9beb48,1.82,2.03,True,2023-05-30T08:31:00+00:00,2023-05-29T07:22:00+00:00
te:2361123,2023-05-30,2023,2023-05-30,ponwith,langmo,2023-05-30T17:25:00+00:00,2023-05-30T05:11:00+00:00,1.0,2023-06-01T22:00:00+00:00,2023-05-30,1.72,2.14,0.5544041450777203,0.21848153820839877,0.609556847835396,0.226968294347771,0.0,0.0,0.5865571399870786,0.6383119865039094,2.9637642340318848e-08,159,154,False,False,False,2293e8f3e0a55b849926e01f7ea917308b0e42c20484f6a16059f344c0e91e94,1e9f772ad4106a0264777923cbd662792912601e44d2fc034dc6133120b753c5,1.67,2.25,True,2023-05-30T16:55:00+00:00,2023-05-30T16:55:00+00:00
te:2363169,2023-06-02,2023,2023-06-02,lajal,dougaz,2023-06-02T16:10:00+00:00,2023-06-01T05:57:00+00:00,0.0,2023-06-04T22:00:00+00:00,2023-06-02,1.76,2.12,0.5463917525773196,0.1861022796338609,0.6052265564938453,0.24118854223448422,1.05,0.35,0.546053948544611,0.5000000020951342,0.00021771455613014967,174,235,False,False,False,3bd66db9b2984f4e14edf45a81ca8a79f836297dcb9ddb563083df65114ee796,b314cd2eb4c3a9355d041ae5eb8d08eed98cc9e0b796732b84ca4bbf322c4985,1.81,2.07,True,2023-06-02T15:04:00+00:00,2023-06-02T14:04:00+00:00
te:2363187,2023-06-02,2023,2023-06-02,escoffier,kwiatkowski,2023-06-02T17:55:00+00:00,2023-06-01T06:40:00+00:00,1.0,2023-06-04T22:00:00+00:00,2023-06-02,1.85,2.01,0.5207253886010362,0.08294908298075078,0.6368160100650376,0.47862212748715527,0.36666666666666664,0.36666666666666664,0.724750802682111,0.6886783181122215,3.935143960687171e-09,174,54,False,False,False,292beda561875a6f79cbcc9f363c424ae3152dde2f403187c761d681aefd174b,9248596f23b9e3d5ed30e5fe6b7ebfc4e7719a72e789cda36fdfd78297805cb9,1.74,2.19,True,2023-06-02T14:04:00+00:00,2023-06-02T14:04:00+00:00
te:2363395,2023-06-02,2023,2023-06-02,kotov-392a7,strombachs,2023-06-02T16:25:00+00:00,2023-06-01T13:39:00+00:00,1.0,2023-06-04T22:00:00+00:00,2023-06-02,2.21,1.7,0.43478260869565216,-0.2623642644674911,0.5835174481239647,0.5995940497981296,1.0833333333333333,1.0833333333333333,0.8130782882662501,0.6984133233006564,2.9755947705822905e-11,133,215,False,False,False,dc992a4885cdb65c51804218bb150036e384d5bfa130578bb78c3a8cc9dba761,a2cb0926893510f84dd789b8a414d523126a896bb13543e3fbe11af00d552456,2.19,1.74,True,2023-06-02T07:37:00+00:00,2023-06-02T07:37:00+00:00
te:2363655,2023-06-02,2023,2023-06-02,zhukayev,kukushkin,2023-06-02T18:15:00+00:00,2023-06-02T08:28:00+00:00,1.0,2023-06-04T22:00:00+00:00,2023-06-02,1.88,1.98,0.5129533678756476,0.051825067864585767,0.6515687317684928,0.5741168318293476,0.8833333333333333,0.15,0.7321397528575412,0.7735651369490293,2.662120524021816e-12,171,111,False,False,False,5be46583b679a0312a77406cbed5fc5f2c81b04efa3ac5def4c6857efe5f99bb,8ada2b21a03b75f9f1b65f10b6eaeebf4e6bf2650090f4a8dac3c118c6f73598,1.81,2.08,True,2023-06-02T16:19:00+00:00,2023-06-02T16:19:00+00:00
te:2364493,2023-06-06,2023,2023-06-06,diaz-acosta,otte,2023-06-06T09:40:00+00:00,2023-06-04T12:09:00+00:00,1.0,2023-06-08T22:00:00+00:00,2023-06-06,1.92,1.9,0.4973821989528796,-0.010471299867295303,0.6581421295065822,0.665497142825784,0.0,0.0,0.7451581537983196,0.7420182146057661,6.68412206139557e-09,153,124,False,False,False,42b25cfd65ad4bbd792bc3240a2e9929025f69cb65667e0d0dbd9b6ae2dbb115,dc0133a0d925c2d71f6204b80656eafa2afd4e7372ad06bedd59f570c1b86685,1.79,2.07,True,2023-06-06T07:50:00+00:00,2023-06-06T07:50:00+00:00
te:2364549,2023-06-06,2023,2023-06-06,machac,silva-cb43c,2023-06-06T11:55:00+00:00,2023-06-05T01:22:00+00:00,0.0,2023-06-08T22:00:00+00:00,2023-06-06,2.06,1.78,0.46354166666666663,-0.14609261849749608,0.5967744723270353,0.5381358647872969,1.1333333333333333,1.1333333333333333,0.7557557808166008,0.6625819447157464,5.412070791521728e-11,162,159,False,False,False,3b87d3a67aaab3cbe6fb695efe065c3a8f675cd290a38ebbead29f090a49080c,69db0cbf79b81818a974517eeec4b93a7cbc51e4635021ccfd7ae90ee2a4155b,1.85,1.99,True,2023-06-06T01:39:00+00:00,2023-06-06T01:39:00+00:00
te:2365351,2023-06-06,2023,2023-06-06,polmans,durasovic,2023-06-05T23:20:00+00:00,2023-06-04T14:14:00+00:00,0.0,2023-06-08T22:00:00+00:00,2023-06-06,1.84,1.98,0.518324607329843,0.0733312730855498,0.6001458901513661,0.3327417476255528,0.8666666666666667,0.13333333333333333,0.7268522290749019,0.6430105691259853,5.52945261800275e-09,144,177,False,False,False,9705f8019a2e8a313fd32bfe7b1eed59cc395ac758cdd435ab4126cd21565443,ce13a5bef305c08190ddf468bc98ab4d620dd08afc42aa889be12b79cda3cac3,1.79,2.06,True,2023-06-05T21:17:00+00:00,2023-06-05T21:17:00+00:00
te:2367141,2023-06-06,2023,2023-06-06,piros,mpetshi-perricard,2023-06-06T14:15:00+00:00,2023-06-05T16:31:00+00:00,1.0,2023-06-08T22:00:00+00:00,2023-06-06,1.84,1.99,0.5195822454308094,0.07836906711550695,0.6527787202105544,0.5529068676621955,0.35,0.35,0.789610953699259,0.7405453264146158,1.7309618183247721e-09,163,173,False,False,False,32f2df8ce3fa711b87dcbfab6f2e4c7c592f0fc345a15cb1e629867337ce8013,4a6aa14e41426528a453322678ea4e25283901eaaeca32517a7d2a6e202ce5ae,1.67,2.25,True,2023-06-06T11:50:00+00:00,2023-06-06T11:50:00+00:00
te:2367513,2023-06-06,2023,2023-06-06,svajda,vukic,2023-06-06T13:45:00+00:00,2023-06-05T17:54:00+00:00,1.0,2023-06-08T22:00:00+00:00,2023-06-06,1.65,2.26,0.578005115089514,0.31458952537170504,0.6189934393175854,0.17068855379866055,0.0,0.0,0.646186008840538,0.7004049338378591,1.7072014912855593e-09,152,191,False,False,False,983f6d42357499870a991e98742420e67ec37f171ff84c44f17166784c6fd4ad,ef51bc3c405ebfb9101186271b6a69592844edeeb45f9efa1d847044d2ea509d,1.63,2.33,True,2023-06-06T11:52:00+00:00,2023-06-06T12:32:00+00:00
te:2367515,2023-06-06,2023,2023-06-06,yunchaokete,wendelken,2023-06-06T10:10:00+00:00,2023-06-05T17:43:00+00:00,1.0,2023-06-08T22:00:00+00:00,2023-06-06,1.85,1.96,0.5144356955380577,0.05775883415219216,0.5767024481219568,0.25149224742346254,0.0,0.0,0.6955995048762491,0.5936810622844801,8.327172562605512e-09,191,169,False,False,False,aa4ef94b8d345e23c9e7bf331a7770bb47a9df45afa293f8162b70a009ce3e4f,bd90f44b93300941e1ca10cef6d7772e6195ab6fa83b9372de73972c379fe4ec,1.67,2.25,True,2023-06-06T09:53:00+00:00,2023-06-06T09:53:00+00:00
te:2369197,2023-06-09,2023,2023-06-09,molleker,galan-e4b30,2023-06-09T10:05:00+00:00,2023-06-07T15:53:00+00:00,1.0,2023-06-11T22:00:00+00:00,2023-06-09,1.93,1.92,0.49870129870129865,-0.0051948168771042275,0.5995540588350918,0.40880218144889535,0.0,0.0,0.674727663224967,0.7681230320631324,7.34717842121313e-13,210,157,False,False,False,ceb1645c751ca12bfe7cf83ff0eecccf5578df74ecccec55f1e0253ef57ea6cf,0fbfb60ace9c2bbaa6db24b2aa12047f60c3bd4a6304fb429b71b18a248fcb78,1.94,1.93,True,2023-06-09T09:49:00+00:00,2023-06-09T09:49:00+00:00
te:2369755,2023-06-09,2023,2023-06-09,svrcina,klein-88a5e,2023-06-09T09:05:00+00:00,2023-06-08T13:29:00+00:00,1.0,2023-06-11T22:00:00+00:00,2023-06-09,1.95,1.9,0.49350649350649356,-0.025975486403260445,0.6297158276847779,0.5569733927244039,0.4666666666666667,0.4666666666666667,0.652587402667012,0.674444107883383,8.059997114173711e-12,118,164,False,False,False,d0fe9c3a217d2602d649f82bd7c9a392391f5a39dbb51b7e741ee553b710231b,779d9fb4910a91d059573ca41cb98b472ad200677cd74ff6b44839ea833c05d7,1.93,1.94,True,2023-06-09T08:53:00+00:00,2023-06-09T08:53:00+00:00
te:2369887,2023-06-09,2023,2023-06-09,machac,comesana-c17e0,2023-06-09T11:35:00+00:00,2023-06-08T17:41:00+00:00,0.0,2023-06-11T22:00:00+00:00,2023-06-09,1.97,1.88,0.4883116883116883,-0.04676176590803932,0.5924372858127145,0.4208119658999189,1.05,1.05,0.5706625131882833,0.5000000000000001,0.0018039869567183509,162,131,False,False,False,36b7703c81f9f6d7000af03d7b373dbabd551cba06577c14dd9aa201f511693c,cf417a1b5f42242d8705cfe2b9d4002642a6bf608a81d570dda6101a878c47e3,1.93,1.93,True,2023-06-09T07:57:00+00:00,2023-06-09T07:57:00+00:00
te:2369929,2023-06-09,2023,2023-06-09,gojowczyk,neff,2023-06-09T17:45:00+00:00,2023-06-08T20:09:00+00:00,1.0,2023-06-11T22:00:00+00:00,2023-06-09,2.04,1.82,0.4715025906735752,-0.11411330676742078,0.5732797580433278,0.40935851081864566,1.15,0.25,0.7220887309697297,0.6136545628333485,6.486775006031564e-11,105,4,False,False,False,6cbf7e52e57039fc34cdc1c557124a10a3d1a40d331d020bca0cf2f4bf08d522,01eb6c3bac11972ace806b26b954e33cb9649e95c80ac026174d02f05d96ceb0,1.86,2.01,True,2023-06-09T17:12:00+00:00,2023-06-09T17:12:00+00:00
te:2369947,2023-06-09,2023,2023-06-09,thompson-46e89,hijikata,2023-06-09T13:30:00+00:00,2023-06-08T20:10:00+00:00,0.0,2023-06-11T22:00:00+00:00,2023-06-09,1.93,1.92,0.49870129870129865,-0.0051948168771042275,0.554227524275917,0.22296143521580136,0.0,0.0,0.6175231877802116,0.5000000000000001,0.0014825033756710182,168,180,False,False,False,db2aa436a99b2be36f1c12738fca33f413a0b5906fd5d165101e551eb4ce3aa6,20b511da8e3daf50ebd5a680a77b82025f5ac63b97220abce6392ef6d9f3c4c9,1.78,2.12,True,2023-06-09T11:34:00+00:00,2023-06-09T12:16:00+00:00
te:2371451,2023-06-13,2023,2023-06-13,meligeni-rodrigues-alves,pucinelli-de-almeida,2023-06-13T11:45:00+00:00,2023-06-11T13:44:00+00:00,1.0,2023-06-15T22:00:00+00:00,2023-06-13,1.81,2.02,0.5274151436031332,0.10977066613537934,0.6399841274568288,0.46552458818618647,2.066666666666667,0.4666666666666667,0.7337172072670116,0.6981088367448643,3.540692461445616e-10,165,113,False,False,False,05ed6b0e24acb48a622ad283aab1fce17808e64ad0a77014a0c0ac43afd1d075,ad8a77ff6a45b5f6b7287f80fadf4a9b93f49c780391986b3742a6bf8b40b754,1.8,2.05,True,2023-06-13T04:17:00+00:00,2023-06-13T04:17:00+00:00
te:2371573,2023-06-13,2023,2023-06-13,marozsan,agamenone,2023-06-13T08:10:00+00:00,2023-06-11T13:55:00+00:00,1.0,2023-06-15T22:00:00+00:00,2023-06-13,2.03,1.8,0.4699738903394256,-0.12024912815157689,0.585658987882808,0.46629748086370254,0.6833333333333333,0.6833333333333333,0.5808156660146709,0.5000000000000001,0.016883152433296023,165,153,False,False,False,f130ebde37673ec7a013f307c5e316dd275281199e016e00a735cafadea8f5ca,4e00f0850aba762923a0b1804046fb7668b57ab3492c09e1d8124bef0bf19b72,1.97,1.87,True,2023-06-12T07:55:00+00:00,2023-06-13T07:46:00+00:00
te:2371587,2023-06-13,2023,2023-06-13,peniston,bellucci-47e7e,2023-06-13T17:50:00+00:00,2023-06-11T17:27:00+00:00,0.0,2023-06-15T22:00:00+00:00,2023-06-13,1.84,1.99,0.5195822454308094,0.07836906711550695,0.60760548865624,0.3588889967112674,0.6666666666666666,0.6666666666666666,0.6782295947807006,0.6140758243100095,3.145650406821687e-11,120,158,False,False,False,5eab11797dd3fb9f7a63a76f24f9b97e95c266ad28c980aa9a607c6981963d4c,07183dbb6ce52aacf8de8bd72754bc11f33515521ea20d69bd56d70cab58fdeb,1.81,2.0,True,2023-06-13T17:03:00+00:00,2023-06-13T17:37:00+00:00
te:2371603,2023-06-13,2023,2023-06-13,loffhagen,virtanen-7d161,2023-06-13T17:35:00+00:00,2023-06-11T17:27:00+00:00,1.0,2023-06-15T22:00:00+00:00,2023-06-13,1.81,2.02,0.5274151436031332,0.10977066613537934,0.5746078024524557,0.19090549809754964,0.3,0.3,0.6753567193050928,0.7928557118596596,1.1293743717999405e-13,155,170,False,False,False,9435c5851768abc01893aba38d33615e20863e4c7c19d9434d540e0b8660cabb,a30bc304b1172606a481784101d173f357a7db13234c91eb02fd63551f2cfe4a,1.71,2.17,True,2023-06-13T17:30:00+00:00,2023-06-13T17:30:00+00:00
te:2373793,2023-06-13,2023,2023-06-13,lopez-san-martin,trungelliti,2023-06-13T09:55:00+00:00,2023-06-12T22:19:00+00:00,1.0,2023-06-15T22:00:00+00:00,2023-06-13,1.94,1.88,0.4921465968586388,-0.03141619623337862,0.6079584509180413,0.47015491182892705,1.4666666666666666,0.7666666666666667,0.5000000000000001,0.5388890705210928,0.013846151309372251,252,142,False,False,False,151f10683bb3248e15567ab5df7f956342e0b60d3be49ebc85ba7325beb6e92b,fd3fd2c762506353f47d8cf5e10c6870ccf9f34527e571365455efb2b681410d,1.91,1.93,True,2023-06-13T09:06:00+00:00,2023-06-13T09:06:00+00:00
te:2374761,2023-06-13,2023,2023-06-13,cazaux,hsu-b2ce0,2023-06-13T14:40:00+00:00,2023-06-13T02:16:00+00:00,0.0,2023-06-15T22:00:00+00:00,2023-06-13,1.7,2.17,0.5607235142118864,0.24409891649019808,0.6133083862454076,0.21714145833568568,0.0,0.0,0.7327383675173654,0.6615180247408048,3.937047909907676e-11,145,145,False,False,False,cb479bd47431db98c041941dd38ebb645992e65edee1b501b52accc9706f31bc,b8aca274f0db228e89fc37ec77351e934101d5ae158d98062932dfc1cee9a2e6,1.68,2.23,True,2023-06-13T12:31:00+00:00,2023-06-13T12:31:00+00:00
te:2374997,2023-06-13,2023,2023-06-13,zhu-bb6ef,durasovic,2023-06-13T17:35:00+00:00,2023-06-13T02:00:00+00:00,1.0,2023-06-15T22:00:00+00:00,2023-06-13,1.7,2.17,0.5607235142118864,0.24409891649019808,0.6478695760058668,0.36558885832623167,0.2833333333333333,0.2833333333333333,0.7143427522678543,0.7367027905535002,1.1187126530698421e-07,145,177,False,False,False,125a25dbfbe433a4a8fb5cb48b73d9d06c7f5a527469df6c6a3729a03f603db7,b92e67bd8158e30c2dc2b715a290229a85c19e59ca79b9cde8026a3f4f078e15,1.65,2.3,True,2023-06-13T16:13:00+00:00,2023-06-13T16:13:00+00:00
te:2375649,2023-06-16,2023,2023-06-16,nishikori,krueger-d6035,2023-06-16T00:10:00+00:00,2023-06-14T07:36:00+00:00,1.0,2023-06-18T22:00:00+00:00,2023-06-16,1.94,1.88,0.4921465968586388,-0.03141619623337862,0.6008942982333751,0.4406089403029736,0.0,0.0,0.7184792774464506,0.6372129905725427,1.6299132099550917e-08,0,124,True,False,False,9e37c9f4bceafebac3cbabab0b9a49697d70fa04ec83495feecc6cc02edfa3c6,f641ed427507374dedfc2396adae4a35c020c92019ba8e19d69f274b31205db2,2.02,1.82,True,2023-06-15T19:03:00+00:00,2023-06-15T22:28:00+00:00
te:2376259,2023-06-16,2023,2023-06-16,borges-8d823,shimabukuro,2023-06-16T15:05:00+00:00,2023-06-14T22:19:00+00:00,0.0,2023-06-18T22:00:00+00:00,2023-06-16,1.7,2.22,0.5663265306122449,0.26687894482201774,0.6108952092874781,0.18419780054016377,0.45,0.45,0.7978103285715205,0.70660771025848,1.2712053631958042e-14,162,168,False,False,False,733587dbc5a960662a517057c995e77310afbd7d59b6e576c926d03e24797fce,af8ad66dc1b54dda8dbeff9ee9d29a87762a257cdb4f7fa293f822b80cfb4505,1.63,2.38,True,2023-06-16T12:58:00+00:00,2023-06-16T12:58:00+00:00
te:2376315,2023-06-16,2023,2023-06-16,barrios-vera,mensik,2023-06-16T10:35:00+00:00,2023-06-14T19:09:00+00:00,1.0,2023-06-18T22:00:00+00:00,2023-06-16,1.88,1.97,0.5116883116883117,0.04676176590803954,0.6155325619620501,0.42386698273379697,0.6166666666666667,0.6166666666666667,0.5509659658110962,0.5682144388375456,7.154653203222949e-09,106,154,False,False,False,5d49567417a83ce98f31172fbce35dbf7b2905dcf1ccb2ea4c01a817c1eb2008,256f486dc488b7cd363c84858c1f1f41975af948d03a4791db7104b142043f88,1.89,1.98,True,2023-06-16T07:33:00+00:00,2023-06-15T18:23:00+00:00
te:2376763,2023-06-16,2023,2023-06-16,muller-c81bc,munar-d1298,2023-06-16T16:10:00+00:00,2023-06-15T17:43:00+00:00,1.0,2023-06-18T22:00:00+00:00,2023-06-16,1.75,2.15,0.5512820512820513,0.20585205420414893,0.6234759943635706,0.29847640355516153,0.9166666666666666,0.05,0.6858558213809807,0.7515166798293096,1.250927600393581e-08,193,144,False,False,False,241810396e22cb2e39654f8883df3236902912beace9bbb264ef0c2db89a6a97,33d1d429dfcafb97c7e5f5c9727cb19cae181a429e68e3879691b34c5fba2c38,1.76,2.14,True,2023-06-16T12:54:00+00:00,2023-06-16T12:54:00+00:00
te:2376937,2023-06-16,2023,2023-06-16,murray,stricker,2023-06-16T17:20:00+00:00,2023-06-15T19:45:00+00:00,1.0,2023-06-18T22:00:00+00:00,2023-06-16,1.63,2.35,0.5904522613065327,0.3658353133373969,0.6119819363341725,0.08981555856614837,1.1166666666666667,1.1166666666666667,0.7754128370009358,0.6911297237948947,2.5195820152479342e-09,136,130,False,False,False,c1283d53fb564c8a54624550f71162787f51534d71eb2733ce42af359d6e05d5,ffffef28bb0ca978bd77f7edf061084fe1b98b8dfd03e187e87b1d3456927a82,,,False,,
te:2376995,2023-06-16,2023,2023-06-16,cachin,fatic-cddef,2023-06-16T13:35:00+00:00,2023-06-15T21:18:00+00:00,,,,1.85,2.01,0.5207253886010362,0.08294908298075078,0.5667488443481318,0.1856495713249779,0.55,0.55,0.7099106806677629,0.5971689583007569,4.096407019149595e-09,183,115,False,False,False,dda4c9f034e2381084ce0e786f0353cc94d607305127ddf0dcfd0eb9485fcd84,fb1096aea43c76e8d4c355f6c9349a3be23187452c72f027f3c7eb842758d901,1.98,1.89,True,2023-06-16T13:15:00+00:00,2023-06-16T13:15:00+00:00
te:2379025,2023-06-20,2023,2023-06-20,luz-2f442,rybakov,2023-06-20T16:10:00+00:00,2023-06-18T13:29:00+00:00,1.0,2023-06-22T22:00:00+00:00,2023-06-20,1.68,2.21,0.5681233933161953,0.2741987221144937,0.6196795759999805,0.21398969096560128,1.6666666666666667,1.6666666666666667,0.6001106341888193,0.6247997291977558,5.109590528462604e-11,107,103,False,False,False,231c477b37946322a1fe30e147b26f7f96584ffda473b0e4f6f48756e10049b8,0fbb5dc43fdb4e5e8ff956ca9af0bbee6ca9eb9de43a7893960b30c670b8e7cb,1.67,2.25,True,2023-06-19T07:30:00+00:00,2023-06-19T07:30:00+00:00
te:2383106,2023-06-23,2023,2023-06-23,jacquet-d2059,blanchet,2023-06-23T09:30:00+00:00,2023-06-21T16:20:00+00:00,0.0,2023-06-25T22:00:00+00:00,2023-06-23,1.83,2.03,0.5259067357512953,0.10371982620036632,0.6178136060627125,0.37655854560595015,0.5833333333333334,0.016666666666666666,0.571480030367303,0.5696947931130908,2.176160585065645e-09,133,157,False,False,False,e4dd00f64e3eb3f3811bacb62608c8e8e7a41cdf21cccf135315589f0355a61c,55694957e85c94d52019d52d6eb5e882fbe2d0cb4c9219457a6d3f1a98766235,1.79,2.1,True,2023-06-23T08:52:00+00:00,2023-06-23T08:52:00+00:00
te:2383146,2023-06-23,2023,2023-06-23,sanchez-izquierdo-99add,de-schepper,2023-06-23T10:10:00+00:00,2023-06-21T16:20:00+00:00,1.0,2023-06-25T22:00:00+00:00,2023-06-23,1.89,1.96,0.5090909090909091,0.03636764417087508,0.5953886889359998,0.3499199263031338,0.8,0.16666666666666666,0.7488998034484361,0.6558870711934189,3.539952497799703e-10,178,165,False,False,False,b61846fea0011778bbaf00ad1263e22c91ff71534e4e6139bc2f727045329481,12e662fcb12b52f925ba951bf82a5cb7cfcbfd0fce4b929f1efd4c65b709d6fd,1.99,1.88,True,2023-06-23T08:53:00+00:00,2023-06-22T11:51:00+00:00
te:2383282,2023-06-23,2023,2023-06-23,hassan-1d510,mayot,2023-06-23T08:10:00+00:00,2023-06-21T23:44:00+00:00,1.0,2023-06-25T22:00:00+00:00,2023-06-23,1.9,1.95,0.5064935064935064,0.025975486403260445,0.605893394302328,0.4041071216615506,0.0,0.0,0.6166619889353737,0.6845744613964152,1.4848955398605312e-11,175,149,False,False,False,09e928b6fdc2fb1de8892b0fd7c1ce2ec17209bd9d7aea0f35139f07a5774a5d,650f104ae6f057d2351e3327219c8db1243145644edf61521e1308097ccc0a0f,1.93,1.94,True,2023-06-23T07:57:00+00:00,2023-06-23T07:57:00+00:00
te:2383668,2023-06-23,2023,2023-06-23,ofner-44428,piros,2023-06-23T11:25:00+00:00,2023-06-22T16:09:00+00:00,0.0,2023-06-25T22:00:00+00:00,2023-06-23,1.67,2.29,0.5782828282828284,0.315728191137485,0.6289981105212469,0.21219290608854896,0.8666666666666667,0.3,0.7811994318644507,0.710923825775377,4.5737583886928945e-08,214,170,False,False,False,a20ed52e45e33cf470f448a390f8981798ab7c7830a8bad114ca50912ceab056,947bb6ea143d37755ce07cb47a62e75d23227472e986dadde4ef8c6285aeeb54,1.74,2.18,True,2023-06-23T11:10:00+00:00,2023-06-23T11:10:00+00:00
te:2383670,2023-06-23,2023,2023-06-23,muller-c81bc,travaglia,2023-06-23T14:10:00+00:00,2023-06-22T18:07:00+00:00,1.0,2023-06-25T22:00:00+00:00,2023-06-23,1.79,2.08,0.537467700258398,0.1501522738605631,0.6372296956697568,0.4132080429221413,1.3,0.6,0.7365938870635811,0.6949097535204056,1.1775829755755751e-09,191,190,False,False,False,caa6ccddc66dd9337695d3142a82ec4b4bdabdf97c18eedbe4e48e1486780697,4ffbec6f0c07518e4bb6d43941216bf410ac0f51a292f5c3fa762f7cc90d5975,1.78,2.12,True,2023-06-23T10:44:00+00:00,2023-06-23T10:44:00+00:00
te:2383940,2023-06-23,2023,2023-06-23,maestrelli,zeppieri,2023-06-23T16:40:00+00:00,2023-06-22T21:08:00+00:00,1.0,2023-06-25T22:00:00+00:00,2023-06-23,1.88,1.98,0.5129533678756476,0.051825067864585767,0.5991341261999893,0.3500335299924707,1.0166666666666666,1.0166666666666666,0.5562560571319893,0.6218495119183022,1.159452320265153e-08,160,161,False,False,False,5fb18201f6a122d01452fe2b15de9168ea36e3f4e64ea8bbf234e39979787662,06a5e5167af0d447ece51cf05abcb9b51bcf5a94907be762fe4611be96c54399,1.79,2.11,True,2023-06-23T13:05:00+00:00,2023-06-23T13:05:00+00:00
te:2383990,2023-06-23,2023,2023-06-23,del-bonis,rodriguez-taverna,2023-06-23T21:40:00+00:00,2023-06-22T22:12:00+00:00,1.0,2023-06-25T22:00:00+00:00,2023-06-23,1.78,2.11,0.5424164524421594,0.17007458318398147,0.6230321307395793,0.3323635521043933,0.7166666666666667,0.15,0.6767116466739702,0.6379712979643248,3.4790754721569783e-09,118,163,False,False,False,f34cd4bc3d327883cec32deb1dc71167a4d4ddb14274c28653bb2d409bcd501a,42b299d326edf02248dea0754bc0206db3f2552ad05c3722c2c6d44a96704c3c,1.79,2.1,True,2023-06-23T20:37:00+00:00,2023-06-23T20:37:00+00:00
te:2383992,2023-06-23,2023,2023-06-23,andreozzi,sakamoto-b1d5b,2023-06-23T19:40:00+00:00,2023-06-22T22:14:00+00:00,0.0,2023-06-25T22:00:00+00:00,2023-06-23,2.03,1.83,0.47409326424870474,-0.1037198262003661,0.5655379291355825,0.3673885442227727,0.6833333333333333,0.016666666666666666,0.6056549436858222,0.5000000000060351,0.00700542673772106,115,74,False,False,False,e2ac750500dddfd3e712e6a9d8511767fba6db2d787a9bc6fd113a7c77c6fe53,12d83ec1aafe6626cb560ebeb176fecb9fbfd2675f4f73395c0b5992dd8724ab,2.07,1.81,True,2023-06-23T19:02:00+00:00,2023-06-23T18:57:00+00:00
te:2384956,2023-06-27,2023,2023-06-27,droguet,dellien-e101c,2023-06-27T12:20:00+00:00,2023-06-25T05:44:00+00:00,0.0,2023-06-29T22:00:00+00:00,2023-06-27,1.94,1.88,0.4921465968586388,-0.03141619623337862,0.5871248924924005,0.3835086133732973,1.6833333333333333,0.35,0.629254725932817,0.5464615149933655,9.248497080671658e-08,168,177,False,False,False,ad6a04249c06c62e07bdc356fb3cf65ca40a1589e034bf7d586ead7652d3c315,2afab69476a21dc39a59ee27a107e4a37ff73d145e74f485755772c958ac9117,1.97,1.87,True,2023-06-27T12:09:00+00:00,2023-06-27T12:09:00+00:00
te:2384962,2023-06-27,2023,2023-06-27,nava-337db,ejupovic,2023-06-27T17:00:00+00:00,2023-06-25T05:48:00+00:00,1.0,2023-06-29T22:00:00+00:00,2023-06-27,1.66,2.24,0.5743589743589743,0.29965826349849645,0.6535377901949462,0.33496834520655827,1.3833333333333333,0.38333333333333336,0.8079568474214334,0.7501247350635433,6.339796926324581e-08,154,200,False,False,False,37480e890b4b651836dc12bb56b6e6b650919277432268a543e1b7fe15865a53,d35dccec8241a462b7df94bc9405a1e0f4e800e5a1743f15b2e8de74eac0fde6,1.85,1.99,True,2023-06-27T15:05:00+00:00,2023-06-27T15:05:00+00:00
te:2385714,2023-06-27,2023,2023-06-27,heide-17a3d,del-bonis,2023-06-27T20:15:00+00:00,2023-06-26T01:20:00+00:00,1.0,2023-06-29T22:00:00+00:00,2023-06-27,1.89,1.93,0.5052356020942408,0.020943173845242972,0.6169213823073574,0.4555581864236411,2.0166666666666666,0.4166666666666667,0.6724871412478665,0.7425377889128344,1.1039225089604088e-12,109,124,False,False,False,f94f6f7bca44bd495c86d9da0b7409ba92af030c86262c84981c1822bce21c7b,37fb97880754a807f5f4d53ed4f135cec1f9990a2bfe9af9d269ffa03dee8528,1.94,1.89,True,2023-06-27T19:10:00+00:00,2023-06-27T19:10:00+00:00
te:2385718,2023-06-27,2023,2023-06-27,melzer-a5987,statham-f53e5,2023-06-27T15:10:00+00:00,2023-06-26T01:19:00+00:00,1.0,2023-06-29T22:00:00+00:00,2023-06-27,2.07,1.78,0.4623376623376624,-0.15093524297328376,0.5781915372808846,0.4662891049414658,1.4333333333333333,1.4333333333333333,0.780388711668139,0.6674958351370238,8.548384222706318e-12,104,129,False,False,False,7442d300b7e3b986ae0b81f11a049b829fc0a60dfe8764ec1a81feb453834261,a4ecbe96f01caf44a428e0c704431d3f64c63473dfafeb609523ed3b0732a8e2,2.05,1.81,True,2023-06-27T14:45:00+00:00,2023-06-27T14:06:00+00:00
te:2390366,2023-06-30,2023,2023-06-30,kypson,ribeiro-a7963,2023-06-30T18:10:00+00:00,2023-06-29T21:27:00+00:00,1.0,2023-07-02T22:00:00+00:00,2023-06-30,1.86,1.99,0.5168831168831169,0.0675581510112914,0.5923605163197444,0.3061741134367889,0.0,0.0,0.6732143340613492,0.5908852250665734,1.286961720525781e-08,143,155,False,False,False,a4d42e7c80bbcdc66e02538fede8e126dc9f5a5cf3f7d644b7ba01a987d47883,dade5709200fc01d47d87e86469542335aa55d9d9d2936e7743590ea9ad5a587,1.89,1.98,True,2023-06-30T16:36:00+00:00,2023-06-30T16:36:00+00:00
te:2390376,2023-06-30,2023,2023-06-30,lock-92b29,soriano-barrera,2023-06-30T20:10:00+00:00,2023-06-30T00:39:00+00:00,0.0,2023-07-02T22:00:00+00:00,2023-06-30,1.78,2.11,0.5424164524421594,0.17007458318398147,0.6072238050333972,0.2655828755310795,0.26666666666666666,0.26666666666666666,0.54093720229232,0.5000000000000001,0.01818602642256248,167,119,False,False,False,cb1ddc8add855e8d656fdad93e581fd8ac0dffbac56718ce5d9039a84c8fbd4b,1ebe767b82139b6e34903bad85e222dfddcd5ea6a0b860dee6f7d02548fa3b58,1.74,2.18,True,2023-06-30T19:21:00+00:00,2023-06-30T19:58:00+00:00
te:2390400,2023-06-30,2023,2023-06-30,droguet,fatic-cddef,2023-06-30T17:10:00+00:00,2023-06-30T05:34:00+00:00,1.0,2023-07-02T22:00:00+00:00,2023-06-30,1.76,2.12,0.5463917525773196,0.1861022796338609,0.610278609635169,0.26238121021752875,1.75,1.05,0.531572457375494,0.5000000000000001,0.00469877171543337,177,124,False,False,False,c98f651bce49fb89c12c3ecc85c7f7878141cb586cd855468b0a7e32c506cbee,c11b6aff9c0b309580921e5fa6ec8fcb7e1c417ff2ca09f62629d7a4b6f63215,1.8,2.09,True,2023-06-30T16:02:00+00:00,2023-06-30T16:02:00+00:00
te:2391436,2023-07-04,2023,2023-07-04,cuevas-fe9b3,travaglia,2023-07-04T10:00:00+00:00,2023-07-02T07:43:00+00:00,1.0,2023-07-06T22:00:00+00:00,2023-07-04,2.05,1.79,0.46614583333333337,-0.13562417329765303,0.6259590696986144,0.6505439276570997,1.9166666666666667,0.05,0.6953259034992184,0.7618399778600816,9.076587259571056e-10,11,203,False,False,False,13d1a15ea7040641cc6c1c33b46144a9cc90cb22d1bce87cb78f6d45b3f43b35,1f80fa3d49afe0e3f115247ae54b257277d6346f6b19eec3c294e13b3325b1d2,2.02,1.83,True,2023-07-03T01:43:00+00:00,2023-07-03T01:43:00+00:00
te:2392074,2023-07-04,2023,2023-07-04,galarneau-32e1f,spizzirri,2023-07-04T21:40:00+00:00,2023-07-02T19:20:00+00:00,1.0,2023-07-06T22:00:00+00:00,2023-07-04,1.91,1.91,0.5,0.0,0.6110265677657006,0.4516293969699934,0.0,0.0,0.7117496919840829,0.6435916974802411,3.99611110868392e-09,138,0,False,True,False,adbd6aa0cfa2a503b806b67ab3720fcd86ab3faac7455353e44cac990820802c,946920519f481ae184acd41a6ce2b44ff549f8d1e8dddd0d5ad9752ff3c0b840,1.89,1.94,True,2023-07-04T16:36:00+00:00,2023-07-04T16:36:00+00:00
te:2392090,2023-07-04,2023,2023-07-04,gomez-eb573,zheng-c91db,2023-07-04T16:30:00+00:00,2023-07-02T19:20:00+00:00,0.0,2023-07-06T22:00:00+00:00,2023-07-04,1.82,2.01,0.5248041775456919,0.09929822098228022,0.6308341836610298,0.436498913726021,0.6,0.6,0.674155851043079,0.6559320443082024,2.020956624271264e-07,161,35,False,False,False,8fcc83ae4a1f4d3675f85bf082d7d404773c34fb878a9aff007bdee599c457db,d0fa008149c4c76afafe6c0fc045eb313fb06c8933ce59f7f62954ed06bf733d,1.81,2.04,True,2023-07-03T13:21:00+00:00,2023-07-03T13:21:00+00:00
te:2394992,2023-07-07,2023,2023-07-07,diaz-acosta,onclin-89017,2023-07-07T10:10:00+00:00,2023-07-05T17:57:00+00:00,0.0,2023-07-09T22:00:00+00:00,2023-07-07,1.97,1.88,0.4883116883116883,-0.04676176590803932,0.5925882134783612,0.4214370768897158,0.26666666666666666,0.26666666666666666,0.6027037516697369,0.529834487717731,8.959313721468298e-09,161,195,False,False,False,5f1cbde7c00aa2ceb6fdd169be046dadacc08f313723f7f6cd2867bf4c1a49fc,f13baa6bba8f8dfa7839dd7e3a36c45388dfbc372e45303dd7b476d805b5ad18,2.01,1.87,True,2023-07-07T07:51:00+00:00,2023-07-07T07:51:00+00:00
te:2395062,2023-07-07,2023,2023-07-07,cobolli-d6311,tirante,2023-07-07T15:20:00+00:00,2023-07-05T17:55:00+00:00,1.0,2023-07-09T22:00:00+00:00,2023-07-07,1.84,2.02,0.5233160621761658,0.09333193979221903,0.6181501148695657,0.38837183197812564,0.0,0.0,0.6187844515450315,0.5919094991170339,8.246456850713457e-10,171,171,False,False,False,dae8dc87bafaadae905fcaf7ee31b9870fa18979be588f04d849a36abbd0a79c,7cc9fe548128a99c57e6ead0e6011431898c172a6f1051ce7172c38145a6c931,1.88,1.99,True,2023-07-07T02:21:00+00:00,2023-07-07T02:21:00+00:00
te:2395108,2023-07-07,2023,2023-07-07,skatov,habib,2023-07-07T10:10:00+00:00,2023-07-06T07:09:00+00:00,0.0,2023-07-09T22:00:00+00:00,2023-07-07,1.95,1.9,0.49350649350649356,-0.025975486403260445,0.6033926350630358,0.4455968212222996,1.7333333333333334,0.8333333333333334,0.7510876528867659,0.6650237146463563,2.2186780190835975e-11,157,161,False,False,False,069540831c48dcc6eb80be3ae7e1c7c3d8833d5f7902b0dfec53c23f8a735e64,3921af9505095cf0036bdf899f96085411084e88dbf99fd9b7aa187897d24eeb,1.89,1.98,True,2023-07-07T09:25:00+00:00,2023-07-07T09:38:00+00:00
te:2395168,2023-07-07,2023,2023-07-07,guinard,durasovic,2023-07-07T09:10:00+00:00,2023-07-05T19:55:00+00:00,0.0,2023-07-09T22:00:00+00:00,2023-07-07,1.97,1.88,0.4883116883116883,-0.04676176590803932,0.6128755332180389,0.5061773749935334,0.36666666666666664,0.36666666666666664,0.7553132380316459,0.6773654450763973,2.250977182427505e-13,137,171,False,False,False,f07b700740be14e23a095261baf63424cb461fb7970e7e5537e2d1f30b256055,6ac22ce2c7d3c640197347b4f41679c5f4ce64634c10e16a8457e5c99257470d,2.02,1.85,True,2023-07-07T08:56:00+00:00,2023-07-07T08:56:00+00:00
te:2395192,2023-07-07,2023,2023-07-07,vallejo-d7859,monzon-8e6ef,2023-07-07T13:10:00+00:00,2023-07-06T07:10:00+00:00,0.0,2023-07-09T22:00:00+00:00,2023-07-07,2.06,1.81,0.4677002583979328,-0.1293791375237555,0.5854158058186749,0.47442543522914415,1.9333333333333333,1.2333333333333334,0.5811575939738942,0.5000000000000001,0.01510749227186231,138,189,False,False,False,ab09740eb872735ef71ca301734e5d5b5794f45ef2b95864f12436b437922cdb,77b7f01026d0b4c08999c59134a93f71f9717740888e471970e6ec5ca1b8dbf4,2.01,1.87,True,2023-07-07T12:51:00+00:00,2023-07-07T05:53:00+00:00
te:2395236,2023-07-07,2023,2023-07-07,tabilo,riedi-a3a3d,2023-07-07T11:45:00+00:00,2023-07-06T07:08:00+00:00,1.0,2023-07-09T22:00:00+00:00,2023-07-07,1.82,2.04,0.5284974093264249,0.114113306767421,0.6360720834016046,0.4442427721292667,0.7666666666666667,0.13333333333333333,0.7627234677861877,0.7072478284783121,1.0021539154081438e-11,122,120,False,False,False,ced532eebbefc91408e59dbdafd0a600adf142e7c34fa6cdf7b7916e08b5452c,4cb4a33fccb1b443e4ac95eb044a5130ebfc9cc625d5714a903635489c0e17ce,1.86,2.01,True,2023-07-07T10:39:00+00:00,2023-07-07T10:39:00+00:00
te:2395562,2023-07-07,2023,2023-07-07,gigante-f720d,nardi-e2cda,2023-07-07T12:25:00+00:00,2023-07-06T16:00:00+00:00,1.0,2023-07-09T22:00:00+00:00,2023-07-07,1.93,1.93,0.5,0.0,0.6376479030823513,0.5651698724251076,0.0,0.0,0.6849153870661392,0.6849153870667666,5.514339268541946e-08,132,136,False,False,False,b5346b81c7d4d9d4113ab370b7d520cc5c6d42ba9144335fb24a65c639d8fe02,780b28d584d8fc583c31f71344e2ebb66fc1739867d405818366fdc2c7d36671,1.88,1.98,True,2023-07-07T10:20:00+00:00,2023-07-07T10:20:00+00:00
te:2395698,2023-07-07,2023,2023-07-07,sandgren-fb235,mukund,2023-07-07T18:10:00+00:00,2023-07-06T20:04:00+00:00,1.0,2023-07-09T22:00:00+00:00,2023-07-07,1.75,2.14,0.5501285347043702,0.20119004109833744,0.5904307269582936,0.16455622121635854,0.38333333333333336,0.38333333333333336,0.714453063898683,0.6231923724989901,2.4499569040159486e-12,125,176,False,False,False,370d06c117d85beb9bef4a23b504ff3df02d86ceb1b6013976305908bae9df38,71d2ea2c26eb04cf52550b9e6c522c02c667cec63296b0282ced9eff44948e40,1.88,1.99,True,2023-07-07T17:31:00+00:00,2023-07-07T17:31:00+00:00
te:2396552,2023-07-11,2023,2023-07-11,klein-88a5e,novak-77d05,2023-07-11T14:35:00+00:00,2023-07-09T18:08:00+00:00,1.0,2023-07-13T22:00:00+00:00,2023-07-11,1.76,2.08,0.5416666666666667,0.16705408466316649,0.6389701709869178,0.40384310408873136,0.0,0.0,0.6896261378483934,0.6896261378475957,2.1435930142033044e-08,170,139,False,False,False,e3ac76031e0bb138bfc509610a3c17c8cbc1ef046eb26263fd051834a3294e33,eb526e209776a424e6fa97caa2200209b1e6fa629e83dedb8546c3e9fec3c57d,1.73,2.15,True,2023-07-11T00:50:00+00:00,2023-07-11T00:50:00+00:00
te:2396568,2023-07-11,2023,2023-07-11,martinez-c0caf,travaglia,2023-07-11T09:15:00+00:00,2023-07-09T18:07:00+00:00,0.0,2023-07-13T22:00:00+00:00,2023-07-11,1.82,2.01,0.5248041775456919,0.09929822098228022,0.6319728233169245,0.4413913860347408,1.4,0.5,0.7159985180665889,0.6760242069340278,6.200640995102091e-08,153,200,False,False,False,5517ebf76e5116b39e06774f0e47885924430cd85d18c863c62c09efe266a987,83664af548673ebe5f4671777ef95d08e5fe2fd68aec5274736a08067b3bd7d3,1.8,2.06,True,2023-07-11T08:57:00+00:00,2023-07-11T02:27:00+00:00
te:2396598,2023-07-11,2023,2023-07-11,paire-4a33b,maestrelli,2023-07-11T19:40:00+00:00,2023-07-09T18:13:00+00:00,1.0,2023-07-13T22:00:00+00:00,2023-07-11,1.91,1.91,0.5,0.0,0.6176858976508953,0.4797375438268899,1.25,0.4166666666666667,0.5739529321661674,0.5679239882741928,2.5480202892058657e-08,164,154,False,False,False,e1fcd918926b4b6a16ace56d83fa660cc26f4eaa118c30723f85c5e54fdd4e08,502fcf01f8a5f40656d7d86beae5b797894a3ed10da8b45e1336b7eeea3a709d,1.78,2.08,True,2023-07-11T18:08:00+00:00,2023-07-11T18:08:00+00:00
te:2398530,2023-07-11,2023,2023-07-11,misolic,kopp-0e635,2023-07-11T12:35:00+00:00,2023-07-10T20:38:00+00:00,0.0,2023-07-13T22:00:00+00:00,2023-07-11,2.06,1.78,0.46354166666666663,-0.14609261849749608,0.594465773078813,0.5285504836492086,0.0,0.0,0.7907322907645647,0.6883422942070219,1.8981769489556655e-09,143,191,False,False,False,1baa13bec8b42bbd46b41b37e865452af88b89ca92794ed2b4b0b946cb6b832e,2a1771d108aee7974e08af838ec7217f1483131a7cc4c0fccdc3fd1b5d825277,1.85,1.99,True,2023-07-11T08:05:00+00:00,2023-07-11T08:05:00+00:00
te:2400847,2023-07-14,2023,2023-07-14,rola,misolic,2023-07-14T10:40:00+00:00,2023-07-13T14:28:00+00:00,0.0,2023-07-16T22:00:00+00:00,2023-07-14,1.94,1.91,0.49610389610389616,-0.015584731016698041,0.5863746295234101,0.3645829539331525,0.7,0.7,0.5166226434456416,0.5975287677821693,8.882729274350964e-11,60,141,False,False,False,afaddddf0f2243cf577e017703afdfcad0a18ce1c9587a09e04ea32a0c319af7,ce483fe352e783b983ab152f9e7d19530c5f08a0345621c7fbfe2ee9409195aa,1.88,2.0,True,2023-07-14T02:46:00+00:00,2023-07-14T10:18:00+00:00
te:2400881,2023-07-14,2023,2023-07-14,neumayer,monteiro-f1500,2023-07-14T15:45:00+00:00,2023-07-13T16:49:00+00:00,0.0,2023-07-16T22:00:00+00:00,2023-07-14,1.84,2.02,0.5233160621761658,0.09333193979221903,0.5910200103689902,0.2748517057946885,0.38333333333333336,0.38333333333333336,0.6568822709195057,0.7549643885929579,2.967572299006349e-10,177,147,False,False,False,dec7e4c0591f048e14ef45da5764545e136d43b334eb94d94c0f97197b4cd49f,074a219396378d1a75f2e5b2d89078f79ca4a3d052fb9d38cd37db54e9744265,1.74,2.19,True,2023-07-14T14:00:00+00:00,2023-07-14T15:29:00+00:00
te:2400965,2023-07-14,2023,2023-07-14,ofner-44428,fatic-cddef,2023-07-14T12:45:00+00:00,2023-07-13T18:39:00+00:00,1.0,2023-07-16T22:00:00+00:00,2023-07-14,2.02,1.84,0.4766839378238342,-0.09333193979221903,0.5771074991260318,0.40424248422608006,0.9333333333333333,0.23333333333333334,0.7357359729787051,0.6287838605348028,5.832279104112104e-13,212,138,False,False,False,253eedb4e2454883f62500f4aac0497adfc9d0ffcdfa917601e85c0e4d74cc4c,149547505b330a873921738bbf79109297b883c0ac1ea4bc5a5e461c2754c0e4,2.03,1.85,True,2023-07-14T10:35:00+00:00,2023-07-14T09:20:00+00:00
te:2401071,2023-07-14,2023,2023-07-14,paire-4a33b,darderi,2023-07-14T17:30:00+00:00,2023-07-13T22:59:00+00:00,1.0,2023-07-16T22:00:00+00:00,2023-07-14,1.8,2.07,0.5348837209302325,0.1397619423751585,0.6111870192192214,0.3125425982523762,1.5666666666666667,0.4666666666666667,0.5000000000000001,0.5282011531753705,0.016934356808616158,165,138,False,False,False,3a87d0cb93121dcd2f613ee91f7b076168f43b98a870c1be10c8623278abe91f,648d6fd3e1be203da1df62b07493d9e140cbf3f605158088f1de8cc6b653ac90,1.81,2.08,True,2023-07-14T17:03:00+00:00,2023-07-14T17:03:00+00:00
te:2402129,2023-07-18,2023,2023-07-18,passaro-5f6f1,darderi,2023-07-18T15:55:00+00:00,2023-07-16T18:48:00+00:00,0.0,2023-07-20T22:00:00+00:00,2023-07-18,1.88,1.94,0.5078534031413613,0.031416196233379066,0.6130547738010035,0.4287549407398112,1.3166666666666667,0.15,0.5000000000017648,0.5195336478599246,0.020416547102645538,152,135,False,False,False,83df28274ccda4114895582c8663315b5f2f436ad9cd5723682de1207fd0f94c,7535dc1afe0768a2b2c527ef984ec58e57c0e7ba616c4024db4b2de95270d71f,1.81,2.04,True,2023-07-18T15:25:00+00:00,2023-07-18T15:25:00+00:00
te:2404551,2023-07-18,2023,2023-07-18,burruchaga,chepelev-1d3cb,2023-07-18T11:30:00+00:00,2023-07-17T19:27:00+00:00,1.0,2023-07-20T22:00:00+00:00,2023-07-18,2.04,1.79,0.46736292428198434,-0.13073418800346137,0.5948732974534855,0.5148827614423006,0.85,0.85,0.5666569336560445,0.5000000000000001,0.012445375903702621,158,257,False,False,False,b32872a450491cc8dff2f64f2c635f93bf3af1b8b8f469e152573901eb3c9fb9,997278725b218417887fcaba8b00a24fe076b113d972bd903d60786874001833,1.97,1.87,True,2023-07-18T11:15:00+00:00,2023-07-18T11:15:00+00:00
te:2404555,2023-07-18,2023,2023-07-18,serafini-1e863,sanchez-jover,2023-07-18T15:25:00+00:00,2023-07-17T19:27:00+00:00,1.0,2023-07-20T22:00:00+00:00,2023-07-18,1.95,1.87,0.4895287958115184,-0.041890941709159774,0.6050069616525996,0.46826276622875007,1.3333333333333333,0.13333333333333333,0.5229519438986117,0.5716937075462091,1.343649913554401e-10,169,177,False,False,False,b2b35dffe1877e1a35d6dc7d06344755e7558ce8bce1c8bcd4d6c8f58aa7a041,12f595967583c3677372dd87d14b73176afbaf11fbf48b53236860d5358c5edb,1.93,1.9,True,2023-07-18T14:54:00+00:00,2023-07-18T14:54:00+00:00
te:2405505,2023-07-18,2023,2023-07-18,erel,peliwo,2023-07-18T20:40:00+00:00,2023-07-18T05:39:00+00:00,0.0,2023-07-20T22:00:00+00:00,2023-07-18,1.85,1.97,0.5157068062827225,0.06284790365966353,0.6062960054290455,0.36892107682794023,0.5166666666666667,0.5166666666666667,0.5433879263359636,0.5000000000000001,0.0013515857323685432,164,204,False,False,False,7aee89ae23c95fda16e14b2c9c8f13cd8e4f447185efad8761514fd95e572057,6fb34d61ea22ecad74ec08649f9e7bfd152c72d4d32f9a47cb020061acb2a7be,1.81,2.05,True,2023-07-18T17:32:00+00:00,2023-07-18T19:21:00+00:00
te:2406631,2023-07-21,2023,2023-07-21,squire,michalski-8906f,2023-07-21T11:40:00+00:00,2023-07-19T22:19:00+00:00,1.0,2023-07-23T22:00:00+00:00,2023-07-21,1.87,1.98,0.5142857142857141,0.057158413839947964,0.6098970974018145,0.3897212791767504,0.36666666666666664,0.36666666666666664,0.5000000000000001,0.5328862873787034,0.018692006596340974,194,151,False,False,False,725185ccc303be5a6725ff9607501e1af5f5d8ab67d0c8712017eba2c374a0d1,1282b35b32f6cf96ba4abcf995e42d5ac094cfe90413574f53274d0edf4b287d,1.83,2.06,True,2023-07-21T02:35:00+00:00,2023-07-21T08:19:00+00:00
te:2407089,2023-07-21,2023,2023-07-21,gaston-e1fa4,jacquet-d2059,2023-07-21T12:15:00+00:00,2023-07-20T20:39:00+00:00,1.0,2023-07-23T22:00:00+00:00,2023-07-21,2.01,1.85,0.4792746113989638,-0.08294908298075057,0.5920436071166545,0.45536908731777803,2.05,0.9166666666666666,0.6621059339081147,0.5811101643099259,1.0516900803003715e-07,150,135,False,False,False,1f02f82edc1f65116f3f68f9de95fa5c2e129435f5ae509ccba970e01ad97c13,ce7c96a14b568dc756fa263650e333ad35b70f0969f51217872172aa2aecb3e0,1.98,1.89,True,2023-07-21T08:32:00+00:00,2023-07-21T08:32:00+00:00
te:2407109,2023-07-21,2023,2023-07-21,nagal,dougaz,2023-07-21T11:45:00+00:00,2023-07-20T20:38:00+00:00,0.0,2023-07-23T22:00:00+00:00,2023-07-21,2.03,1.83,0.47409326424870474,-0.1037198262003661,0.5676089139221356,0.37582200538589283,0.0,0.0,0.6033515715002885,0.5000000000000001,0.01619608411445518,157,200,False,False,False,5f22e614a9ffbcc9374290e3e9f621ba843695302714104c75e7fffe431890c4,ce7e114b884c668d2ab1552a6f5ddcfe859e09b48346f447d6cc6cef53c285c3,1.89,1.98,True,2023-07-21T11:25:00+00:00,2023-07-21T11:25:00+00:00
te:2407149,2023-07-21,2023,2023-07-21,droguet,deckers,2023-07-21T13:40:00+00:00,2023-07-20T20:17:00+00:00,1.0,2023-07-23T22:00:00+00:00,2023-07-21,1.88,1.97,0.5116883116883117,0.04676176590803954,0.5918833079379725,0.32499459110955514,0.0,0.0,0.805282106480468,0.6979770065336539,1.2102818747194988e-12,187,87,False,False,False,c2f12ebb427f6c35017403800cdd09be55e88fecc0978e6987e00656da4fb366,9e172590c5ce5839c4d3748d7ebdb5e50ed1a11152eee60d367c0273e6ddc09b,1.78,2.12,True,2023-07-21T13:25:00+00:00,2023-07-21T13:25:00+00:00
te:2407165,2023-07-21,2023,2023-07-21,ficovich,cukierman,2023-07-21T19:30:00+00:00,2023-07-20T21:16:00+00:00,1.0,2023-07-23T22:00:00+00:00,2023-07-21,1.82,2.05,0.5297157622739017,0.11900329206161245,0.6225187923968537,0.38124973814467045,0.8333333333333334,0.3,0.6419853464039553,0.6177960696547657,3.7606410319135364e-08,106,168,False,False,False,a847d6dbab8fe9f733334cd6f4404f6165fed2f2096ff8b896f4254702e9624e,1ebfb9485ca0b23b608ad6a36f3fecdd33adb87af0389979caa5ee9516ad8d76,1.81,2.07,True,2023-07-21T15:20:00+00:00,2023-07-21T15:20:00+00:00
te:2408413,2023-07-25,2023,2023-07-25,mayot,silva-cb43c,2023-07-25T09:40:00+00:00,2023-07-23T11:25:00+00:00,1.0,2023-07-27T22:00:00+00:00,2023-07-25,1.84,1.98,0.518324607329843,0.0733312730855498,0.613440997407906,0.3884682976081028,0.0,0.0,0.6008017158537026,0.5665197163765507,1.0973294495286723e-10,141,150,False,False,False,9f55e0a7a2d8de439bfa3b17856a0894e5cbb8d6477f70dbff54d1c5d3148082,e0d110b9dd33c93f587c855b2be0ff74c8fe1ab92743f13570270b0930ffc510,1.74,2.13,True,2023-07-25T02:06:00+00:00,2023-07-25T07:23:00+00:00
te:2408437,2023-07-25,2023,2023-07-25,passaro-5f6f1,pellegrino-fd654,2023-07-25T18:05:00+00:00,2023-07-23T16:41:00+00:00,1.0,2023-07-27T22:00:00+00:00,2023-07-25,1.94,1.88,0.4921465968586388,-0.03141619623337862,0.6079499176053175,0.47011910960646236,1.1666666666666667,0.43333333333333335,0.6769651358666654,0.6135870354030272,3.5940916909282805e-11,154,129,False,False,False,e07e834e0719c7513aae92981cd39a98efac61a37f9b00ff86ce4d55686fed11,a6043c7637755d6ecfc10840a16688051fee274796f01ace1e6479fc6a11101e,1.93,1.91,True,2023-07-25T17:49:00+00:00,2023-07-25T17:49:00+00:00
te:2408455,2023-07-25,2023,2023-07-25,jorda-sanchis,nava-337db,2023-07-25T08:10:00+00:00,2023-07-23T11:05:00+00:00,1.0,2023-07-27T22:00:00+00:00,2023-07-25,1.99,1.84,0.4804177545691906,-0.07836906711550673,0.5857801152287496,0.42491660082558463,0.95,0.25,0.6973583329981634,0.8098741280387228,9.88367720999861e-12,196,156,False,False,False,eb9591e826805ed4c26d62bf992adda6467ead0a33dab4775516510836b3c9a7,078f625c725c3aea1fd6433a0b15544ecf9cd24d81d3df1472e062bb6b1c9604,2.02,1.83,True,2023-07-25T06:30:00+00:00,2023-07-25T06:30:00+00:00
te:2408459,2023-07-25,2023,2023-07-25,verdasco,added,2023-07-25T16:15:00+00:00,2023-07-23T10:56:00+00:00,1.0,2023-07-27T22:00:00+00:00,2023-07-25,1.81,2.02,0.5274151436031332,0.10977066613537934,0.6343163272715213,0.4410084252557144,1.3833333333333333,0.6833333333333333,0.6840808673957487,0.6694331923008492,1.2351587808101527e-08,87,178,False,False,False,c746de7026bae11cca56ec8245f03a0d8f9cfce5f8eb85fa38eb8ca0f9fa4206,824b679c7229fe4652b9d0d002c66e6fd6a9e373331b4e7aadd2cf49befbd4a6,1.79,2.07,True,2023-07-25T15:54:00+00:00,2023-07-25T15:54:00+00:00
te:2408469,2023-07-25,2023,2023-07-25,palan,grenier-baaf0,2023-07-25T10:20:00+00:00,2023-07-23T10:58:00+00:00,,,,1.88,1.93,0.5065616797900262,0.026248226074936154,0.5844718000818995,0.31490982561756525,1.1666666666666667,0.5,0.6708937219892626,0.778693153279131,2.6026403254775232e-12,166,165,False,False,False,1f57c9a2167a6102366235f5039088611a0a0f97646a17c24ebae9bd6042d103,c565cec7fb1c2b9d243f49d278ea0cde2c1d3d8eeb28a84c39c719c308caedf2,1.93,1.9,True,2023-07-25T02:17:00+00:00,2023-07-25T05:44:00+00:00
te:2410963,2023-07-25,2023,2023-07-25,virtanen-7d161,kirkin,2023-07-25T12:10:00+00:00,2023-07-25T01:06:00+00:00,1.0,2023-07-27T22:00:00+00:00,2023-07-25,1.82,2.01,0.5248041775456919,0.09929822098228022,0.6259679120435733,0.4156592996785633,0.7666666666666667,0.2,0.7246669526859999,0.6717527088666969,1.3790357744625226e-12,181,134,False,False,False,7c1a6d35295bc99e396dd1032c913a5621abc66df3b16d0dbd12848616275a6c,2e25736521ae10bab8221b9d2fe2dd238930ac57362fd722b534a916ce927cf2,1.83,2.02,True,2023-07-25T08:33:00+00:00,2023-07-25T08:33:00+00:00
te:2412427,2023-07-28,2023,2023-07-28,llamas-ruiz,ficovich,2023-07-28T13:35:00+00:00,2023-07-26T18:20:00+00:00,1.0,2023-07-30T22:00:00+00:00,2023-07-28,1.8,2.07,0.5348837209302325,0.1397619423751585,0.6369434444867815,0.42236030264914015,2.7333333333333334,1.1,0.7385359645444521,0.6954295177983439,1.0717957910078013e-09,172,120,False,False,False,0101c5dbb4f590c6d1f423d90da78c6352b74a8d762fa67909aad295adcbeb3e,b9ea62e122dedf7998cf55fd15a45f6e3d5bbd1498f7573cffb5c6c039caa6fa,1.75,2.17,True,2023-07-28T13:12:00+00:00,2023-07-28T13:12:00+00:00
te:2413165,2023-07-28,2023,2023-07-28,erel,lock-92b29,2023-07-28T05:10:00+00:00,2023-07-27T11:37:00+00:00,1.0,2023-07-30T22:00:00+00:00,2023-07-28,1.75,2.14,0.5501285347043702,0.20119004109833744,0.6147653771241459,0.26619809456713467,0.4,0.4,0.5000000000316241,0.5018233497218123,0.019711723529028696,160,175,False,False,False,c5007c70570d2c7ee49d498ce9b13892c487c4b8e856d5d0615b50a950e6f8f9,256abc7fa1214c2e7b5c5fecc5f6f9eed12f1c49a41c6e2c4b76deec19eb2c39,1.73,2.19,True,2023-07-28T02:32:00+00:00,2023-07-28T02:32:00+00:00
te:2413303,2023-07-28,2023,2023-07-28,rinderknech,andreev-8a7ee,2023-07-28T11:00:00+00:00,2023-07-27T13:49:00+00:00,0.0,2023-07-30T22:00:00+00:00,2023-07-28,1.75,2.14,0.5501285347043702,0.20119004109833744,0.6367979485353475,0.36030307688857394,0.5833333333333334,0.05,0.8060584783255056,0.7337258571206031,9.820271848481887e-08,146,162,False,False,False,ae4d285bb39331c63adac3651a102ba5cbc762d75699c1613254dab5cbec5867,d8cc59697a87e48b22aae1a5fada8a4f9ea65a1d4bd8b700daa1e31ed725798c,1.73,2.2,True,2023-07-28T09:26:00+00:00,2023-07-28T09:18:00+00:00
te:2413305,2023-07-28,2023,2023-07-28,de-loore,gigante-f720d,2023-07-28T13:05:00+00:00,2023-07-27T15:00:00+00:00,1.0,2023-07-30T22:00:00+00:00,2023-07-28,1.64,2.33,0.5869017632241814,0.3511720257415024,0.6404863698402458,0.226303724213749,0.65,0.65,0.699359207553412,0.6921950159383988,9.1310292660296e-12,172,139,False,False,False,3e182a077c95a2a3b257f2fd821fe48bdedf60e67286da0fac14bb59177217c6,7c1de193a60626af8e0d15d08bc39e0172ecba760f36d63165c69d4f195cd4cc,1.65,2.34,True,2023-07-27T15:06:00+00:00,2023-07-28T12:06:00+00:00
te:2413371,2023-07-28,2023,2023-07-28,bourgue,passaro-5f6f1,2023-07-28T16:15:00+00:00,2023-07-27T19:13:00+00:00,1.0,2023-07-30T22:00:00+00:00,2023-07-28,1.81,2.06,0.5322997416020672,0.12937913752375527,0.6090536854949578,0.3139570323206662,2.533333333333333,1.2,0.6123008791589035,0.673210755030732,4.9758419606860116e-11,149,155,False,False,False,c8eafd87bf8e37c545f31209a31189d537eff274001d5a24421dd2a3077f6f0f,afd88532977630f2a5036034b2625ba575cb67ba66fadd2893c7593a9ad54dfa,1.8,2.09,True,2023-07-28T12:33:00+00:00,2023-07-28T12:33:00+00:00
te:2413617,2023-07-28,2023,2023-07-28,goffin,napolitano,2023-07-28T19:10:00+00:00,2023-07-27T20:47:00+00:00,1.0,2023-07-30T22:00:00+00:00,2023-07-28,1.91,1.94,0.5038961038961038,0.015584731016698041,0.5998151634736362,0.3891102841690979,1.85,1.85,0.6604939038722318,0.5895218064846393,2.042837060622915e-08,143,154,False,False,False,34767d8a6676f7eb6fa82f09ad78a9d3e9eba65e6f271748ae6596b1f3f05d80,becbb4a141dc2c29e1fc3e0a73829bd4fafd41029d192cac4a6c0dfde2ae62a5,2.0,1.87,True,2023-07-28T18:52:00+00:00,2023-07-28T18:52:00+00:00
te:2415023,2023-08-01,2023,2023-08-01,goffin,gaio,2023-08-01T16:10:00+00:00,2023-07-30T18:58:00+00:00,0.0,2023-08-03T22:00:00+00:00,2023-08-01,2.04,1.79,0.46736292428198434,-0.13073418800346137,0.5904037184266852,0.49636876392412865,2.0166666666666666,0.7833333333333333,0.7728235876016202,0.6708121714233863,3.144040583435981e-12,147,187,False,False,False,ffc21136d8cf0759f50fd208c33b0a43f3ee92dd5ae146795cda3eb3ed794085,1bd5cff811a22e073975342b0ccdb616b306c461b624d15e035596df4f97373e,2.02,1.82,True,2023-08-01T15:46:00+00:00,2023-08-01T15:51:00+00:00
te:2415055,2023-08-01,2023,2023-08-01,escoffier,giustino-1d545,2023-08-01T14:55:00+00:00,2023-07-30T18:54:00+00:00,0.0,2023-08-03T22:00:00+00:00,2023-08-01,1.91,1.91,0.5,0.0,0.6091123628307668,0.44358260880123357,0.6,0.6,0.7589189520025584,0.6763565962584178,3.6509684164798273e-13,182,161,False,False,False,aa3083f5e848cd08de08fc3bef72887b14167e6fe1e0577216770bbb02c4217e,e4611daaae094b190ded8dfcb57ee26a1a562b766faf3dbd7cd808b3e8cf6b95,1.95,1.88,True,2023-08-01T11:42:00+00:00,2023-08-01T11:42:00+00:00
te:2415559,2023-08-01,2023,2023-08-01,vallejo-d7859,bolt-fa7eb,2023-08-01T19:00:00+00:00,2023-07-30T21:35:00+00:00,1.0,2023-08-03T22:00:00+00:00,2023-08-01,1.92,1.9,0.4973821989528796,-0.010471299867295303,0.5883592281466615,0.3676579374100427,1.8,0.1,0.5746362656683094,0.6596175580623094,1.1125017573831997e-11,143,128,False,False,False,8b7b4049043eab2df5059a5a1899872b9b7defa702c473dd4ae4d22eda766528,6734de61b37fc4d0f15c61a659219058d279577fa0e24c0489db5eba3cee1cd5,1.73,2.15,True,2023-08-01T17:21:00+00:00,2023-08-01T17:21:00+00:00
te:2417515,2023-08-01,2023,2023-08-01,weis-6ba1c,mager,2023-08-01T15:35:00+00:00,2023-07-31T20:03:00+00:00,,,,1.78,2.07,0.5376623376623377,0.1509352429732842,0.6281734325043048,0.3734535226250556,0.0,0.0,0.664314830193274,0.7062851724533108,6.619260695117646e-12,218,138,False,False,False,d729fb6a6fdd7f2220016065a6c6b0e219881803a063a6aab7dbd1891af3c90e,3066f3c2a8043545c2644aa2f0f2454db93e253a947974cfafc7bbd5810e78dd,1.76,2.11,True,2023-08-01T11:34:00+00:00,2023-08-01T11:34:00+00:00
te:2417895,2023-08-01,2023,2023-08-01,faria-4754c,grenier-baaf0,2023-08-01T10:10:00+00:00,2023-07-31T20:04:00+00:00,0.0,2023-08-03T22:00:00+00:00,2023-08-01,2.03,1.8,0.4699738903394256,-0.12024912815157689,0.535874925320992,0.2639958403106787,0.9333333333333333,0.9333333333333333,0.5178265768811887,0.6533210238429936,4.004479664532212e-09,148,165,False,False,False,1c40f15a0d00305343922ce497ce76454ebc34905ab87bb3bb1e9d704165de12,8b9b60b39b481822e5ff121cc4383cf8e2548698c99cc17be2f0aca5e23c2c1d,1.93,1.9,True,2023-08-01T08:37:00+00:00,2023-08-01T08:37:00+00:00
te:2417901,2023-08-01,2023,2023-08-01,rocha-0492a,strombachs,2023-08-01T17:35:00+00:00,2023-07-31T20:06:00+00:00,1.0,2023-08-03T22:00:00+00:00,2023-08-01,1.88,1.93,0.5065616797900262,0.026248226074936154,0.5861980773682027,0.3220221107908495,1.0333333333333334,0.13333333333333333,0.5800527870928934,0.5000000000345436,0.00010904277092749215,134,191,False,False,False,24509bb95414893d9cc3856f536f6cac6e111e0401869917065830093a91bfd6,d83089ebf380470a14e3c0e6fc77c49a741a774b87fb1aa62235838cfa3f7137,1.87,1.97,True,2023-08-01T14:02:00+00:00,2023-08-01T14:02:00+00:00
te:2418045,2023-08-01,2023,2023-08-01,schoolkate,sekulic-13abc,2023-08-01T17:20:00+00:00,2023-08-01T05:55:00+00:00,1.0,2023-08-03T22:00:00+00:00,2023-08-01,1.71,2.17,0.5592783505154639,0.23823379703779973,0.6316616582261205,0.30111818008211805,1.1666666666666667,0.3333333333333333,0.6896249794372198,0.6632777352539095,8.429923425978814e-13,198,149,False,False,False,089ae1374cde5bba78fc2c52a77a5d3e8fa814781d56a463c3bb1c0df6b6ebf4,b7111fc8864201aaf99e7b2ac13f13ead6a488d5b153c18027ad40f04600cfa4,1.68,2.23,True,2023-08-01T15:44:00+00:00,2023-08-01T15:44:00+00:00
te:2418859,2023-08-04,2023,2023-08-04,paire-4a33b,moeller-322bf,2023-08-04T08:10:00+00:00,2023-08-01T19:02:00+00:00,0.0,2023-08-06T22:00:00+00:00,2023-08-04,1.97,1.85,0.48429319371727747,-0.06284790365966375,0.581095983078711,0.39012203298067993,0.0,0.0,0.5870216410297545,0.5000000000000001,0.0015964270444343287,171,110,False,False,False,3903e221d022aa6ea0e5d9eb5272f0b5e353e8593478960a722755fff7a5625e,35a32bd29ed8df28b138921a22b84f74ee4f74861e3285abda96f300bca68f1f,1.95,1.88,True,2023-08-04T07:33:00+00:00,2023-08-03T17:49:00+00:00
te:2420139,2023-08-04,2023,2023-08-04,kodat,gomez-e101b,2023-08-04T10:05:00+00:00,2023-08-03T14:10:00+00:00,0.0,2023-08-06T22:00:00+00:00,2023-08-04,2.0,1.86,0.48186528497409326,-0.07257069283483547,0.5946930985734411,0.45597160315720875,2.05,0.5166666666666667,0.5669610855269013,0.5000000000000001,0.0002609929676538336,143,171,False,False,False,bf02f616d79ce5dc51ac76766fb02d48e783b20ec34f21d03b0366e73a5a79ae,a65d8243779af1141117a46ca8cc7c410f195544d8a36e04542ceacb1fd78a19,1.95,1.92,True,2023-08-04T07:48:00+00:00,2023-08-04T07:48:00+00:00
te:2420615,2023-08-04,2023,2023-08-04,brancaccio,ugo-carabelli,2023-08-04T12:10:00+00:00,2023-08-04T10:19:00+00:00,1.0,2023-08-06T22:00:00+00:00,2023-08-04,1.99,1.87,0.4844559585492228,-0.06219620786990577,0.5978628741073057,0.45876448837236694,0.8166666666666667,0.25,0.5000000000000001,0.5614005452999519,0.008322120638792105,145,137,False,False,False,edc2df73fa4b4ab3d2ca0751389e22c31d1dd5fcac65e317bcb3aed725b20f7e,e0e8c09d107b926d9067a57e293a9ef0d85396bf9e4b085d3fe6276ac1a5b4be,1.92,1.93,True,2023-08-04T11:43:00+00:00,2023-08-04T11:43:00+00:00
te:2420617,2023-08-04,2023,2023-08-04,ajdukovic,molleker,2023-08-04T12:10:00+00:00,2023-08-04T10:17:00+00:00,0.0,2023-08-06T22:00:00+00:00,2023-08-04,1.75,2.14,0.5501285347043702,0.20119004109833744,0.6354849307333292,0.35463044390310067,1.5166666666666666,0.9166666666666666,0.680728034424751,0.7121000300525188,1.3864818265707513e-08,194,225,False,False,False,a444f91f278a79d62f697f12f7aefaac88ce35b8533953416f19d68a995326dc,658fd59c99d1c528bfa03196556c76e660286f6e93efd0433c635c1d6350f16f,1.76,2.12,True,2023-08-04T10:32:00+00:00,2023-08-04T10:42:00+00:00
te:2422331,2023-08-08,2023,2023-08-08,feldbausch,houkes,2023-08-08T14:50:00+00:00,2023-08-06T15:00:00+00:00,1.0,2023-08-10T22:00:00+00:00,2023-08-08,1.96,1.86,0.486910994764398,-0.0523679855173157,0.6206260427860422,0.5445742874192326,0.6166666666666667,0.11666666666666667,0.6103178544110825,0.6382268046324622,2.0167353079192374e-07,53,199,False,False,False,26ec864e73fb1175535c0491bdb08991603ba6623e75280d881232905d2a864f,415405aa8a7c7ffa7a97ec3a2e56557c13e1b3363631bb8a37e290be8643eebd,1.97,1.87,True,2023-08-07T08:01:00+00:00,2023-08-07T08:01:00+00:00
te:2422335,2023-08-08,2023,2023-08-08,nagal,rodriguez-taverna,2023-08-08T11:35:00+00:00,2023-08-06T15:00:00+00:00,0.0,2023-08-10T22:00:00+00:00,2023-08-08,1.93,1.89,0.4947643979057591,-0.02094317384524342,0.592496383653176,0.3952381361846864,1.5833333333333333,0.35,0.5705679103841069,0.5000000000000001,0.0036163233680363005,166,163,False,False,False,b1dec24afbcc6d87a1b0a55728631026cb5f061a8786a82c49d04da5c5cd8c51,3df6287effc5bbf223d46ed0b65909a0480f325d4038dacc4b352016a0cd55a4,1.99,1.85,True,2023-08-08T09:44:00+00:00,2023-08-08T09:44:00+00:00
te:2422337,2023-08-08,2023,2023-08-08,hassan-1d510,laaksonen,2023-08-08T13:20:00+00:00,2023-08-06T15:00:00+00:00,0.0,2023-08-10T22:00:00+00:00,2023-08-08,1.84,1.98,0.518324607329843,0.0733312730855498,0.6292062157822176,0.4554817065308662,1.1833333333333333,0.5833333333333334,0.6693945347071404,0.6494156678995302,1.3575307544755333e-11,183,98,False,False,False,4489fcc0052a9a632e7e3676357ced65c23b51241fd49939dea7a7099f7ac39c,0e4c11f04f16d4a5117163c739b7ec85b60c4a34850e5debb02c0f2274d90a24,1.85,1.99,True,2023-08-07T08:01:00+00:00,2023-08-07T08:01:00+00:00
te:2422373,2023-08-08,2023,2023-08-08,maestrelli,forti-f61d4,2023-08-08T08:05:00+00:00,2023-08-06T15:15:00+00:00,0.0,2023-08-10T22:00:00+00:00,2023-08-08,1.76,2.08,0.5416666666666667,0.16705408466316649,0.6141234840424749,0.29762452590101296,0.45,0.45,0.5989031606308727,0.5670007395896102,6.545949893244085e-11,136,190,False,False,False,30279643ef637f7cac9db3956959b2bbeb45264474897ae23cc7fb850d0269e2,d3060e8d004d90054974557bb6c770bebc9b7cb1405f144cdad35234a0c28a7b,1.81,2.04,True,2023-08-08T06:29:00+00:00,2023-08-08T06:29:00+00:00
te:2426033,2023-08-11,2023,2023-08-11,neumayer,martineau-40903,2023-08-11T14:50:00+00:00,2023-08-09T17:56:00+00:00,1.0,2023-08-13T22:00:00+00:00,2023-08-11,1.88,1.96,0.5104166666666667,0.04167269640056832,0.5855491851131136,0.30392318220171866,0.7833333333333333,0.7833333333333333,0.5809702228527452,0.5000000000000001,0.006762315958955531,178,190,False,False,False,52002e5a3d096ab1983af838dd833dd3397bfae1eac2521f279ef6c5d97140a3,0ccf8b7e588a5550c9774ccba1b2590e87d5f886da25dc07d97cef5a130ff749,1.97,1.89,True,2023-08-11T10:09:00+00:00,2023-08-11T06:51:00+00:00
te:2426343,2023-08-11,2023,2023-08-11,moreno-de-alboran-a31d1,peniston,2023-08-11T21:40:00+00:00,2023-08-10T11:51:00+00:00,0.0,2023-08-13T22:00:00+00:00,2023-08-11,1.84,2.02,0.5233160621761658,0.09333193979221903,0.6116683902505182,0.36099871096414066,0.0,0.0,0.64093865472257,0.5923317457177176,6.57522103431063e-09,167,120,False,False,False,e3b1adcb2422e188ad92cbe9492b8264a10db3594717ad0ef07c461bd6fae005,2e7955685dc3c269da145ea08afbee8043cb7ee6bad1ed169a68afe15c20d1f2,1.85,2.03,True,2023-08-11T05:52:00+00:00,2023-08-11T18:59:00+00:00
te:2426367,2023-08-11,2023,2023-08-11,walton,hijikata,2023-08-11T19:35:00+00:00,2023-08-10T11:18:00+00:00,0.0,2023-08-13T22:00:00+00:00,2023-08-11,1.86,1.99,0.5168831168831169,0.0675581510112914,0.6056521484850659,0.3615142661878321,0.31666666666666665,0.31666666666666665,0.6027361365390044,0.667066737213217,7.961393766464653e-10,215,183,False,False,False,557297618fb06d3baf5b6723d3d68125c8a8b391482ecfbd9f1d23f8b92bca41,e30b967bb567b884dd377cf99d01cd53ee9c0348519591f6f3d8d3af77f6916b,1.85,2.03,True,2023-08-11T05:16:00+00:00,2023-08-11T05:16:00+00:00
te:2426613,2023-08-11,2023,2023-08-11,gigante-f720d,casanova-dbdaf,2023-08-11T11:05:00+00:00,2023-08-10T18:06:00+00:00,0.0,2023-08-13T22:00:00+00:00,2023-08-11,2.02,1.84,0.4766839378238342,-0.09333193979221903,0.6016904999106991,0.5058457916508233,0.9166666666666666,0.9166666666666666,0.7084763275177549,0.6302257898895064,5.518092377476691e-08,145,200,False,False,False,49e847c46d1ced91c35c362451f7f34d1e62238925e032fe38407521f661597b,a892af35fca863c55a59c97dbee5bd511942ab55938224d625bd914ddfcaa8fd,2.06,1.83,True,2023-08-11T10:50:00+00:00,2023-08-11T10:50:00+00:00
te:2426673,2023-08-11,2023,2023-08-11,ugo-carabelli,hassan-1d510,2023-08-11T12:10:00+00:00,2023-08-10T16:29:00+00:00,1.0,2023-08-13T22:00:00+00:00,2023-08-11,1.94,1.91,0.49610389610389616,-0.015584731016698041,0.6152635615610984,0.48507693802786495,1.05,1.05,0.6761495967418277,0.6238663881520262,1.2019297254695083e-07,143,183,False,False,False,2b75cfe8a6df147540e2a9714c06d28f0e08e5cfe4d372318f29faeb03da90df,badcee5b5e69e28ca9d850bff7e1e4eb0f5b5687b2c619d912050282f652de7e,1.89,1.97,True,2023-08-11T11:19:00+00:00,2023-08-11T11:29:00+00:00
te:2427397,2023-08-15,2023,2023-08-15,watanuki-223ad,johnson-61d6e,2023-08-14T23:05:00+00:00,2023-08-12T17:48:00+00:00,1.0,2023-08-17T22:00:00+00:00,2023-08-15,1.64,2.28,0.5816326530612244,0.32947920113024176,0.6575016310492763,0.32270114809863815,0.75,0.75,0.7924652250600225,0.7472713010546544,2.3020670369966467e-09,159,119,False,False,False,1c8d9288b3b609c92c0405faf3bf2934d7e9a6ee8e3d5b78ccc5d50672361afe,90c0160387f26ead674e5ceb6ae9f5ecc020c5c0605e096e86517469102121ba,1.62,2.35,True,2023-08-14T18:41:00+00:00,2023-08-14T18:41:00+00:00
te:2427537,2023-08-15,2023,2023-08-15,darderi,gerch-539c1,2023-08-15T18:55:00+00:00,2023-08-13T09:07:00+00:00,0.0,2023-08-17T22:00:00+00:00,2023-08-15,1.94,1.87,0.49081364829396334,-0.036749542208741146,0.5853351289498842,0.3814634410563771,1.1166666666666667,0.45,0.581270731980404,0.5000000000000001,0.019764224231033814,137,175,False,False,False,392037e976be760bbeedae170e4625b1a5d67e9430b616711e87a0a5f6c7ae01,78ded7e66040f5dc653081ecec8934aa5b4a02e0383db1b9e8dd4f8722e46859,2.01,1.83,True,2023-08-15T14:38:00+00:00,2023-08-15T08:27:00+00:00
te:2427781,2023-08-15,2023,2023-08-15,harrison-5baad,stricker,2023-08-14T23:15:00+00:00,2023-08-13T14:17:00+00:00,0.0,2023-08-17T22:00:00+00:00,2023-08-15,1.93,1.89,0.4947643979057591,-0.02094317384524342,0.5599841951390563,0.2620410878044894,0.0,0.0,0.6399428393682236,0.7643359567126137,1.7203751007111023e-08,37,131,False,False,False,868db90a4f7851111134c90b17f2c1c08f183c608572bdafab0fd8a2d02b2e76,f2ff410ccef7b85ea1cbb12cc360733cc4ec2ec79844a823cbc0183590a523d3,2.01,1.83,True,2023-08-14T11:22:00+00:00,2023-08-14T11:22:00+00:00
te:2427791,2023-08-15,2023,2023-08-15,riedi-a3a3d,goffin,2023-08-15T18:50:00+00:00,2023-08-13T14:30:00+00:00,1.0,2023-08-17T22:00:00+00:00,2023-08-15,1.94,1.88,0.4921465968586388,-0.03141619623337862,0.6180703367847871,0.5127819968382925,0.31666666666666665,0.31666666666666665,0.6460555770230896,0.7021885099229948,1.889137901667226e-09,126,155,False,False,False,6edd98a46b63b8314db491aad84088116ac9207d888b244326faf88ce72dfcb4,74bdc0d5817d817bcd2179c7c38dbf0763dea049e16c59a8ecc6e16ed9744861,1.92,1.92,True,2023-08-15T17:03:00+00:00,2023-08-15T17:03:00+00:00
te:2428045,2023-08-15,2023,2023-08-15,boyer-64ede,klahn,2023-08-15T01:40:00+00:00,2023-08-14T06:47:00+00:00,1.0,2023-08-17T22:00:00+00:00,2023-08-15,1.7,2.17,0.5607235142118864,0.24409891649019808,0.623871177224232,0.26191328533358504,0.0,0.0,0.6183775467149858,0.6283628057062765,5.199473934736076e-09,99,37,False,False,False,7f9ae85d11fa7f6ea0761d5d6c422744f36153bfc80a117b8fc414950e27b002,77e2cd18b455607f70e955dec231fd2875bc268c7671994e6b346157e9457b1b,1.66,2.26,True,2023-08-14T22:44:00+00:00,2023-08-14T22:44:00+00:00
te:2428341,2023-08-15,2023,2023-08-15,mayot,kumar-5a863,2023-08-15T17:40:00+00:00,2023-08-15T01:44:00+00:00,1.0,2023-08-17T22:00:00+00:00,2023-08-15,2.0,1.83,0.47780678851174935,-0.08883121370661573,0.5688950702761016,0.3661757031556304,0.0,0.0,0.601897584806801,0.5000000000000001,0.022972851005567257,144,198,False,False,False,666a5239cf2d72e72b822836b8abc216124d9a4b5cf9663f131d274d766d7c2f,5ab39d3279d976ad758beadc689273ebd6f20823326f2e2e197308b8c1063dd9,1.92,1.92,True,2023-08-15T16:31:00+00:00,2023-08-15T16:31:00+00:00
te:2432061,2023-08-18,2023,2023-08-18,cazaux,draper-e73d3,2023-08-17T23:20:00+00:00,2023-08-17T07:04:00+00:00,0.0,2023-08-20T22:00:00+00:00,2023-08-18,1.79,2.08,0.537467700258398,0.1501522738605631,0.6166811412181016,0.3253326552369238,0.38333333333333336,0.38333333333333336,0.6467885129866401,0.7060698833574722,1.7559523002308453e-09,184,66,False,False,False,c837d1e786a260eb2ec5cbff9db93c67cbaafb726d81c66314c61622c20eb21d,624c7704dcfb88ef855096b56442447ddc12137b410a5d0fe89e566f2b883a68,1.77,2.14,True,2023-08-17T22:59:00+00:00,2023-08-17T22:59:00+00:00
te:2432447,2023-08-18,2023,2023-08-18,darderi,maestrelli,2023-08-18T16:10:00+00:00,2023-08-17T20:09:00+00:00,1.0,2023-08-20T22:00:00+00:00,2023-08-18,1.88,1.97,0.5116883116883117,0.04676176590803954,0.6092463978562733,0.3973838263596711,0.9666666666666667,0.4,0.5350146567744364,0.5000000000000001,0.0062455653783596715,141,146,False,False,False,762e28ee97f1d1ac669983c99f24a0f8163c57177ac5985d9e68f7adb11f2a38,8d570b4965a3c80c84d596c5320b9019e3afd04ade665e026df80012803ae196,1.84,2.04,True,2023-08-18T12:43:00+00:00,2023-08-18T12:43:00+00:00
te:2432551,2023-08-18,2023,2023-08-18,riedi-a3a3d,broady-9ff27,2023-08-18T17:10:00+00:00,2023-08-18T00:10:00+00:00,0.0,2023-08-20T22:00:00+00:00,2023-08-18,1.81,2.06,0.5322997416020672,0.12937913752375527,0.6196459656421255,0.35866666591297036,1.4,0.5666666666666667,0.593588115170566,0.6123681071161325,1.4540338377777573e-10,122,140,False,False,False,775e52f576bf5c1ac0144699f69a78c707db562ec8dbc856d459c8a126de0e8c,f88e0020e18f49d2f77f2175e83c6b0ef97f6b74e502e15c3df8c8fee80c62f3,1.71,2.23,True,2023-08-18T15:39:00+00:00,2023-08-18T15:39:00+00:00
te:2432581,2023-08-18,2023,2023-08-18,peniston,cazaux,2023-08-18T18:50:00+00:00,2023-08-18T06:12:00+00:00,1.0,2023-08-20T22:00:00+00:00,2023-08-18,1.92,1.93,0.5012987012987012,0.005194816877103783,0.6035847323902719,0.4152292980665441,0.8166666666666667,0.2833333333333333,0.6320852413943089,0.708119066146138,3.9902765314181465e-08,130,186,False,False,False,4310f4a2d75cb7ba5399e7ece061c460c740519790ecabc57f9da21377ab03dd,f506d2eb437642f239b0592c39ea67f921fc2445fc73573ebe24a7cdbdf4331b,1.88,2.0,True,2023-08-18T18:37:00+00:00,2023-08-18T18:37:00+00:00
te:2433629,2023-08-22,2023,2023-08-22,gerch-539c1,casanova-dbdaf,2023-08-22T10:10:00+00:00,2023-08-20T09:47:00+00:00,,,,1.95,1.87,0.4895287958115184,-0.041890941709159774,0.6147534142526409,0.5092285649509242,1.35,0.21666666666666667,0.5024428439589578,0.5000000015315959,0.006990748118287232,177,200,False,False,False,7fe8890ed4933ee2088d256f9de616e00fd812f571e76dbb7ba2eee865efc505,bb0b3e4bcfc8a5c3e0f65feb445bd2f5a4931527421dad98610f87b35a9f7061,1.96,1.88,True,2023-08-21T14:51:00+00:00,2023-08-21T14:51:00+00:00
te:2433943,2023-08-22,2023,2023-08-22,vallejo-d7859,boscardin-dias-3afa8,2023-08-22T01:20:00+00:00,2023-08-20T12:58:00+00:00,0.0,2023-08-24T22:00:00+00:00,2023-08-22,1.96,1.85,0.4855643044619423,-0.05775883415219216,0.6146110893218453,0.5244955448112981,0.85,0.85,0.5061166017109673,0.50000000047493,0.012975373922657574,153,116,False,False,False,fe1cf8df27c144aa9fd542705a44ac912939d86945f3bbac2dd7c4f15c583e22,d3823d92e99cc5999e5fbe9d78b934e30da8ce4f6f18ecae7fed2ae8dec1dfbd,1.97,1.87,True,2023-08-21T23:17:00+00:00,2023-08-21T21:38:00+00:00
te:2435167,2023-08-22,2023,2023-08-22,echargui,rocha-0492a,2023-08-22T08:10:00+00:00,2023-08-21T16:32:00+00:00,0.0,2023-08-24T22:00:00+00:00,2023-08-22,1.95,1.87,0.4895287958115184,-0.041890941709159774,0.61475330216974,0.5092280916911511,1.05,1.05,0.5000000000381625,0.5024479053654894,0.01569003711700019,176,139,False,False,False,d4977af9afb714083d3a52b8a188004fb61ea3c05f1495e4fe70ac5ff6b691be,e0e947d5044155a6df457837760e35255b3824878e31515bcf717668a55ce2cf,1.96,1.88,True,2023-08-22T04:33:00+00:00,2023-08-22T04:33:00+00:00
te:2435177,2023-08-22,2023,2023-08-22,martin-e6e6e,habib,2023-08-22T09:35:00+00:00,2023-08-21T18:03:00+00:00,1.0,2023-08-24T22:00:00+00:00,2023-08-22,1.81,2.01,0.5261780104712042,0.10480787679324989,0.5999542629034131,0.30046666371022956,0.43333333333333335,0.43333333333333335,0.5437308824416486,0.605840591145075,3.552461103062399e-11,42,164,False,False,False,63bc0bb70cd41564265fa6402fcc597ff4bee36dbd76ccca0614d2fba303ebd5,0aedc98bc519c482419e7e8d4d2cb305c22384c26b6f0572cc922edd6af37dff,1.85,1.98,True,2023-08-22T04:35:00+00:00,2023-08-21T19:34:00+00:00
te:2435179,2023-08-22,2023,2023-08-22,hassan-1d510,masur-d87d6,2023-08-22T11:50:00+00:00,2023-08-21T18:09:00+00:00,0.0,2023-08-24T22:00:00+00:00,2023-08-22,1.82,2.01,0.5248041775456919,0.09929822098228022,0.6417102891294362,0.4834968104419255,2.716666666666667,0.25,0.7296979932848969,0.6997268974003854,1.3359272021951085e-10,194,136,False,False,False,fef78d3503c9113d8538030308af037b728386c014acca257d0706661e241b8e,f23685d4b1885b10f18a86d139ca16ddbdd368e097aae952dde72af06e176b22,1.81,2.05,True,2023-08-22T08:32:00+00:00,2023-08-22T10:05:00+00:00
te:2437591,2023-08-25,2023,2023-08-25,jung-270ad,li-995b9,2023-08-25T04:35:00+00:00,2023-08-24T10:17:00+00:00,0.0,2023-08-27T22:00:00+00:00,2023-08-25,1.92,1.93,0.5012987012987012,0.005194816877103783,0.5990357121839697,0.3962540336086001,0.0,0.0,0.6612870560104013,0.5891486436002958,2.204413213080514e-08,156,35,False,False,False,c1a2f2f7876d7e957f68a8ba3c48d78081088232398e75d3bbb5391cfa757562,80908063dd07c61f40c9936bf5ec18b217568064c7b52e39f7e559d432562b6b,1.93,1.94,True,2023-08-24T21:31:00+00:00,2023-08-25T04:24:00+00:00
te:2437597,2023-08-25,2023,2023-08-25,molleker,vacherot,2023-08-25T09:05:00+00:00,2023-08-24T12:04:00+00:00,1.0,2023-08-27T22:00:00+00:00,2023-08-25,1.7,2.23,0.5674300254452926,0.2713733344098571,0.6414422279038228,0.3102559912054593,1.7166666666666666,1.0833333333333333,0.717892563815369,0.6957425480537118,1.3491627259831773e-10,218,186,False,False,False,2a6375ba3c3902973aac1a855b8bcb279f773da416ce8586bc23416e369fb90f,f835be41ddf073ddb02ea8a5f5f87eb31e561c7cde0051e174b2de626b6e7e1a,1.73,2.19,True,2023-08-25T08:51:00+00:00,2023-08-25T07:13:00+00:00
te:2437773,2023-08-25,2023,2023-08-25,debru-5353d,sousa-16efd,2023-08-25T11:05:00+00:00,2023-08-24T19:21:00+00:00,1.0,2023-08-27T22:00:00+00:00,2023-08-25,1.87,1.99,0.5155440414507771,0.06219620786990554,0.6291391426066206,0.46632929197548945,0.9333333333333333,0.9333333333333333,0.6628742039411214,0.647503738113846,8.97920626741211e-12,149,113,False,False,False,28818a09d5a24217e65cf0fbf671823c82c685a590bbaa5c59cc778b8c16bed0,ed0a3d01b857438cbc028c61681dd1695e3e6273522f85b895705d037dd45296,1.85,2.03,True,2023-08-25T07:35:00+00:00,2023-08-25T07:35:00+00:00
te:2438123,2023-08-25,2023,2023-08-25,bicknell-8dc8a,dellien-e101c,2023-08-25T21:35:00+00:00,2023-08-25T06:10:00+00:00,1.0,2023-08-27T22:00:00+00:00,2023-08-25,2.12,1.76,0.45360824742268036,-0.1861022796338609,0.5815895640128755,0.5154044070629678,1.2666666666666666,0.6666666666666666,0.5000000000000001,0.586370431139193,0.009194541284991142,91,195,False,False,False,c5537afb69c238312d71efc012fa519731bff84059ea962c04f24d8d44b220db,4fd9bbbbbadbfd6ed05fd45f110d7ba185447760908ce5eb953782853f6e89b6,2.13,1.77,True,2023-08-25T20:30:00+00:00,2023-08-25T20:30:00+00:00
te:2438703,2023-08-29,2023,2023-08-29,tu-41622,sekulic-13abc,2023-08-29T02:40:00+00:00,2023-08-26T17:21:00+00:00,0.0,2023-08-31T22:00:00+00:00,2023-08-29,1.79,2.05,0.5338541666666666,0.13562417329765303,0.6466498048944512,0.46872109554998603,1.1166666666666667,1.1166666666666667,0.7258203493904387,0.7102185139785177,1.1518034551127876e-07,117,160,False,False,False,a99947fb66c6a62c2da35c8f26c719d83ce820ffbf48e0b451bc5aea8d4a10a6,e9a3ec54ea520f73fd23b4acfa60f07249099c6a40ff47fed088b09c07a03254,1.78,2.08,True,2023-08-28T02:37:00+00:00,2023-08-28T02:37:00+00:00
te:2438811,2023-08-29,2023,2023-08-29,napolitano,gigante-f720d,2023-08-29T16:40:00+00:00,2023-08-26T20:35:00+00:00,0.0,2023-08-31T22:00:00+00:00,2023-08-29,1.87,1.95,0.5104712041884817,0.041890941709160225,0.6132307592613072,0.41902212787985677,0.0,0.0,0.5833541565448342,0.6245311505086042,3.510159107822375e-08,168,149,False,False,False,984be83a1b1de85e42cfaf6802ff3dec12b0fbe942a2708e3b5d9107882dfee8,4193a0916fc9d82c699d0e83c36eef5ed5f12ec2167be6c7eb323e4b7793bad0,1.83,2.01,True,2023-08-29T02:42:00+00:00,2023-08-29T02:42:00+00:00
te:2438817,2023-08-29,2023,2023-08-29,nagal,bonadio,2023-08-29T14:50:00+00:00,2023-08-26T20:35:00+00:00,1.0,2023-08-31T22:00:00+00:00,2023-08-29,1.85,1.98,0.5169712793733681,0.06791120561621009,0.6142955763423543,0.39749366707682743,0.9333333333333333,0.23333333333333334,0.5103507883987802,0.5000000087680465,0.0034801956707519455,163,151,False,False,False,53c15f94e6fee951c1a967544c0b5825d190cdee1ccd7b940a0f0052b48cebbe,609a30b746e93018e983cfb1973bed3722e9d206d84416aaf98b4e6ba75b38b9,1.81,2.04,True,2023-08-29T13:27:00+00:00,2023-08-29T13:27:00+00:00
te:2441777,2023-08-29,2023,2023-08-29,wessels-3ac5c,caruso-7cfdb,2023-08-29T11:20:00+00:00,2023-08-28T21:40:00+00:00,1.0,2023-08-31T22:00:00+00:00,2023-08-29,1.81,1.88,0.5094850948509486,0.03794493156412389,0.6208503872971237,0.4552143154575205,0.7166666666666667,0.7166666666666667,0.597493079380574,0.6018125451354431,4.8401242153106594e-08,192,139,False,False,False,d2fe13b8f01d92c3f3e65b14e77eab139695336ea3e86708e908de25696b28c5,ad077d67eee4a41b7eaacd6ce18e1efc3f64307041fc96e8dfa0215cf334db0c,1.83,1.91,True,2023-08-28T21:58:00+00:00,2023-08-29T03:31:00+00:00
te:2441803,2023-08-29,2023,2023-08-29,soriano-barrera,blanch-d9f24,2023-08-29T09:55:00+00:00,2023-08-28T21:39:00+00:00,1.0,2023-08-31T22:00:00+00:00,2023-08-29,1.74,2.01,0.536,0.14424960884454685,0.6180830180934448,0.33716991293959,0.2833333333333333,0.2833333333333333,0.6474898400300262,0.7042715346461983,1.3948054933266008e-09,139,126,False,False,False,60bd632fa91c534a54521ac29e66759cb1785e81f6e66e6200fde306739fe985,485039a5a5fdef83db60f0c441b51bb0c6908fa10033a54bc9f88801c14bbb32,1.76,2.04,True,2023-08-29T02:31:00+00:00,2023-08-29T09:35:00+00:00
te:2443519,2023-09-01,2023,2023-09-01,atmane,tu-41622,2023-09-01T04:05:00+00:00,2023-08-31T09:17:00+00:00,0.0,2023-09-03T22:00:00+00:00,2023-09-01,1.68,2.25,0.5725190839694657,0.2921364228011615,0.6430310889828164,0.2964079561610261,0.5333333333333333,0.5333333333333333,0.7187412863933021,0.6999006855568075,2.1320084586662347e-11,216,117,False,False,False,64799e538d0f98605b3fa93a8dc2f96fee5e0c9445fe1cb9945e0995d9c98ce7,7bd3162440c89efcf241fe25b6b6c1daa5b53962e19a0d55a7d1d3eab35b01a5,1.67,2.3,True,2023-09-01T02:32:00+00:00,2023-09-01T02:32:00+00:00
te:2443557,2023-09-01,2023,2023-09-01,mccabe-b71c6,te,2023-09-01T05:45:00+00:00,2023-08-31T10:10:00+00:00,1.0,2023-09-03T22:00:00+00:00,2023-09-01,1.77,2.12,0.544987146529563,0.18043654209818355,0.6590790955802143,0.4787565103138787,0.0,0.0,0.7746950266879334,0.7433671126055816,4.392375352324507e-12,139,94,False,False,False,36ce4a11baa879428f032cc6b7dc8cde38e6f9dfe15d395399db24140a3a95c7,20295be13d218664f72f75c735f86c008b95698b19f7d2c27ca9003ae44a78c0,1.76,2.14,True,2023-09-01T04:28:00+00:00,2023-09-01T04:28:00+00:00
te:2443695,2023-09-01,2023,2023-09-01,seyboth-wild,molleker,2023-09-01T09:10:00+00:00,2023-08-31T15:29:00+00:00,0.0,2023-09-03T22:00:00+00:00,2023-09-01,1.79,2.09,0.538659793814433,0.1549484461240559,0.6193230140343089,0.33172731282432516,1.2333333333333334,0.6666666666666666,0.7446493922195085,0.6766079103294598,2.2046253711494046e-13,206,216,False,False,False,0d79f60c27db70345557dca0bce89714c7a9b50c09ea08d77319e2e959a1e0ec,718c2f642deabfefc4e89156818c6315cdbd364c5bee6184641997e208cdf7e0,1.78,2.12,True,2023-09-01T08:52:00+00:00,2023-09-01T08:52:00+00:00
te:2443747,2023-09-01,2023,2023-09-01,napolitano,darderi,2023-09-01T15:50:00+00:00,2023-08-31T17:50:00+00:00,1.0,2023-09-03T22:00:00+00:00,2023-09-01,1.78,2.1,0.5412371134020618,0.16532398042538338,0.6084700783678402,0.27556181733094326,0.5666666666666667,0.5666666666666667,0.5000000000000001,0.5373974669850985,0.004316424395895274,166,158,False,False,False,b9a8e85d5b7bb26c8064e053a911dc3176c01e164460a06cb3a8b5add1b2d1e1,861ad0bbdc0ffebaa5b6a9bb03a28d27c080defa3c4ac293addaa110f5507513,1.8,2.09,True,2023-09-01T11:35:00+00:00,2023-09-01T11:35:00+00:00
te:2443759,2023-09-01,2023,2023-09-01,rincon-d1dab,escoffier,2023-09-01T15:45:00+00:00,2023-08-31T17:49:00+00:00,1.0,2023-09-03T22:00:00+00:00,2023-09-01,1.74,2.15,0.5526992287917738,0.21158272891313384,0.6324025503432041,0.3309549565789082,0.0,0.0,0.6727681312416914,0.6614690130133235,3.4765494649757755e-08,196,185,False,False,False,d70780185a066585814d92437aa6a5e02950496eb3de60e1c4839f372cc66ae5,f90765f19ee94c77afc3cb509b77974875b895e4050a0f6ee63443b5bc965ee7,1.76,2.14,True,2023-09-01T11:30:00+00:00,2023-09-01T14:35:00+00:00
te:2444529,2023-09-05,2023,2023-09-05,wu-f664e,sun-2f389,2023-09-05T07:55:00+00:00,2023-09-02T17:38:00+00:00,1.0,2023-09-07T22:00:00+00:00,2023-09-05,1.92,1.9,0.4973821989528796,-0.010471299867295303,0.5982451944934025,0.4086300280361203,0.6,0.6,0.6152028508485811,0.5491926254033237,8.464074950642608e-08,143,166,False,False,False,53c6b003d4a98bf1fe316628e464603dfcaa182b47e4b151fcf5d4b14bc4ea86,c9b011c6c05d17628bb5c822324828f9460eb071ae28705fa9f2c492e78d4835,1.83,2.01,True,2023-09-05T03:18:00+00:00,2023-09-05T03:18:00+00:00
te:2445271,2023-09-05,2023,2023-09-05,rodriguez-taverna,molleker,2023-09-05T12:35:00+00:00,2023-09-03T15:08:00+00:00,1.0,2023-09-07T22:00:00+00:00,2023-09-05,1.74,2.12,0.5492227979274612,0.1975309754574837,0.6217031524748428,0.2992525582007427,1.3166666666666667,0.18333333333333332,0.6756363334109253,0.7391755718296916,3.6118330548617905e-13,164,220,False,False,False,1074ba0b874c2055eae2eeb2034f4dd51e97dec28f46eaba856f831dc4f61fa7,2b3e4e1b5fcb16e1f4c931555eaeaff0b840b914c36951f5e8710260d6b0ef2b,1.79,2.07,True,2023-09-05T12:12:00+00:00,2023-09-05T09:45:00+00:00
te:2445299,2023-09-05,2023,2023-09-05,broady-9ff27,added,2023-09-05T09:40:00+00:00,2023-09-03T14:18:00+00:00,0.0,2023-09-07T22:00:00+00:00,2023-09-05,2.1,1.75,0.4545454545454546,-0.18232155679395445,0.5588808533128526,0.41894285182770497,0.8666666666666667,0.8666666666666667,0.6692232379701503,0.5531301395233669,6.398110305450011e-09,147,188,False,False,False,26dce41e6e53673b58b0eb14d861656a6e4dba6a4bf38d0346d4a0a380ffce18,ed9a21beb5d18bf4acfaa8e14778747f8cfd36f0bbdbabeb2aeb065944672ee0,1.93,1.91,True,2023-09-05T02:47:00+00:00,2023-09-05T08:10:00+00:00
te:2447217,2023-09-05,2023,2023-09-05,bicknell-8dc8a,martineau-40903,2023-09-05T09:45:00+00:00,2023-09-04T17:08:00+00:00,1.0,2023-09-07T22:00:00+00:00,2023-09-05,1.68,2.22,0.5692307692307692,0.27871340246902043,0.6200468581500811,0.21103371617994165,0.2833333333333333,0.2833333333333333,0.590873294485259,0.5956556198749164,2.2531653767754456e-07,102,195,False,False,False,d00105c9d68365fa3a7b7ace94a858d1692bdbfdac9e14c9146c7a14cba3324a,fd48d3bc4596c11999c40e755c10ee32bcefb1d3cfd4fe6ab6b1e7fb35dedbeb,1.7,2.2,True,2023-09-05T05:33:00+00:00,2023-09-05T05:33:00+00:00
te:2447223,2023-09-05,2023,2023-09-05,klein-88a5e,damm-4f98a,2023-09-05T07:10:00+00:00,2023-09-04T17:10:00+00:00,1.0,2023-09-07T22:00:00+00:00,2023-09-05,1.68,2.21,0.5681233933161953,0.2741987221144937,0.6393087148092191,0.2981663105708512,0.0,0.0,0.8102606704504749,0.7384606937771567,6.772360450213455e-14,165,149,False,False,False,19cd1b3dfb4e6f0985d36b0e66df995db1001c05de15a8a878cab92e44761c6d,d8c53beb957e6d632f0edff31aa67df6a69c31506508b463321adc44c2c8c593,1.66,2.27,True,2023-09-05T06:50:00+00:00,2023-09-05T06:50:00+00:00
te:2447433,2023-09-05,2023,2023-09-05,habib,ionel,2023-09-05T08:05:00+00:00,2023-09-04T17:05:00+00:00,1.0,2023-09-07T22:00:00+00:00,2023-09-05,1.86,1.96,0.5130890052356021,0.052367985517315925,0.627994954941469,0.4712567312194388,0.0,0.0,0.6600748543553975,0.6991294993088254,1.6295381710662582e-11,168,209,False,False,False,f7e94ef344a67519464385c745065bee51fa2aacb90ec83eba6c3ac75cf97f93,846cf76d1188499d1cd29d5fa74ba1ad39324d923ae38c019dfcdb1d28b89cb0,1.78,2.07,True,2023-09-05T07:58:00+00:00,2023-09-05T07:58:00+00:00
te:2449441,2023-09-08,2023,2023-09-08,klein-88a5e,yevseyev,2023-09-08T07:40:00+00:00,2023-09-06T16:00:00+00:00,1.0,2023-09-10T22:00:00+00:00,2023-09-08,1.98,1.88,0.4870466321243523,-0.05182506786458622,0.5921464065384829,0.4246707100642198,0.0,0.0,0.7438371422278985,0.6488678537218798,2.0660017863161073e-09,161,174,False,False,False,143d3d39e284f0a05b725396595d0fc467dcea133c3ffe3e2db35fe2acec6583,d034a8c90c206098ec67f0343bd06c61aa889108c556a14ac86229f3a0bcd608,2.0,1.87,True,2023-09-08T07:04:00+00:00,2023-09-08T07:04:00+00:00
te:2449541,2023-09-08,2023,2023-09-08,broady-9ff27,harris-5a94c,2023-09-08T08:40:00+00:00,2023-09-06T15:59:00+00:00,0.0,2023-09-10T22:00:00+00:00,2023-09-08,1.96,1.88,0.48958333333333337,-0.04167269640056788,0.5659315123579917,0.30694343710408034,0.0,0.0,0.735109726238685,0.6188054656328199,1.549055328453619e-11,147,200,False,False,False,0242d98f272c56789b7fb0dc220fcdb933778275d38eb1a1efccaba37e8c4808,9f8b5a618bb8e27728a7e05adfd7fe5ab88bc85de3df91489923549326ce2c67,1.95,1.92,True,2023-09-08T03:31:00+00:00,2023-09-08T03:31:00+00:00
te:2449607,2023-09-08,2023,2023-09-08,vavassori,coria-df292,2023-09-08T12:25:00+00:00,2023-09-06T16:00:00+00:00,0.0,2023-09-10T22:00:00+00:00,2023-09-08,1.83,2.04,0.5271317829457364,0.10863384100279519,0.6411093994942039,0.4715486633128536,0.0,0.0,0.699092885834057,0.6952416418492985,1.0126734478754784e-07,152,166,False,False,False,156a20f826e2a950f0534de7c40034ed77af69abd7b14d238ee024570eee8cc1,334e30adf89fbe71660a0f93dd1fbe16337603846f2e733deaaa7b13615b5db9,1.78,2.11,True,2023-09-08T10:17:00+00:00,2023-09-08T11:21:00+00:00
te:2449677,2023-09-08,2023,2023-09-08,kopriva,kuzmanov,2023-09-08T11:20:00+00:00,2023-09-06T16:00:00+00:00,0.0,2023-09-10T22:00:00+00:00,2023-09-08,1.93,1.93,0.5,0.0,0.6162391110072277,0.473615381711337,0.7666666666666667,0.7666666666666667,0.5731817606317707,0.5984468694109142,8.96647892878466e-08,141,150,False,False,False,3f82e81639d3cf5c7a31837c8cbaf17b3e923bb67fbffc30f89565f356e1ff6c,934330883b791c14689d9819e0f7ca84b72f3583a21f6fc223cc326edea4ea5d,1.83,2.06,True,2023-09-08T03:38:00+00:00,2023-09-08T03:38:00+00:00
te:2449899,2023-09-08,2023,2023-09-08,fognini,piros,2023-09-08T18:05:00+00:00,2023-09-06T21:25:00+00:00,0.0,2023-09-10T22:00:00+00:00,2023-09-08,2.0,1.86,0.48186528497409326,-0.07257069283483547,0.6279458031245888,0.5959850206352739,0.6166666666666667,0.6166666666666667,0.6940273275101837,0.657260757456986,2.6653124152176133e-11,88,205,False,False,False,5c3abfb2467006800a8e5df1682a61df7a12d0c8c12534935d40a5e34c9f81bb,d405638365fc2726fb70db493dfbd14870aa8f8d91dd7f1ba7fde326a966ca84,1.91,1.96,True,2023-09-08T14:11:00+00:00,2023-09-08T14:11:00+00:00
te:2450219,2023-09-08,2023,2023-09-08,dzumhur,prizmic,2023-09-08T10:35:00+00:00,2023-09-07T17:58:00+00:00,1.0,2023-09-10T22:00:00+00:00,2023-09-08,2.07,1.8,0.4651162790697674,-0.13976194237515893,0.5672541056295926,0.41041859707683837,1.0166666666666666,1.0166666666666666,0.5000000000000001,0.6037494492794422,0.02872405082907785,159,133,False,False,False,751d3b17f6fdabaa2380eddcd075a22eb4cf9856bb8e608f1c72f4dd6aaa7dda,38999e73d46a1db0a48ba614b1c508d710d1a0539d6cf1f7e12c7b3f1e00928e,2.08,1.81,True,2023-09-08T08:55:00+00:00,2023-09-08T08:55:00+00:00
te:2450985,2023-09-12,2023,2023-09-12,saville,moriya,2023-09-12T06:10:00+00:00,2023-09-09T22:45:00+00:00,1.0,2023-09-14T22:00:00+00:00,2023-09-12,1.85,1.98,0.5169712793733681,0.06791120561621009,0.6030211158618951,0.3501579178073291,0.5166666666666667,0.016666666666666666,0.64962564003709,0.5851106848418097,5.310798298352459e-08,160,123,False,False,False,9e267d144cc9bfddc1b47c3100f2babfc08418e73599481ea3d5ac867748f096,c9e96e0a11dc1fe36e62b4c233e7b36a391b6a717948dd6a2c22c69e59dd4326,1.91,1.93,True,2023-09-12T05:28:00+00:00,2023-09-12T01:51:00+00:00
te:2451431,2023-09-12,2023,2023-09-12,escoffier,halys,2023-09-12T14:40:00+00:00,2023-09-10T14:50:00+00:00,1.0,2023-09-14T22:00:00+00:00,2023-09-12,1.6,2.36,0.595959595959596,0.38865798979178345,0.638871079003232,0.18180967347732802,0.0,0.0,0.753447629759801,0.8351030905604135,7.238598609404789e-12,190,173,False,False,False,5af39713ddbf9d8eaa947e8ed72bcc50953ab0bb470822d01579c1bc0efb93bb,20c0a41fa8b6f73c8d14b779ea07293d8a9c11297eeb749d79f20b52369e9971,1.62,2.34,True,2023-09-12T14:26:00+00:00,2023-09-12T14:26:00+00:00
te:2453491,2023-09-12,2023,2023-09-12,martineau-40903,shelbayh,2023-09-12T11:55:00+00:00,2023-09-11T21:18:00+00:00,0.0,2023-09-14T22:00:00+00:00,2023-09-12,1.75,2.1,0.5454545454545455,0.1823215567939549,0.6284568825363076,0.3432809445398145,1.4166666666666667,0.25,0.6564690541089025,0.6904872388639143,2.248157215944957e-11,191,146,False,False,False,aa85d0908841ba3cd9b762cb48cbe91323792a21b61964f62104f97e086a6272,8ebc29ad5799c93e8c9af3a1dd2539db5c82646b3f65e42a7c9a539e3f7ac1d3,1.67,2.25,True,2023-09-12T09:53:00+00:00,2023-09-12T09:53:00+00:00
te:2453509,2023-09-12,2023,2023-09-12,munar-d1298,molleker,2023-09-12T14:40:00+00:00,2023-09-11T21:29:00+00:00,0.0,2023-09-14T22:00:00+00:00,2023-09-12,1.91,1.91,0.5,0.0,0.6204475598124303,0.4914483186792141,0.9,0.16666666666666666,0.7258466632330445,0.6651989026761365,1.3880924187859023e-11,145,224,False,False,False,f15749a1bbfa12e66cb01e482e198ccb71c409219da69686af50a4eb21d65d2a,a633b51411aee383f027bea7603c5b83a383dcd0fd61e929affaf01a3b4c671e,1.82,2.02,True,2023-09-12T13:33:00+00:00,2023-09-12T05:36:00+00:00
te:2455319,2023-09-15,2023,2023-09-15,maestrelli,cachin,2023-09-15T13:40:00+00:00,2023-09-14T10:34:00+00:00,1.0,2023-09-17T22:00:00+00:00,2023-09-15,2.08,1.79,0.46253229974160204,-0.1501522738605631,0.5746234645590436,0.4508925134767804,0.3,0.3,0.6502699352500043,0.7632834562740847,1.7487331027687958e-09,139,166,False,False,False,57a8877f71a30a994e7d2335284403c7e45966e75b79811b24b340a589e4dae4,162e7ac5538ae3ceb4f77eee0dc6eec3bbd023df7677dd0ce281b267abac219f,2.18,1.74,True,2023-09-15T12:29:00+00:00,2023-09-15T12:29:00+00:00
te:2455347,2023-09-15,2023,2023-09-15,michelsen-a98bb,andreozzi,2023-09-15T21:10:00+00:00,2023-09-14T10:34:00+00:00,0.0,2023-09-17T22:00:00+00:00,2023-09-15,1.83,2.03,0.5259067357512953,0.10371982620036632,0.5846721844336427,0.23826337003908185,0.0,0.0,0.6564510999470827,0.5676570123406572,1.2580270158935036e-10,226,129,False,False,False,5c23bc4d471375eb98c05f26f586367601d1403bd9beac62800b2be8444d61cd,c227ae1081d6cf12a648dbea6bfe592b7ced2b21dce685ed105d3abfc524fe82,1.84,2.04,True,2023-09-15T18:31:00+00:00,2023-09-15T18:31:00+00:00
te:2455355,2023-09-15,2023,2023-09-15,comesana-c17e0,olivieri-ff875,2023-09-15T20:40:00+00:00,2023-09-14T10:38:00+00:00,0.0,2023-09-17T22:00:00+00:00,2023-09-15,1.91,1.94,0.5038961038961038,0.015584731016698041,0.585300018853018,0.3289845157008277,0.0,0.0,0.6292792875870368,0.5442483521348778,4.052966295908789e-12,151,154,False,False,False,2b1611a3e779be03727fbfd719ac3ea70cb8d23f6ad57f2a66be6006242a17cf,cd0dbe3416316958524fac3d7b81c6be01702279b50297f978c9272a5d053820,2.04,1.84,True,2023-09-15T20:06:00+00:00,2023-09-15T20:06:00+00:00
te:2455453,2023-09-15,2023,2023-09-15,atmane,yunchaokete,2023-09-15T04:05:00+00:00,2023-09-14T21:59:00+00:00,0.0,2023-09-17T22:00:00+00:00,2023-09-15,1.64,2.34,0.5879396984924623,0.35545468753350296,0.6342414297434881,0.19500152679551142,0.8166666666666667,0.25,0.7125056114060437,0.6784498274078231,2.6753746357188746e-08,217,166,False,False,False,23fce76bb6b3dceed58a804e6dedbb3516ba68e6788c56a0784c102d034190f2,45934aeda86ccdf840c38ca166b54c4db0e6feb2edc32f2d972c6bc9c5477b18,1.65,2.31,True,2023-09-14T23:16:00+00:00,2023-09-15T03:58:00+00:00
te:2455659,2023-09-15,2023,2023-09-15,barrere-ea847,albot,2023-09-15T17:10:00+00:00,2023-09-14T18:02:00+00:00,0.0,2023-09-17T22:00:00+00:00,2023-09-15,1.83,2.04,0.5271317829457364,0.10863384100279519,0.6355987315996882,0.44767795189162896,0.0,0.0,0.7688633427602696,0.7102275102564801,1.4654943925052066e-12,180,161,False,False,False,e55eaa0eac072913386b7383185bd36300c2c35b681b7241f40376ad574c7619,4a643e42e8b16e4bdbfa99051a62d99a58216688c9fd074e731b0fb575091771,1.85,2.02,True,2023-09-15T16:40:00+00:00,2023-09-15T16:40:00+00:00
te:2455763,2023-09-15,2023,2023-09-15,martineau-40903,pouille,2023-09-15T13:10:00+00:00,2023-09-14T21:08:00+00:00,,,,1.74,2.16,0.5538461538461539,0.2162231084696361,0.6031566316248844,0.20241214372717242,0.6166666666666667,0.6166666666666667,0.5594970831873965,0.6181972602967734,4.606478837265726e-09,195,55,False,False,False,85986c162b8ebe3a35098766c6f3e3b3199a058b1b83f38d96281ae88abe10d0,55dd2783cfbf739e5e3fa082519d31558ee3aed6d1849f78a3411d013dd819fc,1.81,2.07,True,2023-09-15T09:49:00+00:00,2023-09-15T10:41:00+00:00
te:2455807,2023-09-15,2023,2023-09-15,hijikata,vives-marcos,2023-09-15T19:10:00+00:00,2023-09-14T23:27:00+00:00,0.0,2023-09-17T22:00:00+00:00,2023-09-15,2.1,1.78,0.45876288659793807,-0.16532398042538382,0.5838043083309744,0.5037342563067255,2.45,2.0,0.726996588346584,0.6273255351154152,8.135991880209303e-13,193,78,False,False,False,6cd882787624baa369b6e1ec7e5d23248f59667b52ebceb9ac5e29f4037cbbda,be99b89c6302367afb593a8bb59fc1caa059812799dcdf740753c547496303ac,2.18,1.74,True,2023-09-15T18:14:00+00:00,2023-09-15T18:14:00+00:00
te:2456863,2023-09-19,2023,2023-09-19,artnak,giannessi,2023-09-19T10:35:00+00:00,2023-09-17T10:46:00+00:00,,,,2.01,1.81,0.47382198952879584,-0.10480787679324989,0.5896556559579139,0.4673499386151556,0.0,0.0,0.5000000000000001,0.57498668036679,0.003408571053572715,145,167,False,False,False,4aad7d7ca6b79670adc92a76f3d6f1604dbc81e5bb74e46d2e7e6e2f0ea3ae74,b03e030a400769d049c935ec8c5e72547f174906fccbd34ff2fb3e29b850f03b,2.1,1.76,True,2023-09-19T09:31:00+00:00,2023-09-19T09:31:00+00:00
te:2456875,2023-09-19,2023,2023-09-19,ajdukovic,maestrelli,2023-09-19T13:55:00+00:00,2023-09-17T10:56:00+00:00,1.0,2023-09-21T22:00:00+00:00,2023-09-19,1.92,1.9,0.4973821989528796,-0.010471299867295303,0.6234678971076544,0.5147652652111012,0.8166666666666667,0.8166666666666667,0.6194265000423731,0.6164663539589454,1.9208737378484386e-10,194,144,False,False,False,22080d55e8d977216ebc924dba0d36e048a7c4d9b7e59d723cc5293b29e552c8,4a1743f0ce5a19b6642461544a983c7ac63ec9d14dce9eaa5b7bf3e3c0752d89,1.79,2.06,True,2023-09-18T22:46:00+00:00,2023-09-18T22:46:00+00:00
te:2457685,2023-09-19,2023,2023-09-19,schoolkate,shelbayh,2023-09-18T23:00:00+00:00,2023-09-17T10:58:00+00:00,0.0,2023-09-21T22:00:00+00:00,2023-09-19,1.77,2.08,0.5402597402597403,0.16138834712748912,0.631203933055558,0.3759968263031503,0.8,0.36666666666666664,0.6661423013065604,0.6987615267202925,1.0743073097785327e-12,183,151,False,False,False,76f644eae3ec8d426f7a3b5a2170666eeb4704f3ed5ccb86b1b92db4a6472eff,275fba1c69dfa91ac357991a81da71c4d2fed2a968661bdf2bb543a0a4c94d40,1.76,2.11,True,2023-09-18T19:51:00+00:00,2023-09-18T19:51:00+00:00
te:2458967,2023-09-19,2023,2023-09-19,kirkin,neumayer,2023-09-19T08:10:00+00:00,2023-09-18T15:47:00+00:00,1.0,2023-09-21T22:00:00+00:00,2023-09-19,1.85,1.96,0.5144356955380577,0.05775883415219216,0.5908992976752653,0.3099254339413685,0.9833333333333333,0.9833333333333333,0.5000000000000001,0.573083450049179,0.008203287180991142,165,184,False,False,False,6b6f1afa1972e5a9a86c1800884a7fe54d69c2c87786078c296208e80155f4e1,57eabe1c401eac1f6570ed8e992982f5319bd667fbe4d35ed23494841010af5c,1.89,1.94,True,2023-09-19T04:32:00+00:00,2023-09-19T04:32:00+00:00
te:2459375,2023-09-19,2023,2023-09-19,mayot,harris-5a94c,2023-09-19T11:05:00+00:00,2023-09-18T21:28:00+00:00,1.0,2023-09-21T22:00:00+00:00,2023-09-19,1.74,2.11,0.548051948051948,0.19280283426153733,0.6215742349180675,0.30343258991610633,0.0,0.0,0.7099694634084,0.6562399721814945,1.4639608969524431e-10,151,199,False,False,False,7207e298cccf20f120b2c767dd4e1fb5130c07cb43e036028d2ed7d3f046544e,506400a8fa9b4482961bf966b8892088b90ffe2e16671bb4fa88418bcc263de4,1.78,2.07,True,2023-09-19T10:14:00+00:00,2023-09-19T10:22:00+00:00
te:2459865,2023-09-19,2023,2023-09-19,couacaud,mayo-58e8a,2023-09-19T16:10:00+00:00,2023-09-19T04:38:00+00:00,0.0,2023-09-21T22:00:00+00:00,2023-09-19,1.86,1.96,0.5130890052356021,0.052367985517315925,0.6033667055766387,0.3671449994628001,0.4666666666666667,0.4666666666666667,0.7282860036397519,0.647456202161757,1.916124869882907e-09,140,162,False,False,False,41aaa4dab80953db14ef4a013652b1e20792c37061dc74a61a0beb6c7b435003,47266b75467c5313061fefdcae26de8263bfa2ddfafc8b239fa5f16d4822a693,1.83,2.02,True,2023-09-19T14:47:00+00:00,2023-09-19T14:47:00+00:00
te:2460063,2023-09-22,2023,2023-09-22,lestienne,mayot,2023-09-22T08:35:00+00:00,2023-09-19T15:51:00+00:00,1.0,2023-09-24T22:00:00+00:00,2023-09-22,1.81,2.02,0.5274151436031332,0.10977066613537934,0.6310522114798676,0.4269627975040363,0.4,0.4,0.6728381129674594,0.6563648324581834,1.4946151760675264e-07,126,149,False,False,False,b4289a3721aab46a86f1936fee1289860b888bdf837acc10512616f93db0391b,62c01dc8ebfaf68aa94a91c4e750e6c7722bad31e219477394a0a2cedda1bf53,1.83,2.01,True,2023-09-20T09:07:00+00:00,2023-09-21T12:26:00+00:00
te:2460691,2023-09-22,2023,2023-09-22,dzumhur,travaglia,2023-09-22T12:15:00+00:00,2023-09-20T22:45:00+00:00,0.0,2023-09-24T22:00:00+00:00,2023-09-22,1.94,1.91,0.49610389610389616,-0.015584731016698041,0.6225686287163587,0.5160498459750188,0.6166666666666667,0.11666666666666667,0.6321880502505334,0.6136068262616954,3.9823067343736085e-08,168,212,False,False,False,4f39b314c8fb42482bd61922a87caf8aa571e09f42b554cd36b7242e2db069aa,b16c9de6a988414fbb392b59e2c83e3bad6fefeb0f726345a617df2eb7bfad1e,1.9,1.97,True,2023-09-22T10:31:00+00:00,2023-09-22T10:31:00+00:00
te:2461189,2023-09-22,2023,2023-09-22,kopriva,moeller-322bf,2023-09-22T08:35:00+00:00,2023-09-21T12:23:00+00:00,1.0,2023-09-24T22:00:00+00:00,2023-09-22,2.04,1.83,0.4728682170542636,-0.10863384100279541,0.6017687620277682,0.5214742597875813,2.2,0.16666666666666666,0.6713809409700464,0.600907390877881,1.3326892089882136e-09,159,151,False,False,False,c8fa8581df98b811430f25f92d980f48fdad39a9a21b9047ba82d8141dd9dfb0,c36d9d2a0cc8bfab14da0df228eb265e22d21a397f738d31e9dcc95f9bbc01bf,2.07,1.81,True,2023-09-22T07:58:00+00:00,2023-09-22T07:58:00+00:00
te:2461423,2023-09-22,2023,2023-09-22,kingsley-84b50,harrison-5baad,2023-09-22T17:35:00+00:00,2023-09-21T21:56:00+00:00,1.0,2023-09-24T22:00:00+00:00,2023-09-22,1.81,2.06,0.5322997416020672,0.12937913752375527,0.6163815234993385,0.3448384827084321,0.0,0.0,0.6127779975969738,0.5829285169309296,1.347749009616983e-08,85,46,False,False,False,801068cb1fb172992f997a924b787a92164da306b7024ac6210824988c0f0871,c956e023f5634b31d2666b75436d6d90d9720e835c5f99c64e28e792998cbc71,1.85,2.02,True,2023-09-22T13:58:00+00:00,2023-09-22T14:12:00+00:00
te:2461573,2023-09-22,2023,2023-09-22,broady-9ff27,cazaux,2023-09-22T16:20:00+00:00,2023-09-22T12:11:00+00:00,,,,1.81,2.07,0.5335051546391752,0.13422176199954328,0.6238000289120649,0.3714872485084343,0.75,0.08333333333333333,0.617871799355229,0.6272006300514765,4.924186475241399e-09,160,179,False,False,False,31be340710495b32cc33b42be1e2a335a55baaee746770a57a691ae071b3bbb6,8a42024fbf06715c05b91b64e822d03bd7a49e6b9dd3b31f626cd59798fc12ca,1.77,2.12,True,2023-09-22T15:10:00+00:00,2023-09-22T12:57:00+00:00
te:2462069,2023-09-26,2023,2023-09-26,llamas-ruiz,bonadio,2023-09-26T15:15:00+00:00,2023-09-24T01:07:00+00:00,0.0,2023-09-28T22:00:00+00:00,2023-09-26,1.77,2.08,0.5402597402597403,0.16138834712748912,0.6436114418520635,0.42968525460662205,0.9166666666666666,0.9166666666666666,0.7488327046889719,0.7104168417767549,5.1990634020171456e-12,169,145,False,False,False,f75f11bd9040fe149589ebf47f5b81c441991515371e9b3e509fa1770d6bdacd,a025b4f8d8f8128dca9febdcb4753e968966e6a28248b5c19b77fd8c04cf3310,1.82,2.03,True,2023-09-26T08:33:00+00:00,2023-09-26T11:55:00+00:00
te:2462719,2023-09-26,2023,2023-09-26,dellien-e101c,soriano-barrera,2023-09-26T15:10:00+00:00,2023-09-24T14:04:00+00:00,1.0,2023-09-28T22:00:00+00:00,2023-09-26,2.03,1.8,0.4699738903394256,-0.12024912815157689,0.5712969701074272,0.40739384915463533,0.6833333333333333,0.6833333333333333,0.6635131690118611,0.5597914772220397,1.3250805314113379e-09,184,130,False,False,False,cdaec023538129bd879814827506d28f40c09e5d5c2d2d9bb8b93c69b3054c28,3ddd77ab76907e9f413f20dd213a6239ac26740fd122beddf07aa8a9f5107630,1.91,1.93,True,2023-09-26T09:44:00+00:00,2023-09-26T09:11:00+00:00
te:2462729,2023-09-26,2023,2023-09-26,ejupovic,ficovich,2023-09-26T18:50:00+00:00,2023-09-24T14:04:00+00:00,1.0,2023-09-28T22:00:00+00:00,2023-09-26,1.7,2.17,0.5607235142118864,0.24409891649019808,0.6376108711450363,0.32091068486440033,1.3666666666666667,0.7333333333333333,0.7270134563166687,0.7937823073612016,8.220201686004458e-09,196,137,False,False,False,67115db5ac0b452caa9acf89606da1fdf7351f65035e0f71b08203985e91f7b0,8cd14c96003947ffd1f1d2ffb79a4900712ebff8d4b449cdafdec0170a94d2d5,1.64,2.31,True,2023-09-26T13:12:00+00:00,2023-09-26T13:12:00+00:00
te:2462771,2023-09-26,2023,2023-09-26,quinn-d0193,galarneau-32e1f,2023-09-26T15:40:00+00:00,2023-09-24T14:10:00+00:00,0.0,2023-09-28T22:00:00+00:00,2023-09-26,2.0,1.83,0.47780678851174935,-0.08883121370661573,0.6172702370975083,0.5668089670426976,1.15,0.31666666666666665,0.7143231234511797,0.8014225935781325,2.9465319073551655e-13,67,148,False,False,False,1231b42ebd66a8de3c6df48242b9af0b221966984dd75d94d8ef6af4e67a5cfa,2c69127147657b798830c2840e54307f4192bdbf457ddc177d40dd81c060ed74,1.76,2.1,True,2023-09-26T14:57:00+00:00,2023-09-26T14:57:00+00:00
te:2464383,2023-09-26,2023,2023-09-26,claverie,lama-9f250,2023-09-26T19:40:00+00:00,2023-09-26T01:14:00+00:00,1.0,2023-09-28T22:00:00+00:00,2023-09-26,1.82,2.01,0.5248041775456919,0.09929822098228022,0.6140677264862302,0.36514510795315636,1.1,1.1,0.6795659297129731,0.756722089808558,8.665290707199347e-14,103,137,False,False,False,93264bdcf696d83c304dbe86bd09b96b296dab6eb7f4fc2428cc91e50d9a749a,9afe58a907da2ed3d1b397a05b6c41072c23d7a49532420c162fb13efd65ad54,1.8,2.06,True,2023-09-26T17:50:00+00:00,2023-09-26T17:50:00+00:00
te:2464385,2023-09-26,2023,2023-09-26,tirante,bicknell-8dc8a,2023-09-26T15:05:00+00:00,2023-09-26T01:09:00+00:00,1.0,2023-09-28T22:00:00+00:00,2023-09-26,2.07,1.77,0.4609375,-0.15656906069153992,0.5900948059710138,0.5209263738848324,0.0,0.0,0.7651312708430452,0.664334664904163,3.306011020498545e-11,165,104,False,False,False,47b8af31197c9869a1268b4323d4a1b6d466cc4e08cac2a7b7e4a9f6661e3224,568e1468a302c89889cd2ab6ee2f8dcccca3796dd925dfb688fc0692c653be98,1.88,1.95,True,2023-09-26T13:43:00+00:00,2023-09-26T13:43:00+00:00
te:2465607,2023-09-29,2023,2023-09-29,valkusz,droguet,2023-09-29T13:50:00+00:00,2023-09-27T18:17:00+00:00,1.0,2023-10-01T22:00:00+00:00,2023-09-29,1.93,1.93,0.5,0.0,0.6027045794993354,0.4167470225650909,0.0,0.0,0.5000000000000001,0.5518105446895029,0.005283403624585736,119,183,False,False,False,d9469a840e07637ba7930f0df4f1aa4fddb176cf36e9213767cbf5978e3c9be2,dae0a331c20f77fc7004d45704878bc2c154d3ba709a2965857dd1fe880a6ffb,1.89,1.98,True,2023-09-28T12:16:00+00:00,2023-09-28T12:16:00+00:00
te:2465641,2023-09-29,2023,2023-09-29,ajdukovic,blancaneaux,2023-09-29T14:05:00+00:00,2023-09-27T18:13:00+00:00,0.0,2023-10-01T22:00:00+00:00,2023-09-29,1.93,1.93,0.5,0.0,0.6236784778392376,0.5051910855849305,1.0833333333333333,0.38333333333333336,0.6625515588462507,0.6314145156578321,5.7980874268448446e-09,194,164,False,False,False,120178ba2d7b278fe36e02ec47c770ed8460e093592c8f1b9796a9d32bc37776,bba2748fcd435115cb8f9cdf014b9f7733e59566bae3b1647617bdc59c95be2e,1.85,2.02,True,2023-09-28T00:00:00+00:00,2023-09-28T12:15:00+00:00
te:2465761,2023-09-29,2023,2023-09-29,tirante,dellien-e101c,2023-09-29T16:25:00+00:00,2023-09-28T14:59:00+00:00,0.0,2023-10-01T22:00:00+00:00,2023-09-29,1.68,2.26,0.5736040609137056,0.2965710198690272,0.6142875270882125,0.16879988075905933,0.0,0.0,0.682399219309479,0.6267594561421644,8.280543375982496e-08,163,184,False,False,False,f06dae950d3ad2b57d6202ed8f8bc432f589c793d68710790884452dd73652e3,073d4df050a287e7b91ef60e2792a6a72c141646928dfdfc65f4db29724a7cd6,1.65,2.33,True,2023-09-29T13:11:00+00:00,2023-09-29T13:11:00+00:00
te:2465965,2023-09-29,2023,2023-09-29,hassan-1d510,llamas-ruiz,2023-09-29T12:10:00+00:00,2023-09-28T16:39:00+00:00,0.0,2023-10-01T22:00:00+00:00,2023-09-29,2.04,1.83,0.4728682170542636,-0.10863384100279541,0.6136203840638652,0.5711899637887592,0.0,0.0,0.6946679294952633,0.7782766295186203,6.679741759718638e-10,184,169,False,False,False,888b078727dbca596ea2b1025dbdae6cb3949b9035dc76bb869bf361f720661b,f404d84d78922c0565e3be85e3007240f4c80fb6d9a2d32b19fb358b05cb7208,2.08,1.81,True,2023-09-29T11:51:00+00:00,2023-09-29T11:51:00+00:00
te:2466991,2023-10-03,2023,2023-10-03,grenier-baaf0,neuchrist,2023-10-03T14:20:00+00:00,2023-10-01T13:38:00+00:00,0.0,2023-10-05T22:00:00+00:00,2023-10-03,1.65,2.26,0.578005115089514,0.31458952537170504,0.6128590896303144,0.14475677780255752,0.36666666666666664,0.36666666666666664,0.781110268018774,0.6960488785462248,3.124454028835544e-10,137,187,False,False,False,add9c121f6b9777146646bbc25a6fe5257a79448632665f60d8fcf304815d2d6,3b135a32daf1b7d3946fb681e059f46d6196475f610b14a6f7e3beed6647773d,1.68,2.22,True,2023-10-03T14:07:00+00:00,2023-10-03T14:18:00+00:00
te:2467069,2023-10-03,2023,2023-10-03,bailly-a8c26,kolar-d6d52,2023-10-03T13:25:00+00:00,2023-10-01T20:15:00+00:00,0.0,2023-10-05T22:00:00+00:00,2023-10-03,1.99,1.83,0.4790575916230366,-0.08381867188307154,0.6039809731147633,0.5058991100658623,1.9333333333333333,0.9333333333333333,0.5000000000000001,0.5489798362929212,0.004676674456952509,105,175,False,False,False,b2a8411dc1e2900b2929ba9e9dca22011451cb108f01a9814554e2756082577f,45ce15d9a60dd632f6a436dcfae6db50e0765c160e4229cbc547d0900b4a6518,1.95,1.88,True,2023-10-03T08:23:00+00:00,2023-10-03T08:23:00+00:00
te:2467109,2023-10-03,2023,2023-10-03,bonzi-a38fa,marchenko,2023-10-03T13:35:00+00:00,2023-10-01T13:41:00+00:00,1.0,2023-10-05T22:00:00+00:00,2023-10-03,1.81,2.03,0.5286458333333333,0.11470894777596129,0.5895845977238341,0.24753944642942127,0.8333333333333334,0.8333333333333334,0.7699129073603367,0.6677898556053065,9.934636446828904e-12,107,131,False,False,False,3f6da937426f13da4dc2dbf36f9a7c288a457d03860e08aa0e6c728cab2baabe,d85874197aa33a472a96bf2ecd111943e4dd1e82839e379179cbed8fb627d31f,1.89,1.94,True,2023-10-03T08:33:00+00:00,2023-10-03T08:33:00+00:00
te:2467557,2023-10-03,2023,2023-10-03,svajda,harrison-5baad,2023-10-02T23:45:00+00:00,2023-10-01T19:58:00+00:00,1.0,2023-10-05T22:00:00+00:00,2023-10-03,1.92,1.9,0.4973821989528796,-0.010471299867295303,0.600414691215172,0.41766458707733883,0.85,0.85,0.6226283491168104,0.5588644456926177,5.390899365798063e-09,158,56,False,False,False,d17af00cc740158fca907a23e1246d8a6b480d58eb66626d8e6ab97fc573a799,2458b1a3431cc851ec2e536acd2211424e799176499242ef4a56bccf3efb2723,1.94,1.89,True,2023-10-02T23:16:00+00:00,2023-10-02T23:16:00+00:00
te:2468893,2023-10-03,2023,2023-10-03,damm-4f98a,barroso-campos,2023-10-03T09:05:00+00:00,2023-10-02T20:39:00+00:00,1.0,2023-10-05T22:00:00+00:00,2023-10-03,1.63,2.31,0.5862944162436549,0.34866750971503135,0.6567331147584303,0.30010197252368864,0.0,0.0,0.7416034515409802,0.7389675120139941,2.443245875061173e-08,171,142,False,False,False,98165297fea67c4b18495de3b3b14895d7fa608db402e3c811fefee07790aa54,dd6d691004ea6f623ef75ad4d3f338d18735155045ec91f9560e2a8bf02d367b,1.62,2.35,True,2023-10-03T05:31:00+00:00,2023-10-03T05:31:00+00:00
te:2469969,2023-10-03,2023,2023-10-03,sandgren-fb235,kingsley-84b50,2023-10-03T18:50:00+00:00,2023-10-03T10:50:00+00:00,0.0,2023-10-05T22:00:00+00:00,2023-10-03,1.74,2.11,0.548051948051948,0.19280283426153733,0.6372342919767826,0.37057736554717347,0.8166666666666667,0.15,0.7093021877236002,0.683464108504727,4.38491778997907e-09,144,89,False,False,False,87742005731e7ca6d379c7aafe5a3005e4cd743a72a3155d038f8bea343d2f55,40cafdf3fef68e3ce970f7fd050e4b218cc0cdc64112c3916c1718e611ac7c1c,1.67,2.26,True,2023-10-03T17:18:00+00:00,2023-10-03T17:56:00+00:00
te:2470515,2023-10-06,2023,2023-10-06,kwiatkowski,michelsen-a98bb,2023-10-05T23:40:00+00:00,2023-10-04T05:55:00+00:00,1.0,2023-10-08T22:00:00+00:00,2023-10-06,1.84,1.98,0.518324607329843,0.0733312730855498,0.6030687742023435,0.3449369396278887,0.85,0.85,0.633003702293014,0.7100524743399138,3.329916284378065e-08,95,222,False,False,False,05b13586ef698c396f589ecce03b7a40e79b99e4791499ea4d8e0a427edc7ae0,92b50e77006f5bd1ec133089e99be868855326529c9c5f33032441935a923c6b,1.9,1.93,True,2023-10-05T23:20:00+00:00,2023-10-05T23:20:00+00:00
te:2471079,2023-10-06,2023,2023-10-06,lestienne,landaluce-84126,2023-10-06T15:10:00+00:00,2023-10-04T19:34:00+00:00,1.0,2023-10-08T22:00:00+00:00,2023-10-06,2.09,1.79,0.4613402061855671,-0.15494844612405567,0.5709610221554071,0.44072161877789173,0.7166666666666667,0.7166666666666667,0.7681332205252216,0.6515768921655168,1.2207428401467268e-09,123,94,False,False,False,d49e7d91a7c859374074c06c4c7efa0a2a77ecd364a83513c3573a627d9bb715,cb092fa94a890d3296072978df312bd0a4daca87e4cda1506914a339726c33d1,2.07,1.81,True,2023-10-06T14:39:00+00:00,2023-10-06T14:51:00+00:00
te:2471541,2023-10-06,2023,2023-10-06,cobolli-d6311,hemery,2023-10-06T11:10:00+00:00,2023-10-05T18:47:00+00:00,0.0,2023-10-08T22:00:00+00:00,2023-10-06,1.84,2.02,0.5233160621761658,0.09333193979221903,0.5956176985316615,0.29390635476881016,0.0,0.0,0.5653861126842396,0.5000000000000001,0.0018454926806263372,189,162,False,False,False,c704151e6a37b9d5e609e31002d12a1eba34bf550d34a2cd2d3c137e946ec191,502632a865d5b663bf8726cff73465f55c6efdd52f0d5c414c593d7f35322c33,1.88,1.99,True,2023-10-06T07:34:00+00:00,2023-10-06T07:34:00+00:00
te:2471637,2023-10-06,2023,2023-10-06,schoolkate,kwiatkowski,2023-10-06T21:05:00+00:00,2023-10-06T02:46:00+00:00,1.0,2023-10-08T22:00:00+00:00,2023-10-06,1.78,2.1,0.5412371134020618,0.16532398042538338,0.620685753762321,0.32713593356470355,1.25,0.7166666666666667,0.6649617517844215,0.7250383855739052,1.4837880923934677e-11,188,99,False,False,False,9208268a9d28479602d0a905998ff10f79dbaab2775fe9bdc292fcb542a55b5f,aee79748afa9bd598db1f9b216d2f7b691361d22a1fab5c09e4c0dcfc032cc54,1.74,2.18,True,2023-10-06T20:37:00+00:00,2023-10-06T20:37:00+00:00
te:2472435,2023-10-10,2023,2023-10-10,thiem-cd8bc,sachko,2023-10-10T17:25:00+00:00,2023-10-08T09:39:00+00:00,1.0,2023-10-12T22:00:00+00:00,2023-10-10,1.79,2.05,0.5338541666666666,0.13562417329765303,0.6104325902176829,0.31350677900939056,1.35,0.35,0.7595742450031031,0.6780978229703782,1.751931932858497e-13,143,201,False,False,False,ed369df32b313f62cbe0fce8d714c038adb0a7dbfb9f5919020a0295966e3dfc,a57ef56ca9face1ce16da38680da328cd9f5c8f9cacf7e216bbc4705dc952b4c,1.74,2.14,True,2023-10-10T15:10:00+00:00,2023-10-10T15:10:00+00:00
te:2472521,2023-10-10,2023,2023-10-10,vavassori,llamas-ruiz,2023-10-10T11:55:00+00:00,2023-10-08T12:25:00+00:00,0.0,2023-10-12T22:00:00+00:00,2023-10-10,1.67,2.23,0.5717948717948719,0.28917795904336396,0.6574266261815557,0.36266933873509244,0.65,0.65,0.7380347265579077,0.7626086184246085,2.856309633259002e-09,142,174,False,False,False,8c7cd9104af1c6fdf525c49fab356bef393a4eba5b6d3147de430d870177e022,e09dec0b2b2cd06ecb493afb42578c42c49ddbcbb9bb73a48921fa475b12894e,1.69,2.21,True,2023-10-10T04:07:00+00:00,2023-10-10T04:07:00+00:00
te:2472525,2023-10-10,2023,2023-10-10,bellucci-47e7e,carballes-baena,2023-10-10T10:05:00+00:00,2023-10-08T12:27:00+00:00,1.0,2023-10-12T22:00:00+00:00,2023-10-10,1.8,2.04,0.53125,0.12516314295400602,0.6380428176629226,0.4417163264699442,1.2666666666666666,0.5,0.6875608973354583,0.6853187124801671,1.301492410510363e-07,172,138,False,False,False,50eae903d3519e6533dc47ed700fdfc9f97aff7c375712d6d498cf87580eb385,b66a3363e9d727a2b04fdbe62b108afcab35f369d6a94b7e5ec159ba77e46c90,1.71,2.18,True,2023-10-10T03:32:00+00:00,2023-10-10T09:39:00+00:00
te:2474531,2023-10-10,2023,2023-10-10,bai-0d924,haliak,2023-10-10T03:15:00+00:00,2023-10-09T14:58:00+00:00,1.0,2023-10-12T22:00:00+00:00,2023-10-10,1.8,1.9,0.5135135135135135,0.05406722127027566,0.6094641677463993,0.39099321133289155,0.31666666666666665,0.31666666666666665,0.534316897514381,0.5000000000000001,0.021246309189900142,97,231,False,False,False,78512a8b35dabea235e9c32733ab2aecdbd3b9db4a91ee8875b543efbc5453ba,302d35a0472762ea270f445f3d2f9874ed3bdefb0b3101cb0be9cd7d481ba268,2.11,1.68,True,2023-10-10T00:38:00+00:00,2023-10-09T22:40:00+00:00
te:2474537,2023-10-10,2023,2023-10-10,sinclair-7a791,huang-5117a,2023-10-10T04:10:00+00:00,2023-10-09T15:06:00+00:00,1.0,2023-10-12T22:00:00+00:00,2023-10-10,1.88,1.82,0.491891891891892,-0.032435275753153525,0.5831839324816613,0.36829286604939904,0.48333333333333334,0.48333333333333334,0.7085856901876084,0.6111524307328897,1.0695772045821172e-10,197,102,False,False,False,807397dd3c62ce77fdc9800c5b8dd320e3562160497b46af98f39c17cdbc93ce,3bbaeb467c354a16396edf7dbf4227cbf79416c350cbe775e31b852d7412c784,1.97,1.78,True,2023-10-10T02:12:00+00:00,2023-10-10T02:12:00+00:00
te:2474697,2023-10-10,2023,2023-10-10,moro-canas,ymer,2023-10-10T14:05:00+00:00,2023-10-09T19:37:00+00:00,0.0,2023-10-12T22:00:00+00:00,2023-10-10,1.81,2.02,0.5274151436031332,0.10977066613537934,0.626896354380293,0.4091543054755187,1.6,0.9333333333333333,0.6434203082181971,0.6707066442807195,2.4487989414012645e-10,177,167,False,False,False,9d84dc211ec1b538fa365919021e566735397f26280b84ae30dd227d42bf0dce,0c73190065a836416e2096d8993f5b289777bcecf17f585895f36a03695d56f1,1.72,2.16,True,2023-10-10T03:37:00+00:00,2023-10-10T11:03:00+00:00
te:2475375,2023-10-10,2023,2023-10-10,harrison-5baad,holmgren-a5794,2023-10-10T20:55:00+00:00,2023-10-10T05:05:00+00:00,0.0,2023-10-12T22:00:00+00:00,2023-10-10,1.8,2.03,0.5300261096605744,0.12024912815157689,0.6328616639754117,0.42426401535776365,0.4166666666666667,0.4166666666666667,0.7065768891716628,0.6730809173340818,6.553422679522747e-08,58,134,False,False,False,73d9c8ed1607611b9557ee9d04d3341474d9ab61bb3dd6f10b6b46731f27347b,1a5b9b5dd5492bbbfa371823da442a5aec7fe93992e862794bbacf988f35f683,1.81,2.04,True,2023-10-10T06:58:00+00:00,2023-10-10T19:17:00+00:00
te:2476419,2023-10-13,2023,2023-10-13,blanchet,cobolli-d6311,2023-10-13T09:10:00+00:00,2023-10-11T22:16:00+00:00,0.0,2023-10-15T22:00:00+00:00,2023-10-13,1.85,2.01,0.5207253886010362,0.08294908298075078,0.5917282031368651,0.2881652087597963,1.7333333333333334,1.0,0.5000000000000001,0.5717883312383104,0.020853714148710067,154,190,False,False,False,8ab5b29fc370fb5ed704aef9181786dbe760f2869e3b8f481a590ee02da4c916,cc758d2c8c0a7a8c3ceeb89226cbf385fea9989588cd4b12f6123e4d67671514,1.79,2.1,True,2023-10-13T08:50:00+00:00,2023-10-13T08:50:00+00:00
te:2476577,2023-10-13,2023,2023-10-13,darderi,cerundolo-08df6,2023-10-13T14:10:00+00:00,2023-10-12T03:49:00+00:00,0.0,2023-10-15T22:00:00+00:00,2023-10-13,1.85,2.01,0.5207253886010362,0.08294908298075078,0.6145783183770815,0.38364927662490483,1.4166666666666667,0.21666666666666667,0.5066823561120966,0.5000000000830079,0.01694768948818426,164,180,False,False,False,cbe73d9d4e60bc2aa744d18f882acdce126454171f7a01c7910796b9e267a1f4,c7d47ee70a6256ff3d2dcfa8b9f0e84a027c1cef0b2a6c510add7e15ce7b1899,1.84,2.04,True,2023-10-13T13:46:00+00:00,2023-10-13T13:46:00+00:00
te:2476693,2023-10-13,2023,2023-10-13,cachin,jung-270ad,2023-10-13T04:50:00+00:00,2023-10-12T08:25:00+00:00,0.0,2023-10-15T22:00:00+00:00,2023-10-13,1.88,1.98,0.5129533678756476,0.051825067864585767,0.5952292620687378,0.33380075022659483,0.4666666666666667,0.4666666666666667,0.6984223794807856,0.6150227775542162,2.318456537864222e-11,171,158,False,False,False,254053f12d37808929f0da2ec12117460f1aad24f5852d749cb10db45471026e,df80d75bd97a40d588a66a98f556506a8506a4c3aed2c02c2c432ac209f28d56,1.86,2.02,True,2023-10-13T04:30:00+00:00,2023-10-13T04:30:00+00:00
te:2476943,2023-10-13,2023,2023-10-13,basavareddy,michelsen-a98bb,2023-10-13T18:40:00+00:00,2023-10-12T21:47:00+00:00,0.0,2023-10-15T22:00:00+00:00,2023-10-13,1.91,1.94,0.5038961038961038,0.015584731016698041,0.5953176711902909,0.370408047199089,0.7166666666666667,0.25,0.5000000000000001,0.5659011397228053,0.0070137866745508815,22,219,False,False,False,32d5661b61f0caa3c749b63f102d4c97ad37071f33b953f4a5b2f005bce3d786,2dcc2920931b3afa3706791e699fa552f4ea5f7f8d49cca64e60e220238b6cef,1.93,1.93,True,2023-10-13T10:36:00+00:00,2023-10-13T10:36:00+00:00
te:2478207,2023-10-17,2023,2023-10-17,bellucci-47e7e,paire-4a33b,2023-10-17T13:10:00+00:00,2023-10-15T19:34:00+00:00,1.0,2023-10-19T22:00:00+00:00,2023-10-17,1.82,1.9,0.510752688172043,0.043017385083690754,0.6021245959201014,0.37130810757991056,0.8166666666666667,0.8166666666666667,0.6953930262804153,0.6204326268453177,4.335865000371086e-12,167,184,False,False,False,653cf11ec6b3a282696af079ecb448e939961445eec4c556af10387b24d3df6c,d6ab570b954c1804ab9a91250ac8da7d83901f98b13dce11435a94f236945a9c,1.85,1.92,True,2023-10-17T11:43:00+00:00,2023-10-17T11:43:00+00:00
te:2478213,2023-10-17,2023,2023-10-17,gaio,mayot,2023-10-17T11:20:00+00:00,2023-10-15T19:34:00+00:00,0.0,2023-10-19T22:00:00+00:00,2023-10-17,1.87,1.85,0.4973118279569893,-0.010752791776261574,0.609556176866081,0.45619980510248226,0.0,0.0,0.6325532068050838,0.6993032933536455,3.66197963064252e-08,168,146,False,False,False,70ebf125a0b746305dffcbbeda58fd8109bb30de004d9e9d33215c01c392c26e,f2d0fd1cf7532ef51274e2fec08ae4e12f066a57f6bc461a32919bc8f3f5343c,1.81,1.96,True,2023-10-17T02:35:00+00:00,2023-10-17T11:07:00+00:00
te:2478243,2023-10-17,2023,2023-10-17,ilkel,laaksonen,2023-10-17T13:20:00+00:00,2023-10-15T21:29:00+00:00,,,,1.77,2.08,0.5402597402597403,0.16138834712748912,0.6361213523625787,0.3971805771731752,0.5333333333333333,0.5333333333333333,0.7056162080855772,0.6796778326257751,9.550036456085209e-09,160,109,False,False,False,c2e1a70159ccd66adc59b7288ab480f8eef22d87ebda15419423e8234a939dff,2bbd6952d5977b9750d36c67263ddefa1f3cd504903ac62fcf3608ad21099dc2,1.71,2.18,True,2023-10-17T11:44:00+00:00,2023-10-17T11:44:00+00:00
te:2478659,2023-10-17,2023,2023-10-17,darderi,torres-dc0bf,2023-10-17T13:10:00+00:00,2023-10-16T10:29:00+00:00,,,,1.98,1.85,0.4830287206266319,-0.06791120561621031,0.5878950389921569,0.42318155583397155,2.033333333333333,0.5666666666666667,0.5776053851756908,0.5000000000000001,0.01444506908953369,168,129,False,False,False,4b3afb84013bbefc02e8c144ce5b731b0381e5d7bb329518781049fec7545510,1b15ed12ccb0e12911f1615001f8622195193fe13500e60a6730a2ce00beb173,2.08,1.78,True,2023-10-17T11:31:00+00:00,2023-10-17T11:31:00+00:00
te:2478663,2023-10-17,2023,2023-10-17,bagnis,olivieri-ff875,2023-10-16T22:10:00+00:00,2023-10-15T21:28:00+00:00,,,,1.81,2.03,0.5286458333333333,0.11470894777596129,0.6234893286236303,0.3896763114513897,1.2166666666666666,0.05,0.6542496587512935,0.6266279602875309,1.025114182429121e-08,158,154,False,False,False,98587f940fc13a1f4d625181e2fd1ee19524abb718fe9a29d760fb37792a2e3c,a27d695dc27ca07fee49325298ffebd0aada6d7fb94b7bcee2a29dafd1887e2b,1.8,2.05,True,2023-10-16T21:44:00+00:00,2023-10-16T21:44:00+00:00
te:2479771,2023-10-17,2023,2023-10-17,wong-d3ead,xiao-e0c33,2023-10-17T04:00:00+00:00,2023-10-16T12:59:00+00:00,1.0,2023-10-19T22:00:00+00:00,2023-10-17,1.89,1.93,0.5052356020942408,0.020943173845242972,0.5920900980130738,0.35166932049374683,0.3,0.3,0.5712158655967726,0.5000000000000001,0.015806659944274007,167,142,False,False,False,53efd94c97caf7b4e31fb437d4399345091aa84878fffd1df688af611b791b86,057997f75f717c27b7f730d4218013949d65a434a1847a2393b07dcc81d296ed,1.99,1.85,True,2023-10-17T00:34:00+00:00,2023-10-17T00:34:00+00:00
te:2479777,2023-10-17,2023,2023-10-17,huang-5117a,lock-92b29,2023-10-17T06:05:00+00:00,2023-10-16T12:58:00+00:00,1.0,2023-10-19T22:00:00+00:00,2023-10-17,2.06,1.78,0.46354166666666663,-0.14609261849749608,0.5592178627471548,0.38408101875909173,1.35,0.5833333333333334,0.5000000000000001,0.6124230185618035,0.017161947021555657,105,177,False,False,False,6d6a9b2351c915dd25e58264d11521305187f52c063bd34caee058d6812e7d58,852725ea7f4bc967be554403a8077e8c0b8736457f26c2dd70bae55a35388d6a,1.93,1.91,True,2023-10-16T16:54:00+00:00,2023-10-17T05:52:00+00:00
te:2480041,2023-10-17,2023,2023-10-17,lamasine,guinard,2023-10-17T12:50:00+00:00,2023-10-16T23:00:00+00:00,0.0,2023-10-19T22:00:00+00:00,2023-10-17,1.92,1.9,0.4973821989528796,-0.010471299867295303,0.6282421131211992,0.53515412182542,0.0,0.0,0.6426055061796008,0.6501258194447725,3.0154979879792876e-07,199,151,False,False,False,4b1c804824c58468492cb5333c3927011d9d2c98c450d35ab21bc191586ae0fb,9991d875207497650a793cb1206e9be48cafa4b23c6eeb3a45a77a498f58b207,1.93,1.91,True,2023-10-17T10:34:00+00:00,2023-10-17T10:34:00+00:00
te:2482295,2023-10-20,2023,2023-10-20,yunchaokete,bai-0d924,2023-10-20T04:10:00+00:00,2023-10-19T08:37:00+00:00,0.0,2023-10-22T22:00:00+00:00,2023-10-20,2.0,1.85,0.4805194805194806,-0.07796154146971143,0.5789064747723411,0.3962475179097621,1.2166666666666666,0.016666666666666666,0.5906605291276441,0.5007632137507954,8.159206624225313e-08,163,108,False,False,False,e3a234ce45edbd316f9f7337ecdb64bc1671e342f3c16b4579b68ce3a721f53e,b51ff0e92d64f1100b869cf78ba7c4de670105f2335a1950b05732ba224afcab,2.07,1.81,True,2023-10-20T03:11:00+00:00,2023-10-20T03:11:00+00:00
te:2482301,2023-10-20,2023,2023-10-20,wong-d3ead,huang-5117a,2023-10-20T03:10:00+00:00,2023-10-19T09:30:00+00:00,1.0,2023-10-22T22:00:00+00:00,2023-10-20,1.92,1.93,0.5012987012987012,0.005194816877103783,0.5952274194416275,0.38042335328664667,0.48333333333333334,0.48333333333333334,0.5660553117460261,0.5000000000000001,0.01589611931460637,167,109,False,False,False,4cc1c7f25e0dfd26d5adde5e3002d5922c5e5d753afcdfd412e6939dfd97790a,5ad1040a422d9edd60ead56559becccda14716e4b3772e0db933a735224c9c37,1.91,1.96,True,2023-10-19T23:44:00+00:00,2023-10-19T23:44:00+00:00
te:2482309,2023-10-20,2023,2023-10-20,kovacevic-a2706,giustino-1d545,2023-10-20T05:30:00+00:00,2023-10-19T10:01:00+00:00,1.0,2023-10-22T22:00:00+00:00,2023-10-20,2.02,1.84,0.4766839378238342,-0.09333193979221903,0.5785038566221764,0.4099665253494914,1.7166666666666666,1.0833333333333333,0.8519369413603298,0.7271579085564731,7.876344021440218e-10,163,155,False,False,False,4dd375ea47793121b650ce8b71dba9374e77f8970095edf6b9eedffe97099322,7e4e36bed87a276198aadda806554e14c86db726a0394385aec58d67625bf3b9,2.09,1.8,True,2023-10-20T04:10:00+00:00,2023-10-20T04:10:00+00:00
te:2482393,2023-10-20,2023,2023-10-20,lamasine,santillan-29bed,2023-10-20T10:40:00+00:00,2023-10-19T12:09:00+00:00,0.0,2023-10-22T22:00:00+00:00,2023-10-20,1.85,2.0,0.5194805194805195,0.0779615414697121,0.6126591213458692,0.3805420284338564,1.3666666666666667,0.13333333333333333,0.521659680392866,0.5000000000000001,0.0017586702401968246,202,146,False,False,False,4f3ed0b3c8a0e3205df503ca003f919d70a545550ee41798ab390048b1e4ef9b,6af416ff0c7235b0fb09f91f84f9d08669c49e893c7c76774634493259662b09,1.83,2.06,True,2023-10-20T10:25:00+00:00,2023-10-20T08:09:00+00:00
te:2482411,2023-10-20,2023,2023-10-20,jacquet-d2059,blanchet,2023-10-20T10:10:00+00:00,2023-10-19T13:15:00+00:00,1.0,2023-10-22T22:00:00+00:00,2023-10-20,1.79,1.94,0.520107238605898,0.08047235322257275,0.5873335813398937,0.2724810232729206,1.2,0.6666666666666666,0.5000000000000001,0.5784230984349765,0.01752611698389933,138,163,False,False,False,d4f7db56326cba0e1b6616902e474c5d923468945caf664abc62537d71bc94eb,1668f735f74b6bb980ec504ea1ebf2e9223f60d510612fe1d581032db2d1769f,1.85,2.02,True,2023-10-19T21:05:00+00:00,2023-10-20T02:32:00+00:00
te:2482511,2023-10-20,2023,2023-10-20,de-loore,forti-f61d4,2023-10-20T12:15:00+00:00,2023-10-19T18:28:00+00:00,0.0,2023-10-22T22:00:00+00:00,2023-10-20,1.59,2.24,0.5848563968668407,0.342741849634808,0.6113843845202,0.110393298888328,2.15,0.95,0.7529816240930755,0.6741883863344373,7.962241976855466e-13,168,192,False,False,False,da288b198706f70bd45c6aff7d9391c175031073100f584567186010d3642f46,fcc5a31d4b03acd95c63acb89a2b7d558e263ea4e939db65a03d1bea033c936c,1.72,2.21,True,2023-10-20T11:56:00+00:00,2023-10-20T11:56:00+00:00
te:2482533,2023-10-20,2023,2023-10-20,harris-5a94c,valkusz,2023-10-20T09:05:00+00:00,2023-10-19T18:29:00+00:00,1.0,2023-10-22T22:00:00+00:00,2023-10-20,1.83,2.03,0.5259067357512953,0.10371982620036632,0.6183797265022142,0.37895682096447847,0.36666666666666664,0.36666666666666664,0.6899686877769077,0.6382628119875192,8.260314571240102e-09,214,118,False,False,False,8d3b5b64de5eeec5228d197bb5fb95f3da9e040342437004cd45f9528a2df061,7e70668f6c93561edbb2314ec1acd09bd41bbdcbeff42a0905e8e47f96695f9c,1.87,2.01,True,2023-10-20T08:57:00+00:00,2023-10-20T08:41:00+00:00
te:2482623,2023-10-20,2023,2023-10-20,pellegrino-fd654,kopriva,2023-10-20T17:15:00+00:00,2023-10-19T20:10:00+00:00,0.0,2023-10-22T22:00:00+00:00,2023-10-20,1.93,1.92,0.49870129870129865,-0.0051948168771042275,0.6339851032868237,0.5545462406700552,0.0,0.0,0.6716815255460407,0.6970752135808188,3.8875734187371336e-08,132,157,False,False,False,c0e69648cfdfdcc6e35d430ba7380fd2f194d045618861bb2118603ddc1025a7,7ad3aee9fa0024f3a357e86ff521c3c8176c3027b519fdd8e252712df6bc2fdd,1.9,1.97,True,2023-10-20T13:33:00+00:00,2023-10-20T13:33:00+00:00
te:2483267,2023-10-24,2023,2023-10-24,ly-d1fd1,dellavedova,2023-10-23T23:40:00+00:00,2023-10-22T10:00:00+00:00,0.0,2023-10-26T22:00:00+00:00,2023-10-24,1.91,1.91,0.5,0.0,0.5895573346002294,0.36213572598122,0.2833333333333333,0.2833333333333333,0.5751351970853464,0.5000000000000001,0.010718726311527468,99,199,False,False,False,1d257461bb7c120f2d0ed3495921491e7816d3bf580d09d50c9b12637d1d9e3f,1145b89cfde6c7dc08b591287daf6df5f114ccc2aa23574c6a089833a502022d,1.92,1.92,True,2023-10-23T13:03:00+00:00,2023-10-23T13:03:00+00:00
te:2484223,2023-10-24,2023,2023-10-24,luz-2f442,dellien-e101c,2023-10-24T17:25:00+00:00,2023-10-22T12:32:00+00:00,0.0,2023-10-26T22:00:00+00:00,2023-10-24,1.74,2.11,0.548051948051948,0.19280283426153733,0.623191869289013,0.31031549270835357,0.9166666666666666,0.9166666666666666,0.6162032866194326,0.6326104440209955,1.9533898609758182e-08,139,198,False,False,False,1d2e3a31f9e3486e04cdad9ca65798d7ec4a8a56fe737ba9da3a0a3cc2329c51,5fbe6c4ae16a87ce80024b3de4e88e15a9494d8219dbd49dc8eec207029ab1de,1.85,1.98,True,2023-10-22T13:55:00+00:00,2023-10-24T15:50:00+00:00
te:2486945,2023-10-27,2023,2023-10-27,crawford-71058,meligeni-rodrigues-alves,2023-10-27T19:30:00+00:00,2023-10-25T06:47:00+00:00,1.0,2023-10-29T22:00:00+00:00,2023-10-27,1.96,1.86,0.486910994764398,-0.0523679855173157,0.5866197332580293,0.4023768694987574,0.26666666666666666,0.26666666666666666,0.6281085252369099,0.7248104486450192,5.672684544322237e-13,210,158,False,False,False,5586d32d34726fef1dbf751784f0dabb553eca59980a6806bbaa29ac648a2080,4ffe101ee46513c5a9e9623569d2da1a61706c52374a3ebb79aaa0916a12f6fc,1.9,1.93,True,2023-10-26T21:09:00+00:00,2023-10-26T21:09:00+00:00
te:2487673,2023-10-27,2023,2023-10-27,hijikata,hong-0ce56,2023-10-27T00:40:00+00:00,2023-10-26T06:31:00+00:00,0.0,2023-10-29T22:00:00+00:00,2023-10-27,1.78,2.09,0.5400516795865633,0.16055070167272584,0.5486346549564789,0.03460495537465469,0.0,0.0,0.6230198301231572,0.5000000000000001,0.005795793774481778,196,143,False,False,False,566eb7e6aff83fd29820324231b5f086a81f2662b1ce26e6d59d49da1d8e962a,cf0dd35343f69e8b39b6d04d380476a5ee9f800cd0e8700576a1a2b8661dd5ea,1.83,2.06,True,2023-10-26T21:52:00+00:00,2023-10-26T23:40:00+00:00
te:2487951,2023-10-27,2023,2023-10-27,klein-88a5e,dalla-valle,2023-10-27T13:05:00+00:00,2023-10-26T18:56:00+00:00,0.0,2023-10-29T22:00:00+00:00,2023-10-27,1.76,2.13,0.5475578406169666,0.1908081706712732,0.5866560684353347,0.15935055287808852,0.95,0.95,0.7462333715937011,0.6459289892957236,4.423114596807665e-09,160,149,False,False,False,df5bcbc5cfd222280e24a64ea3deb6f4419a2ef51c4d3b4d5f6b7c2f83d27f64,7be23a983e102af7fb2535ee3d96b2c087120457084144bb29a39a53402af70e,1.69,2.26,True,2023-10-27T11:20:00+00:00,2023-10-27T11:20:00+00:00
te:2487975,2023-10-27,2023,2023-10-27,bonzi-a38fa,fery,2023-10-27T13:50:00+00:00,2023-10-26T18:50:00+00:00,0.0,2023-10-29T22:00:00+00:00,2023-10-27,1.78,2.09,0.5400516795865633,0.16055070167272584,0.6177024065816188,0.31925675138343657,1.1166666666666667,0.4166666666666667,0.6883013346786535,0.6360845459707324,1.3051250885576238e-08,118,110,False,False,False,d79932719042ef753ca8f3705a4c5f7fb14007b6327090dc90ceea34964e5ddb,fc3337bace0cb74ca77141d468f809d13da51c6502afa598af66ad1dfea416f1,1.7,2.24,True,2023-10-27T12:49:00+00:00,2023-10-27T12:49:00+00:00
te:2489255,2023-10-31,2023,2023-10-31,marterer,geerts,2023-10-31T14:05:00+00:00,2023-10-29T18:20:00+00:00,0.0,2023-11-02T23:00:00+00:00,2023-10-31,1.54,2.5,0.6188118811881189,0.4845083154486177,0.5644219335705503,-0.22538027171869468,0.85,0.85,0.8192283567940277,0.6909582208825663,2.369274776370389e-10,168,185,False,False,False,1f426ea81f97d4e0c396e2044c469e4ab64cefc4619af852d6e16fe401e39ede,a9502f5fe7dda0a5cb72c84567918e2ce30c62e7777e9734e7282911bb6ecb48,1.61,2.38,True,2023-10-31T12:33:00+00:00,2023-10-31T13:34:00+00:00
te:2489591,2023-10-31,2023,2023-10-31,darderi,svrcina,2023-10-31T19:40:00+00:00,2023-10-29T20:03:00+00:00,0.0,2023-11-02T23:00:00+00:00,2023-10-31,1.98,1.84,0.48167539267015713,-0.07333127308554936,0.6020366747438922,0.48728978459934535,1.6666666666666667,0.06666666666666667,0.5532332374745599,0.5000000000000001,0.002479177960800036,180,150,False,False,False,76dc2a7d18b9a917b5d098eba34520b8f966695f5ee6fff8637fa2aa7c3e93ca,a3583bda68fe916f9b4e3da5be7be78a580039ba00f9dd3e8e36b40aaff5d6ea,1.99,1.85,True,2023-10-30T14:04:00+00:00,2023-10-30T14:04:00+00:00
te:2490717,2023-10-31,2023,2023-10-31,nakashima-68876,kukushkin,2023-10-31T15:10:00+00:00,2023-10-30T21:06:00+00:00,0.0,2023-11-02T23:00:00+00:00,2023-10-31,1.88,1.94,0.5078534031413613,0.031416196233379066,0.6124141949341319,0.4260553897596308,0.7666666666666667,0.7666666666666667,0.8309071963379953,0.7319798959332751,6.074707403769253e-11,105,116,False,False,False,0b9a65760de72e331fdad2523b708c1cd7f3804c7a55e56cfa3200d46fd4022c,9a3eff6144d6c656f10cf963133f87b3c1990a6502114494ca3d9ac1da1acc7e,1.68,2.23,True,2023-10-31T11:33:00+00:00,2023-10-31T14:50:00+00:00
te:2490747,2023-10-31,2023,2023-10-31,stricker,sousa-16efd,2023-10-31T16:35:00+00:00,2023-10-30T21:59:00+00:00,1.0,2023-11-02T23:00:00+00:00,2023-10-31,1.69,2.2,0.5655526992287918,0.2637288314292882,0.594574786929697,0.11918124966777693,1.85,0.7833333333333333,0.8002548510687557,0.6959536846582532,4.968439407115888e-08,152,128,False,False,False,f64a02d987aa8940cb5c7656f1ff9f6dcae04e0871b5c6be875cf070a01863cc,6670c0561a402a50ce4b02a539b287770b37036baf8209c0883d0e5e873d25b2,1.63,2.34,True,2023-10-31T10:19:00+00:00,2023-10-31T14:48:00+00:00
te:2492053,2023-11-03,2023,2023-11-03,daniel-2dd17,mochizuki-f2487,2023-11-03T00:15:00+00:00,2023-11-01T11:29:00+00:00,,,,1.95,1.89,0.4921875,-0.03125254350410442,0.6100502300039109,0.47877590560296823,1.0833333333333333,1.0833333333333333,0.6698726741532331,0.6112530488877692,6.309675004700921e-11,167,189,False,False,False,a8333a65d9722618699ccdb57f021186c5d6d76a4ae9db0214733d2e978561fa,7c4b0ab89a359b7f039c498a437752dfce2db86edc7613628c1350804b597968,1.96,1.91,True,2023-11-02T23:07:00+00:00,2023-11-02T23:07:00+00:00
te:2492499,2023-11-03,2023,2023-11-03,kypson,holt-669c7,2023-11-03T16:10:00+00:00,2023-11-02T03:50:00+00:00,0.0,2023-11-05T23:00:00+00:00,2023-11-03,1.74,2.15,0.5526992287917738,0.21158272891313384,0.6419338673009517,0.37218486148605573,0.6333333333333333,0.1,0.6973946599684314,0.7028653261100642,1.622334060702446e-07,124,105,False,False,False,0431ea4e8e30d38eeb836a852dd05a4e314e8190a0830890470252c0b77695f5,3be3dd83ce58d4e6d63a4e1fdbd1ee29d384b0437d71efb42ddaf3dc9cd27462,1.75,2.16,True,2023-11-02T21:58:00+00:00,2023-11-03T15:08:00+00:00
te:2492519,2023-11-03,2023,2023-11-03,galan-e4b30,dellien,2023-11-03T21:50:00+00:00,2023-11-02T06:08:00+00:00,0.0,2023-11-05T23:00:00+00:00,2023-11-03,1.84,2.02,0.5233160621761658,0.09333193979221903,0.6330670601342251,0.4520653107242251,1.3833333333333333,1.3833333333333333,0.6979630699902,0.6698465971930436,7.021882919566735e-08,145,139,False,False,False,6aab34438d72771f1021e8d33a698846ce5defd4259c7ce44e06cd0fc3322c52,668cb8e94acdeb66e4031e5a0c0b9e838e062435f167f39e9a745f2c35c10100,1.85,2.03,True,2023-11-03T00:11:00+00:00,2023-11-03T00:11:00+00:00
te:2492739,2023-11-03,2023,2023-11-03,nakashima-68876,fognini,2023-11-03T16:40:00+00:00,2023-11-02T18:50:00+00:00,0.0,2023-11-05T23:00:00+00:00,2023-11-03,1.85,2.02,0.5219638242894057,0.08791187232287995,0.6066535867764326,0.3453553763918756,0.0,0.0,0.8130127096049019,0.7146632668012703,1.2213341449296422e-11,102,95,False,False,False,eb7b74c26bba080aecef725b2403f3486dcf2ee88dcf440fff5448c635d72954,ab5d5b389dc1113c85d9a29a5fc7347a1a0aea19d801f131742a89ef8ee48829,2.03,1.85,True,2023-11-03T14:51:00+00:00,2023-11-03T14:51:00+00:00
te:2493759,2023-11-07,2023,2023-11-07,molcan,bellucci-47e7e,2023-11-07T11:05:00+00:00,2023-11-05T11:53:00+00:00,0.0,2023-11-09T23:00:00+00:00,2023-11-07,1.73,2.13,0.5518134715025906,0.208000571211646,0.6381975467331107,0.35954894491940853,0.85,0.85,0.7051696202141807,0.6847206377254572,1.5247292595166329e-09,144,162,False,False,False,449a0c2d3632da9a5521c7c1cffde23ca91fe07745b2ff3e38ef9a5d615a6d28,9e840a04717039c0adb92517a34ff2c5203475cbeda6e1de885b078c0d78598f,1.74,2.14,True,2023-11-06T05:57:00+00:00,2023-11-06T05:57:00+00:00
te:2494291,2023-11-07,2023,2023-11-07,saville,schoolkate,2023-11-07T00:05:00+00:00,2023-11-05T13:00:00+00:00,1.0,2023-11-09T23:00:00+00:00,2023-11-07,1.7,2.18,0.5618556701030928,0.24869662573882725,0.6214234307252355,0.24689772780908323,1.0166666666666666,0.25,0.6448755842759413,0.6926553891468715,1.6308199790593392e-09,154,187,False,False,False,8cea360b5a8c5051139fc5e3c9eb04c4327100068c4c5d0a94be5d3e6ac83159,4a32af98cde7396711ac75627baf0595a9d208380732e2c795155e40d79e1ba7,1.71,2.19,True,2023-11-06T21:24:00+00:00,2023-11-06T21:24:00+00:00
te:2495107,2023-11-07,2023,2023-11-07,hassan-1d510,moriya,2023-11-07T03:40:00+00:00,2023-11-06T17:44:00+00:00,0.0,2023-11-09T23:00:00+00:00,2023-11-07,1.9,1.92,0.5026178010471204,0.010471299867295303,0.5986224745713159,0.3892573957378429,1.1333333333333333,1.1333333333333333,0.727772069673709,0.6421892020637456,6.9088951781814956e-09,212,125,False,False,False,7a49fa61a28cd81f84c9c8d7b51e04370d4606587cc6d28aedd0138edd02323e,27de6bcbee65c3cb6a45b8f6604ad5472d177160b146105fcc4ac242677f2aa6,2.01,1.83,True,2023-11-07T00:52:00+00:00,2023-11-07T00:52:00+00:00
te:2495739,2023-11-07,2023,2023-11-07,lajal,maestrelli,2023-11-07T12:55:00+00:00,2023-11-06T17:47:00+00:00,0.0,2023-11-09T23:00:00+00:00,2023-11-07,1.83,2.0,0.5221932114882506,0.08883121370661551,0.6079438707283994,0.3498463296595288,2.0166666666666666,1.35,0.6580280210283365,0.5990741345128463,1.8502959442390221e-09,184,150,False,False,False,224fd9ed3b5cd9db4a5f8e99bac26f93075c59a807c65f4294794b2149bef1a7,e4258f103c0380268abb5921f1ce56848a3ee21458a974f6d0d1538682e90758,1.81,2.02,True,2023-11-07T09:15:00+00:00,2023-11-07T09:15:00+00:00
te:2502841,2023-11-17,2023,2023-11-17,quinn-d0193,serdarusic-5f7cc,2023-11-17T19:10:00+00:00,2023-11-15T22:42:00+00:00,0.0,2023-11-19T23:00:00+00:00,2023-11-17,1.64,2.33,0.5869017632241814,0.3511720257415024,0.6351784020683002,0.20332542052743563,0.3333333333333333,0.3333333333333333,0.7495898832883343,0.6987768754876603,4.0002304246833376e-10,80,146,False,False,False,742db4e43032ef43fd9c3ebbbb76da6b3dc102cb0382cbbda619c3bbe0e57402,b55f81456c59e620faebf0de7dc21c0dc0ea3eaf14f9a0920521d642d363dda4,1.65,2.34,True,2023-11-16T16:46:00+00:00,2023-11-16T16:46:00+00:00
te:2502901,2023-11-17,2023,2023-11-17,shimabukuro,mochizuki-f2487,2023-11-17T04:20:00+00:00,2023-11-16T07:51:00+00:00,0.0,2023-11-19T23:00:00+00:00,2023-11-17,1.83,2.04,0.5271317829457364,0.10863384100279519,0.6327660956470241,0.4354680091078609,0.7166666666666667,0.016666666666666666,0.6711469736310082,0.6632407844691887,1.1430710294968449e-08,168,178,False,False,False,d37f24fb3daabd807ec6d90caba9cfa6af498f1d38a56da5a7dd02df31633148,d4b91aa530d079a73e570c042c5daa58a06c89da786beec904f163320d0bc02c,1.79,2.11,True,2023-11-17T00:34:00+00:00,2023-11-17T00:34:00+00:00
te:2503037,2023-11-17,2023,2023-11-17,ajdukovic,rodionov-f5e38,2023-11-17T02:10:00+00:00,2023-11-16T08:15:00+00:00,1.0,2023-11-19T23:00:00+00:00,2023-11-17,1.81,2.06,0.5322997416020672,0.12937913752375527,0.6047693043447544,0.2959982986054621,0.9333333333333333,0.9333333333333333,0.572902675364972,0.6312577073582454,4.026642907994926e-11,200,191,False,False,False,f9a53413cbc6b20e245b682d672ff8dab69ec95e7f6f5dae585b8c463fdcd968,58237aa7e876e10ef94739005bc2c543a1c6f7080b91bf06f0dafc298d408e6e,1.85,2.02,True,2023-11-16T22:40:00+00:00,2023-11-17T01:21:00+00:00
te:2503039,2023-11-17,2023,2023-11-17,nardi-e2cda,polmans,2023-11-17T05:45:00+00:00,2023-11-16T08:15:00+00:00,0.0,2023-11-19T23:00:00+00:00,2023-11-17,1.83,2.03,0.5259067357512953,0.10371982620036632,0.5897121011199989,0.2590555217358578,1.1,1.1,0.6325298768559878,0.5526097114006684,2.051137346081866e-08,163,178,False,False,False,9cc23bda0a72adb9019db6858ffeab31e0704415e480e1faa88bbb44f8474137,70fe4eb1968abf41f301bea625d6e624caecb3021a00959cdfb20127803d135a,1.91,1.96,True,2023-11-17T05:16:00+00:00,2023-11-17T05:16:00+00:00
te:2503053,2023-11-17,2023,2023-11-17,cobolli-d6311,albot,2023-11-17T11:15:00+00:00,2023-11-16T17:28:00+00:00,1.0,2023-11-19T23:00:00+00:00,2023-11-17,1.74,2.15,0.5526992287917738,0.21158272891313384,0.6154623747150574,0.2587494459610748,0.9666666666666667,0.9666666666666667,0.5413778383484066,0.553392557872843,1.3305665443053005e-07,195,168,False,False,False,b2ea6e2045a52ff05a12eaae17bdab61c3f792af6157e1a902c7e531eb39a739,97278e1f9df0cfd1ece14f8ede4422043de069386b8092271299a45c6797564f,1.83,2.05,True,2023-11-16T17:40:00+00:00,2023-11-17T07:34:00+00:00
te:2503427,2023-11-17,2023,2023-11-17,bergs,koepfer,2023-11-17T18:35:00+00:00,2023-11-17T07:59:00+00:00,1.0,2023-11-19T23:00:00+00:00,2023-11-17,1.7,2.22,0.5663265306122449,0.26687894482201774,0.6165960232032952,0.20824591804634313,1.0833333333333333,0.08333333333333333,0.6033378341883254,0.6427253806291301,1.5863640956403913e-10,143,130,False,False,False,b443c021304ef264f5c6b66e3c575a4c9fd36b8d7bd22816b0e0a9f6ce32670d,68a857b22c0af1a4f8b445c3e61961ff65e4b018dfc18d5ea96090dc21969ddb,1.72,2.2,True,2023-11-17T16:59:00+00:00,2023-11-17T17:11:00+00:00
te:2503935,2023-11-21,2023,2023-11-21,riedi-a3a3d,noguchi-08bde,2023-11-21T06:20:00+00:00,2023-11-18T13:54:00+00:00,0.0,2023-11-23T23:00:00+00:00,2023-11-21,2.06,1.78,0.46354166666666663,-0.14609261849749608,0.5805319191456905,0.4710499692673671,1.3833333333333333,0.35,0.6140052698039142,0.5245938080642629,1.4141682019852553e-08,114,108,False,False,False,26eeaac4768edde18c9f73c91818eb7a2a8adea10a4ab728fbb73a56b416d35c,c50862830c74797cc20e181d6ecb26df7180161a3b7f2206875913cc3f87fc27,2.04,1.81,True,2023-11-21T05:28:00+00:00,2023-11-21T05:28:00+00:00
te:2504859,2023-11-21,2023,2023-11-21,boyer-64ede,andreozzi,2023-11-21T13:10:00+00:00,2023-11-19T19:31:00+00:00,0.0,2023-11-23T23:00:00+00:00,2023-11-21,1.79,2.04,0.5326370757180157,0.13073418800346137,0.6089321568632285,0.3120916158268237,0.8166666666666667,0.25,0.573927836200084,0.6234815369936014,1.9899942804713078e-11,145,160,False,False,False,58d8cbc546fb5f2ffd063a21ae72ceb23d46e9d10259bcb85f90614b5a4257ff,eb4c2c2b00bc1239fe1b504c1a7ab6b7749487ec886eb608dd2e770334aa84ac,1.72,2.16,True,2023-11-21T09:31:00+00:00,2023-11-21T12:26:00+00:00
te:2505843,2023-11-21,2023,2023-11-21,blancaneaux,jasika,2023-11-21T04:25:00+00:00,2023-11-20T09:26:00+00:00,1.0,2023-11-23T23:00:00+00:00,2023-11-21,1.94,1.88,0.4921465968586388,-0.03141619623337862,0.6147195626792052,0.49861088664628,0.9833333333333333,0.45,0.5036669425538066,0.5000000281943472,0.009906453219601777,162,140,False,False,False,21851ef3c52ea0a9c377702a80bac4b5cf19367b0baca5ed335769f46f89b855,3a7e8b81b8edafaae235407ecb1facc5776e8856034d52264a3e363f1c90d6d9,1.96,1.87,True,2023-11-21T04:09:00+00:00,2023-11-21T04:10:00+00:00
te:2506199,2023-11-21,2023,2023-11-21,andreev-8a7ee,krutykh,2023-11-21T17:20:00+00:00,2023-11-20T20:28:00+00:00,1.0,2023-11-23T23:00:00+00:00,2023-11-21,1.81,2.03,0.5286458333333333,0.11470894777596129,0.6170616160121447,0.3623858360982216,0.55,0.55,0.5995574088700852,0.6354665203539857,3.166067963356056e-10,133,168,False,False,False,846f1acfd641dfb10b96d66dc6706b1a59b247a78f25e27dbd261058b43d2e45,5a8ab1e07de8d11babeb6abf672deb336090dc4f4755712f4cd4bf5a53509df8,1.83,2.02,True,2023-11-21T16:10:00+00:00,2023-11-21T16:10:00+00:00
te:2507773,2023-11-24,2023,2023-11-24,bautista-agut,moro-canas,2023-11-24T15:10:00+00:00,2023-11-24T04:50:00+00:00,0.0,2023-11-26T23:00:00+00:00,2023-11-24,2.08,1.79,0.46253229974160204,-0.1501522738605631,0.5960405488641722,0.5391464691704134,1.3166666666666667,0.6833333333333333,0.7641774268020421,0.668603668524905,7.73006658683073e-12,116,187,False,False,False,b92645f97aa68d55e03ed678ecd064172fe4d63383c8fc10eb874f97e287ffc4,8ff6e70d6bc239b2d942e8c824510a42540074f0b1111264596da01b462240f1,1.85,2.02,True,2023-11-24T15:09:00+00:00,2023-11-24T15:09:00+00:00
te:2507893,2023-11-24,2023,2023-11-24,rodriguez-taverna,garin,2023-11-24T13:10:00+00:00,2023-11-22T21:25:00+00:00,1.0,2023-11-26T23:00:00+00:00,2023-11-24,1.78,2.1,0.5412371134020618,0.16532398042538338,0.5615861468776786,0.08227787033144851,0.35,0.35,0.686830436869571,0.8165659533901127,6.256997697740019e-11,175,152,False,False,False,c0efa2b79e9f2312839bdc2c70a9ead2406cec90cfffa21f0619754ac69ba770,7fcddc05e612e38709c1038ff46bb8c7ccf6ac98b3b3f0f12a4fc0a0312f573e,1.88,1.99,True,2023-11-24T11:46:00+00:00,2023-11-24T11:46:00+00:00
te:2508155,2023-11-24,2023,2023-11-24,watanuki-223ad,fonio,2023-11-24T04:10:00+00:00,2023-11-23T12:41:00+00:00,1.0,2023-11-26T23:00:00+00:00,2023-11-24,1.93,1.92,0.49870129870129865,-0.0051948168771042275,0.5808815751606373,0.3315882067893591,1.0833333333333333,1.0833333333333333,0.8449823795645898,0.7228468440476272,5.478522080437642e-10,160,205,False,False,False,67849acd0cc27406579cdd260572080571811ff98c304ef16917409ff3042616,2ba9602357979b684c94b5288af05f9cf99477297f8448db316b3b3798b6054f,2.01,1.87,True,2023-11-24T03:51:00+00:00,2023-11-24T01:18:00+00:00
te:2508433,2023-11-24,2023,2023-11-24,tabilo,tomic-4ca3d,2023-11-24T16:35:00+00:00,2023-11-23T22:15:00+00:00,1.0,2023-11-26T23:00:00+00:00,2023-11-24,1.57,2.48,0.6123456790123457,0.45718294081667427,0.606985021607372,-0.022526550262839173,0.3333333333333333,0.3333333333333333,0.7690247844508947,0.6819381008797253,3.4475398730249296e-08,174,156,False,False,False,6139a05e5bd1812cdaac14d523fff8b1f4efc8f1efb192a09e2683998c5f46a9,c211b6f2c0c761bbb38500a4716f6a4ce4286c03d433dffcc7e26b39936e63f1,1.62,2.4,True,2023-11-24T13:32:00+00:00,2023-11-24T13:32:00+00:00
te:2513541,2023-12-01,2023,2023-12-01,bergs,trotter,2023-12-01T02:55:00+00:00,2023-11-29T13:50:00+00:00,0.0,2023-12-03T23:00:00+00:00,2023-12-01,1.65,2.33,0.5854271356783919,0.34509297966511965,0.6407663350876359,0.2335988250003035,0.6833333333333333,0.21666666666666667,0.7831379986003235,0.7240152347538713,5.87089821202369e-10,146,68,False,False,False,f5b67794cdc36cab24c1fd6fb7a7d06b44796e3292a8b7f65040ce7bb9d10bd2,c691f864cd9ca90a467b03f8655433008932075adda75cd948b5cc077f67a644,1.78,2.11,True,2023-12-01T02:06:00+00:00,2023-12-01T02:06:00+00:00
te:2514043,2023-12-01,2023,2023-12-01,rincon-d1dab,forejtek,2023-12-01T13:40:00+00:00,2023-11-29T21:00:00+00:00,1.0,2023-12-03T23:00:00+00:00,2023-12-01,1.83,2.03,0.5259067357512953,0.10371982620036632,0.5939809468968388,0.2767273293904571,1.1,0.43333333333333335,0.568150373751665,0.5000000000000001,0.019578562474179384,195,87,False,False,False,d08d13075dba04ad84bc13820a6c7825cc651c2d7f1a4acea71f738ced519297,0e71ae63a4eb73e4c22de06a0129560328c31216ce94d164699df9797d4d57a2,1.88,2.0,True,2023-12-01T07:39:00+00:00,2023-12-01T09:52:00+00:00
te:2514045,2023-12-01,2023,2023-12-01,klier-junior-75c19,sakamoto-b1d5b,2023-12-01T14:10:00+00:00,2023-11-30T02:19:00+00:00,0.0,2023-12-03T23:00:00+00:00,2023-12-01,1.88,1.96,0.5104166666666667,0.04167269640056832,0.6146987130946266,0.42543396232460834,0.6166666666666667,0.6166666666666667,0.5042488441116662,0.500000004297477,0.013888066459157605,125,138,False,False,False,f4188284c389cfa4c2178ea54f8d2cdae8a70da189fca68e3dddb2f5b986af02,f9affbd455df1bb2d46e4f620f111991a15cf3a6c2c79d707f3b005d2bd473c9,1.93,1.94,True,2023-11-30T20:13:00+00:00,2023-11-30T20:13:00+00:00
te:2514195,2023-12-01,2023,2023-12-01,polmans,fonio,2023-12-01T02:55:00+00:00,2023-11-30T09:33:00+00:00,1.0,2023-12-03T23:00:00+00:00,2023-12-01,1.76,2.13,0.5475578406169666,0.1908081706712732,0.6187202379046383,0.2933116523114573,1.8833333333333333,1.2166666666666666,0.6871738597331272,0.6369329191302749,1.0032746938781756e-08,182,212,False,False,False,2bbb009406f7b320d6f86e4527346eebd86909572891a435715e86226cd399a2,a08d8bad8fa91791145bae13c17205a10c2777798c6678f164cf9cc68a155a35,1.81,2.07,True,2023-11-30T23:30:00+00:00,2023-12-01T00:17:00+00:00
te:2514391,2023-12-01,2023,2023-12-01,borges-8d823,vavassori,2023-12-01T13:10:00+00:00,2023-11-30T16:46:00+00:00,1.0,2023-12-03T23:00:00+00:00,2023-12-01,1.68,2.26,0.5736040609137056,0.2965710198690272,0.6624002020664149,0.37743772407026716,0.3333333333333333,0.3333333333333333,0.7746745925970748,0.7487833237152752,1.845135155775779e-12,146,134,False,False,False,e6ffdc2d369f8a1599eb7bb573b0d305212e8902d9639bc61530fef8e6fa1b46,cc8810b8a32a9279f8f9473ae4f11ce56c1ab9c21ba0a34547cd908fe657bb94,1.7,2.24,True,2023-12-01T12:49:00+00:00,2023-12-01T12:49:00+00:00
te:2514469,2023-12-01,2023,2023-12-01,janvier,ramos-vinolas,2023-12-01T15:50:00+00:00,2023-11-30T18:43:00+00:00,0.0,2023-12-03T23:00:00+00:00,2023-12-01,1.92,1.93,0.5012987012987012,0.005194816877103783,0.5897295301075053,0.3576525664998499,0.5833333333333334,0.5833333333333334,0.668383842938565,0.7704997499856612,7.990358374954099e-12,150,176,False,False,False,92667ad2a0463e2c8c359b27a4a1e0a91605a4504c5f99d8ed2ff5e3656b5143,bad3932ba4449269655aa6e3657eb23fdfe01199cb112f7eef20cda776d3f26e,2.0,1.87,True,2023-12-01T14:11:00+00:00,2023-12-01T14:11:00+00:00
te:2524939,2024-01-02,2024,2024-01-02,kolar-d6d52,samrej-f05ce,2024-01-02T03:10:00+00:00,2023-12-31T09:41:00+00:00,1.0,2024-01-04T23:00:00+00:00,2024-01-02,1.99,1.83,0.4790575916230366,-0.08381867188307154,0.578254463156427,0.39943055244957015,0.0,0.0,0.6546564296331376,0.5590063388772863,1.9023104064208596e-09,164,112,False,False,False,cac2bfbe1c323506cd0cca35fd32064fd13cea1b06d84b555156e76099af2557,b1e7120019831a2f308d89800d6aba0b0ce9cc3daee26fbcf393882ca2148608,1.93,1.9,True,2024-01-02T02:50:00+00:00,2024-01-02T02:50:00+00:00
te:2525291,2024-01-02,2024,2024-01-02,gigante-f720d,nava-337db,2024-01-01T23:10:00+00:00,2024-01-01T07:47:00+00:00,1.0,2024-01-04T23:00:00+00:00,2024-01-02,1.77,2.07,0.5390625,0.15656906069153992,0.6526992950705275,0.4743564754382204,0.0,0.0,0.7262871123947351,0.745179163428956,2.5181055018919096e-09,143,168,False,False,False,8841edc5d79013ef0c3612a591980a246efe2e7c1bb52e4be4c38709e2dc7ee7,766661f1ff65567487735a6f3ebd0bb9114c7deee6d075a05c40ffac74375e28,1.75,2.12,True,2024-01-01T12:24:00+00:00,2024-01-01T21:04:00+00:00
te:2525363,2024-01-02,2024,2024-01-02,gakhov,weber-173d1,2024-01-02T06:30:00+00:00,2024-01-01T12:07:00+00:00,0.0,2024-01-04T23:00:00+00:00,2024-01-02,1.69,2.18,0.5633074935400517,0.2545963478660157,0.6335140178278409,0.29272550646939866,0.0,0.0,0.6757819972825687,0.6661361483740822,1.0729955479682474e-08,148,122,False,False,False,1d9aae817a30375f692d89497a8689dbe7ec79549b1e38ff1e128599ea160c4f,56204753233d70266ede836b1fb723a8e843c43b1d27a5913f5608106f19b085,1.81,2.05,True,2024-01-02T05:44:00+00:00,2024-01-02T02:33:00+00:00
te:2526613,2024-01-05,2024,2024-01-05,pouille,hong-0ce56,2024-01-05T04:10:00+00:00,2024-01-04T09:57:00+00:00,0.0,2024-01-07T23:00:00+00:00,2024-01-05,1.66,2.29,0.579746835443038,0.3217342151976963,0.5857742776661471,0.02478926020407124,1.3666666666666667,0.3,0.5806530864759568,0.5000000000000001,0.009851645561627848,67,147,False,False,False,46417035bc635494ea68385cad363deb52cc8740cc881e4a19909d675069f3a4,312faf9abc93da16ae450e02ca135b8128c8b47067c9742721bdc46edb7a64d9,1.98,1.89,True,2024-01-05T02:24:00+00:00,2024-01-05T02:24:00+00:00
te:2526643,2024-01-05,2024,2024-01-05,cazaux,mayot,2024-01-05T09:40:00+00:00,2024-01-04T13:36:00+00:00,1.0,2024-01-07T23:00:00+00:00,2024-01-05,1.75,2.15,0.5512820512820513,0.20585205420414893,0.619583603030603,0.2819291559016199,0.23333333333333334,0.23333333333333334,0.690790863994276,0.6407036523815237,4.605205050633998e-09,189,161,False,False,False,6ac5ed4857230f64a76324e4893be1da83482ab548d78b55449fc2a245fa44e3,2c7e8ae3912b8ca03a7d8cdfc5290d7f266f466f0a79c8f92cc6357cea9022b9,1.78,2.12,True,2024-01-05T07:49:00+00:00,2024-01-05T07:49:00+00:00
te:2526683,2024-01-05,2024,2024-01-05,mensik,nakashima-68876,2024-01-05T09:40:00+00:00,2024-01-04T14:50:00+00:00,1.0,2024-01-07T23:00:00+00:00,2024-01-05,1.73,2.17,0.5564102564102563,0.22660575904268024,0.6244770189845951,0.28198910034420144,0.9833333333333333,0.2833333333333333,0.7261280392750237,0.8101086138325728,6.740996649767794e-13,151,125,False,False,False,4e2fb68a7af661e3f4f61385c712b0be9fdd5e7eac3c8cc6b843e9c81c0baa42,edab5626a48f46aa1a8accb932a7a55119469067f7c11249f3971fd9810950e5,1.79,2.1,True,2024-01-05T07:54:00+00:00,2024-01-05T07:54:00+00:00
te:2526707,2024-01-05,2024,2024-01-05,elias-3e14c,faria-4754c,2024-01-05T15:05:00+00:00,2024-01-04T18:19:00+00:00,1.0,2024-01-07T23:00:00+00:00,2024-01-05,1.77,2.11,0.5438144329896907,0.17570840090223716,0.6181530884590238,0.3060079686775926,0.0,0.0,0.5967961743149274,0.5796255102947614,7.3240723486023285e-09,91,176,False,False,False,12f39b713db988867d2709b75007dd56c454252dcd99489d6c06846f61460edc,75de87201090fc4fa76a13aed350033ace99e334f7c290244add4a6bd6fa7025,1.83,2.05,True,2024-01-05T09:35:00+00:00,2024-01-05T11:34:00+00:00
te:2527999,2024-01-09,2024,2024-01-09,casanova-dbdaf,weis-6ba1c,2024-01-09T13:10:00+00:00,2024-01-08T14:58:00+00:00,0.0,2024-01-11T23:00:00+00:00,2024-01-09,1.91,1.91,0.5,0.0,0.6297440252173655,0.5311188374654584,0.0,0.0,0.6497094145673732,0.6606322348856022,2.1852174919567702e-07,155,209,False,False,False,9100ec443591bb4acefc6155d74fb8e277cb84438e1cec6a3f69f6c15e50601e,03aaf09188f957ee4f39dc5e2f761e3b21cfa8aa8ba63f61e7038fd9b039149c,1.98,1.86,True,2024-01-09T08:59:00+00:00,2024-01-09T08:59:00+00:00
te:2528007,2024-01-09,2024,2024-01-09,sakamoto-b1d5b,taberner,2024-01-09T15:15:00+00:00,2024-01-07T20:28:00+00:00,1.0,2024-01-11T23:00:00+00:00,2024-01-09,2.0,1.83,0.47780678851174935,-0.08883121370661573,0.6125422522686846,0.5468423323064914,0.0,0.0,0.5589264358994401,0.593809642926716,2.2530269871978703e-09,139,113,False,False,False,98ef3a9a124c1d8223176f592ca8b31e40f2aab383937279634882831b61243a,da470de97e9bd38f945868c04c7e8e34093093711cc1c0cb725309cf960d4c6c,1.99,1.85,True,2024-01-08T22:54:00+00:00,2024-01-08T22:54:00+00:00
te:2528587,2024-01-09,2024,2024-01-09,noguchi-08bde,uchida-ea757,2024-01-09T06:40:00+00:00,2024-01-08T12:38:00+00:00,1.0,2024-01-11T23:00:00+00:00,2024-01-09,1.85,1.96,0.5144356955380577,0.05775883415219216,0.6146232239477613,0.4090291070944706,1.3666666666666667,0.43333333333333335,0.6649251211405105,0.6149199269753696,1.2630230195043168e-11,120,117,False,False,False,893ade75a3198514e9550c42022fa0a28dd72357ee817ca519e88bf756944842,0727fe28becd06327e6f5040168d8baa217ee8928703fc81bc7a77fc07b5a5ab,1.88,1.95,True,2024-01-08T23:15:00+00:00,2024-01-09T02:31:00+00:00
te:2529281,2024-01-09,2024,2024-01-09,descotte,ficovich,2024-01-09T19:30:00+00:00,2024-01-09T06:19:00+00:00,1.0,2024-01-11T23:00:00+00:00,2024-01-09,2.03,1.8,0.4699738903394256,-0.12024912815157689,0.5803636134893,0.4445153651695863,0.0,0.0,0.6243118302401813,0.7271330453374224,2.3936963522430688e-12,149,147,False,False,False,9ce7d217713b0db5d3cd28f91492d330e3f0db8feafa8ef4b5fb51326a1b54ac,7f8a114fc1422378d229ceab39a9774486f1e2a9b17630b65af7d12d4224b47f,2.06,1.79,True,2024-01-09T16:58:00+00:00,2024-01-09T16:58:00+00:00
te:2530325,2024-01-12,2024,2024-01-12,vacherot,fery,2024-01-12T05:00:00+00:00,2024-01-11T10:00:00+00:00,,,,1.72,2.18,0.558974358974359,0.237000585975636,0.6095493313959431,0.20841766465276268,0.95,0.95,0.5300217057818037,0.5677099785883484,3.9471080084951815e-08,221,112,False,False,False,f4ad9512993853fe516c9c1a5e65e952cb8685538a98919e9a611d969bb843a1,4f6a472d0455c7dc6f1384bcd5c2d1aeacdaf8f20d60620af988d7ce36de326b,1.71,2.22,True,2024-01-12T00:34:00+00:00,2024-01-12T00:34:00+00:00
te:2530327,2024-01-12,2024,2024-01-12,guinard,noguchi-08bde,2024-01-12T05:10:00+00:00,2024-01-11T13:10:00+00:00,0.0,2024-01-14T23:00:00+00:00,2024-01-12,1.88,1.97,0.5116883116883117,0.04676176590803954,0.6144992079596883,0.419502626598341,0.75,0.75,0.5000000001373345,0.507882583743784,0.008799172046108764,145,123,False,False,False,b0a4393c0d9b6643868c7bd753077285fe603da33b2065bd205614eed9abedc8,8118cb55c7065f0550681044dc314de0bddfc4a39d650cc3312c9b29bf5abd09,1.87,2.0,True,2024-01-12T01:32:00+00:00,2024-01-12T01:32:00+00:00
te:2530903,2024-01-16,2024,2024-01-16,onclin-89017,tabur,2024-01-16T07:10:00+00:00,2024-01-13T17:51:00+00:00,0.0,2024-01-18T23:00:00+00:00,2024-01-16,1.96,1.86,0.486910994764398,-0.0523679855173157,0.5949189316878201,0.4367059167684906,0.95,0.21666666666666667,0.5665796977728339,0.5000000000000001,0.008044516325172932,166,215,False,False,False,7b510de5351c0035adb4fedf65533e313ecffac53eb21feccbb7058fc557e6a2,2a1e00e8f005969b8b6aaae0202e65ada8958ff98ec7c938005b8e55a9341971,1.95,1.88,True,2024-01-16T06:48:00+00:00,2024-01-15T02:51:00+00:00
te:2530911,2024-01-16,2024,2024-01-16,dougaz,sachko,2024-01-16T03:10:00+00:00,2024-01-13T13:51:00+00:00,,,,1.72,2.14,0.5544041450777203,0.21848153820839877,0.6279146424120469,0.30479941546207034,0.7,0.03333333333333333,0.6597660149442796,0.6988316915017432,1.7797097129346184e-11,193,205,False,False,False,3eac0c9e0268057c7b4c73701c7bd25cf31c7ff5c081d2b55a6160565ae01752,16e0bd65974d2f68f42f0f780f3b925f2783bac303a974e5ca2ce27595bd6e26,1.78,2.08,True,2024-01-16T02:50:00+00:00,2024-01-16T02:50:00+00:00
te:2531021,2024-01-16,2024,2024-01-16,virtanen-7d161,shelbayh,2024-01-16T13:30:00+00:00,2024-01-14T21:50:00+00:00,1.0,2024-01-18T23:00:00+00:00,2024-01-16,1.72,2.14,0.5544041450777203,0.21848153820839877,0.6494111609214969,0.3979703696201101,1.1166666666666667,0.6166666666666667,0.719149616239768,0.7256137196459236,2.143713817570614e-09,157,169,False,False,False,ff96332381300c349898d73bdbf25272bf58de37c8481ac9d8ded80532486245,0e2af1685bea316ff11ad9fc17d98c245c0356b56d2f037eb9fa6cb030c703d2,1.77,2.1,True,2024-01-16T12:59:00+00:00,2024-01-16T12:59:00+00:00
te:2531023,2024-01-16,2024,2024-01-16,meligeni-rodrigues-alves,kuzmanov,2024-01-16T11:40:00+00:00,2024-01-15T23:16:00+00:00,1.0,2024-01-18T23:00:00+00:00,2024-01-16,1.74,2.12,0.5492227979274612,0.1975309754574837,0.6393932457394773,0.37520065646628553,0.9666666666666667,0.23333333333333334,0.7016841096162296,0.6878093207076145,1.8740717311338528e-10,153,137,False,False,False,949f246d463302d309edcf0958e4cc0e4b4503fd950b46f524ea855363166cc9,f9924d0216f3b15129356640c0222eada5ed4d2aeb9b234734d5bbfb42b60193,1.72,2.16,True,2024-01-16T09:22:00+00:00,2024-01-16T09:22:00+00:00
te:2531025,2024-01-16,2024,2024-01-16,kukushkin,damm-4f98a,2024-01-16T20:15:00+00:00,2024-01-14T21:50:00+00:00,1.0,2024-01-18T23:00:00+00:00,2024-01-16,1.67,2.24,0.5728900255754477,0.2936522394382851,0.6589263716651351,0.364861188608273,1.2,1.2,0.7451549256076121,0.7816805727299071,8.304007481640951e-11,101,190,False,False,False,b6c48befc011d897117916741dce1ab60b713b09bcceac7ed59a656744895d90,6174158a4b8e511637a86127b68b97d592be322f507f57a4cad08b23efdc1c7e,1.73,2.15,True,2024-01-16T18:51:00+00:00,2024-01-16T18:51:00+00:00
te:2531163,2024-01-16,2024,2024-01-16,kumar-5a863,gaio,2024-01-16T18:10:00+00:00,2024-01-15T00:59:00+00:00,0.0,2024-01-18T23:00:00+00:00,2024-01-16,1.74,2.12,0.5492227979274612,0.1975309754574837,0.6110041651437925,0.2540041643695585,0.4666666666666667,0.4666666666666667,0.528911127940388,0.500000005029603,6.0851672537595713e-05,185,181,False,False,False,b9e32b355c0fcb2834d68146ce2939206cb64a2df6da3b4e25e404eb7424a5e6,b51c9aeac239338b4d83ed74115294a3f09d7e73d3c49766b1304e08f5c2b2bb,1.85,1.99,True,2024-01-16T17:58:00+00:00,2024-01-16T17:58:00+00:00
te:2531167,2024-01-16,2024,2024-01-16,lock-92b29,gerch-539c1,2024-01-15T23:05:00+00:00,2024-01-15T00:59:00+00:00,0.0,2024-01-18T23:00:00+00:00,2024-01-16,1.86,1.95,0.5118110236220472,0.047252884850545476,0.565654918255844,0.2168919849720361,0.0,0.0,0.5000000000000001,0.6055260286773612,0.012525080547386797,176,133,False,False,False,211bcffc30d50c7a434e35ec56c5b4aa089c551e759d3722d712f122aea32183,8decccb432ad8dc45469900212a3b2af0a07ed97232551d18ebfd058d1a2469b,1.78,2.08,True,2024-01-15T18:34:00+00:00,2024-01-15T18:34:00+00:00
te:2533287,2024-01-16,2024,2024-01-16,handel,tracy-d0c0b,2024-01-16T19:45:00+00:00,2024-01-16T06:39:00+00:00,0.0,2024-01-18T23:00:00+00:00,2024-01-16,1.81,2.02,0.5274151436031332,0.10977066613537934,0.6012482234563872,0.3008980911590175,0.0,0.0,0.5000000000000001,0.5548664601523862,0.0006396128418420938,214,39,False,False,False,a5f43c44f7d5a6c0bd1c95a1741d3f50985a910519166a67c4ce220a5b27308e,c20ba642076417439d8a06ef6f804ccd9675bb965d37cd4f8554d2cf41a4a8fc,1.93,1.88,True,2024-01-16T16:52:00+00:00,2024-01-16T16:52:00+00:00
te:2534019,2024-01-19,2024,2024-01-19,fonio,moreno-de-alboran-a31d1,2024-01-19T03:40:00+00:00,2024-01-18T12:59:00+00:00,0.0,2024-01-21T23:00:00+00:00,2024-01-19,1.73,2.17,0.5564102564102563,0.22660575904268024,0.6547663758630604,0.41345137563048107,1.8833333333333333,0.25,0.7343465867327079,0.7665295251823468,1.892930256985892e-14,207,175,False,False,False,7f88e64c2bc0e2d34266b282d9b7b865ef98b50c90ab41892cf77af9e461ce79,b082d33250a70859d224f8bfbca2fd5f891f0ce267aae51b535932ab4b6aeb33,1.78,2.13,True,2024-01-19T00:04:00+00:00,2024-01-19T00:32:00+00:00
te:2534265,2024-01-19,2024,2024-01-19,lavagno,rodriguez-taverna,2024-01-19T16:15:00+00:00,2024-01-19T01:43:00+00:00,1.0,2024-01-21T23:00:00+00:00,2024-01-19,1.85,2.01,0.5207253886010362,0.08294908298075078,0.6092939794439408,0.3613963815147243,0.3,0.3,0.5887714152447823,0.6417921197282723,1.8747697561050103e-08,160,196,False,False,False,fcbcf199b4b7664f9372200876c884420fa9841d706379e9ed1aacba567ab065,1f5f7002bec322323f296fb3b3aa4653aaf62a648fed5df0c9c7bd52aebf0c2f,1.87,2.0,True,2024-01-19T12:03:00+00:00,2024-01-19T12:03:00+00:00
te:2534309,2024-01-19,2024,2024-01-19,jubb,kumar-5a863,2024-01-19T19:50:00+00:00,2024-01-19T01:48:00+00:00,1.0,2024-01-21T23:00:00+00:00,2024-01-19,1.94,1.91,0.49610389610389616,-0.015584731016698041,0.5976453840659617,0.411248476876316,0.5333333333333333,0.03333333333333333,0.5617974522915724,0.5000000000000001,0.005775363251486157,85,187,False,False,False,e76ded0e4cfae3c51d72c25d286123962cd9aaf8eaac6806394961cdb0a282dc,7fb40cdd976372fb0772a25d3d173373a3618486295470280eb424403ee5a497,1.95,1.92,True,2024-01-19T19:36:00+00:00,2024-01-19T19:36:00+00:00
te:2535093,2024-01-23,2024,2024-01-23,bicknell-8dc8a,mayo-58e8a,2024-01-23T21:00:00+00:00,2024-01-22T03:06:00+00:00,0.0,2024-01-25T23:00:00+00:00,2024-01-23,1.91,1.91,0.5,0.0,0.6139686607491043,0.46402532978098276,0.8166666666666667,0.11666666666666667,0.6113653094379411,0.6614884787437142,3.865160969063197e-11,131,183,False,False,False,29589142132759ad3f19f95afdc3ed5a98d74403508e0ba39de2830030c5ddf9,d66695004915a0ac767debe7360ab8da84a0583035b0dbdb86096496f532165e,1.88,1.96,True,2024-01-23T01:21:00+00:00,2024-01-23T17:27:00+00:00
te:2535583,2024-01-23,2024,2024-01-23,soto-fec8d,fancutt,2024-01-23T18:55:00+00:00,2024-01-22T04:11:00+00:00,1.0,2024-01-25T23:00:00+00:00,2024-01-23,1.8,1.93,0.517426273458445,0.06973333801467523,0.6153474124434343,0.4001131116549235,0.8833333333333333,0.8833333333333333,0.7594434029232792,0.6827815992342943,2.881868677029331e-08,91,124,False,False,False,d532ef3815d6116cca99389f0d1587f47dbeac2d559f212520f9f5ef6717b606,e180533d729349f3f9668120a5d36af4481718eb7c78549399de11b3ded153d9,1.76,2.0,True,2024-01-23T10:35:00+00:00,2024-01-23T10:35:00+00:00
te:2535663,2024-01-23,2024,2024-01-23,berankis,durasovic,2024-01-23T09:10:00+00:00,2024-01-22T16:54:00+00:00,1.0,2024-01-25T23:00:00+00:00,2024-01-23,1.69,2.03,0.5456989247311828,0.18330726411871368,0.6152368623873788,0.2860721536551219,1.2833333333333334,0.21666666666666667,0.7332352342273624,0.6640498467958689,1.8805623724915677e-11,112,155,False,False,False,3be69dc257492161b0a20bfb7b306df63a9c399566877334126592e1acc5108c,256db069d8011626d8cc90f488f9473495d8df9924e9075214dedcdf0139272d,1.77,1.98,True,2024-01-23T08:52:00+00:00,2024-01-23T08:52:00+00:00
te:2535851,2024-01-23,2024,2024-01-23,kasnikowski,kukushkin,2024-01-23T09:10:00+00:00,2024-01-22T16:56:00+00:00,1.0,2024-01-25T23:00:00+00:00,2024-01-23,1.75,1.99,0.5320855614973262,0.1285188508009784,0.6491346279251862,0.4867186888651807,1.05,1.05,0.78016739826602,0.731921762415099,9.894571273427744e-11,174,107,False,False,False,010ca322b7495d1e909b77a2a0ee4e8d545688ba5ae90fa17198c1f16ad595fd,1af8f0c618fd146e9bc664fa587ad837029e2db59b63a72bee056d23f46ecb98,1.78,2.01,True,2024-01-22T22:21:00+00:00,2024-01-23T06:40:00+00:00
te:2536017,2024-01-23,2024,2024-01-23,riedi-a3a3d,squire,2024-01-23T11:30:00+00:00,2024-01-22T18:15:00+00:00,1.0,2024-01-25T23:00:00+00:00,2024-01-23,1.94,1.78,0.47849462365591405,-0.08607460877124268,0.5527730958927862,0.2979561299773467,0.43333333333333335,0.43333333333333335,0.6463498246024979,0.5261007943649679,8.549050217743215e-10,97,202,False,False,False,7b3578de8df7ade2e6ffd3785ddbcd7528ada39a40931cbd17af584aa492339c,8a0fd2c787b1f18d44c5f45455e1c59eda83d307ca0bb405a2eab0760ff2598c,1.85,1.92,True,2024-01-23T10:12:00+00:00,2024-01-23T10:12:00+00:00
te:2536265,2024-01-23,2024,2024-01-23,kachmazov,geerts,2024-01-23T13:00:00+00:00,2024-01-22T23:48:00+00:00,1.0,2024-01-25T23:00:00+00:00,2024-01-23,1.67,2.11,0.5582010582010583,0.2338643210593116,0.6220524844362473,0.2644048099782381,0.43333333333333335,0.43333333333333335,0.758971725604409,0.6892881301040858,5.484138421163465e-09,170,180,False,False,False,ffd4909b77146c82ecde6a5f614344f3fe8a706d8fb0ed7248dd4f6d271f7dbb,17343496ed0b8b14af3ebaf48047f47764d2cf7b0f92f6dc611bbc85e8681020,1.61,2.28,True,2024-01-23T12:23:00+00:00,2024-01-23T12:23:00+00:00
te:2537063,2024-01-26,2024,2024-01-26,cecchinato,albot,2024-01-26T21:10:00+00:00,2024-01-25T00:56:00+00:00,1.0,2024-01-28T23:00:00+00:00,2024-01-26,1.87,1.99,0.5155440414507771,0.06219620786990554,0.6369122380527449,0.4997910908597173,0.3,0.3,0.6791374468648629,0.6902580703537374,9.797785915921509e-10,88,177,False,False,False,555a2ec4c5a9f9dc0b89d10a65f8672b84dbc5faf8352d6e5f58a9ac95e5e9bc,7b55007c6dd715b1b12a70c93f9bd36156b166dbe99b00e261cd7ab659d01c1c,1.85,2.02,True,2024-01-26T20:31:00+00:00,2024-01-26T20:31:00+00:00
te:2537141,2024-01-26,2024,2024-01-26,nakashima-68876,choinski,2024-01-26T13:30:00+00:00,2024-01-25T23:24:00+00:00,1.0,2024-01-28T23:00:00+00:00,2024-01-26,1.98,1.88,0.4870466321243523,-0.05182506786458622,0.5506671947107281,0.2551918645635187,1.4166666666666667,0.6833333333333333,0.81949919878077,0.6824679710317306,3.296446449141399e-10,135,206,False,False,False,93a2fab7b764dfdff9a889f5beb5f68dd1aa06641ef93a0f653615a5c5a25719,859ed6299f6cfe68eb0fce8acad7a5f34f4c4f7a950f64db76f2077eff8b7e22,2.04,1.84,True,2024-01-26T12:25:00+00:00,2024-01-26T12:25:00+00:00
te:2537275,2024-01-26,2024,2024-01-26,bicknell-8dc8a,holt-669c7,2024-01-26T20:05:00+00:00,2024-01-25T23:18:00+00:00,,,,2.11,1.78,0.4575835475578406,-0.17007458318398147,0.571621454564091,0.45854430612449726,2.05,1.4166666666666667,0.6589055363054845,0.7760894959356296,1.5436629752230147e-10,133,119,False,False,False,baecfe670f95c6ea6ed99cf00167fb7dc0a2d4d3a97b5b01b5a84700bec1c01f,8f148bff62a7e909159fe124ad0a445109dd5a737873c00e1d9481ce5a6606cb,2.24,1.7,True,2024-01-26T18:53:00+00:00,2024-01-26T18:53:00+00:00
te:2537277,2024-01-26,2024,2024-01-26,fanselow-fef29,tien,2024-01-26T18:10:00+00:00,2024-01-25T23:18:00+00:00,1.0,2024-01-28T23:00:00+00:00,2024-01-26,1.97,1.88,0.4883116883116883,-0.04676176590803932,0.5871072990827402,0.3987816062044796,1.0,0.3333333333333333,0.5262734295613419,0.6069614055849681,1.7703219126752323e-08,218,87,False,False,False,a7ad16c4bb14ae50df15b4ae7509e90302a79e14ecf4f0085c6b76ab2a3cb2e0,782dac41ef2126b1fae7ff2c6c30ca39a7edb04bbbb93cd97aecbe01a84af69b,1.98,1.89,True,2024-01-26T16:45:00+00:00,2024-01-26T16:45:00+00:00
te:2537283,2024-01-26,2024,2024-01-26,coric,shelbayh,2024-01-26T20:35:00+00:00,2024-01-25T23:30:00+00:00,0.0,2024-01-28T23:00:00+00:00,2024-01-26,1.89,1.96,0.5090909090909091,0.03636764417087508,0.6157306723899457,0.435098322883398,0.5333333333333333,0.5333333333333333,0.7634895730200932,0.6860348613290188,1.301877611270541e-08,110,164,False,False,False,757deed6c3084874918c4f4aaf02194da86cc0b4043baa053f10cfae6e5e2844,719ecd3f170082e27a70c15c811fbf50907a2ce9200dcbdd45d10850204aad9c,1.81,2.08,True,2024-01-26T19:35:00+00:00,2024-01-26T19:35:00+00:00
te:2537549,2024-01-30,2024,2024-01-30,sekulic-13abc,ellis-b4efc,2024-01-30T00:45:00+00:00,2024-01-27T10:56:00+00:00,0.0,2024-02-01T23:00:00+00:00,2024-01-30,1.71,2.16,0.5581395348837209,0.23361485118150513,0.625964730602578,0.28132908127100753,0.0,0.0,0.7211526117069667,0.6695885053706315,2.6881830095248915e-12,149,171,False,False,False,7fdf23dcbc08ab48070fe3f372573d43cb3078994c2913749fdef80942ccd30f,5e5f0c9ad7567f5a380282c9bec502ca2e3758092799382104745dfe38337e75,1.68,2.22,True,2024-01-30T00:10:00+00:00,2024-01-30T00:10:00+00:00
te:2538231,2024-01-30,2024,2024-01-30,cecchinato,andreozzi,2024-01-30T15:55:00+00:00,2024-01-28T01:41:00+00:00,0.0,2024-02-01T23:00:00+00:00,2024-01-30,1.97,1.85,0.48429319371727747,-0.06284790365966375,0.6056484858133829,0.49190498547864614,0.6166666666666667,0.6166666666666667,0.6605303225257223,0.5976101855092232,2.917278807412771e-09,92,136,False,False,False,ea08727a9f4abec3f1d233f8f3c6e19b5c9409d95c1c9ad76998fb5b5c507ec3,cc8b04554c0c989af9be67db98b1a06a5707eab5f5271bdb1fb897245c955cc5,2.05,1.81,True,2024-01-30T14:40:00+00:00,2024-01-30T14:39:00+00:00
te:2538239,2024-01-30,2024,2024-01-30,stodder,ficovich,2024-01-30T14:20:00+00:00,2024-01-28T01:40:00+00:00,1.0,2024-02-01T23:00:00+00:00,2024-01-30,1.86,1.96,0.5130890052356021,0.052367985517315925,0.6401802088718129,0.5237784016448458,0.31666666666666665,0.31666666666666665,0.6907404900482431,0.7001630976576279,3.3334002225160475e-11,185,148,False,False,False,c86a0bfdd833443339707106cf996c85950afa2f5d86d87dc54bfb89bb4ff315,65f871060b61501a87601eda7870bb7ae9c7a7761a3c2253f6718b9d58ab3063,1.85,1.99,True,2024-01-29T21:55:00+00:00,2024-01-30T10:00:00+00:00
te:2539155,2024-01-30,2024,2024-01-30,royer,michalski-8906f,2024-01-30T15:45:00+00:00,2024-01-29T22:48:00+00:00,1.0,2024-02-01T23:00:00+00:00,2024-01-30,1.88,1.93,0.5065616797900262,0.026248226074936154,0.5643223531290114,0.2324747823908968,0.0,0.0,0.6069862127677143,0.5000000000000001,0.01743419775593942,182,137,False,False,False,e4b9de528200baf577ee1c3326213e4e2e15dd337eb39cc687fc2901ae59dd4c,976490ed6f09687b0307de7200aea877a89d7dfe92cae94a093a81ec26511222,1.96,1.88,True,2024-01-30T14:04:00+00:00,2024-01-30T14:04:00+00:00
te:2539455,2024-01-30,2024,2024-01-30,kozlov,kirchheimer,2024-01-30T17:10:00+00:00,2024-01-30T00:59:00+00:00,1.0,2024-02-01T23:00:00+00:00,2024-01-30,1.94,1.88,0.4921465968586388,-0.03141619623337862,0.6301806035720334,0.5644078781650926,0.9666666666666667,0.2,0.6865128470439776,0.6584432755621932,5.109218603749355e-12,50,140,False,False,False,2ee1b17091ebedb31967684ae949a842b458ceacffac697c56435344039b2076,028886740e795e739dea082c8304867c40f942b2e60bf0243744a93c0b6f82c2,1.88,1.95,True,2024-01-30T01:04:00+00:00,2024-01-30T13:31:00+00:00
te:2539801,2024-02-02,2024,2024-02-02,nava-337db,brady-beba3,2024-02-01T23:50:00+00:00,2024-01-31T03:02:00+00:00,0.0,2024-02-04T23:00:00+00:00,2024-02-02,2.03,1.8,0.4699738903394256,-0.12024912815157689,0.5950043053949537,0.5049413331837229,0.31666666666666665,0.31666666666666665,0.8165390543810289,0.7090925673411442,1.602826205093777e-11,160,117,False,False,False,ecbe77a673000eabca67fc6834e46fb6952170736fea1b0dd044e7738139e583,3370fd99f2a110dfdd57bc38db3f06faa21ee291df2eef53df491ed9b6fc5214,2.04,1.81,True,2024-02-01T20:46:00+00:00,2024-02-01T20:46:00+00:00
te:2539803,2024-02-02,2024,2024-02-02,bolt-fa7eb,moriya,2024-02-02T02:05:00+00:00,2024-01-31T02:46:00+00:00,1.0,2024-02-04T23:00:00+00:00,2024-02-02,1.93,1.92,0.49870129870129865,-0.0051948168771042275,0.6010493300120169,0.4150340527996198,0.0,0.0,0.7588230846462066,0.6688219689672523,6.882217018500114e-12,114,148,False,False,False,894152a5bce34e072e3f531dfdd0725df063549881f8829d225e248dc05158c8,4283cd39bb0027d6677f0c0652924d54a75507ded5b079ef687ed441ceef2a38,1.92,1.95,True,2024-02-01T18:21:00+00:00,2024-02-01T18:21:00+00:00
te:2539819,2024-02-02,2024,2024-02-02,uchiyama,polmans,2024-02-02T00:40:00+00:00,2024-01-31T13:39:00+00:00,1.0,2024-02-04T23:00:00+00:00,2024-02-02,1.68,2.25,0.5725190839694657,0.2921364228011615,0.6413100817048827,0.2889183860484875,0.0,0.0,0.6956187284651788,0.718726757942902,1.6400625302281924e-10,120,189,False,False,False,1bf5e958906228b1d0772085303eaed0991b56f0370bd7e27bf4d89b889f662a,f541263864106800f4f05d1fa2a35fdaa6caf5003ed2111cd99e4821c0aba318,1.72,2.2,True,2024-02-02T00:29:00+00:00,2024-02-01T23:53:00+00:00
te:2540129,2024-02-02,2024,2024-02-02,kudla,sandgren-fb235,2024-02-02T16:05:00+00:00,2024-02-01T00:33:00+00:00,1.0,2024-02-04T23:00:00+00:00,2024-02-02,1.65,2.3,0.5822784810126582,0.33213383502261473,0.6375127492849109,0.23245113745318158,0.5833333333333334,0.5833333333333334,0.7019882631529888,0.6821907655702295,2.3798827353260776e-09,128,123,False,False,False,bb6e1141b2149741728a205741dc874df977b1272a97de5c93e840593d1af320,2673d194b06345d7f9c01085d7e2c47e0bb84210eb820be04916aefbc300d8ab,1.66,2.32,True,2024-02-01T21:40:00+00:00,2024-02-02T15:55:00+00:00
te:2540367,2024-02-02,2024,2024-02-02,pucinelli-de-almeida,weis-6ba1c,2024-02-02T16:35:00+00:00,2024-02-01T18:39:00+00:00,1.0,2024-02-04T23:00:00+00:00,2024-02-02,1.83,2.03,0.5259067357512953,0.10371982620036632,0.6166967596911453,0.3718311754468888,0.0,0.0,0.6493691630785583,0.6080141130601495,4.839414979862511e-11,96,215,False,False,False,1eccb83317de199faaedba3ed61f2eaee6b5f6012ff892379914ad2cdfe7306a,6e3a2f159f42726b03b581647818e7d9d3e96993b82c26f5dd41ab0002775ea5,1.88,2.0,True,2024-02-02T15:04:00+00:00,2024-02-02T07:11:00+00:00
te:2540449,2024-02-02,2024,2024-02-02,quinn-d0193,kwiatkowski,2024-02-02T18:15:00+00:00,2024-02-01T22:58:00+00:00,1.0,2024-02-04T23:00:00+00:00,2024-02-02,1.69,2.23,0.5688775510204082,0.27727305653704526,0.645705129485247,0.32294035316803127,1.3,0.7,0.7115028130358267,0.710961197995829,6.081218861808679e-11,95,158,False,False,False,221759ecc8e1f2fe8a5bf253688002a859f71c1d84a8af6337e9f95cd4690c47,58a56f73545127a226346c35cfcd80926bb5e1dab6e9b21dfe2c3d72e71af804,1.7,2.25,True,2024-02-02T14:33:00+00:00,2024-02-02T14:33:00+00:00
te:2540931,2024-02-06,2024,2024-02-06,shimizu-38ca9,bolt-fa7eb,2024-02-06T02:50:00+00:00,2024-02-04T13:42:00+00:00,0.0,2024-02-08T23:00:00+00:00,2024-02-06,1.84,1.98,0.518324607329843,0.0733312730855498,0.6238279903938853,0.43249688972560113,0.5333333333333333,0.5333333333333333,0.6826801004394498,0.7460766817256786,2.6339336323122353e-08,129,118,False,False,False,12768625af5ec3351c6f492df186971ab0fc94e9fc15283e8221bebb3147c8cd,bc5fd962018039c8c9fb7beaf414bf340ab2df3d82770bb9ff8f4dfc3ad8cf3d,1.94,1.89,True,2024-02-06T01:24:00+00:00,2024-02-06T01:24:00+00:00
te:2541339,2024-02-06,2024,2024-02-06,echargui,hsu-b2ce0,2024-02-06T13:55:00+00:00,2024-02-03T19:50:00+00:00,1.0,2024-02-08T23:00:00+00:00,2024-02-06,2.07,1.78,0.4623376623376624,-0.15093524297328376,0.5875386530006182,0.5047347820285588,0.0,0.0,0.5000000000000001,0.5781253655137717,0.0015317598735601068,174,114,False,False,False,f844d1079fa9543bcec7bc106f77aefd841793dc90dadcad74019a640ed415f7,2c0874d16c9a435f6fa1e930f0991c1993760d3fced575dda3177299e8346411,2.01,1.83,True,2024-02-06T00:51:00+00:00,2024-02-06T00:51:00+00:00
te:2541343,2024-02-06,2024,2024-02-06,donskoy,wu-f664e,2024-02-06T12:40:00+00:00,2024-02-03T19:48:00+00:00,,,,1.82,2.01,0.5248041775456919,0.09929822098228022,0.6035072650595402,0.3208021397603704,0.0,0.0,0.5826393852018191,0.64568796878161,8.819957961203606e-08,168,132,False,False,False,1f036263cae5f806f1c84e3fad7ac6fcbec0d107e0b10bffdc8d15721d4d5f34,ede51f48fa98ceb7d8d169ec997be5700d4af3a051f48b8d81189c12ac444e6c,1.88,1.94,True,2024-02-06T12:06:00+00:00,2024-02-06T09:40:00+00:00
te:2541345,2024-02-06,2024,2024-02-06,vincent-ruggeri,dougaz,2024-02-06T11:10:00+00:00,2024-02-03T19:42:00+00:00,0.0,2024-02-08T23:00:00+00:00,2024-02-06,1.66,2.24,0.5743589743589743,0.29965826349849645,0.6358525975587973,0.2577497707078946,0.0,0.0,0.6937044480520786,0.6758008310346785,6.441385758115814e-09,205,203,False,False,False,c082003f4e1952d51730e991701da04002b39c831735bbf2674e86eea42491b9,b1c01984d4039eda40fd2d583a1a92c002bdd27d05dd36062e8ee26365d67e1a,1.74,2.14,True,2024-02-06T04:49:00+00:00,2024-02-06T06:15:00+00:00
te:2542661,2024-02-06,2024,2024-02-06,hulme-b1bd8,mochizuki-7f854,2024-02-05T23:10:00+00:00,2024-02-05T04:40:00+00:00,1.0,2024-02-08T23:00:00+00:00,2024-02-06,2.09,1.76,0.4571428571428572,-0.17185025692665906,0.5786103837728,0.48892173574802417,1.6,0.2,0.6422703428316192,0.7500723038003624,1.061401988522448e-08,153,134,False,False,False,916316e29aa715c524a29a1db585f13db179fd577ed257179489fe9dc0acdead,9a6fffe9b2b037fac3a4be965193c272e4666c53db7df50e23435bfa21bd5f55,2.0,1.84,True,2024-02-05T19:34:00+00:00,2024-02-05T19:34:00+00:00
te:2542717,2024-02-06,2024,2024-02-06,dalla-valle,zakharov-faf08,2024-02-06T12:50:00+00:00,2024-02-05T17:19:00+00:00,1.0,2024-02-08T23:00:00+00:00,2024-02-06,1.74,2.12,0.5492227979274612,0.1975309754574837,0.6117250106311305,0.25703805296654225,0.0,0.0,0.5388522258872755,0.5710374813463652,4.495314398500483e-10,178,80,False,False,False,7cc01961304d6e5433f3fe8da5cd71c074fd9605f1c192831041f712df460536,90eee4a39e53fb4fe709e157b5f6b85238789bb079d75c74ae5a401d1e888c6f,1.83,2.02,True,2024-02-06T10:59:00+00:00,2024-02-06T10:59:00+00:00
te:2544325,2024-02-09,2024,2024-02-09,svrcina,mukund,2024-02-09T11:25:00+00:00,2024-02-08T15:29:00+00:00,1.0,2024-02-11T23:00:00+00:00,2024-02-09,1.99,1.87,0.4844559585492228,-0.06219620786990577,0.5917976478147728,0.433597960505141,0.0,0.0,0.670093267636927,0.5875968369535125,2.654433550741686e-08,156,137,False,False,False,facb1e2cf16ffd4894eba2c6c7bd2d1fbdcb48bfea23b9b7a226371557b03bc8,8a6e53684eb56e5f9835c1ec290577b2da6853d3f72b9a8a8367c7bcf1d1e90c,1.89,1.98,True,2024-02-09T07:33:00+00:00,2024-02-09T07:33:00+00:00
te:2544405,2024-02-09,2024,2024-02-09,kukushkin,kuzmanov,2024-02-09T14:55:00+00:00,2024-02-08T21:27:00+00:00,0.0,2024-02-11T23:00:00+00:00,2024-02-09,1.76,2.12,0.5463917525773196,0.1861022796338609,0.6262777586428293,0.3301788456306208,0.4666666666666667,0.4666666666666667,0.7190543253549864,0.6687624486164616,3.2829572393922035e-12,115,143,False,False,False,2d52474b70ae8bdab06cc90d2b6368d635e0f7dbd6b2188585da17af49149de8,18e33b45f60be9bf4a9fcbdfbd0abc840fae3e805b9fd890644b1e9e125e0a97,1.79,2.1,True,2024-02-09T06:59:00+00:00,2024-02-09T11:04:00+00:00
te:2545105,2024-02-13,2024,2024-02-13,fatic-cddef,oliveira-43505,2024-02-13T12:10:00+00:00,2024-02-11T01:16:00+00:00,1.0,2024-02-15T23:00:00+00:00,2024-02-13,1.68,2.22,0.5692307692307692,0.27871340246902043,0.6140388749455659,0.18560818581865735,0.0,0.0,0.5128017230528176,0.500000001002657,0.007641725509279759,160,239,False,False,False,55465829b4681f729d7c78b1ca4f90022c774a671fecc8c51be37f7d43cb8e79,ed8a6401be4b6ec97c8c0dc03602583080fd7dd98df3cee2df00d7e2f91bb56e,1.75,2.12,True,2024-02-13T08:04:00+00:00,2024-02-13T11:27:00+00:00
te:2545109,2024-02-13,2024,2024-02-13,ritschard,ymer,2024-02-13T13:15:00+00:00,2024-02-11T01:12:00+00:00,0.0,2024-02-15T23:00:00+00:00,2024-02-13,1.72,2.14,0.5544041450777203,0.21848153820839877,0.6361329676150163,0.3401375666026193,0.85,0.85,0.6854672533036668,0.676447587494994,1.089131507203689e-09,157,183,False,False,False,ccbd179a9352b8490007f8aa76a02f7d71d5ae954762d3214955f0fea67f90a4,b30e09ec9742aa20aada5874ec45f9189c3b4c477573bff0c767aaf81cc2d3f5,1.84,2.0,True,2024-02-11T23:47:00+00:00,2024-02-13T12:12:00+00:00
te:2545137,2024-02-13,2024,2024-02-13,nagal,blancaneaux,2024-02-13T13:05:00+00:00,2024-02-11T01:25:00+00:00,0.0,2024-02-15T23:00:00+00:00,2024-02-13,2.16,1.71,0.441860465116279,-0.23361485118150538,0.5511859166869819,0.43907828662981724,0.5833333333333334,0.5833333333333334,0.6712397643268715,0.5480740414291682,1.8432160978076872e-08,187,151,False,False,False,0dd29ec0ccfd8997ef07e5a03275cdecce3af7a72cefc04838fc6c56b5c519c9,3ec6767ce294ed257bbdd8c153b942f05505b545a951ea7043e7ae1dcd767df5,2.06,1.79,True,2024-02-13T10:30:00+00:00,2024-02-13T09:02:00+00:00
te:2545733,2024-02-13,2024,2024-02-13,gerasimov,safwat,2024-02-13T10:45:00+00:00,2024-02-11T14:40:00+00:00,0.0,2024-02-15T23:00:00+00:00,2024-02-13,1.85,1.98,0.5169712793733681,0.06791120561621009,0.6172454679454684,0.4099617050127483,1.2333333333333334,0.26666666666666666,0.7415134087006134,0.6721294213083331,1.2151668560278495e-12,126,202,False,False,False,f2812f62b1be8f65ec0fc773abaa0a465f5f6ca1065c3e9621d17f81e15b93c1,bef59e904b6fa1ef3698cc10181331ae8fab1c41a10817f529f2bb9610ad55ce,1.88,1.95,True,2024-02-12T12:29:00+00:00,2024-02-13T08:33:00+00:00
te:2547019,2024-02-13,2024,2024-02-13,elias-3e14c,ilkel,2024-02-13T14:35:00+00:00,2024-02-12T21:00:00+00:00,1.0,2024-02-15T23:00:00+00:00,2024-02-13,1.84,1.98,0.518324607329843,0.0733312730855498,0.6040220216119956,0.34892078423026057,0.0,0.0,0.6091649408666987,0.5533970106397985,3.0030212816445356e-08,108,110,False,False,False,608aba6c2c200e36668e9f100de1c4b396bdcf0b1d784d564a980339694088bb,688fa17ed86267759a59a8315eefe7b71052a8d9ecb3613241d9dcb134ccc7a5,1.88,1.94,True,2024-02-13T12:44:00+00:00,2024-02-13T13:16:00+00:00
te:2547025,2024-02-13,2024,2024-02-13,rincon-d1dab,durasovic,2024-02-13T17:20:00+00:00,2024-02-12T21:07:00+00:00,1.0,2024-02-15T23:00:00+00:00,2024-02-13,1.62,2.33,0.589873417721519,0.36344211833331663,0.6154968692381821,0.10703580940802349,0.0,0.0,0.6182057453227994,0.5841808550090124,1.574290436900938e-08,161,155,False,False,False,b42b2a18eb07ac72e90f88bea7436e709ff9a8bb8655141788ba731a3caf47f7,4809f36f22866d8ea759b83a2966c9b0a39ee45aabdbcf524dbbb9c0c63a6eed,1.65,2.3,True,2024-02-13T15:29:00+00:00,2024-02-13T15:29:00+00:00
te:2548289,2024-02-16,2024,2024-02-16,piros,vylegzhanin,2024-02-16T20:10:00+00:00,2024-02-15T16:15:00+00:00,1.0,2024-02-18T23:00:00+00:00,2024-02-16,2.07,1.8,0.4651162790697674,-0.13976194237515893,0.5422410880713078,0.30913000450311523,0.7666666666666667,0.7666666666666667,0.6704916911914099,0.5396187138458662,9.630597468113233e-08,203,119,False,False,False,e4937f09ccce915c1efc39028b8747862e058249a2e5483dbbc2ce0bc3f24b1c,35a7de5f9c7d4d4ca3019e16fc066ab131c3ccc32014c1427483fd278139d03d,2.01,1.87,True,2024-02-16T18:03:00+00:00,2024-02-16T18:03:00+00:00
te:2548321,2024-02-16,2024,2024-02-16,guinard,kuhn-c28ab,2024-02-16T12:05:00+00:00,2024-02-15T14:29:00+00:00,1.0,2024-02-18T23:00:00+00:00,2024-02-16,1.84,2.02,0.5233160621761658,0.09333193979221903,0.6090152325311855,0.3498427386251346,0.9166666666666666,0.9166666666666666,0.5357406000816755,0.5000000000000001,0.010241053007988096,155,90,False,False,False,6b506ff206a95131fd42b6b36e70426c1ed11243c64b70537ef0ea877b236ceb,a3044f627092de386d051b3da1e87fd36a89493d85f148f918c4ee32fdc4e9df,1.82,2.07,True,2024-02-16T08:32:00+00:00,2024-02-16T09:47:00+00:00
te:2548407,2024-02-16,2024,2024-02-16,jubb,searle-78f04,2024-02-16T14:00:00+00:00,2024-02-15T18:49:00+00:00,1.0,2024-02-18T23:00:00+00:00,2024-02-16,1.83,2.03,0.5259067357512953,0.10371982620036632,0.6018934999696856,0.30964113560359796,1.0833333333333333,0.31666666666666665,0.7105465339372771,0.6320759113504554,3.911625631736193e-08,106,53,False,False,False,7473592c63f243e6592fedf8aedfe0ec8099cc6c209c57802b7299424ff64d6c,f43bf0e630c7bd5c2cc773435fa4f6feb395b86cd2c8641012582aeeb7b84efa,1.84,2.04,True,2024-02-16T09:34:00+00:00,2024-02-16T09:34:00+00:00
te:2549199,2024-02-20,2024,2024-02-20,sweeny,janvier,2024-02-20T04:40:00+00:00,2024-02-17T18:46:00+00:00,1.0,2024-02-22T23:00:00+00:00,2024-02-20,1.74,2.13,0.5503875968992248,0.202236866494896,0.6365480162805381,0.3581757927056032,1.2333333333333334,0.06666666666666667,0.7299814357427471,0.6906331329493183,3.088061584222146e-09,169,163,False,False,False,c27068cb8c7d806676360ab22e9ecbf26df181a9e1f9f66f60e8ed187ef43c80,e270084f513a4ec0ee395b9d9f959b5ee92d6823613fae16baea3ab2f985b164,1.76,2.1,True,2024-02-19T22:54:00+00:00,2024-02-20T04:15:00+00:00
te:2549209,2024-02-20,2024,2024-02-20,ramanathan-8ace3,napolitano,2024-02-20T12:00:00+00:00,2024-02-18T00:49:00+00:00,1.0,2024-02-22T23:00:00+00:00,2024-02-20,1.76,2.08,0.5416666666666667,0.16705408466316649,0.5897167379313778,0.19574042750544443,1.8333333333333333,0.23333333333333334,0.6107441866464538,0.7003510944421861,9.7794494724468e-11,109,207,False,False,False,0bd1520ae8486ca9ab771481678826f25a9ceac6a50099efed166cd1f2b5216b,0ceec0f600fa84807fb6b9d9c74ffff4fdc54916140c3b7ce34f9f25b380deb7,1.7,2.19,True,2024-02-20T11:43:00+00:00,2024-02-20T07:37:00+00:00
te:2551031,2024-02-20,2024,2024-02-20,ajdukovic,fanselow-fef29,2024-02-20T11:10:00+00:00,2024-02-19T20:49:00+00:00,1.0,2024-02-22T23:00:00+00:00,2024-02-20,1.85,1.96,0.5144356955380577,0.05775883415219216,0.5893468760682931,0.30350722242458494,0.3,0.3,0.5754521687107497,0.5000000000000001,0.00640818126750492,239,215,False,False,False,4b798ca91c7e4297135f333be49d7ce6980dc789dcda91853252b9fa006f2a79,6f00908f6324cf9c958b4d906d9741a3ebf888b165aa6da7bc5b6e5b37095f5c,1.81,2.04,True,2024-02-20T05:08:00+00:00,2024-02-20T07:37:00+00:00
te:2551223,2024-02-20,2024,2024-02-20,de-jong-57322,holmgren-a5794,2024-02-20T10:10:00+00:00,2024-02-19T20:44:00+00:00,1.0,2024-02-22T23:00:00+00:00,2024-02-20,1.86,1.96,0.5130890052356021,0.052367985517315925,0.597437977777629,0.34243331255229625,0.38333333333333336,0.38333333333333336,0.7556312200299218,0.663077015938417,4.613950888021634e-11,177,171,False,False,False,37ba9c6b93294e26140964a3030c04d0619fed3bfe13f693e40dbf6f910e961a,b16d958a144cddf7be788592632ca44e4ba3018a3aa6ca26449b74feb114edd0,1.79,2.07,True,2024-02-20T09:59:00+00:00,2024-02-20T09:59:00+00:00
te:2551543,2024-02-20,2024,2024-02-20,virtanen-7d161,lamasine,2024-02-20T11:45:00+00:00,2024-02-19T20:47:00+00:00,1.0,2024-02-22T23:00:00+00:00,2024-02-20,1.73,2.13,0.5518134715025906,0.208000571211646,0.6341684415609085,0.3421410240118358,1.5833333333333333,1.0833333333333333,0.7013360450411238,0.6736575327325315,3.528093484028716e-08,153,218,False,False,False,214d1e59b272f0630b0d03cb0aeffc7adef9bbcb5679bc37bd2640007f282ec7,6e9c89416b02c102f3f1648f42bb879ed3009458c742917bb0057228690c80f0,1.72,2.16,True,2024-02-20T10:03:00+00:00,2024-02-20T10:03:00+00:00
te:2552495,2024-02-23,2024,2024-02-23,walton,mukund,2024-02-23T06:30:00+00:00,2024-02-21T12:42:00+00:00,,,,1.78,2.1,0.5412371134020618,0.16532398042538338,0.5818188228343814,0.1649203410571793,0.85,0.85,0.7687471335382157,0.6605726400837703,1.0393477745118673e-10,198,136,False,False,False,c905ffb4b0bf0c0fb546538020ae53a749e32634b533f1c9d5db65f5db565822,f27d3186afcac1caddcea777f4ada8ca40c8ae24ca3a8e91d5dcbd15cada2350,1.76,2.15,True,2024-02-23T05:49:00+00:00,2024-02-23T05:49:00+00:00
te:2552751,2024-02-23,2024,2024-02-23,travaglia,kovalik,2024-02-23T10:40:00+00:00,2024-02-21T18:24:00+00:00,,,,1.74,2.16,0.5538461538461539,0.2162231084696361,0.6127540072095169,0.24268032224926733,0.0,0.0,0.7299632950543449,0.6588913908356284,8.560122055634167e-11,180,161,False,False,False,3579df43d3bc71cd80b83691788f74b727054e79e7fda00a3a1ca3e0a2ba3576,b790cd0900b25d039122c3e23d88309623b90a5df70689e481ae5386282d028e,1.8,2.09,True,2024-02-23T10:09:00+00:00,2024-02-23T10:09:00+00:00
te:2552753,2024-02-23,2024,2024-02-23,gigante-f720d,caruso-7cfdb,2024-02-23T15:20:00+00:00,2024-02-22T02:25:00+00:00,1.0,2024-02-25T23:00:00+00:00,2024-02-23,2.0,1.85,0.4805194805194806,-0.07796154146971143,0.5737316574516809,0.3750542727070175,0.7333333333333333,0.7333333333333333,0.7145522309192343,0.6074842361282871,3.3301786328543415e-10,132,172,False,False,False,6e5acaadf808557884d0cb9a4933303c2c9db3999395772b11ea6e16a4526f59,3ec80e15c6f5402f0954682cb88ee7885be10c71a4e72e2e2b24b470a33a1fcb,2.07,1.82,True,2024-02-23T07:42:00+00:00,2024-02-23T07:42:00+00:00
te:2552909,2024-02-23,2024,2024-02-23,ajdukovic,zakharov-faf08,2024-02-23T08:40:00+00:00,2024-02-22T10:47:00+00:00,0.0,2024-02-25T23:00:00+00:00,2024-02-23,1.73,2.17,0.5564102564102563,0.22660575904268024,0.5978129117711478,0.16975471542702217,1.0333333333333334,1.0333333333333334,0.5614919424045216,0.5000000000000001,0.002951645417141685,239,102,False,False,False,d19afc2d17894ce625a2981589dc69adc31b1538fe86059e2d3011473b69f1c7,d9aaf7b800bc8061d117ac81969b7d6fc7573646e9b01c253aac4639dcca943c,1.74,2.19,True,2024-02-23T07:36:00+00:00,2024-02-23T04:48:00+00:00
te:2553059,2024-02-23,2024,2024-02-23,nakashima-68876,bellucci-47e7e,2024-02-23T15:10:00+00:00,2024-02-22T17:58:00+00:00,1.0,2024-02-25T23:00:00+00:00,2024-02-23,1.75,2.14,0.5501285347043702,0.20119004109833744,0.5965347262703334,0.1898569940812681,0.3333333333333333,0.3333333333333333,0.8053326848429448,0.7013882372797291,1.2276846206304981e-12,161,163,False,False,False,c61fcb716878f5157ac942c4d9d4cf5682eb348ab5047c2aedbff5aad4df9765,d52f31e0b5a098ff2b2fbad63aebb97cf8208a0122df32ba15b6a26b13402777,1.88,2.0,True,2024-02-23T14:57:00+00:00,2024-02-23T14:57:00+00:00
te:2553085,2024-02-23,2024,2024-02-23,marie,rocha-0492a,2024-02-23T10:40:00+00:00,2024-02-23T01:09:00+00:00,0.0,2024-02-25T23:00:00+00:00,2024-02-23,1.83,2.03,0.5259067357512953,0.10371982620036632,0.613382999360254,0.35783516911290236,0.8666666666666667,0.8666666666666667,0.5175766015433384,0.5000000000103142,0.0243963406755673,206,189,False,False,False,a828fbf6eec0d8cc7f60c0f5a43b77d4ba3883005f10ce71c5e81932a3708056,e811e7dd12ba3362172e8889017a6a935349bd737b7d000d549794afae18f2a9,1.84,2.04,True,2024-02-23T07:39:00+00:00,2024-02-23T07:39:00+00:00
te:2553925,2024-02-27,2024,2024-02-27,denolly,casanova-dbdaf,2024-02-27T08:05:00+00:00,2024-02-26T01:29:00+00:00,1.0,2024-02-29T23:00:00+00:00,2024-02-27,2.06,1.78,0.46354166666666663,-0.14609261849749608,0.6079880649046406,0.5849555841811316,0.0,0.0,0.5000000000000001,0.5388042759443179,0.004978601349693607,145,147,False,False,False,0e5211b63e5410b965e16b1d635637245ec8fc49c3b1a5936e3547035dbf5fd4,2ea9974a928a60277407851afe68fa8700560a57b8a361753e45a0cea6c61557,2.02,1.82,True,2024-02-27T01:03:00+00:00,2024-02-26T19:25:00+00:00
te:2554917,2024-02-27,2024,2024-02-27,merida-aguilar,demin,2024-02-27T13:30:00+00:00,2024-02-25T20:22:00+00:00,0.0,2024-02-29T23:00:00+00:00,2024-02-27,1.89,1.93,0.5052356020942408,0.020943173845242972,0.6157443834824076,0.45058074254495156,1.9833333333333334,0.45,0.5399531660702414,0.5454330291176663,6.853646260240875e-08,168,62,False,False,False,ecf1e48210e81fe6f7deab95fe4be820be64c11c947d7e2822d45db5950cb52d,b4cb6273d6fbdd3dfcf32e57330b8f4186563d25700bc9c5f76cad19faf43251,1.88,1.95,True,2024-02-27T12:21:00+00:00,2024-02-27T12:21:00+00:00
te:2554923,2024-02-27,2024,2024-02-27,neumayer,travaglia,2024-02-27T14:45:00+00:00,2024-02-25T20:26:00+00:00,0.0,2024-02-29T23:00:00+00:00,2024-02-27,1.82,2.01,0.5248041775456919,0.09929822098228022,0.5947026486007093,0.28414231069691476,1.1833333333333333,0.18333333333333332,0.5000000000000001,0.5669449995808941,0.0045035764953918755,182,183,False,False,False,09c259d6e57dc1d2c8b8cfeb8579cfaebf9ddc024edb4e4fd0d5f9937704c28a,e329b93fe6c71dde9d55d7fbadec8a9af043db4cea989393f01cde3189fd2203,1.84,2.0,True,2024-02-27T14:29:00+00:00,2024-02-27T14:29:00+00:00
te:2556139,2024-02-27,2024,2024-02-27,yunchaokete,habib,2024-02-27T10:10:00+00:00,2024-02-26T18:38:00+00:00,1.0,2024-02-29T23:00:00+00:00,2024-02-27,1.7,2.17,0.5607235142118864,0.24409891649019808,0.6224519004120107,0.2558694637494081,0.0,0.0,0.657072609762243,0.6254849557286022,1.984540429211812e-08,107,199,False,False,False,e5e67c65892aaeee9eebe30ab6f6bcf8aa127f8565f369a752dd3cc94ddc27cc,da91856e572ac6e6fa8e7bd17563e786dd3186269f8e7284c21de88d7378f882,1.71,2.19,True,2024-02-27T06:48:00+00:00,2024-02-27T09:44:00+00:00
te:2556895,2024-02-27,2024,2024-02-27,bouquet,lock-92b29,2024-02-27T13:00:00+00:00,2024-02-27T10:34:00+00:00,1.0,2024-02-29T23:00:00+00:00,2024-02-27,1.87,1.95,0.5104712041884817,0.041890941709160225,0.5842073332757938,0.2981782621234657,0.0,0.0,0.5000000000000001,0.5828371291009457,0.01978422370040364,111,173,False,False,False,3974259f8e3a33659fbc9484fd2c37610a129c9098a344c4255092439f3e02f9,6107c37c000f6cf7b5ff120dcddb53604d66a6441d237445932a4f75f317484d,1.86,1.96,True,2024-02-27T12:19:00+00:00,2024-02-27T12:19:00+00:00
te:2557623,2024-03-01,2024,2024-03-01,wong-d3ead,schoolkate,2024-03-01T05:45:00+00:00,2024-02-28T13:52:00+00:00,1.0,2024-03-03T23:00:00+00:00,2024-03-01,1.74,2.16,0.5538461538461539,0.2162231084696361,0.6370192496400972,0.3462269623139743,0.25,0.25,0.680471971339902,0.7003036119196082,3.4450244323913637e-09,181,169,False,False,False,4ffdf171e7ff64828ded121feaf535f0f7996f887abe62bf0621327e3cf2843c,eed173c133a2cd5a62e5c3341f53ffa3c5dc3787453e215420b7439cf3f3cbb6,1.73,2.2,True,2024-03-01T04:34:00+00:00,2024-03-01T04:34:00+00:00
te:2558215,2024-03-01,2024,2024-03-01,landaluce-84126,neumayer,2024-03-01T14:45:00+00:00,2024-02-29T20:40:00+00:00,0.0,2024-03-03T23:00:00+00:00,2024-03-01,1.79,2.09,0.538659793814433,0.1549484461240559,0.6119418914635012,0.3005337906122656,0.0,0.0,0.602513068932413,0.5640320830232142,4.55732451776214e-10,143,180,False,False,False,66f99306364011dc194645b369289a2af9ccec1e7a41a484e345bf9b1b090ad0,ba27d1177859c72165db312ee7494019182acecb8624e708c136e6c6ad005575,1.81,2.08,True,2024-03-01T14:36:00+00:00,2024-03-01T14:36:00+00:00
te:2558375,2024-03-01,2024,2024-03-01,trungelliti,kozlov,2024-03-01T11:35:00+00:00,2024-03-01T09:04:00+00:00,1.0,2024-03-03T23:00:00+00:00,2024-03-01,1.88,1.97,0.5116883116883117,0.04676176590803954,0.5918765278595759,0.32496652300114226,0.7166666666666667,0.05,0.5715542303695371,0.5000000000007299,0.008673398208697627,175,53,False,False,False,4d2b12ad7fb0932c87c969d307dc28024a8cd0c6c1d088e9bc5243ca95c0b5b6,a673f97355e6027961712fa0e702fa8449c27908ec6a74944bcdeeb6be8960c8,2.12,1.76,True,2024-03-01T11:19:00+00:00,2024-03-01T11:19:00+00:00
te:2559295,2024-03-05,2024,2024-03-05,safwat,houkes,2024-03-05T08:10:00+00:00,2024-03-02T20:08:00+00:00,0.0,2024-03-07T23:00:00+00:00,2024-03-05,1.99,1.84,0.4804177545691906,-0.07836906711550673,0.6073270556582524,0.5144594570529469,1.1166666666666667,0.45,0.6450864801366696,0.7195641123575047,2.7771650812358217e-09,197,180,False,False,False,5fe2aa04d2a3ebef020cc4c7e1304b9dfc353e8450145fc43a95481fefe0e473,af9f44273a993adc1890793f708860b24eb68b892be78f64aa8e64bd6aa2aca0,2.04,1.81,True,2024-03-05T07:10:00+00:00,2024-03-05T07:10:00+00:00
te:2559573,2024-03-05,2024,2024-03-05,escoffier,yunchaokete,2024-03-05T14:50:00+00:00,2024-03-03T05:10:00+00:00,0.0,2024-03-07T23:00:00+00:00,2024-03-05,1.79,2.05,0.5338541666666666,0.13562417329765303,0.6242284694222158,0.3719109376895648,1.2,0.36666666666666664,0.6796980714437155,0.6420792394274909,1.268485150252019e-09,158,105,False,False,False,a7ec51789d9af448c67522cc3642bd85e63c75b507c27775b9b1ce975588526d,5ebb16700c923b3e5680dd614e8d235cceafade4ac615c90a4d63f9d05b12c41,1.74,2.14,True,2024-03-05T11:56:00+00:00,2024-03-05T11:56:00+00:00
te:2559843,2024-03-05,2024,2024-03-05,sakamoto-b1d5b,cecchinato,2024-03-05T21:30:00+00:00,2024-03-03T22:08:00+00:00,0.0,2024-03-07T23:00:00+00:00,2024-03-05,1.96,1.86,0.486910994764398,-0.0523679855173157,0.6074907532531394,0.48914484409800074,0.5166666666666667,0.5166666666666667,0.6112153630747662,0.6746979115906211,7.318293193669945e-11,157,96,False,False,False,0310ea1622cfb60582c7b38681f0f88dbb1b8808b31e4eca2c77f66ee45a125f,4356da0ffeaf29f4768f00b31e0f066432326ea73ac4cfd8988dd82debe9334a,1.99,1.85,True,2024-03-05T19:43:00+00:00,2024-03-05T19:43:00+00:00
te:2560827,2024-03-05,2024,2024-03-05,kozlov,schachter,2024-03-05T10:05:00+00:00,2024-03-04T15:41:00+00:00,0.0,2024-03-07T23:00:00+00:00,2024-03-05,2.21,1.68,0.4318766066838046,-0.2741987221144939,0.5226897642072426,0.36502015612396616,2.6333333333333333,1.2,0.646216306071894,0.5000000000000001,0.00028888454828282506,62,114,False,False,False,1038fc9c082d0a6a2b6c170a8f9395a1912995c35bdccedfcc693bb9af717c1b,d8aeb3c74ae896c224f971030b187832560ef36c1d3f3585cdb6ae3b5b276475,2.15,1.73,True,2024-03-05T09:37:00+00:00,2024-03-05T09:37:00+00:00
te:2560829,2024-03-05,2024,2024-03-05,fancutt,dev,2024-03-05T10:10:00+00:00,2024-03-04T15:43:00+00:00,0.0,2024-03-07T23:00:00+00:00,2024-03-05,1.77,2.08,0.5402597402597403,0.16138834712748912,0.6243176138780855,0.3465268196926669,0.2833333333333333,0.2833333333333333,0.63045808835612,0.6210494823261263,2.4698840750403406e-09,101,137,False,False,False,05fd95d1549047eee7733e345b0328248f2b130544bbbb0084be3fcbd1bee83e,d2d757bdb9de8bca4612fd3aeb67de3c4ed6a6ebd0db3eec1a0cdae4a31f0f1e,1.83,2.01,True,2024-03-05T09:14:00+00:00,2024-03-05T09:56:00+00:00
te:2563579,2024-03-08,2024,2024-03-08,wenger-18fed,cukierman,2024-03-08T08:40:00+00:00,2024-03-07T13:29:00+00:00,1.0,2024-03-10T23:00:00+00:00,2024-03-08,1.93,1.93,0.5,0.0,0.5991949077254665,0.4021116787456751,0.0,0.0,0.7256716757279604,0.6411081914185568,8.359348407926959e-09,192,123,False,False,False,f91c0147e6208d17d1d9d203d56b77de6c309813fea12460c5dcfc8746d6d7a2,b78922c25804aeed66635e1e83bbf729c61f417bf6f8fb6e25807734ca519de9,2.04,1.84,True,2024-03-08T08:24:00+00:00,2024-03-08T08:24:00+00:00
te:2563597,2024-03-08,2024,2024-03-08,masur-d87d6,albot,2024-03-08T11:15:00+00:00,2024-03-07T16:38:00+00:00,1.0,2024-03-10T23:00:00+00:00,2024-03-08,1.71,2.21,0.5637755102040817,0.25649914501509313,0.6193380102014534,0.23024022163852886,1.4333333333333333,0.26666666666666666,0.6314701270437694,0.6773063891686965,2.2427172952088625e-08,179,183,False,False,False,c57e22c646db7196f9dfa04d30ee595f0fd0e5ceaaf8aeb187093c651595095d,4554fc0b24bb48ee8d83cde6ebe28083471bc2f567ed8ee326b08c47cf0a2748,1.7,2.24,True,2024-03-08T08:06:00+00:00,2024-03-08T08:06:00+00:00
te:2563629,2024-03-08,2024,2024-03-08,bergs,kukushkin,2024-03-08T13:35:00+00:00,2024-03-07T15:00:00+00:00,0.0,2024-03-10T23:00:00+00:00,2024-03-08,1.62,2.38,0.595,0.3846743384390905,0.6352722880784544,0.17022828821418523,1.45,0.8833333333333333,0.7023315528912127,0.6765774122979304,1.687386519400036e-08,152,142,False,False,False,093a91cfb163b3ebd8b3a38ec2a13b0b89931d0a4ead10d27e15345c525de514,8c66738d5a5aa588f488d9df568ab8c3741d262bfd7bdde54e41792651bd9a6d,1.7,2.24,True,2024-03-08T12:09:00+00:00,2024-03-08T12:23:00+00:00
te:2564725,2024-03-12,2024,2024-03-12,kolar-d6d52,misolic,2024-03-12T11:55:00+00:00,2024-03-10T12:09:00+00:00,1.0,2024-03-14T23:00:00+00:00,2024-03-12,1.98,1.84,0.48167539267015713,-0.07333127308554936,0.5844000213721563,0.4141937817329541,0.0,0.0,0.5235279355687558,0.6077359434109741,3.439617883571611e-08,139,141,False,False,False,d351ef67c6f90f04ec999eaed575aefe0229e56033878197fd78d9b88278ab0c,0d2876aa0fe6bed56f2311d7cf5e5aee9711f30b18af9fbddcc3f6be48879d75,2.06,1.79,True,2024-03-12T00:27:00+00:00,2024-03-11T17:53:00+00:00
te:2565601,2024-03-12,2024,2024-03-12,passaro-5f6f1,dellien-e101c,2024-03-12T17:20:00+00:00,2024-03-11T01:56:00+00:00,0.0,2024-03-14T23:00:00+00:00,2024-03-12,1.84,1.98,0.518324607329843,0.0733312730855498,0.6111231473194073,0.3787044968060003,1.0833333333333333,0.55,0.5000000000000001,0.5284511475904863,0.010639145656149124,134,196,False,False,False,c11718ced9238969ac12fed03490bfc0b83692574ea8fbd16e2663ad3c1d6300,9f136227a78c9af69065cfb7b92adb5d8ccac8e7ee8db8598220cca0ccfe5ded,1.85,1.99,True,2024-03-11T20:01:00+00:00,2024-03-11T20:01:00+00:00
te:2567805,2024-03-12,2024,2024-03-12,paul-b9a07,bertola-e4bb8,2024-03-12T09:40:00+00:00,2024-03-11T20:18:00+00:00,0.0,2024-03-14T23:00:00+00:00,2024-03-12,1.91,1.91,0.5,0.0,0.6130651670704592,0.46021495023296166,0.35,0.35,0.5000000000000001,0.5194746837440101,0.007817838545937206,143,196,False,False,False,446f74a09b5484510af30c6377e1242d715276eff88ebc8628c032a163b965ef,4ecc315aa496c91b42cbb746c238f1f758fae3459168ada5137799f55bf3c22a,1.92,1.92,True,2024-03-12T08:21:00+00:00,2024-03-12T08:21:00+00:00
te:2567811,2024-03-12,2024,2024-03-12,chidekh,andreev-8a7ee,2024-03-12T09:45:00+00:00,2024-03-11T20:58:00+00:00,1.0,2024-03-14T23:00:00+00:00,2024-03-12,1.86,1.96,0.5130890052356021,0.052367985517315925,0.6138929183836911,0.41133778288724115,0.0,0.0,0.5140055463131092,0.500000000308109,0.002463430123137822,125,160,False,False,False,d13cae6614fee0b4f73829f69883671277da51510e498e782cbf6537da0c11e2,a5fc4018fbabfa2f58d2cd1f515bb91fbcfe1b1c7f81094f0ea8f0a81c9ae725,1.91,1.93,True,2024-03-12T09:06:00+00:00,2024-03-12T09:06:00+00:00
te:2567813,2024-03-12,2024,2024-03-12,topo-77408,edmund,2024-03-12T17:00:00+00:00,2024-03-11T23:18:00+00:00,1.0,2024-03-14T23:00:00+00:00,2024-03-12,2.12,1.74,0.45077720207253885,-0.19753097545748347,0.5528088977872726,0.40955731865303635,0.0,0.0,0.638687193907864,0.7688672934503014,2.1779014980349842e-08,125,99,False,False,False,4eb4c8f8f7bd8c805910b905a631188b326d56d55de8f1851b1cf43b5db9d24e,4c9538343eb67486c43c3bcd02a9b34e0c576c519bde1cf179ff08b67b265dc3,2.2,1.7,True,2024-03-12T16:47:00+00:00,2024-03-12T16:25:00+00:00
te:2567903,2024-03-12,2024,2024-03-12,aboian-f7ddc,pucinelli-de-almeida,2024-03-12T20:30:00+00:00,2024-03-12T07:34:00+00:00,0.0,2024-03-14T23:00:00+00:00,2024-03-12,2.07,1.77,0.4609375,-0.15656906069153992,0.5723647891991742,0.4480750712096066,1.2666666666666666,0.3333333333333333,0.5000000000000001,0.5978780818048773,0.006844543608109155,189,114,False,False,False,58c16b9284d7b59d8cb8013a13530f257819d49ec1a74925aface62d62c71f32,319fd41da234971b28551cfe13383be12a33005f2da20ea420a0ac7216a3e007,2.06,1.79,True,2024-03-12T16:44:00+00:00,2024-03-12T16:44:00+00:00
te:2569803,2024-03-15,2024,2024-03-15,varillas,passaro-5f6f1,2024-03-15T14:10:00+00:00,2024-03-14T04:25:00+00:00,1.0,2024-03-17T23:00:00+00:00,2024-03-15,1.89,1.96,0.5090909090909091,0.03636764417087508,0.5987841385182373,0.364033928837867,0.5166666666666667,0.5166666666666667,0.6079427451191904,0.5437061143995865,3.198420694960902e-11,136,134,False,False,False,1a48ff7871f196a627feaadaeb930848974da6f8794f268eae003201779d3baa,59f7f4846245e9ad01f0d0c891e714da89e89b36ba25957e72f37589f985b670,1.88,1.99,True,2024-03-15T11:34:00+00:00,2024-03-15T11:34:00+00:00
te:2569975,2024-03-15,2024,2024-03-15,maestrelli,michalski-8906f,2024-03-15T13:50:00+00:00,2024-03-14T19:09:00+00:00,0.0,2024-03-17T23:00:00+00:00,2024-03-15,1.89,1.96,0.5090909090909091,0.03636764417087508,0.6095356374733119,0.40899306907483546,1.4833333333333334,0.85,0.534084821960302,0.5000000000000001,0.01764477483551337,147,144,False,False,False,b9c375ab096075b416828f05be273ccfc542357c9210ddafeed225efb714bc2e,1ad4fa2bbffaa85c5b997226c29a2c2dce8fc8f2abe919646ae66d5afff9de1c,1.9,1.97,True,2024-03-15T09:35:00+00:00,2024-03-15T09:35:00+00:00
te:2569977,2024-03-15,2024,2024-03-15,droguet,piros,2024-03-15T11:10:00+00:00,2024-03-14T13:35:00+00:00,1.0,2024-03-17T23:00:00+00:00,2024-03-15,1.83,2.02,0.5246753246753246,0.09878154455978364,0.6292133362501181,0.43006195507537903,0.2833333333333333,0.2833333333333333,0.6472566286385045,0.6558567389189788,2.0115122975616906e-07,168,208,False,False,False,07f6a57a84036f4c4b120aa34e99437571a42effbe53da9ae9b77177f15fe19a,84b1f28f8ac82c43027d62b521827b7e4a03938a15524751631dada973ff2de5,1.85,2.03,True,2024-03-15T06:34:00+00:00,2024-03-15T06:34:00+00:00
te:2569997,2024-03-15,2024,2024-03-15,blockx,ritschard,2024-03-15T11:10:00+00:00,2024-03-14T13:30:00+00:00,0.0,2024-03-17T23:00:00+00:00,2024-03-15,1.72,2.19,0.5601023017902813,0.2415772530030477,0.63635592341607,0.3180052041318814,0.38333333333333336,0.38333333333333336,0.7000768294310945,0.6786177201248936,6.477477776378748e-09,146,146,False,False,False,ad204b86e44082e62e00b419f23615560b9691abe9ceb71080505b82c94f0ff4,2ba614a534bd69f3bf30a6ad3732af92d46a7a59172bbf68f85217c1b2118e21,1.75,2.16,True,2024-03-15T07:30:00+00:00,2024-03-15T07:30:00+00:00
te:2570125,2024-03-15,2024,2024-03-15,shimizu-38ca9,bellucci-47e7e,2024-03-15T10:15:00+00:00,2024-03-14T18:40:00+00:00,1.0,2024-03-17T23:00:00+00:00,2024-03-15,1.86,2.0,0.5181347150259067,0.07257069283483525,0.6075549377310901,0.3644753520859652,0.0,0.0,0.6577046561655865,0.7360012661205912,1.4288689675900912e-10,118,166,False,False,False,9a22df7fd6c51a320329d9157bb63e728af46c4af0051e4692597f97f45407e7,c823e75fd38b634ae1f6b988e8497d830de606f7b2aeae9645d35458e4b0ad99,1.88,1.99,True,2024-03-15T06:34:00+00:00,2024-03-15T09:44:00+00:00
te:2571043,2024-03-19,2024,2024-03-19,kolar-d6d52,bonadio,2024-03-19T09:25:00+00:00,2024-03-18T01:37:00+00:00,1.0,2024-03-21T23:00:00+00:00,2024-03-19,1.82,2.01,0.5248041775456919,0.09929822098228022,0.6221976461600683,0.3995883949476896,1.3666666666666667,1.3666666666666667,0.6630673606912733,0.6282822878227433,1.6456749657445258e-08,147,116,False,False,False,0573bf2c9556d228aad0d87709d5930935be6e21e6d6d77094b9ed202876a4b4,42875a5d23a98e51494a9d96819e6012d4767420223a3736aede3b872f5e2de0,1.93,1.9,True,2024-03-19T06:25:00+00:00,2024-03-19T06:25:00+00:00
te:2571925,2024-03-19,2024,2024-03-19,pucinelli-de-almeida,blancaneaux,2024-03-19T00:10:00+00:00,2024-03-17T23:30:00+00:00,1.0,2024-03-21T23:00:00+00:00,2024-03-19,1.88,1.93,0.5065616797900262,0.026248226074936154,0.6182466268518336,0.4558644442770179,0.3333333333333333,0.3333333333333333,0.5774827582635418,0.5912572002377865,9.153901164848932e-09,116,151,False,False,False,84dc771595747f9a7ebffec218dbd6b4daac0f900a7819eaa13c8800f915f268,11e28098a9641cd8a52d569dd92a08b3847427d164ffc5ac14aa5ab736858ffa,1.89,1.94,True,2024-03-18T17:29:00+00:00,2024-03-18T17:29:00+00:00
te:2571933,2024-03-19,2024,2024-03-19,mager,sekulic-13abc,2024-03-19T19:15:00+00:00,2024-03-17T23:29:00+00:00,0.0,2024-03-21T23:00:00+00:00,2024-03-19,1.96,1.85,0.4855643044619423,-0.05775883415219216,0.6021011837512391,0.47198660222663547,1.5,0.3,0.8144423086113205,0.7124599588970368,1.7429890863951414e-11,101,154,False,False,False,3e9b93b055bd1678f5c4be983398bdbf55e73cd301e838c651e9b15ff34b73e5,2feb73ecbc088cb42c06e14677699704a8d5390bb6c1bb61e9923549fcb2b963,2.04,1.81,True,2024-03-19T12:54:00+00:00,2024-03-19T12:54:00+00:00
te:2573327,2024-03-19,2024,2024-03-19,dalla-valle,gea,2024-03-19T13:35:00+00:00,2024-03-19T01:19:00+00:00,1.0,2024-03-21T23:00:00+00:00,2024-03-19,1.9,1.92,0.5026178010471204,0.010471299867295303,0.6144009064847948,0.45537814547219085,0.25,0.25,0.5000000000061771,0.5091574574747428,0.015154377090412466,186,116,False,False,False,36ffa98f295824cfaf984bc9e2f79b49fae3b18fcecfb6f30420857e79949655,4c0d3a84afeb3677ab7e0aabcff344a364e153f2911d14978bd46c875834dfa5,1.89,1.94,True,2024-03-19T09:32:00+00:00,2024-03-19T09:32:00+00:00
te:2575389,2024-03-22,2024,2024-03-22,skatov,kopp-0e635,2024-03-22T13:10:00+00:00,2024-03-20T19:35:00+00:00,1.0,2024-03-24T23:00:00+00:00,2024-03-22,1.96,1.89,0.49090909090909085,-0.03636764417087508,0.623563531241976,0.5410690073112,1.2166666666666666,1.2166666666666666,0.710859191157052,0.6597100493929141,5.0916049154636767e-11,132,195,False,False,False,88edb1b476676ebd6936b2bb656713f23723cac05c07980f34d68978b0a04a69,0457173c1121285102160331f8503978976e25837b38440596dbfb62693d917d,1.97,1.9,True,2024-03-22T03:44:00+00:00,2024-03-22T03:44:00+00:00
te:2576129,2024-03-22,2024,2024-03-22,ramos-vinolas,yunchaokete,2024-03-22T15:00:00+00:00,2024-03-21T22:50:00+00:00,1.0,2024-03-24T23:00:00+00:00,2024-03-22,1.94,1.91,0.49610389610389616,-0.015584731016698041,0.6062740730465827,0.44726183022335647,0.0,0.0,0.6995011075346592,0.6286131647128054,7.602079254986904e-08,165,112,False,False,False,a4f5015a576375ef03f70da109de4d1b9260256a7a02854de955bb9b4cd5f90b,04c1b280188b58b18145bd4d4fd3f9e99bf14828627b4443e8739dc0fe775340,1.93,1.94,True,2024-03-22T12:31:00+00:00,2024-03-22T12:31:00+00:00
te:2577499,2024-03-26,2024,2024-03-26,de-jong-57322,choinski,2024-03-26T13:05:00+00:00,2024-03-25T06:41:00+00:00,0.0,2024-03-28T23:00:00+00:00,2024-03-26,1.88,1.93,0.5065616797900262,0.026248226074936154,0.6016029999659646,0.3859005375467727,0.7166666666666667,0.15,0.5840198097747901,0.5273492948634381,6.716110446947088e-08,163,189,False,False,False,5494ddbfe9fc273efb2da56e4131bbefef418ee7bb3c40242ed4aa1babf06b94,5a7bc80a2ca63f3f55cc645c8607dbd2f62db39a58544440624bb93d8c9502e2,1.85,1.98,True,2024-03-26T12:06:00+00:00,2024-03-26T12:06:00+00:00
te:2579053,2024-03-26,2024,2024-03-26,sakamoto-b1d5b,kuzuhara,2024-03-26T21:30:00+00:00,2024-03-26T01:49:00+00:00,0.0,2024-03-28T23:00:00+00:00,2024-03-26,2.09,1.76,0.4571428571428572,-0.17185025692665906,0.5861235534187395,0.5198133752168652,0.5833333333333334,0.5833333333333334,0.6466302849187981,0.5606810683920287,1.3760307338017697e-09,168,162,False,False,False,7141088d8263b555e22320bd30c0a2fc1cad1306d9822320ebc75942f9de90df,c251fdb9c557e5c27668be3db5b051fb132f08b410b063907ad27408d606c50f,2.05,1.8,True,2024-03-26T17:34:00+00:00,2024-03-26T17:34:00+00:00
te:2580113,2024-03-29,2024,2024-03-29,coria-df292,krajinovic-96172,2024-03-29T09:10:00+00:00,2024-03-28T19:00:00+00:00,1.0,2024-03-31T23:00:00+00:00,2024-03-29,1.92,1.9,0.4973821989528796,-0.010471299867295303,0.6037865022904148,0.4317387606833315,0.0,0.0,0.5588565826034118,0.5087891738940965,2.0907489628463338e-10,162,53,False,False,False,d33dbd8b302c04daca268dbe90c20ab1cdb2cf3b4f98473c62524dba6383c600,ecd664d5c95aab4f15baba0d62f537e9754ce489026fabf997d085eb2df56f6d,1.97,1.87,True,2024-03-29T08:04:00+00:00,2024-03-29T08:45:00+00:00
te:2580237,2024-03-29,2024,2024-03-29,hassan-1d510,garin,2024-03-29T15:15:00+00:00,2024-03-28T19:49:00+00:00,0.0,2024-03-31T23:00:00+00:00,2024-03-29,1.88,1.97,0.5116883116883117,0.04676176590803954,0.6319629628130493,0.4938854457433099,0.3,0.3,0.6978616456617664,0.7550169694772098,4.2401243627310237e-10,217,131,False,False,False,9abf8d8561456c66ce36bc5dc9b18f3ba6cab3af42781a57eccc8c1662f519bb,127e373a273537532ff4834be333920627d8c1959db760c0b938793570abc708,1.83,2.05,True,2024-03-29T14:09:00+00:00,2024-03-29T14:09:00+00:00
te:2580273,2024-03-29,2024,2024-03-29,herbert-fa5ad,gea,2024-03-29T15:00:00+00:00,2024-03-28T18:38:00+00:00,1.0,2024-03-31T23:00:00+00:00,2024-03-29,1.88,1.97,0.5116883116883117,0.04676176590803954,0.6299074575097461,0.4850580606427633,0.45,0.45,0.6945149230941999,0.6614539837824639,4.795330799112207e-12,129,115,False,False,False,383da54cd2be50c7db6b64660a20d385512da10949cc63b7fda580dcc06237c3,23327750cf80a2bff8f1f996d8192072d3fc7ab37e755fe0cc2a8d308ea02575,1.85,2.03,True,2024-03-29T10:25:00+00:00,2024-03-29T12:19:00+00:00
te:2580319,2024-03-29,2024,2024-03-29,vallejo-d7859,luz-2f442,2024-03-29T19:15:00+00:00,2024-03-29T01:39:00+00:00,0.0,2024-03-31T23:00:00+00:00,2024-03-29,1.88,1.98,0.5129533678756476,0.051825067864585767,0.6062219276987402,0.3796335861563329,1.0333333333333334,0.03333333333333333,0.5999880177379248,0.6625077318197778,1.5857560820009553e-09,156,162,False,False,False,8145663cdd2b8e290a9a734360c0e8bf2b00532f9b5f5bc3a27dfec320b9c763,edd741d2976d45407aa570af5042516d23116b1467e8d8f2d9ee7b40c013f070,1.85,2.03,True,2024-03-29T15:05:00+00:00,2024-03-29T15:05:00+00:00
te:2580331,2024-03-29,2024,2024-03-29,couacaud,ugo-carabelli,2024-03-29T17:05:00+00:00,2024-03-29T08:27:00+00:00,1.0,2024-03-31T23:00:00+00:00,2024-03-29,2.02,1.84,0.4766839378238342,-0.09333193979221903,0.5997617481822995,0.49780443045050204,0.85,0.08333333333333333,0.690373908092599,0.7880429970821293,1.2741125376969364e-09,104,163,False,False,False,605e0c5e70d72781cf254234d6990125a7a9404084640f7d17fcad32bf9ace17,87b22a40fc9ab5813c133cb3c3a5bd5c372ebe3aa26e8605721d73871cd6f520,2.03,1.85,True,2024-03-29T15:09:00+00:00,2024-03-29T15:09:00+00:00
te:2580927,2024-04-02,2024,2024-04-02,barranco-cosano,erhard,2024-04-02T08:10:00+00:00,2024-03-31T21:22:00+00:00,1.0,2024-04-04T22:00:00+00:00,2024-04-02,2.0,1.83,0.47780678851174935,-0.08883121370661573,0.576522768949116,0.3973462988829418,1.5666666666666667,1.5666666666666667,0.5928537287044083,0.5000000000000001,0.010268243489159848,173,219,False,False,False,dc6464ed1c1089bb1c21b4373ee38ba4bdfac30ea8b7b4a6f10a87caa5117543,f46a6d0fbace5049ef935c30e3488be58c1e8174778e5161e533205b3f100009,2.08,1.78,True,2024-04-02T07:52:00+00:00,2024-04-02T07:52:00+00:00
te:2581765,2024-04-02,2024,2024-04-02,mejia-a7d27,fonio,2024-04-02T19:45:00+00:00,2024-03-31T21:19:00+00:00,0.0,2024-04-04T22:00:00+00:00,2024-04-02,1.72,2.14,0.5544041450777203,0.21848153820839877,0.6452670049551023,0.3798172742476047,1.3333333333333333,1.3333333333333333,0.7214269425116653,0.7062489722365312,1.0079159729059484e-12,137,190,False,False,False,c55d83a8a7b0ffb1f64281d9c4084306b7411cbd53bb5e14f3edf318100bd2a2,4df42242a3e75be10c08c2aa839d42fb072cca094d8ed3d8280bdfc4d5d59672,1.83,2.01,True,2024-04-02T19:40:00+00:00,2024-04-02T19:40:00+00:00
te:2583141,2024-04-02,2024,2024-04-02,taberner,squire,2024-04-02T13:45:00+00:00,2024-04-01T21:40:00+00:00,0.0,2024-04-04T22:00:00+00:00,2024-04-02,1.87,1.94,0.5091863517060368,0.03674954220874159,0.6259130461910039,0.4779736481882537,1.8833333333333333,0.31666666666666665,0.6402021873037506,0.6302904567370118,3.1214947293634054e-10,132,205,False,False,False,d5ce5a62b6db5a16a6e390edf18c9857862bf5d7a700f46fc59beca22b96e847,205bf09fb0f7632b68a0d043b8d46ed78a4590365c8f4f2b4147eb2617a488fd,1.99,1.85,True,2024-04-02T13:33:00+00:00,2024-04-02T13:33:00+00:00
te:2583143,2024-04-02,2024,2024-04-02,giustino-1d545,novak-77d05,2024-04-02T11:45:00+00:00,2024-04-01T21:39:00+00:00,,,,1.96,1.86,0.486910994764398,-0.0523679855173157,0.5967950015280117,0.44449654523179205,2.0,0.4,0.5594073743666667,0.6294952127215866,3.971512618772266e-09,160,160,False,False,False,891625a1bf851ed472a2258d31e9004981c11b453fb32e162f9f70e06eb2b82a,a6720590585d1ccb2c89e182f510b212792b16a72373910ae7017481c288a0ce,1.95,1.88,True,2024-04-02T11:06:00+00:00,2024-04-02T11:06:00+00:00
te:2584163,2024-04-05,2024,2024-04-05,berrettini,jianu-c67fb,2024-04-05T11:05:00+00:00,2024-04-03T23:00:00+00:00,1.0,2024-04-07T22:00:00+00:00,2024-04-05,2.19,1.72,0.43989769820971864,-0.2415772530030479,0.5715964397051717,0.5299448211740757,0.4166666666666667,0.4166666666666667,0.5018424989062307,0.6007145819372846,1.562641895047623e-08,41,243,False,False,False,fbf0f1c6f8cd2a5fdd8dbc92e868245876c48a2f70fdd5c1b640e4a4f6636279,be991ca0fb111cfd1768e1b3a1c70a8005100da36b23beac469b6c01f043968b,2.06,1.83,True,2024-04-05T10:55:00+00:00,2024-04-05T10:55:00+00:00
te:2584323,2024-04-05,2024,2024-04-05,mayot,kasnikowski,2024-04-05T09:10:00+00:00,2024-04-03T22:57:00+00:00,0.0,2024-04-07T22:00:00+00:00,2024-04-05,1.88,1.97,0.5116883116883117,0.04676176590803954,0.6294460961857371,0.4830795308092078,0.36666666666666664,0.36666666666666664,0.7339898464587352,0.6821765354672441,3.11705374012039e-08,175,169,False,False,False,d9ddf5948f74b454d0486802c45c471b59f681666ecc5cbbe95bc4f0902a7fd5,04b667f6050e0a4f99f4ba5680872224f1463d88f373a58f7082dc53aae9e214,1.86,2.01,True,2024-04-05T08:45:00+00:00,2024-04-05T08:45:00+00:00
te:2584369,2024-04-05,2024,2024-04-05,hardt-79c77,ionel,2024-04-05T11:40:00+00:00,2024-04-03T22:57:00+00:00,0.0,2024-04-07T22:00:00+00:00,2024-04-05,2.03,1.83,0.47409326424870474,-0.1037198262003661,0.6053006997143839,0.5313209751848289,1.7166666666666666,0.11666666666666667,0.5458740215446447,0.5000000000000001,0.006015761860758417,161,206,False,False,False,f7e3caf3aa0dbca08b421543c5792806d318c27e36f39bda3b6c545e0869acc7,cd847e3519bc0620d483b5d4c8a23f72b4a02067566bf71772126d6cf91d3d42,1.99,1.88,True,2024-04-05T04:20:00+00:00,2024-04-05T01:34:00+00:00
te:2584547,2024-04-05,2024,2024-04-05,mager,cukierman,2024-04-05T18:10:00+00:00,2024-04-04T05:56:00+00:00,0.0,2024-04-07T22:00:00+00:00,2024-04-05,2.16,1.74,0.4461538461538462,-0.21622310846963588,0.5842588122066713,0.5565042427917551,1.0166666666666666,0.45,0.7994580556656284,0.6877832798608391,4.0402806100736655e-10,107,134,False,False,False,38afb4688f169da7641bb6bfeb74d3ce415064c778343faa5fd4949be3fcd69f,142aacaf514848c729ba5d1898995d028bf392dc3610fb705f4e4310d1268d0e,2.17,1.75,True,2024-04-05T16:05:00+00:00,2024-04-04T08:51:00+00:00
te:2584565,2024-04-05,2024,2024-04-05,ugo-carabelli,luz-2f442,2024-04-05T14:45:00+00:00,2024-04-04T16:59:00+00:00,1.0,2024-04-07T22:00:00+00:00,2024-04-05,1.92,1.93,0.5012987012987012,0.005194816877103783,0.5991239309577518,0.3966213314800383,2.033333333333333,0.5,0.7710175158492124,0.6766151053654872,3.1691316237925093e-13,172,165,False,False,False,575fe39cf16cacc741e1453f45b9fe4de716142ffc2973c2d918c0bf7a834a60,b1b44b0524468613df422db93e2d065c1e42e6c5d40da580561359ed5395e21f,1.88,1.99,True,2024-04-05T14:08:00+00:00,2024-04-05T14:08:00+00:00
te:2584673,2024-04-05,2024,2024-04-05,zapata-miralles,harris-5a94c,2024-04-05T09:10:00+00:00,2024-04-04T16:56:00+00:00,1.0,2024-04-07T22:00:00+00:00,2024-04-05,2.02,1.84,0.4766839378238342,-0.09333193979221903,0.6118814749601159,0.5485597653009611,0.2833333333333333,0.2833333333333333,0.7046634273526549,0.6394705956992914,9.380973192696374e-09,123,228,False,False,False,5f822288ebf9a6219216ba7ed22f2fd99fbaf41858fe4e00549287b976505c2f,03eb5915809b51aa5767a95555637a44041a4aeb686b7ac0540307be6df2ab8e,2.06,1.83,True,2024-04-05T07:08:00+00:00,2024-04-05T07:08:00+00:00
te:2586193,2024-04-09,2024,2024-04-09,bergs,crawford-71058,2024-04-08T23:20:00+00:00,2024-04-07T20:56:00+00:00,0.0,2024-04-11T22:00:00+00:00,2024-04-09,1.93,1.89,0.4947643979057591,-0.02094317384524342,0.5753781422759482,0.324771610900394,1.5166666666666666,0.15,0.6907344265686488,0.5881311371613661,2.6963401844604107e-08,161,194,False,False,False,d98ee9aeee1beeba7ea80c2bf37fa7efdb30f21d7234b1744cfd16cdf05e6a12,b682e80faa9e762cdf1e5c7b6d71dbc339887ce6a0b8f78a3f11f557917d4908,2.12,1.75,True,2024-04-08T22:17:00+00:00,2024-04-08T22:17:00+00:00
te:2586831,2024-04-09,2024,2024-04-09,kachmazov,celikbilek,2024-04-09T01:10:00+00:00,2024-04-08T06:01:00+00:00,1.0,2024-04-11T22:00:00+00:00,2024-04-09,1.81,2.02,0.5274151436031332,0.10977066613537934,0.6401238898743503,0.4661312357321836,0.0,0.0,0.7235402082943535,0.6944558313830761,5.129141278370497e-10,160,122,False,False,False,75bb4bba1f3c49b6bbed4d8f8b741ef199489a81a433874df1b5d039bbe383ee,e1818bf34e852b41628f4a0d14cf5bb8fd1b0c07fec73adfd808ccc45e4e59dd,1.79,2.06,True,2024-04-08T23:37:00+00:00,2024-04-08T23:37:00+00:00
te:2587647,2024-04-09,2024,2024-04-09,kozlov,kudla,2024-04-09T17:45:00+00:00,2024-04-09T01:18:00+00:00,1.0,2024-04-11T22:00:00+00:00,2024-04-09,2.13,1.73,0.4481865284974093,-0.20800057121164622,0.5877380003994058,0.5626227736611829,0.5,0.5,0.5275068069492898,0.6074102744256039,1.199082395875184e-08,85,142,False,False,False,6b050f34e61c6efee46bb501ad3580f522e103cd5e3207729af348ede44c9982,2205c17b454f0488b85cafada5df0919ce7e6c851d88420ddfb5fde26983a8d6,2.04,1.81,True,2024-04-09T15:44:00+00:00,2024-04-09T15:44:00+00:00
te:2588275,2024-04-12,2024,2024-04-12,diallo-dd116,boyer-64ede,2024-04-12T00:30:00+00:00,2024-04-10T03:17:00+00:00,1.0,2024-04-14T22:00:00+00:00,2024-04-12,1.81,2.03,0.5286458333333333,0.11470894777596129,0.6429404005624257,0.47344036947805024,0.0,0.0,0.7232146907789411,0.7004758748957878,3.8330533191910376e-11,144,159,False,False,False,046e820534604f88c3519d3455311c9e0477b5d7f1d7c8a1a1b113dbf0192994,4d322a2f819bb563aeb3af4721ffa22069e4ac717b4fcd239a10f02e208db53d,1.83,2.02,True,2024-04-11T15:19:00+00:00,2024-04-11T15:22:00+00:00
te:2588719,2024-04-12,2024,2024-04-12,sandgren-fb235,kozlov,2024-04-12T15:15:00+00:00,2024-04-10T22:09:00+00:00,0.0,2024-04-14T22:00:00+00:00,2024-04-12,1.72,2.18,0.558974358974359,0.237000585975636,0.6405954891321168,0.3409490841673194,1.2,0.3,0.6992920957829882,0.6926979138176561,5.775685485431836e-12,120,89,False,False,False,57ebc1654ce5984b5d2a9507a9d9128df0b3a344c49de0ed7820ea51dda3b22d,b4d78cf42a1f91f7c4b8d69c26ecaef3d1a119a7e2f0dcab3d4ef6720530f6ad,1.87,2.0,True,2024-04-12T14:59:00+00:00,2024-04-12T14:59:00+00:00
te:2588747,2024-04-12,2024,2024-04-12,bergs,krueger-d6035,2024-04-12T15:15:00+00:00,2024-04-11T01:02:00+00:00,1.0,2024-04-14T22:00:00+00:00,2024-04-12,1.94,1.91,0.49610389610389616,-0.015584731016698041,0.6043040141707821,0.439015933181114,0.9666666666666667,0.03333333333333333,0.7454318685671537,0.6615693067673436,5.888489695848875e-11,159,140,False,False,False,e2ac15a5fdda9f88b588e075201c711dea5347f816ec096879a3e8e850d3c602,48cc1682b238b21cdfa58d6ca457aea7833c2e0ef18beb8964337a0035a1cad3,2.04,1.85,True,2024-04-12T14:38:00+00:00,2024-04-12T14:38:00+00:00
te:2588749,2024-04-12,2024,2024-04-12,mejia-a7d27,pospisil-9e7de,2024-04-12T20:20:00+00:00,2024-04-11T06:38:00+00:00,0.0,2024-04-14T22:00:00+00:00,2024-04-12,1.68,2.27,0.5746835443037974,0.3009860380781436,0.637631660861721,0.26411353852901076,1.0,1.0,0.6918211946789379,0.6818346178839597,4.0398173695166406e-10,148,60,False,False,False,c9f452213b2d8ea4bfa99e7f33b5cefe0c7105ce3f453466f029a0abfc558e4a,6bc162d882fe4f810d35cdd2253372c7535494fff4638b1c93e5f4e437f45e7d,1.67,2.3,True,2024-04-12T20:05:00+00:00,2024-04-12T20:05:00+00:00
te:2588993,2024-04-12,2024,2024-04-12,bonzi-a38fa,squire,2024-04-12T10:15:00+00:00,2024-04-12T00:08:00+00:00,1.0,2024-04-14T22:00:00+00:00,2024-04-12,1.75,2.14,0.5501285347043702,0.20119004109833744,0.6279837045877183,0.3223865187390084,0.6166666666666667,0.08333333333333333,0.7145487152245802,0.6686834018905212,2.4806268150712185e-12,125,203,False,False,False,b940ae6df9c3611f91157c09759cc30bdea4279370d21743b6c0638accda4ac5,2327954c562163014e96180e6a8b9202af56e3fc8ac9db34aa901bf2d729ac00,1.76,2.15,True,2024-04-12T09:45:00+00:00,2024-04-12T09:45:00+00:00
te:2589017,2024-04-12,2024,2024-04-12,riedi-a3a3d,fonseca-57dc1,2024-04-12T15:25:00+00:00,2024-04-12T00:07:00+00:00,1.0,2024-04-14T22:00:00+00:00,2024-04-12,1.76,2.12,0.5463917525773196,0.1861022796338609,0.6137344308232346,0.27693489591114817,0.8166666666666667,0.11666666666666667,0.5730858138617122,0.5469383720290111,6.568313051791286e-08,120,82,False,False,False,3055450e35d800df563bde88063f97ea8c68bc83a7da7c7ab6c8e1f895f695de,f6b3db3e9a07d2c0a7704fb0c2320bef6a0a3813dd6fdadc4c2f77f4f6f76e62,1.77,2.14,True,2024-04-12T11:35:00+00:00,2024-04-12T12:51:00+00:00
te:2589057,2024-04-12,2024,2024-04-12,kokkinakis-7b2e6,diallo-dd116,2024-04-12T17:45:00+00:00,2024-04-12T07:30:00+00:00,1.0,2024-04-14T22:00:00+00:00,2024-04-12,1.67,2.29,0.5782828282828284,0.315728191137485,0.6453433793919333,0.2829042996702113,0.8,0.06666666666666667,0.7924594208710944,0.7339060993494699,5.4762391288321055e-09,143,141,False,False,False,a8126a399ab67b74dda86273903c76d3ca62c9e0a5d1a8b18aff7bb3eea4ffb2,9b99d6a99744156e6daeaef626c00a671dcfcb5757daef343e572535e2fa1d23,1.7,2.24,True,2024-04-12T16:45:00+00:00,2024-04-12T16:45:00+00:00
te:2590179,2024-04-16,2024,2024-04-16,nam-ad0c4,virtanen-7d161,2024-04-16T02:05:00+00:00,2024-04-13T17:11:00+00:00,0.0,2024-04-18T22:00:00+00:00,2024-04-16,2.13,1.73,0.4481865284974093,-0.20800057121164622,0.5803935504244468,0.532389732690626,0.55,0.016666666666666666,0.6828371360889823,0.7968298825219186,5.588943446932504e-09,67,156,False,False,False,0490ddb608b11c8d84bc65d71614178d50c13e1f69ee1de7d335f554aabd1694,d51074cf4b9feb3cd728c1dd29f9ef87b898f3c0c9e4832350daffd4f6c0cf55,2.19,1.7,True,2024-04-15T23:25:00+00:00,2024-04-15T23:25:00+00:00
te:2590851,2024-04-16,2024,2024-04-16,blanchet,rocha-0492a,2024-04-16T10:55:00+00:00,2024-04-15T11:22:00+00:00,1.0,2024-04-18T22:00:00+00:00,2024-04-16,1.93,1.89,0.4947643979057591,-0.02094317384524342,0.5920471773342816,0.3933779599999619,0.0,0.0,0.5000000000000001,0.5712839887827521,0.019373973894877244,176,201,False,False,False,d402d2f00f36689f15cff1ca9db2abad1d21d6f6971e4a88bc78275b07cf1199,75f219adfdb4e699995c877e9d1159f2d0fcf163ff0d8b80469636717344cf43,1.97,1.87,True,2024-04-16T10:33:00+00:00,2024-04-16T10:33:00+00:00
te:2592323,2024-04-16,2024,2024-04-16,harris-9f62b,saville,2024-04-16T06:55:00+00:00,2024-04-15T14:19:00+00:00,0.0,2024-04-18T22:00:00+00:00,2024-04-16,1.83,1.99,0.5209424083769634,0.08381867188307154,0.6046275749363211,0.3409658490224453,1.0666666666666667,1.0666666666666667,0.842510140603623,0.7355002283953979,3.5626668282162655e-10,122,160,False,False,False,d091b87fd66777a1b1a5d0da3fca3b1d7ac6b73b29f201b96ff0d753bd9b8895,31c4b7dd431c86150b530458d704c66f1c07643c8c21810132411e18af331c56,1.88,1.95,True,2024-04-16T04:45:00+00:00,2024-04-16T05:38:00+00:00
te:2593203,2024-04-16,2024,2024-04-16,villanueva-55ff0,lingua-lavallen,2024-04-16T17:25:00+00:00,2024-04-16T04:19:00+00:00,1.0,2024-04-18T22:00:00+00:00,2024-04-16,1.9,1.92,0.5026178010471204,0.010471299867295303,0.612970120850141,0.44934299523022503,0.0,0.0,0.5000000000000001,0.5200074611880567,0.0025261396238985684,199,95,False,False,False,06334d9c170f4246feeb77bc68e191f41cefc3410d4e3bb91fd22f8313b08962,5b55757cfa32022e1118835a7c1c1518dbea7a4248303658f00e6d1a96aa8804,1.97,1.87,True,2024-04-16T13:32:00+00:00,2024-04-16T13:32:00+00:00
te:2593205,2024-04-16,2024,2024-04-16,corwin-48373,brumm,2024-04-16T13:10:00+00:00,2024-04-16T04:17:00+00:00,0.0,2024-04-18T22:00:00+00:00,2024-04-16,2.15,1.71,0.4430051813471503,-0.2289744716250029,0.5640107883096123,0.48643035193513756,0.5333333333333333,0.5333333333333333,0.6073250565163621,0.5000000000000001,0.017928764111067003,149,122,False,False,False,5efdfb12430652c4d3ad263d3edf8579b3a0c1f8f24afe50350c95f5454c67cf,41004a42d7c7c20017219447aa053509e47f5bc0c91b0c0f3872ab7151b191f9,2.12,1.75,True,2024-04-16T10:55:00+00:00,2024-04-16T10:49:00+00:00
te:2594463,2024-04-19,2024,2024-04-19,harris-9f62b,shimabukuro,2024-04-19T02:05:00+00:00,2024-04-18T11:57:00+00:00,0.0,2024-04-21T22:00:00+00:00,2024-04-19,1.85,2.0,0.5194805194805195,0.0779615414697121,0.6357902805993325,0.47917736608200523,0.4166666666666667,0.4166666666666667,0.851011247987146,0.7615094324220787,7.823061642930895e-11,122,149,False,False,False,10822c879ae9ccbda16d1a1ae39433279a4448a2d552e53fb702702ed33510bc,d5ff7c6151a272d31af718f5b64aea2f0bd9d3eaaf179575f32380c3c6eb0195,1.83,2.05,True,2024-04-19T01:47:00+00:00,2024-04-19T01:47:00+00:00
te:2594465,2024-04-19,2024,2024-04-19,galarneau-32e1f,hijikata,2024-04-18T23:55:00+00:00,2024-04-18T14:49:00+00:00,0.0,2024-04-21T22:00:00+00:00,2024-04-19,1.88,1.98,0.5129533678756476,0.051825067864585767,0.6592483556852641,0.6081213670052357,0.7166666666666667,0.7166666666666667,0.7418056413317833,0.765113723860618,6.5503158452884236e-15,128,189,False,False,False,66102433abe5b33d0058d20a6683ede4e74e8a37499f4bbdec4cc94b468e1edb,9bb56d05c3e0fed85f2073b116c3a72fb4e5bc69d98023d67bbc08ebfcfe4803,1.81,2.08,True,2024-04-18T23:25:00+00:00,2024-04-18T23:25:00+00:00
te:2594679,2024-04-19,2024,2024-04-19,comesana-c17e0,vincent-ruggeri,2024-04-19T13:40:00+00:00,2024-04-18T17:09:00+00:00,0.0,2024-04-21T22:00:00+00:00,2024-04-19,1.84,2.02,0.5233160621761658,0.09333193979221903,0.6153485981845189,0.3765195194546748,0.38333333333333336,0.38333333333333336,0.6195902594101768,0.5847561436253645,1.482156530840939e-08,175,212,False,False,False,1de7cb575d31c7024b0fcb16b96705eb859ebd5cd37f66862c7628aa5d96db13,a142e4f0890249cdfe3b928981fb11f280dc9ba5c9f11f30908f9ebfce7868eb,1.8,2.09,True,2024-04-19T09:04:00+00:00,2024-04-19T09:04:00+00:00
te:2594743,2024-04-19,2024,2024-04-19,blanchet,napolitano,2024-04-19T15:25:00+00:00,2024-04-18T20:49:00+00:00,1.0,2024-04-21T22:00:00+00:00,2024-04-19,1.97,1.88,0.4883116883116883,-0.04676176590803932,0.5810638365088006,0.37390383635467833,0.65,0.65,0.5575637577770037,0.6496208403697927,3.066584111643955e-09,176,194,False,False,False,e04b443eb65b8ec06f7894a5b14094b88f92582a603e910c6d71f72f2a2110b1,d7c07ba3889b2ece6df0c9009596b686e3ef34b530021470622b3853f513b458,1.95,1.92,True,2024-04-19T12:34:00+00:00,2024-04-19T12:34:00+00:00
te:2596203,2024-04-23,2024,2024-04-23,ritschard,kozlov,2024-04-23T14:10:00+00:00,2024-04-21T02:12:00+00:00,0.0,2024-04-25T22:00:00+00:00,2024-04-23,1.95,1.87,0.4895287958115184,-0.041890941709159774,0.6203989948821482,0.5331330383312001,1.6666666666666667,0.1,0.6498465981448844,0.6164222575322874,1.230023118636847e-07,152,103,False,False,False,4df337f9666a3802a5e80c272486e202cb727852969f6caf936073314fb10c59,93af305709b4440c29befe84d12f2f44ba741042bdf68065cb8ea003d7c8ea51,1.96,1.88,True,2024-04-21T20:17:00+00:00,2024-04-21T20:17:00+00:00
te:2596213,2024-04-23,2024,2024-04-23,krueger-d6035,tabur,2024-04-23T20:35:00+00:00,2024-04-21T02:11:00+00:00,0.0,2024-04-25T22:00:00+00:00,2024-04-23,1.85,1.97,0.5157068062827225,0.06284790365966353,0.6314260691917397,0.47549164167843905,1.4833333333333334,0.11666666666666667,0.7112113364186328,0.6726228909913001,3.048949981376836e-13,141,219,False,False,False,a823685609363f148d55eb1f86f1fff4605b5bd995e8df1cc040702f4def01e5,6f6ba885449b17f8e4182397b45acf91633ca337a535616bdd7c00586b187d0c,1.86,1.98,True,2024-04-23T20:09:00+00:00,2024-04-23T19:08:00+00:00
te:2597599,2024-04-23,2024,2024-04-23,berankis,ellis-b4efc,2024-04-23T04:30:00+00:00,2024-04-22T15:39:00+00:00,,,,1.68,2.08,0.5531914893617021,0.21357410029805912,0.6363401231088773,0.3459400781942562,1.8666666666666667,0.6666666666666666,0.7556345846622858,0.7036108749040305,6.300579502571679e-11,121,180,False,False,False,2b594eea2eb01ee68572e13c38655c321a7139916702013779e7f9d180a3eb29,07858300fbc3fc5badfacc3e44f7fb64b60f310f68baab08f921a64bb95ff58f,1.72,2.09,True,2024-04-22T20:12:00+00:00,2024-04-23T03:50:00+00:00
te:2599469,2024-04-26,2024,2024-04-26,dellien,harris-5a94c,2024-04-26T13:45:00+00:00,2024-04-25T01:00:00+00:00,1.0,2024-04-28T22:00:00+00:00,2024-04-26,1.77,2.11,0.5438144329896907,0.17570840090223716,0.634520857283974,0.3759525452227641,0.9166666666666666,0.016666666666666666,0.7280700804159805,0.686399285082024,9.022310343276274e-09,149,220,False,False,False,27a78873ac1efcf52cb2156d34b85388c8926c62c847d9d932f05e6227874e0b,3a18dfeec08d043b902196253ec44b34e25645ca75f266216731453da8e91d65,1.78,2.12,True,2024-04-25T19:02:00+00:00,2024-04-25T19:02:00+00:00
te:2599797,2024-04-26,2024,2024-04-26,ficovich,prado-angelo,2024-04-26T18:25:00+00:00,2024-04-25T16:39:00+00:00,1.0,2024-04-28T22:00:00+00:00,2024-04-26,1.99,1.86,0.4831168831168831,-0.06755815101129117,0.6142297178255353,0.532685074046417,1.0166666666666666,0.5166666666666667,0.6821374696626257,0.6264862284793483,8.682987526209551e-08,158,125,False,False,False,1b404f35a117023783a41acc75fa2b9c70bdab0a36c4d3374f0e3569be6bf4a3,e1519d97c90e2996a6a9727e16afac5dd591bad5b0bf955d44b53201fe48e289,2.0,1.88,True,2024-04-26T10:39:00+00:00,2024-04-26T15:36:00+00:00
te:2599899,2024-04-26,2024,2024-04-26,popko,brouwer-44152,2024-04-26T18:05:00+00:00,2024-04-25T16:08:00+00:00,1.0,2024-04-28T22:00:00+00:00,2024-04-26,1.88,1.97,0.5116883116883117,0.04676176590803954,0.6336320181455907,0.5010683637916888,0.7166666666666667,0.08333333333333333,0.6667971006045326,0.6819240000808199,2.1476349559845787e-08,247,142,False,False,False,11dc269f4271fbf29b770d0a2cf1a915f41fbd3c8636e7a014075089acc7de87,026fbfc9dc45d6f3c9b508a16fc7daa2659fb3096e2079aeee1efe636dd0f5fa,1.91,1.96,True,2024-04-26T15:28:00+00:00,2024-04-26T15:28:00+00:00
te:2599943,2024-04-26,2024,2024-04-26,duckworth,bellucci-47e7e,2024-04-26T05:10:00+00:00,2024-04-25T06:55:00+00:00,1.0,2024-04-28T22:00:00+00:00,2024-04-26,1.65,2.33,0.5854271356783919,0.34509297966511965,0.642179277992503,0.23974244979665138,0.0,0.0,0.7505953137739309,0.7090184397772901,9.536649248076401e-12,166,167,False,False,False,2fa0eab64f004ed419406304e34e30e40fb2cc9a6b0d769709085c727b7386d0,771db40982a2500a6c55a894b141e5104938c0e738e99f6230ff0636f54172ac,1.6,2.44,True,2024-04-25T23:42:00+00:00,2024-04-26T04:53:00+00:00
te:2600847,2024-04-30,2024,2024-04-30,duckworth,sweeny,2024-04-30T03:05:00+00:00,2024-04-28T09:36:00+00:00,1.0,2024-05-02T22:00:00+00:00,2024-04-30,1.88,1.93,0.5065616797900262,0.026248226074936154,0.5898156157469374,0.33695497000241237,0.9166666666666666,0.38333333333333336,0.7246228270184549,0.6309872700723604,7.024945586353581e-08,165,149,False,False,False,11bcab2a72f81f3746a269300d4d35e15349ee2c5a71471dda368bf1f47eb6dc,84a036ef8ed3e19c060fff04ea6fc4859316836f61b494c4c660851992f13363,1.84,2.0,True,2024-04-30T02:31:00+00:00,2024-04-30T02:31:00+00:00
te:2601711,2024-04-30,2024,2024-04-30,bueno-01b7e,guillen-meza,2024-04-30T19:00:00+00:00,2024-04-28T07:02:00+00:00,1.0,2024-05-02T22:00:00+00:00,2024-04-30,1.95,1.87,0.4895287958115184,-0.041890941709159774,0.6150590047849345,0.5105190842924504,1.2166666666666666,0.21666666666666667,0.5223459186031543,0.5211278205010688,1.2371082280970835e-05,143,191,False,False,False,6015cfb73bcd2b738eedd5e1f2da1a45347a888c5684037bb7713c235c9bd7e6,ecd6111ec5cf58d68dbb93f83a1ac37c1ef62768dcc3f12177b7dd781ac5d753,1.98,1.85,True,2024-04-30T18:41:00+00:00,2024-04-30T18:41:00+00:00
te:2602171,2024-04-30,2024,2024-04-30,darderi,tirante,2024-04-30T13:00:00+00:00,2024-04-29T09:39:00+00:00,1.0,2024-05-02T22:00:00+00:00,2024-04-30,1.83,2.0,0.5221932114882506,0.08883121370661551,0.6127755778811605,0.370163123531123,1.3333333333333333,0.03333333333333333,0.7373306978441267,0.6642461787975469,1.832345386532097e-11,206,156,False,False,False,757eb207c912231f485c52dd3318ad8e2b86727b84bfcfdfb9e6a27719b08237,9278f81452094d9cf376eb404202619e3111e0b100c21bf0708938803c2fcd15,1.93,1.9,True,2024-04-30T10:42:00+00:00,2024-04-30T12:36:00+00:00
te:2602217,2024-04-30,2024,2024-04-30,gasquet,mayot,2024-04-30T12:15:00+00:00,2024-04-29T10:40:00+00:00,1.0,2024-05-02T22:00:00+00:00,2024-04-30,1.8,2.03,0.5300261096605744,0.12024912815157689,0.624724465465856,0.3894010541998824,0.9833333333333333,0.9833333333333333,0.6261597077030022,0.6249840112465004,2.97096330759139e-07,154,192,False,False,False,82c1996e4f87f1b9f70171a5f041bbacbd5f5670c8f844c5f4a0148e749a3024,d3a5d358156e4de6e67413fcc5cb0a0af16bb9897114afa84c22e1a411bf1df8,1.81,2.04,True,2024-04-30T04:43:00+00:00,2024-04-30T04:43:00+00:00
te:2602227,2024-04-30,2024,2024-04-30,munar-d1298,giron-49e97,2024-04-30T11:00:00+00:00,2024-04-29T10:46:00+00:00,0.0,2024-05-02T22:00:00+00:00,2024-04-30,1.83,1.99,0.5209424083769634,0.08381867188307154,0.6160376511786776,0.3889449139898361,1.2333333333333334,0.13333333333333333,0.6612075791402262,0.6148097114477128,9.594686156688681e-12,155,149,False,False,False,14e99942e9a0726f8417c8bb920bb21d7b9530f6b6be0b26996921163c56d6aa,5b7e942c02cd197bbd557ed67ec3ff67a59a8cdc146f48ffafb0929a5285ca3f,1.89,1.94,True,2024-04-30T05:00:00+00:00,2024-04-30T05:00:00+00:00
te:2602715,2024-04-30,2024,2024-04-30,lajal,cui-f99f9,2024-04-30T07:05:00+00:00,2024-04-29T16:09:00+00:00,1.0,2024-05-02T22:00:00+00:00,2024-04-30,2.15,1.71,0.4430051813471503,-0.2289744716250029,0.5652602746070297,0.49151324013365116,1.1666666666666667,1.1666666666666667,0.718567613517899,0.6035834789934889,9.232576370088452e-10,162,121,False,False,False,bcacb1e7c932fbd2545b0ec9f4c3b87abdc3aa8937b8f6fc0a56039760fe70d2,5759b97e1446e06bf60123b4f978f11557004886328da97d396a49b273df7716,2.13,1.75,True,2024-04-30T05:35:00+00:00,2024-04-30T05:35:00+00:00
te:2602735,2024-04-30,2024,2024-04-30,meligeni-rodrigues-alves,kuzmanov,2024-04-30T09:10:00+00:00,2024-04-30T00:34:00+00:00,0.0,2024-05-02T22:00:00+00:00,2024-04-30,1.8,1.93,0.517426273458445,0.06973333801467523,0.640516279508436,0.507872307489212,0.4166666666666667,0.4166666666666667,0.7062860496120044,0.6915719137519436,8.7272578053188e-11,160,141,False,False,False,bb16a47f063cc4c67266753630c3f3d0c17d211fbb0bdd8a68a450be3f9428dc,054d04f41cf677fa8b8cb0d8183f1114bed12f39e3c48f4e84390ede31475297,1.82,1.96,True,2024-04-30T04:09:00+00:00,2024-04-30T08:48:00+00:00
te:2602961,2024-04-30,2024,2024-04-30,kukushkin,llamas-ruiz,2024-04-30T09:10:00+00:00,2024-04-29T20:47:00+00:00,,,,1.9,1.82,0.489247311827957,-0.043017385083690754,0.6574969507568755,0.6951769509304453,1.6333333333333333,0.7666666666666667,0.7508863229225785,0.8010095482084693,1.4314127605441485e-08,151,169,False,False,False,dd4d9b1085ec6d0d492767b55e36e66149b437e04aaf1f6430806c8edb12f463,e081d369deec966353bf74301de7e55b05014375c8434ab447e1677948c69080,1.96,1.81,True,2024-04-30T08:49:00+00:00,2024-04-30T08:49:00+00:00
te:2603403,2024-04-30,2024,2024-04-30,de-jong-57322,passaro-5f6f1,2024-04-30T09:50:00+00:00,2024-04-30T00:37:00+00:00,1.0,2024-05-02T22:00:00+00:00,2024-04-30,1.79,1.94,0.520107238605898,0.08047235322257275,0.615750203866725,0.3910761630038151,1.1,0.26666666666666666,0.6119735354850875,0.5806220652645078,2.8312609756664386e-08,143,151,False,False,False,042d430e1f7fd0c40fd2ad4a7de8b7b3b0e17fa88148f0a162b5c0b8a3d614f7,fac336e495a469a64ddd86a75c98343a6e010237503a935735f9ef1c0a766a24,1.81,1.96,True,2024-04-30T00:54:00+00:00,2024-04-30T04:10:00+00:00
te:2604959,2024-05-03,2024,2024-05-03,bagnis,shevchenko-3bd40,2024-05-03T09:50:00+00:00,2024-05-01T19:48:00+00:00,1.0,2024-05-05T22:00:00+00:00,2024-05-03,1.85,2.01,0.5207253886010362,0.08294908298075078,0.6284129720095354,0.44246536830449845,1.4166666666666667,0.11666666666666667,0.6449775069745143,0.6467041294763639,7.213926206395271e-09,160,174,False,False,False,b42261759c45e660db8771a7461a282d224e90a5a4804c6ab14c537895b6df46,4ff130f0cbb3fb111c1e3dd851876707a3201d00198e892ac1ad9156167126ea,1.84,2.04,True,2024-05-02T13:53:00+00:00,2024-05-02T13:53:00+00:00
te:2605245,2024-05-03,2024,2024-05-03,galan-e4b30,fucsovics,2024-05-03T10:05:00+00:00,2024-05-02T20:17:00+00:00,,,,2.14,1.75,0.4498714652956298,-0.20119004109833744,0.5717935087152756,0.4903624330429733,0.5,0.5,0.6461419267235152,0.7610635932349217,4.641596967891459e-09,170,137,False,False,False,bb732ab6a424fd9db848566729e837f00b044d8579592151d362c758ab68e7d0,f9b964a1147ee3cc8fe08991a29e139b99eac6858786436e03c337e2db1b0c86,2.19,1.74,True,2024-05-03T09:50:00+00:00,2024-05-03T09:50:00+00:00
te:2605341,2024-05-03,2024,2024-05-03,musetti,borges-8d823,2024-05-03T12:10:00+00:00,2024-05-02T20:19:00+00:00,1.0,2024-05-05T22:00:00+00:00,2024-05-03,1.92,1.93,0.5012987012987012,0.005194816877103783,0.6340581889744498,0.5444715795726064,0.3333333333333333,0.3333333333333333,0.7429312596620334,0.6935988296517341,1.9701788533943443e-09,155,157,False,False,False,9ad84faf479d26c36045a8308afee63518932f007c7119f4f479a16739964148,4365ccbe873aaf2d278fabf99a0d8d20a092b8465cfed50c7d8e99bdc7a45077,1.85,2.02,True,2024-05-03T11:52:00+00:00,2024-05-03T11:52:00+00:00
te:2605389,2024-05-03,2024,2024-05-03,darderi,coria-df292,2024-05-03T17:50:00+00:00,2024-05-02T20:19:00+00:00,,,,1.93,1.92,0.49870129870129865,-0.0051948168771042275,0.6058132625750021,0.43494185802011925,0.38333333333333336,0.38333333333333336,0.6200294248144053,0.5655243718711042,5.830746996338121e-10,204,188,False,False,False,32ad9dc544f14f4011e6f0e161df08e61a4e2e0ceb5c0e0fb1c8a4313c8c97ee,cf57cfbe5ac2f927927d5d717fb1ecb0d3dd7d8e83f036103552085bfd9bfc0b,1.94,1.93,True,2024-05-03T15:24:00+00:00,2024-05-03T15:24:00+00:00
te:2605409,2024-05-03,2024,2024-05-03,kirkin,torres-dc0bf,2024-05-03T15:50:00+00:00,2024-05-03T02:24:00+00:00,1.0,2024-05-05T22:00:00+00:00,2024-05-03,1.96,1.89,0.49090909090909085,-0.03636764417087508,0.6050884685069704,0.463080551536278,0.0,0.0,0.5000000000000001,0.5463872232218615,0.008828011314520212,199,102,False,False,False,171429bf393da96eafbd8b773401989c8fb5e8bd1066a003988f08b0c10c1262,769d10f12f4c7780a2b0b7e89150709647a24e98011b5b2925c138f307b3ac22,1.93,1.93,True,2024-05-03T12:58:00+00:00,2024-05-03T12:35:00+00:00
te:2605807,2024-05-07,2024,2024-05-07,bolt-fa7eb,escoffier,2024-05-07T03:10:00+00:00,2024-05-04T18:40:00+00:00,1.0,2024-05-09T22:00:00+00:00,2024-05-07,1.65,2.26,0.578005115089514,0.31458952537170504,0.6564075046237468,0.332735918074583,1.3833333333333333,0.18333333333333332,0.7353476120547664,0.7484413214877276,1.2414846928265888e-11,142,157,False,False,False,0fc732dbf1434f4e2871e212f4c2b0b8d6ef2c5e9bbc4559597e086b721e9be6,cf79760fcf8341418b6e9051669399eb0ff46d8e8fe956ef7006d0427ed59594,1.7,2.2,True,2024-05-06T23:49:00+00:00,2024-05-07T01:26:00+00:00
te:2605897,2024-05-07,2024,2024-05-07,kovalik,gaubas,2024-05-07T08:10:00+00:00,2024-05-05T10:53:00+00:00,0.0,2024-05-09T22:00:00+00:00,2024-05-07,1.74,2.11,0.548051948051948,0.19280283426153733,0.6301708836940991,0.34014714117111067,1.05,0.35,0.6614447057094933,0.6516834231214659,1.3180396152279172e-07,180,191,False,False,False,7a696926d4f654c7d4c28a360c6c80641b2d52c68e6c3b7f9e5e45515de56e2d,8084ccb00f014787bcaac10e26be45f5244c00bd4e25770a87e51dcaceb9ff8a,1.75,2.12,True,2024-05-06T04:53:00+00:00,2024-05-06T04:53:00+00:00
te:2606035,2024-05-07,2024,2024-05-07,guillen-meza,aboian-f7ddc,2024-05-07T13:10:00+00:00,2024-05-06T16:17:00+00:00,1.0,2024-05-09T22:00:00+00:00,2024-05-07,1.93,1.88,0.4934383202099738,-0.026248226074936154,0.6080027697612028,0.46517288951087477,0.9666666666666667,0.0,0.5387621031467514,0.5000000000000001,0.0005560945341209489,197,207,False,False,False,63ce28c602d1b45c1e974fc280e253c7b133fd8a20bbae6a1576c3bda1a241d5,f79deda7328e6e20bdf6fc1389c755918497343ef85c69f221650ed34c49c1ab,1.9,1.93,True,2024-05-07T12:51:00+00:00,2024-05-07T12:51:00+00:00
te:2606345,2024-05-07,2024,2024-05-07,walton,mccabe-b71c6,2024-05-07T05:25:00+00:00,2024-05-06T14:48:00+00:00,0.0,2024-05-09T22:00:00+00:00,2024-05-07,1.79,2.05,0.5338541666666666,0.13562417329765303,0.6389491535082987,0.4351819085172974,0.85,0.85,0.8090712858708012,0.7374310048189765,5.5067062021407764e-14,205,132,False,False,False,38e8239d6940703b3953c268eb8f7eb4e77dd8773379ab9d57d301c91b78cbea,272cfb3ff162920edffaae4d5bb438a0cd7d2d9175233349c37d4766bf6ea356,1.88,1.95,True,2024-05-07T04:48:00+00:00,2024-05-07T04:48:00+00:00
te:2606349,2024-05-07,2024,2024-05-07,bertola-e4bb8,cressy,2024-05-07T05:00:00+00:00,2024-05-06T14:49:00+00:00,0.0,2024-05-09T22:00:00+00:00,2024-05-07,1.79,2.04,0.5326370757180157,0.13073418800346137,0.6086042315548683,0.3107147587952319,0.75,0.75,0.7342480747973924,0.8374311288728487,1.6998766283471411e-10,207,135,False,False,False,5d7bc3fd4a3efbc315329e3088cd4843c6847319452a014ce4fce8700f422da5,35e8754153077f20a8a86bb702dcba42d9476a5652a07f718e84a40825e3f31a,1.72,2.17,True,2024-05-07T04:38:00+00:00,2024-05-07T04:38:00+00:00
te:2609865,2024-05-10,2024,2024-05-10,lingua-lavallen,olivo,2024-05-10T16:55:00+00:00,2024-05-08T15:17:00+00:00,0.0,2024-05-12T22:00:00+00:00,2024-05-10,1.92,1.9,0.4973821989528796,-0.010471299867295303,0.6091290320157066,0.45412391999942847,0.23333333333333334,0.23333333333333334,0.5000000000000001,0.5353850679850265,0.007231965195278023,97,148,False,False,False,3f7057703ea86464871b05b3b9b30e20c6ca76e9cc27ebf8d412956ce42062dc,a524fdb3d6cf7a07560f74f912ab3b7b49114662203a2eeaeb0664f7e1bdd037,1.91,1.93,True,2024-05-09T09:18:00+00:00,2024-05-09T09:18:00+00:00
te:2610749,2024-05-10,2024,2024-05-10,vesely,fonio,2024-05-10T12:50:00+00:00,2024-05-09T17:28:00+00:00,1.0,2024-05-12T22:00:00+00:00,2024-05-10,1.67,2.27,0.5761421319796954,0.3069562050646476,0.6417393860595464,0.27596538203346943,1.1333333333333333,0.06666666666666667,0.6989566653701987,0.6989566653704504,2.4421734079460578e-09,98,183,False,False,False,0139d94c8882789a1059c4fcbbee52a990ce9ac4952e03c30b6951a575176153,45e635d1b652be0917ef07274cd3d18270cf153a48efca9add2c2a8d37a7ff01,1.69,2.26,True,2024-05-10T09:30:00+00:00,2024-05-10T11:14:00+00:00
te:2610753,2024-05-10,2024,2024-05-10,onclin-89017,barranco-cosano,2024-05-10T11:10:00+00:00,2024-05-09T17:30:00+00:00,1.0,2024-05-12T22:00:00+00:00,2024-05-10,1.91,1.94,0.5038961038961038,0.015584731016698041,0.6147158495008643,0.4515942813826692,0.26666666666666666,0.26666666666666666,0.533812027003608,0.5229650951485075,4.0751502007607687e-07,150,189,False,False,False,22c61815926892ec172d219fb1252e5f3bdceb0b24966c97717b4f3f09b0d6c1,a526cce4677e6443540bd094132357d34cbc9d484c7546e6cfc124776b3e0c3d,1.9,1.97,True,2024-05-10T08:19:00+00:00,2024-05-10T08:19:00+00:00
te:2611855,2024-05-14,2024,2024-05-14,marchenko,moriya,2024-05-14T13:15:00+00:00,2024-05-12T00:21:00+00:00,1.0,2024-05-16T22:00:00+00:00,2024-05-14,1.88,1.93,0.5065616797900262,0.026248226074936154,0.6300347541308882,0.5061176859331358,0.65,0.05,0.7190004166419669,0.6744400993309894,3.1674662892555716e-13,135,168,False,False,False,c42f3a14b33ceb64ef285ff80ddc3265b671628329cf63549a506536a3d3b0d9,06eaed30372d5c3c1456c2b299059967388520a1f7b8974d65cc92c832c4cee6,1.86,1.97,True,2024-05-14T11:32:00+00:00,2024-05-14T11:32:00+00:00
te:2611867,2024-05-14,2024,2024-05-14,walton,shimizu-38ca9,2024-05-14T07:25:00+00:00,2024-05-12T00:24:00+00:00,0.0,2024-05-16T22:00:00+00:00,2024-05-14,1.95,1.87,0.4895287958115184,-0.041890941709159774,0.6194226863320724,0.5289894885529717,1.4833333333333334,1.4833333333333334,0.795168843864834,0.7116900214948249,9.936496070395151e-15,218,111,False,False,False,4081583ef21be79d35fec554da08cd82b9f93c828a0969daa45737056e9a3fc0,02e54f867e597ff5d046b20ec100a2155a7e7292e12e0dc1414f0d2ec4cbce45,1.93,1.9,True,2024-05-12T00:34:00+00:00,2024-05-14T06:12:00+00:00
te:2612265,2024-05-14,2024,2024-05-14,landaluce-84126,hemery,2024-05-14T09:10:00+00:00,2024-05-12T09:39:00+00:00,1.0,2024-05-16T22:00:00+00:00,2024-05-14,1.78,2.06,0.5364583333333334,0.14609261849749608,0.631479920121609,0.3924783246768163,0.3,0.3,0.6695381997235187,0.6575444151300358,7.511375635371742e-08,138,191,False,False,False,ae5c21fbb684c0364efa4eaa0f71cb5867884bd3126721f75a36c114972296c7,e6cb0cc495637382880cac5637b0c59135c4b62ba0878666214105b1b3348d42,1.79,2.07,True,2024-05-13T22:44:00+00:00,2024-05-14T06:25:00+00:00
te:2613865,2024-05-17,2024,2024-05-17,goffin,varillas,2024-05-17T09:35:00+00:00,2024-05-13T15:48:00+00:00,1.0,2024-05-19T22:00:00+00:00,2024-05-17,1.9,1.95,0.5064935064935064,0.025975486403260445,0.6322704771766342,0.5159941108048222,0.36666666666666664,0.36666666666666664,0.6711093166135965,0.6609319711722131,3.113058535952895e-08,182,150,False,False,False,8393d5ff40ab6e2ff28a19335242975a9152144c48eebb4c5ebc258ab460b9eb,433a55b8ea15cb9f2338a0baa71b4a0c35456738bca3be3cd9999ea761ca096b,1.93,1.93,True,2024-05-17T07:47:00+00:00,2024-05-17T04:42:00+00:00
te:2613871,2024-05-17,2024,2024-05-17,wolf-e839f,nardi-e2cda,2024-05-17T09:45:00+00:00,2024-05-13T15:39:00+00:00,1.0,2024-05-19T22:00:00+00:00,2024-05-17,2.04,1.83,0.4728682170542636,-0.10863384100279541,0.563652424880042,0.36463251818307063,1.4666666666666666,0.8,0.5922780364901504,0.7074779995026547,1.1787593512391226e-08,119,179,False,False,False,7730a7cfe07d91a9e959d1cf0a373d151474f0ccd6bac6e055c7af6c6a03f3c3,795c3742ba2c8c7033a47f559c5895de253829634fa1301a9dcb72ea6d3bf7d9,2.23,1.71,True,2024-05-16T15:53:00+00:00,2024-05-16T14:18:00+00:00
te:2614373,2024-05-14,2024,2024-05-14,tabur,cecchinato,2024-05-14T09:05:00+00:00,2024-05-13T16:49:00+00:00,1.0,2024-05-16T22:00:00+00:00,2024-05-14,1.93,1.89,0.4947643979057591,-0.02094317384524342,0.6107548722149948,0.47142956767486527,0.85,0.85,0.5147168450185875,0.5460078846443128,9.41583441632643e-08,200,94,False,False,False,097d1a8f5c0eec46aa56ed2bc738bcdbd8b5e980ace1aca65f4362a2b06aaf71,13d6ba7863739c33beda912b95f9dc558e99e1c101121c0a0fae5a07625c5a5d,2.04,1.81,True,2024-05-14T07:17:00+00:00,2024-05-14T07:17:00+00:00
te:2614387,2024-05-14,2024,2024-05-14,novak-77d05,added,2024-05-14T11:40:00+00:00,2024-05-14T01:47:00+00:00,,,,2.17,1.7,0.43927648578811374,-0.24409891649019763,0.5680043837158779,0.517812612289045,0.4666666666666667,0.4666666666666667,0.7620082029754573,0.6440058354264347,7.3714793158430325e-09,167,175,False,False,False,f332a77546c51b7050392d93ebd5846b447af7214dc3627d1573e7aa99863cc1,83abd2700dc461ac46dcd9d203892b69e79b1251fcc467ef4894eebb970580f4,2.1,1.76,True,2024-05-14T11:30:00+00:00,2024-05-14T11:19:00+00:00
te:2614393,2024-05-14,2024,2024-05-14,burruchaga,andreev-8a7ee,2024-05-14T10:10:00+00:00,2024-05-14T01:46:00+00:00,1.0,2024-05-16T22:00:00+00:00,2024-05-14,1.88,1.93,0.5065616797900262,0.026248226074936154,0.6147377129331603,0.4410231002855869,1.3166666666666667,0.2833333333333333,0.503071863821001,0.5000000054739353,0.021026083143159457,203,171,False,False,False,ebca8cbd45c6bdf11f7dd66ee807effd1fae9a2a2a20b9085cadbe82774b407d,78eb06bf86530daa55c4a8bcc5924bcef34d6150acdfda8bef2dc4835c9f6e90,1.87,1.97,True,2024-05-14T09:01:00+00:00,2024-05-14T09:01:00+00:00
te:2614397,2024-05-14,2024,2024-05-14,harris-9f62b,silva-cb43c,2024-05-14T10:10:00+00:00,2024-05-14T01:49:00+00:00,1.0,2024-05-16T22:00:00+00:00,2024-05-14,1.88,1.93,0.5065616797900262,0.026248226074936154,0.6289226200225609,0.5013493901987756,0.9166666666666666,0.9166666666666666,0.7428571830368109,0.6868047465092957,1.127020643476584e-08,137,112,False,False,False,c4cce81633dc2e39fb850e74530bb32345f79a2a74610e21e452e20ca4df048f,0fea88186dffcf6231a49ea4b1c33c54cb555cc679f2dc4d4c72afa60c299963,1.82,2.03,True,2024-05-14T09:56:00+00:00,2024-05-14T09:56:00+00:00
te:2616431,2024-05-17,2024,2024-05-17,marchenko,hsu-b2ce0,2024-05-17T08:35:00+00:00,2024-05-16T13:15:00+00:00,1.0,2024-05-19T22:00:00+00:00,2024-05-17,1.78,2.11,0.5424164524421594,0.17007458318398147,0.6099118884387466,0.276867277681633,0.0,0.0,0.6545095195085232,0.7283162176556777,2.746368132910959e-10,135,125,False,False,False,06d90df5c17637cec482828dbe594453d2d9b896ea9ff672c147f506031b9514,cb5a107964c54715022507a9a9b40b93f9ee3625120c4c91d48694d3d80911a0,1.76,2.15,True,2024-05-17T04:33:00+00:00,2024-05-17T04:33:00+00:00
te:2616671,2024-05-17,2024,2024-05-17,roca-batalla,dzumhur,2024-05-17T11:10:00+00:00,2024-05-17T03:55:00+00:00,1.0,2024-05-19T22:00:00+00:00,2024-05-17,1.93,1.93,0.5,0.0,0.6145205360002769,0.4663544269808186,0.8666666666666667,0.16666666666666666,0.6254234999045644,0.6800157227149092,1.0056866125984776e-07,208,176,False,False,False,6fe968333f22a587d2ea868cba2aa83a46f178d3fcd13b698379ebe4dffa4ef0,03cac7cf5f750476bb37394563d2e92fee94bace71e9c58e59ca2e2b7bdeb872,1.85,2.03,True,2024-05-17T10:40:00+00:00,2024-05-17T10:40:00+00:00
te:2616743,2024-05-17,2024,2024-05-17,nakashima-68876,navone,2024-05-17T12:20:00+00:00,2024-05-16T23:10:00+00:00,1.0,2024-05-19T22:00:00+00:00,2024-05-17,1.78,2.1,0.5412371134020618,0.16532398042538338,0.6411603062532275,0.415079779749809,0.2833333333333333,0.2833333333333333,0.6953499020163958,0.7190588338764384,1.943362692991002e-10,196,181,False,False,False,1c19b6c2b86585de58c564758dcab29f2db42951403f43d7cf374553a9c0235d,7b457c5a37c568f1e57a35d335f5ec35c850403a19c1071da51134ed49139e40,1.81,2.08,True,2024-05-17T11:10:00+00:00,2024-05-17T11:10:00+00:00
te:2616871,2024-05-17,2024,2024-05-17,wolf-e839f,hanfmann,2024-05-17T13:25:00+00:00,2024-05-17T11:40:00+00:00,0.0,2024-05-19T22:00:00+00:00,2024-05-17,1.94,1.91,0.49610389610389616,-0.015584731016698041,0.6070392003799132,0.4504682401375309,0.36666666666666664,0.36666666666666664,0.6439804102865442,0.7185289915231434,3.561406058949501e-09,117,154,False,False,False,3464b80d6e49fdc13b51387ee10d511a5e24e122ed754174321cfb812be8bfe3,750a5ee8ef1de07b21315b001d439f46d5ac3aa70b9400eb29bb416c3de256fe,1.97,1.88,True,2024-05-17T13:18:00+00:00,2024-05-17T13:18:00+00:00
te:2618139,2024-05-21,2024,2024-05-21,basic,vincent-ruggeri,2024-05-21T11:10:00+00:00,2024-05-19T14:49:00+00:00,0.0,2024-05-23T22:00:00+00:00,2024-05-21,1.93,1.89,0.4947643979057591,-0.02094317384524342,0.617310836708667,0.499092782530376,1.1,0.16666666666666666,0.6854121985078772,0.7604001472473608,1.524185855306115e-08,86,202,False,False,False,34c0b0c4565b71fb374952281aae6809ed10cd4ef5585d5a7157effc3277dd5a,cc1aa416d17a0c15eadc150176e9e9ffa39c7b169a1df3ae73059827854fba4b,2.05,1.8,True,2024-05-21T06:28:00+00:00,2024-05-21T06:28:00+00:00
te:2618141,2024-05-21,2024,2024-05-21,paulson-c9bf3,vesely,2024-05-21T12:00:00+00:00,2024-05-19T14:47:00+00:00,1.0,2024-05-23T22:00:00+00:00,2024-05-21,1.86,1.96,0.5130890052356021,0.052367985517315925,0.6048870093231907,0.3735019172798603,0.5,0.5,0.6579359817993503,0.7399166339597001,1.5255549601356222e-10,126,107,False,False,False,0e20bccac14bae147ba15c5e8c1e425b29ac57b8535022a69bac52a334e5f5b1,e693ff23d950b0547d971fe6d7056ad4e1a05b4b27080ca9f6db1dd1163c3462,1.98,1.85,True,2024-05-21T10:49:00+00:00,2024-05-21T10:49:00+00:00
te:2618153,2024-05-21,2024,2024-05-21,soto-fec8d,tkemaladze,2024-05-21T07:45:00+00:00,2024-05-19T01:49:00+00:00,0.0,2024-05-23T22:00:00+00:00,2024-05-21,2.06,1.78,0.46354166666666663,-0.14609261849749608,0.5669535579179665,0.41552503164523635,1.2666666666666666,0.5,0.6040854105191478,0.5000000000000001,0.003317159187071858,135,145,False,False,False,507e5017de0bf6a58336be9834df96d0d71a399534d2f0dcb5f86a3b0ab9e403,7efb03cfcb03602ca455c15663ab7fec223848355c529942645316900a1c1d8d,2.0,1.84,True,2024-05-21T06:54:00+00:00,2024-05-21T06:54:00+00:00
te:2618173,2024-05-21,2024,2024-05-21,masur-d87d6,geerts,2024-05-21T09:15:00+00:00,2024-05-19T14:48:00+00:00,1.0,2024-05-23T22:00:00+00:00,2024-05-21,1.66,2.24,0.5743589743589743,0.29965826349849645,0.6398324092176397,0.2749785648906037,0.3333333333333333,0.3333333333333333,0.71750180670605,0.6918952077578129,6.267413532601296e-10,188,178,False,False,False,8a56212433ac457080caf8c0055a39bdea2437f3c9309a3db4e46d3fd3a2f5d6,f921e31758df42e9795072b13dd20ecddd7ab139c11c4f6472fa459c63f55afd,1.8,2.06,True,2024-05-21T07:36:00+00:00,2024-05-21T06:22:00+00:00
te:2620025,2024-05-21,2024,2024-05-21,strombachs,ayeni-bd31c,2024-05-21T08:50:00+00:00,2024-05-20T20:18:00+00:00,1.0,2024-05-23T22:00:00+00:00,2024-05-21,1.76,2.08,0.5416666666666667,0.16705408466316649,0.6247077800481075,0.3425249280984082,1.2833333333333334,0.18333333333333332,0.688800723887417,0.648226434301784,4.1796510696912037e-10,175,146,False,False,False,e0e392174c5b555e6bdd4df06cb384459a6e6a6669d949c4978e55e24b004ccf,e09bf8d82b8374eb86ff1b8244f6cecedea80b21c2c2d78f2e846f8b87a8bf90,1.73,2.16,True,2024-05-21T07:41:00+00:00,2024-05-21T07:41:00+00:00
te:2620029,2024-05-21,2024,2024-05-21,sekulic-13abc,stewart-a929c,2024-05-21T11:15:00+00:00,2024-05-20T20:18:00+00:00,0.0,2024-05-23T22:00:00+00:00,2024-05-21,1.83,1.99,0.5209424083769634,0.08381867188307154,0.6242168062407383,0.4236667172969495,1.0166666666666666,0.35,0.718025042194564,0.665159383614597,1.1482093054127063e-11,184,149,False,False,False,825d0c3555fafa2176901dc6fbb83d7501188e1254c667ca89bb21656180434f,480b3ee818ff731b876bf9e8b54f9b1322c19f9f8dafb717b68b4b781327c8e8,1.79,2.06,True,2024-05-21T07:46:00+00:00,2024-05-21T07:46:00+00:00
te:2620501,2024-05-21,2024,2024-05-21,weis-6ba1c,nikles,2024-05-21T10:10:00+00:00,2024-05-21T01:43:00+00:00,1.0,2024-05-23T22:00:00+00:00,2024-05-21,2.18,1.7,0.43814432989690716,-0.2486966257388275,0.5607122044997545,0.49274962627473323,0.3,0.3,0.6551316966645694,0.5417753771221071,1.1390081780526806e-07,183,71,False,False,False,606ae656a8c8d32d2d4d1f1e424f00c684cc90b986a8d61fa429a5b0e0710ca1,dc8d61f39b6088ce6132f14a9bd69676a8de2b8970b7ff17c78011471aacd5b1,2.16,1.72,True,2024-05-21T08:16:00+00:00,2024-05-21T07:10:00+00:00
te:2620515,2024-05-21,2024,2024-05-21,dedura-palomero-d612d,dutra-da-silva,2024-05-21T09:10:00+00:00,2024-05-20T20:17:00+00:00,1.0,2024-05-23T22:00:00+00:00,2024-05-21,1.9,1.92,0.5026178010471204,0.010471299867295303,0.6114079320728716,0.442762958314846,1.2833333333333334,1.2833333333333334,0.500000001119938,0.5273189989190852,0.02367337454812729,23,146,False,False,False,269038933dec48b18c42b9503a853a515f0da46225096991a4f70dba3e679b96,1d2cd270343c065ca0e02e708223de4035a8fac75aa5d466a0f27b23dadce838,1.93,1.91,True,2024-05-21T04:35:00+00:00,2024-05-21T04:35:00+00:00
te:2623823,2024-05-28,2024,2024-05-28,fatic-cddef,skatov,2024-05-28T14:10:00+00:00,2024-05-26T16:12:00+00:00,0.0,2024-05-30T22:00:00+00:00,2024-05-28,1.93,1.89,0.4947643979057591,-0.02094317384524342,0.5929706093663456,0.3972026133002374,1.4333333333333333,0.8,0.5310290679615298,0.603424280751952,5.789300858149993e-09,154,145,False,False,False,ccac990f94e0898ab59a394b5bc3025698c508201a0046639b3d248e4b0eb4df,b1b005ed1797a02dc7b9276efc8b6c172a58815059c5e81abc8f2c3fd960d230,1.92,1.92,True,2024-05-28T12:51:00+00:00,2024-05-28T12:51:00+00:00
te:2624347,2024-05-28,2024,2024-05-28,hong-0ce56,cassone,2024-05-28T15:05:00+00:00,2024-05-26T15:49:00+00:00,1.0,2024-05-30T22:00:00+00:00,2024-05-28,2.18,1.7,0.43814432989690716,-0.2486966257388275,0.504761542979919,0.2677433734503184,0.4666666666666667,0.4666666666666667,0.753395823795311,0.5904582323106015,1.2758847436900034e-08,174,34,False,False,False,cfe70dfbedd8711b7821057e31b339650a35b249c3fcddf348ebe64c3486ed3b,539ddc5da2184870df838f72d0d31571e695a7feef136a38bac984251254eec3,2.12,1.75,True,2024-05-28T11:18:00+00:00,2024-05-28T11:18:00+00:00
te:2626855,2024-05-28,2024,2024-05-28,martin-e6e6e,hsu-b2ce0,2024-05-28T19:30:00+00:00,2024-05-27T23:38:00+00:00,0.0,2024-05-30T22:00:00+00:00,2024-05-28,2.1,1.75,0.4545454545454546,-0.18232155679395445,0.5496150896449125,0.38143717951075246,0.0,0.0,0.5000000000000001,0.6220716882281675,0.0034632453537947333,80,132,False,False,False,c553ce6dc7eec7e4f1d10354815661973e64c672202ebe2ae4b7c99874d243cd,b50bb67e317013442c4a10391a16d7bfe11f0d9fab3afe11cc18034e1a938e98,2.02,1.83,True,2024-05-28T15:30:00+00:00,2024-05-28T15:30:00+00:00
te:2626857,2024-05-28,2024,2024-05-28,shimizu-38ca9,smith-8b3b8,2024-05-28T19:10:00+00:00,2024-05-27T23:38:00+00:00,0.0,2024-05-30T22:00:00+00:00,2024-05-28,1.94,1.88,0.4921465968586388,-0.03141619623337862,0.5940047642349011,0.41196211119717524,0.0,0.0,0.7583611470466245,0.6622130275182228,6.298758736811294e-11,113,172,False,False,False,9f324cee32929b51f9e3cac712e3c197b451dd75780b3b8e2c4df778f9cce7be,d44bb4ac2e9729cd7e65adc48a829567010cf8ed336fcde2c89cb8b3fa952db3,1.89,1.94,True,2024-05-28T15:30:00+00:00,2024-05-28T15:30:00+00:00
te:2627595,2024-05-31,2024,2024-05-31,shimizu-38ca9,tomic-4ca3d,2024-05-30T23:10:00+00:00,2024-05-29T08:40:00+00:00,,,,1.81,2.03,0.5286458333333333,0.11470894777596129,0.6465103269440761,0.4890259524368272,0.0,0.0,0.7337064182593012,0.7107747176714578,1.0940692796168605e-12,113,176,False,False,False,79dd360b319aa7ecfee821dbb624a74ee0df5558c22b594a01150d257a42bfeb,7f70d68ed08f11b0d21c9e810f251ac9bb66b4b2538c86138cc047c6cf55b981,1.79,2.06,True,2024-05-30T06:50:00+00:00,2024-05-30T06:50:00+00:00
te:2627903,2024-05-31,2024,2024-05-31,tseng-5c1bc,prado-angelo,2024-05-31T13:35:00+00:00,2024-05-29T15:49:00+00:00,0.0,2024-06-02T22:00:00+00:00,2024-05-31,1.96,1.86,0.486910994764398,-0.0523679855173157,0.5937250398746631,0.43175412981161965,0.0,0.0,0.6306660186513675,0.5562015634778986,9.124860866904783e-09,133,141,False,False,False,96a1baf9aab910b9ca036f96cf77e07cb79dd517ee0107a85598e1e2ce4ef589,291683b467c9241114b34507d5af00afc5c7b8d8fd1f1094866a8baabefdd93b,1.94,1.89,True,2024-05-30T09:52:00+00:00,2024-05-30T09:52:00+00:00
te:2628593,2024-05-31,2024,2024-05-31,basavareddy,svajda-cce6f,2024-05-31T17:10:00+00:00,2024-05-31T01:10:00+00:00,0.0,2024-06-02T22:00:00+00:00,2024-05-31,1.97,1.88,0.4883116883116883,-0.04676176590803932,0.6045067465741463,0.4710408677659542,0.6833333333333333,0.05,0.5477661954489502,0.5000000000021328,0.024091279661966294,57,50,False,False,False,624ea702209a4673c786627deb0db077738a50708c0ef95f931a75910607a4a9,654875c034384c485b00101d5b4cb46232321e469914497814893f0c16dba086,1.96,1.91,True,2024-05-31T16:57:00+00:00,2024-05-31T16:57:00+00:00
te:2629379,2024-06-04,2024,2024-06-04,choinski,hanfmann,2024-06-04T14:00:00+00:00,2024-06-02T15:25:00+00:00,0.0,2024-06-06T22:00:00+00:00,2024-06-04,1.96,1.86,0.486910994764398,-0.0523679855173157,0.5990817942688321,0.45400869490953266,0.0,0.0,0.6548638417404362,0.7432714461327786,4.1261247196722195e-10,172,148,False,False,False,5cea5d92fbf4ca4c35e4815f1570efa4199b54105211c2139f6278ec46707bc9,4f9d473a72c52429da5234cce9cb80b270454470f9ab1b26d58a0c116ff8eaa4,2.01,1.83,True,2024-06-04T07:49:00+00:00,2024-06-04T07:49:00+00:00
te:2631811,2024-06-04,2024,2024-06-04,jubb,michelsen-a98bb,2024-06-04T11:40:00+00:00,2024-06-03T18:30:00+00:00,1.0,2024-06-06T22:00:00+00:00,2024-06-04,1.8,2.07,0.5348837209302325,0.1397619423751585,0.5874617784920353,0.21372038395754583,0.0,0.0,0.6058451107601968,0.6972966954656266,3.8402131474768453e-10,174,208,False,False,False,9af2250cdc598aa052738e96002a5e10a1d989f8ace34502ce5877f5ec2e3d4c,937a22d8804055372f577b2a05659a323b11dead9fd38a617cb2859e6cb66fb1,1.7,2.23,True,2024-06-04T09:00:00+00:00,2024-06-04T08:31:00+00:00
te:2632437,2024-06-04,2024,2024-06-04,moro-canas,gill-59a09,2024-06-04T09:40:00+00:00,2024-06-03T19:08:00+00:00,1.0,2024-06-06T22:00:00+00:00,2024-06-04,1.89,1.93,0.5052356020942408,0.020943173845242972,0.6148855618320995,0.4469524662100853,0.0,0.0,0.6689995798907664,0.6182320197517265,4.572620060372401e-12,181,185,False,False,False,e516d4c2d90987a473eb7f6c3c67aabc03d601b79fcd313d970e7b4132799018,4e7e061bbb8034c125802d02ffadbe55b27cfb2d411f2ded17ad8f04a3c5a102,1.87,1.97,True,2024-06-04T09:11:00+00:00,2024-06-04T06:04:00+00:00
te:2632443,2024-06-04,2024,2024-06-04,marterer,masur-d87d6,2024-06-04T12:40:00+00:00,2024-06-03T18:03:00+00:00,0.0,2024-06-06T22:00:00+00:00,2024-06-04,1.79,2.04,0.5326370757180157,0.13073418800346137,0.6314209214562614,0.40758323821503717,0.0,0.0,0.7565640551599728,0.6981429027556028,3.664546166515237e-10,176,195,False,False,False,d4b121cdb59204e947fc38771c0bcecc1a72f0db912d3c3e0e5e6500e2b59147,57565d7485329b26ece3390486bb977dc992b70077faf09bff33e894823aa421,1.91,1.93,True,2024-06-04T09:00:00+00:00,2024-06-04T09:00:00+00:00
te:2634449,2024-06-07,2024,2024-06-07,kym,cachin,2024-06-07T09:10:00+00:00,2024-06-06T17:20:00+00:00,1.0,2024-06-09T22:00:00+00:00,2024-06-07,1.79,2.05,0.5338541666666666,0.13562417329765303,0.6237859780976224,0.3700249637813537,1.35,0.6166666666666667,0.6246164505569844,0.6483100652666317,9.435961206838428e-09,100,129,False,False,False,8a0ab941fa40e50fb6f8959a21b48c08584e8f253d064e2381e7a336a630eecb,d8fa8d518f4de66ed1957d6f3abbc6b78866bc1284fa642ff8658dae0acde66a,1.77,2.1,True,2024-06-07T06:11:00+00:00,2024-06-07T05:06:00+00:00
te:2634537,2024-06-07,2024,2024-06-07,tseng-5c1bc,djere,2024-06-07T11:25:00+00:00,2024-06-06T22:43:00+00:00,0.0,2024-06-09T22:00:00+00:00,2024-06-07,1.83,2.01,0.5234374999999999,0.09381875521765437,0.6249278428252107,0.416699009781054,1.7833333333333334,1.1833333333333333,0.6615893596061246,0.7105823069000003,2.650044073071456e-11,142,122,False,False,False,a25784f4d26969ae4cb565abd01e158cbd99a36111fe62383757f95799033684,f8d5595c6471be887e0cf13a36e07bb0e7564295270098dda88a90de9db30482,1.81,2.03,True,2024-06-07T09:55:00+00:00,2024-06-07T06:25:00+00:00
te:2634589,2024-06-07,2024,2024-06-07,draxl,hong-0ce56,2024-06-07T17:40:00+00:00,2024-06-06T22:48:00+00:00,0.0,2024-06-09T22:00:00+00:00,2024-06-07,1.65,2.27,0.5790816326530612,0.3190045435808221,0.620415658397324,0.17230831044379713,0.48333333333333334,0.48333333333333334,0.6172127840889357,0.6511095355649217,1.1236696251248901e-07,144,174,False,False,False,76a3c972ec580e7c9f00c6a4b0bf2b18fe4814992378f4eaf4308de98150fe52,9e92d220dcaa8a59694914a11320ee10fd5b2092fb70efab0f0b85a58903c768,1.69,2.22,True,2024-06-07T14:04:00+00:00,2024-06-07T14:04:00+00:00
te:2634591,2024-06-07,2024,2024-06-07,villanueva-55ff0,farjat,2024-06-07T14:10:00+00:00,2024-06-06T22:45:00+00:00,1.0,2024-06-09T22:00:00+00:00,2024-06-07,2.0,1.83,0.47780678851174935,-0.08883121370661573,0.5895497889561013,0.4509357567836606,1.1,0.5666666666666667,0.6259033224620772,0.5465298885408617,1.0618469561962662e-07,197,158,False,False,False,8876edbac6cbee7a1a3e908e2d62cbc45872ff721aa08213795dd823a18386da,c76e06ee8624d32989d32a1a8c10b25723e97eee8667736cef7b3c00b9ae5e1a,1.97,1.87,True,2024-06-07T10:31:00+00:00,2024-06-07T10:31:00+00:00
te:2634675,2024-06-07,2024,2024-06-07,holt-669c7,galarneau-32e1f,2024-06-07T19:20:00+00:00,2024-06-07T03:40:00+00:00,1.0,2024-06-09T22:00:00+00:00,2024-06-07,1.83,2.0,0.5221932114882506,0.08883121370661551,0.6356850620515151,0.4678533338361769,0.8166666666666667,0.2833333333333333,0.6746376208709071,0.6847449642024146,2.1465248467578135e-09,126,143,False,False,False,9e9a2f2bfe748e335773342af362087a1283770606e79b689f067f15c0ee3e80,c63e816e4a925c5dd86469c5e88e340bbe9cc800ac19fdd18acf01336e8d0662,1.74,2.14,True,2024-06-07T18:56:00+00:00,2024-06-07T18:56:00+00:00
te:2635803,2024-06-11,2024,2024-06-11,neumayer,marchenko,2024-06-11T08:05:00+00:00,2024-06-09T16:30:00+00:00,1.0,2024-06-13T22:00:00+00:00,2024-06-11,1.9,1.9,0.5,0.0,0.6152985996825343,0.4696402281388168,0.8833333333333333,0.8833333333333333,0.740776850468163,0.6694663329390943,3.2759073231858338e-12,169,141,False,False,False,8cf37d555133cf015295236be0ef3203212c3aec8751fb713e8b272032f01281,130cae58d17deaceaf3212813bc789e2a79466c3e04e43312f5767bd3da2a540,2.03,1.8,True,2024-06-11T07:52:00+00:00,2024-06-11T07:52:00+00:00
te:2635943,2024-06-11,2024,2024-06-11,mayot,polmans,2024-06-11T16:50:00+00:00,2024-06-09T15:49:00+00:00,0.0,2024-06-13T22:00:00+00:00,2024-06-11,1.78,2.04,0.5340314136125655,0.13633644355213126,0.5915928989480744,0.23421781045028578,0.43333333333333335,0.43333333333333335,0.6948764198053387,0.6081585088487962,1.8281881564163882e-10,190,141,False,False,False,569a49a95d158c8ea505664607bd2371a2be5633a4db8d2daea8afc48b9815ec,8cdc54ac0f3e876d50d93d41aa62fd9b91c33b3aa8496f43e4bb0cbef9dfb2d5,1.9,1.92,True,2024-06-11T13:35:00+00:00,2024-06-11T13:35:00+00:00
te:2636465,2024-06-11,2024,2024-06-11,pucinelli-de-almeida,guillen-meza,2024-06-11T15:10:00+00:00,2024-06-09T14:59:00+00:00,0.0,2024-06-13T22:00:00+00:00,2024-06-11,1.99,1.82,0.47769028871391084,-0.08929813764769673,0.6015167891547529,0.5010872183520556,0.7333333333333333,0.23333333333333334,0.6271017006320391,0.5643295730055002,9.17370485131741e-10,101,186,False,False,False,fb19bcc45c2c657c62c49882fd36790910297a781f0e2e71ebfa34f2a650802b,e651727958883b779798bd104b765c5a70e352d9b35d4cf883826a4add6fe513,2.09,1.75,True,2024-06-11T03:00:00+00:00,2024-06-11T03:00:00+00:00
te:2638149,2024-06-11,2024,2024-06-11,pellegrino-fd654,fonio,2024-06-11T11:35:00+00:00,2024-06-10T18:14:00+00:00,0.0,2024-06-13T22:00:00+00:00,2024-06-11,1.85,1.95,0.513157894736842,0.0526437334854217,0.6308879520873893,0.4833842904917248,0.0,0.0,0.6722458753788361,0.6556775350124231,1.6811444539244214e-07,134,203,False,False,False,206cbdc2201782d6893e11a155a734ffdc9a8e8f95b64b90d7281b9f65407aaf,84fa75ae9f7cf9007bb386e87b826526945eb4ce89ccccf37145dfbb58702264,1.78,2.06,True,2024-06-10T18:25:00+00:00,2024-06-11T08:30:00+00:00
te:2638159,2024-06-11,2024,2024-06-11,de-jong-57322,bonadio,2024-06-11T08:05:00+00:00,2024-06-10T18:13:00+00:00,1.0,2024-06-13T22:00:00+00:00,2024-06-11,1.98,1.83,0.48031496062992135,-0.07878087785311394,0.5781353001497274,0.39390415627728115,0.4666666666666667,0.4666666666666667,0.7420713141140676,0.6350749994565444,4.283265869764463e-08,150,115,False,False,False,8d28a5f06d05638ea505f0f2fdea87df5854bebf113affd68bc53f8ef6e64108,8c8b5462b41a9849f20be425877083951ee0e1cd8b907a933a29f434f13ed08d,1.89,1.93,True,2024-06-11T07:28:00+00:00,2024-06-10T18:35:00+00:00
te:2638861,2024-06-11,2024,2024-06-11,bolt-fa7eb,choinski,2024-06-11T11:50:00+00:00,2024-06-11T08:02:00+00:00,1.0,2024-06-13T22:00:00+00:00,2024-06-11,1.65,2.24,0.5758354755784061,0.30570057795445893,0.6566894013969784,0.34287500322489295,1.75,1.1166666666666667,0.7974545999139425,0.7484449543550984,7.585706840451678e-09,141,181,False,False,False,a3abc029548e5b6a7c850627007ae829ad6cf72dae22062a719c8c85fe2fb6b3,27e0867633a79e7513f4eb55664927a27128caefafdf423fc84f405eb109f2d1,1.68,2.21,True,2024-06-11T11:29:00+00:00,2024-06-11T11:38:00+00:00
te:2639891,2024-06-14,2024,2024-06-14,barreto-sanchez,rodriguez-taverna,2024-06-14T00:35:00+00:00,2024-06-12T14:59:00+00:00,1.0,2024-06-16T22:00:00+00:00,2024-06-14,1.78,2.04,0.5340314136125655,0.13633644355213126,0.6172708264721962,0.3416438045167314,0.5333333333333333,0.5333333333333333,0.5855863259034245,0.6128217589479187,4.900756356285285e-09,160,179,False,False,False,cb649442c0904ec1ca0f85eb76d5e2eb68a19cc2a3474c88b4c7a816562f3d17,4c996e83f9a8580fc7d90453a177205454d074ac06624ae98c051afedd5830cf,1.82,2.03,True,2024-06-13T20:15:00+00:00,2024-06-13T09:01:00+00:00
te:2640657,2024-06-14,2024,2024-06-14,gaston-e1fa4,basilashvili,2024-06-14T13:55:00+00:00,2024-06-13T07:11:00+00:00,1.0,2024-06-16T22:00:00+00:00,2024-06-14,2.01,1.85,0.4792746113989638,-0.08294908298075057,0.5941741180046025,0.46419728180987885,1.05,0.4166666666666667,0.5678297528460623,0.5000000000000001,0.0017602060019173,200,114,False,False,False,ca2446b99d312fb496138568a16553be129c1ac9d1b87eab639b2e958ff95a34,a604f92914f94ff7e09380f3756000fee169c03198949fac58e191521889a203,1.99,1.88,True,2024-06-14T10:09:00+00:00,2024-06-14T05:25:00+00:00
te:2641089,2024-06-14,2024,2024-06-14,rocha-0492a,gombos,2024-06-14T10:55:00+00:00,2024-06-13T18:46:00+00:00,0.0,2024-06-16T22:00:00+00:00,2024-06-14,1.69,2.23,0.5688775510204082,0.27727305653704526,0.6173936901461627,0.2012272865285225,0.2833333333333333,0.2833333333333333,0.6130629192417141,0.5861136100127015,4.138437204037615e-09,195,86,False,False,False,099c2b9897971e5a463de8e336228380e65029257f9e1913a1e4013fdfa75c90,3066f0dbe8447e30b4fc5711467e7af7857dea471e0158294ee2b740efb209ce,1.68,2.28,True,2024-06-14T09:19:00+00:00,2024-06-14T09:19:00+00:00
te:2641103,2024-06-14,2024,2024-06-14,jacquet-d2059,halys,2024-06-14T12:10:00+00:00,2024-06-13T16:18:00+00:00,,,,1.76,2.12,0.5463917525773196,0.1861022796338609,0.6006677486405122,0.22214589059975148,0.3333333333333333,0.3333333333333333,0.5000000000000001,0.5560392846875344,0.006695642866402396,112,125,False,False,False,3cae58d2559f7eba0fa85e20acd79d6c1c4068676571768f94a00b06ef7712a3,26c160e7f8a4e892055551884cd3b766ffffe6dc02205b7d8cb045f808ce4bef,1.75,2.16,True,2024-06-14T08:23:00+00:00,2024-06-14T08:33:00+00:00
te:2641163,2024-06-14,2024,2024-06-14,kovalik,landaluce-84126,2024-06-14T13:05:00+00:00,2024-06-13T18:45:00+00:00,0.0,2024-06-16T22:00:00+00:00,2024-06-14,1.81,2.06,0.5322997416020672,0.12937913752375527,0.6170393586144285,0.34762145475230655,0.0,0.0,0.7726393430445652,0.6937594952068503,1.2025648532532074e-09,193,131,False,False,False,fa50692d3e33c379b7b56e3e4dabeaefb53b660c25dd81bf73daaf009df90ce0,8e10f21ee6aa3f5b69ccc52b3ba4aea4638967c5d78850bbd80fe6d2edcf16aa,1.92,1.95,True,2024-06-14T09:34:00+00:00,2024-06-14T09:34:00+00:00
te:2645559,2024-06-18,2024,2024-06-18,weis-6ba1c,royer,2024-06-18T10:55:00+00:00,2024-06-17T16:44:00+00:00,1.0,2024-06-20T22:00:00+00:00,2024-06-18,1.81,2.03,0.5286458333333333,0.11470894777596129,0.6302608290663256,0.41862698669398046,1.1333333333333333,0.06666666666666667,0.6734646187538258,0.7165677146173014,3.873290577161015e-13,183,205,False,False,False,bdca451e9e91a14885a23cc11e6d15a86fe945292fd244ceec798c2f888b3e75,d9701b39e7153bc38d65086cbf1a5cd8ebc6f1c605df0b0fd03c6ca8b9ad6521,1.84,2.0,True,2024-06-18T08:35:00+00:00,2024-06-18T08:35:00+00:00
te:2646009,2024-06-18,2024,2024-06-18,elias-3e14c,michalski-8906f,2024-06-18T10:30:00+00:00,2024-06-17T22:59:00+00:00,1.0,2024-06-20T22:00:00+00:00,2024-06-18,1.93,1.88,0.4934383202099738,-0.026248226074936154,0.6141012231804214,0.4908329003782347,0.8166666666666667,0.8166666666666667,0.5122515421805373,0.5000000012850233,0.017302917518770097,140,148,False,False,False,584a087d42086ad114b7f54fd87a575d801470f61b952b7e5c91ec03d51151dd,b6df99a3525f3bf8cf23ab8aa89800804f0e2f68ffe6a6052782bc2fa5756d01,2.04,1.81,True,2024-06-18T07:04:00+00:00,2024-06-18T07:04:00+00:00
te:2646293,2024-06-18,2024,2024-06-18,pereira-9b0a8,boscardin-dias-3afa8,2024-06-18T21:40:00+00:00,2024-06-18T06:55:00+00:00,0.0,2024-06-20T22:00:00+00:00,2024-06-18,1.89,1.93,0.5052356020942408,0.020943173845242972,0.6129465462946859,0.43877175135582464,0.9666666666666667,0.9666666666666667,0.5000000000012148,0.5201374336022311,0.029459371715303495,89,108,False,False,False,641da08b1302ac86cd2ef372389263fa98a241903fbc637b9b8f8932a9c86c6b,017c94eb27bc503c2c33b59c3972bbfd04ff3f7d77e7fd88d04c1d1478932000,1.94,1.89,True,2024-06-18T16:45:00+00:00,2024-06-18T16:45:00+00:00
te:2647643,2024-06-21,2024,2024-06-21,habib,prado-angelo,2024-06-20T22:55:00+00:00,2024-06-20T05:12:00+00:00,1.0,2024-06-23T22:00:00+00:00,2024-06-21,1.78,2.1,0.5412371134020618,0.16532398042538338,0.6310924159768984,0.37158216807217576,0.0,0.0,0.6620902770679972,0.6564068709278553,1.6226979815403553e-08,201,144,False,False,False,2d5ddcaf109b68aaabcdab77e9e3fed60ee9895ef8df86acf26043bf2919624a,76026151ab40da4a3ef4c308355940642ad6fd1cdab9ae9a666243f1b4939e64,1.83,2.04,True,2024-06-20T22:20:00+00:00,2024-06-20T22:49:00+00:00
te:2648115,2024-06-21,2024,2024-06-21,ugo-carabelli,olivieri-ff875,2024-06-21T11:10:00+00:00,2024-06-20T20:32:00+00:00,0.0,2024-06-23T22:00:00+00:00,2024-06-21,2.01,1.85,0.4792746113989638,-0.08294908298075057,0.5674734430876257,0.35449930716752587,0.0,0.0,0.6640317193728545,0.5564885569364537,3.1910271092172593e-09,172,115,False,False,False,9b4bb0e509d9b2a8b8550e7704be0a87d8ce04fe77621f41425e2dcf620def40,bb432f2e3b5b7d35b243767b823449b68b5fae29f27d34f247cc83f5a177fb02,2.06,1.83,True,2024-06-21T10:31:00+00:00,2024-06-21T10:31:00+00:00
te:2648119,2024-06-21,2024,2024-06-21,hemery,kachmazov,2024-06-21T11:30:00+00:00,2024-06-20T20:30:00+00:00,0.0,2024-06-23T22:00:00+00:00,2024-06-21,1.73,2.18,0.5575447570332481,0.23120346829131025,0.6342069112860874,0.31910394923939644,0.0,0.0,0.6887984725216477,0.6698716487104178,2.312095559453553e-08,187,156,False,False,False,328a1d6aafdef548cf76d4bb8ddab634cb44c7230b67a46707ba04ec0c943f4d,7b12944db4bfd599991439324657085a5670397b2eeeadc9736d58584d5d1ad8,1.68,2.27,True,2024-06-21T09:36:00+00:00,2024-06-21T09:23:00+00:00
te:2648203,2024-06-21,2024,2024-06-21,cerundolo-08df6,habib,2024-06-21T21:00:00+00:00,2024-06-21T06:59:00+00:00,1.0,2024-06-23T22:00:00+00:00,2024-06-21,1.97,1.88,0.4883116883116883,-0.04676176590803932,0.5773095835654778,0.3585003934519199,1.8,1.0666666666666667,0.7037184540553797,0.6013446895643634,1.446874342558857e-09,159,203,False,False,False,d6c6e0f948cdbbba76934a98905333b3004f5554968ce0f029058fc590646c27,0d477f51591860d623e1a31ef1e1eb097eef466bd340fe93cbaff605a0af7905,1.89,1.97,True,2024-06-21T19:48:00+00:00,2024-06-21T20:41:00+00:00
te:2652527,2024-06-25,2024,2024-06-25,schachter,blanch-5d667,2024-06-25T17:40:00+00:00,2024-06-25T06:58:00+00:00,1.0,2024-06-27T22:00:00+00:00,2024-06-25,1.95,1.87,0.4895287958115184,-0.041890941709159774,0.5874851759230943,0.39546981265265446,0.9333333333333333,0.03333333333333333,0.5000000000000001,0.578203109116647,0.02370279972986747,135,140,False,False,False,75f9cfa561f48748b2baf2016ae519e15d2c0614dcb4b200881eb416571ba33b,d83ccf3ae4597a296027d4f8ccfad060ab6809ce76bd5c7f77c70443f2f7fbe5,2.0,1.85,True,2024-06-25T15:56:00+00:00,2024-06-25T15:56:00+00:00
te:2654319,2024-06-28,2024,2024-06-28,jianu-c67fb,dalla-valle,2024-06-28T13:45:00+00:00,2024-06-27T19:21:00+00:00,1.0,2024-06-30T22:00:00+00:00,2024-06-28,1.88,1.97,0.5116883116883117,0.04676176590803954,0.6144973134636408,0.41949462923728087,0.9166666666666666,0.05,0.5000000000055573,0.5079090943487116,0.022874307310533887,244,186,False,False,False,2ffed8649c83cd23c1a46741f2b1b30a9d92e3827ddb172b39e22025d475cfdc,5c70ccc7d834ad1c0e84cac62dd5b1e1981c0726582fb278defc7814f5ba7835,1.86,2.01,True,2024-06-28T09:33:00+00:00,2024-06-28T09:33:00+00:00
te:2654351,2024-06-28,2024,2024-06-28,guillen-meza,mejia-a7d27,2024-06-28T20:05:00+00:00,2024-06-28T10:20:00+00:00,0.0,2024-06-30T22:00:00+00:00,2024-06-28,1.83,2.03,0.5259067357512953,0.10371982620036632,0.6196279092918463,0.384249365670863,1.35,0.85,0.5873395893701602,0.5950584842490213,1.2407508354073116e-10,184,151,False,False,False,d8081b9f09d6fe2c7df2f06dbab4824833d80b5b5d5b8ceba906ed1318f3d54a,2f4f9b34349da677d5ef6153a06c250d9711e043f06c11b5491048b6d44c6cea,1.81,2.08,True,2024-06-28T19:46:00+00:00,2024-06-28T19:46:00+00:00
te:2655589,2024-07-02,2024,2024-07-02,jianu-c67fb,echargui,2024-07-02T12:40:00+00:00,2024-06-30T17:37:00+00:00,1.0,2024-07-04T22:00:00+00:00,2024-07-02,2.17,1.7,0.43927648578811374,-0.24409891649019763,0.5833732471920082,0.5807353723776276,1.0,0.36666666666666664,0.5839779845838173,0.5000000000000001,0.0018587206035855924,250,168,False,False,False,5e1cff4ede97992a21fb9ca83a5bcb575e34e0a175c8910f0962c9c9ff5e8fe9,c44c0ff7baec59886074bbac8be2e135859c2c80eeb40ca14cbc66f78f7b538a,2.18,1.71,True,2024-07-02T12:26:00+00:00,2024-07-02T12:26:00+00:00
te:2656263,2024-07-02,2024,2024-07-02,yunchaokete,peniston,2024-07-02T14:10:00+00:00,2024-06-30T16:18:00+00:00,0.0,2024-07-04T22:00:00+00:00,2024-07-02,1.87,1.95,0.5104712041884817,0.041890941709160225,0.5968204272387733,0.3503432818624546,1.5,0.8,0.5632811239905188,0.5000000000000001,0.004886272947236606,112,106,False,False,False,1ed8c1c5a208a122144d580c0bfb786358a5d2907ea69374aa1f373f38ecc02f,4c6df33cb679c50331a744999bd9da26eaedca0f8f8327f0d7d60efeaaad90e5,1.96,1.88,True,2024-07-02T06:15:00+00:00,2024-07-01T08:14:00+00:00
te:2657573,2024-07-05,2024,2024-07-05,moreno-de-alboran-a31d1,barranco-cosano,2024-07-05T13:05:00+00:00,2024-07-02T11:50:00+00:00,0.0,2024-07-07T22:00:00+00:00,2024-07-05,1.71,2.16,0.5581395348837209,0.23361485118150513,0.6310684772404003,0.30318847560515394,0.75,0.016666666666666666,0.7365775237133394,0.6859116419525861,1.366755134069031e-08,172,200,False,False,False,f06401d18832c244e9e6efd06d8071723092d751bee6f2e66569e208d0d61501,db4eabbcf5d5a262308131043d284b78f9397553665e0ee88db958bba937abbb,1.8,2.05,True,2024-07-05T07:58:00+00:00,2024-07-05T07:58:00+00:00
te:2658379,2024-07-02,2024,2024-07-02,pieczkowski,denolly,2024-07-02T10:45:00+00:00,2024-07-02T00:07:00+00:00,0.0,2024-07-04T22:00:00+00:00,2024-07-02,1.99,1.83,0.4790575916230366,-0.08381867188307154,0.5896190027988808,0.44620925255500077,0.3333333333333333,0.3333333333333333,0.5000000000000001,0.5750420783811028,0.006139358887345209,149,173,False,False,False,67c1c37a55fc123015023118250e4d1eeed448ebe778adf14bae0370425dc88b,86837683cc038388c90d6938339717639cf8c5741966b9095f13f059af981e0e,2.21,1.69,True,2024-07-02T10:21:00+00:00,2024-07-02T10:21:00+00:00
te:2658399,2024-07-02,2024,2024-07-02,vandecasteele-87d37,schoolkate,2024-07-02T17:45:00+00:00,2024-07-02T02:17:00+00:00,1.0,2024-07-04T22:00:00+00:00,2024-07-02,2.02,1.81,0.47258485639686687,-0.10977066613537889,0.5692132633617508,0.3884126767790377,0.0,0.0,0.6462398110318042,0.763506896438173,4.463776875907044e-09,86,168,False,False,False,1508b312172e3858514e9e2da6c45cf6ceb4737a32d1e5ce3cd7d4e404a19ccd,7df61e534386bb4fa81b9a3e71adb75bcbe1db5d787317bb033c365b3241ab66,1.93,1.91,True,2024-07-02T16:53:00+00:00,2024-07-02T16:53:00+00:00
te:2658405,2024-07-02,2024,2024-07-02,brouwer-44152,langmo,2024-07-02T16:05:00+00:00,2024-07-02T02:13:00+00:00,0.0,2024-07-04T22:00:00+00:00,2024-07-02,1.94,1.88,0.4921465968586388,-0.03141619623337862,0.5951431593287032,0.4166846519584541,0.0,0.0,0.782245207464399,0.6821572008657024,2.449936281623266e-08,165,145,False,False,False,f57583a3c54d1bca258c282ac48401a1a53bd784ece2d9cf4231c5f5405f823b,868fa8220f1c6b2bb038aea41c435be141a0c95cce8999cc62f9a51231a8fb4b,1.89,1.94,True,2024-07-02T15:44:00+00:00,2024-07-02T15:44:00+00:00
te:2658841,2024-07-05,2024,2024-07-05,dodig-b6156,kirkin,2024-07-05T13:55:00+00:00,2024-07-02T15:59:00+00:00,0.0,2024-07-07T22:00:00+00:00,2024-07-05,1.77,2.07,0.5390625,0.15656906069153992,0.6181976470180105,0.32533608867878033,1.2,1.2,0.6282464152418447,0.5977985553580129,2.459011050337523e-10,190,200,False,False,False,7c9cffacd903cc8e64b3933d095613722ac4bf197d2ca9e1b3cfa2427abce8e2,d40913d2d631919944442d9ddfaac8b39001f6165a05198d45523ea6581a0e09,1.78,2.08,True,2024-07-03T10:00:00+00:00,2024-07-05T07:04:00+00:00
te:2659957,2024-07-05,2024,2024-07-05,tien,sekulic-13abc,2024-07-05T15:50:00+00:00,2024-07-05T00:20:00+00:00,1.0,2024-07-07T22:00:00+00:00,2024-07-05,1.81,2.06,0.5322997416020672,0.12937913752375527,0.6171902032188527,0.3482598582165366,0.9,0.03333333333333333,0.7563884524765443,0.6824763622712617,3.0265030814824456e-08,112,166,False,False,False,ce1fed1ae9556fe1899a3be7bc1edb0ac5b8d40e1dd153de2367bf51dbcf7220,85f3557a2b70e08fc962238fbd9570e255f95f2cb566803a521bb24e4cf013d3,1.78,2.12,True,2024-07-05T15:04:00+00:00,2024-07-05T15:04:00+00:00
te:2660383,2024-07-05,2024,2024-07-05,seggerman,brouwer-44152,2024-07-05T16:10:00+00:00,2024-07-05T02:19:00+00:00,0.0,2024-07-07T22:00:00+00:00,2024-07-05,1.69,2.24,0.5699745547073791,0.2817473369319663,0.6259392313246082,0.23308768758989573,1.4,0.8333333333333334,0.7137631523432335,0.7899057063234486,1.0679426676318826e-08,139,167,False,False,False,b5e2150fea6eb7eb207e48be1e8af929897c7e03ac6701b6b04cf965d742b992,3a8cc5024fc8b1076a1e0840ea42a7223a9bb6ce9a8feb3a010922d9d581370c,1.62,2.4,True,2024-07-05T15:11:00+00:00,2024-07-05T15:11:00+00:00
te:2661403,2024-07-09,2024,2024-07-09,kukushkin,rodionov-f5e38,2024-07-09T08:45:00+00:00,2024-07-07T10:29:00+00:00,1.0,2024-07-11T22:00:00+00:00,2024-07-09,1.83,1.99,0.5209424083769634,0.08381867188307154,0.6615733756677269,0.586494926934457,0.0,0.0,0.7588823453281845,0.7470357434341793,6.144892372716981e-10,165,156,False,False,False,2b92c028bb6926a895c2f494c6a3f655c63f9893c9943df6843ed6470406886e,f3a6035ea6079417083fdeed865199bba7c4ad137eb68d801931877816f1ce2b,1.8,2.05,True,2024-07-09T07:21:00+00:00,2024-07-09T08:20:00+00:00
te:2662229,2024-07-09,2024,2024-07-09,wolf-e839f,gea,2024-07-09T16:10:00+00:00,2024-07-07T15:30:00+00:00,0.0,2024-07-11T22:00:00+00:00,2024-07-09,1.88,1.94,0.5078534031413613,0.031416196233379066,0.5877669340020093,0.32332541876994114,0.65,0.65,0.5777926725727024,0.5000000000000001,0.004505415975373503,109,141,False,False,False,1f28c496f8ed01b63899024079b0fdff31af80aeedc734942fc38024365e8f63,f0387cc661924389bcdd64644d1e64ad118c7fd180e672ffc5a74fb8c669c378,1.97,1.86,True,2024-07-09T15:25:00+00:00,2024-07-09T15:25:00+00:00
te:2662233,2024-07-09,2024,2024-07-09,draxl,brouwer-44152,2024-07-08T23:05:00+00:00,2024-07-07T15:20:00+00:00,1.0,2024-07-11T22:00:00+00:00,2024-07-09,1.88,1.93,0.5065616797900262,0.026248226074936154,0.616149427438497,0.44698794215104176,1.4,0.16666666666666666,0.6154156656741581,0.6617948633561648,7.857908768116317e-12,136,167,False,False,False,66e0ab95c467fb35074b5ad0654be049dc053e34f70df3020b81a18d81849592,70c2cba13aa20b7e8adf042f3e7a50601ddaeec694e7c47070671b039be0d3e5,1.86,1.98,True,2024-07-08T22:40:00+00:00,2024-07-08T21:58:00+00:00
te:2662237,2024-07-09,2024,2024-07-09,shimabukuro,marchenko,2024-07-09T16:05:00+00:00,2024-07-07T15:19:00+00:00,0.0,2024-07-11T22:00:00+00:00,2024-07-09,1.81,2.03,0.5286458333333333,0.11470894777596129,0.6591596177506914,0.5448424890116679,0.0,0.0,0.7821157677269202,0.7456176120795881,9.364947706202997e-11,123,137,False,False,False,531ddd8fa6b4026555cc4e1c17d463c8f7de607fefa66c2b11eddf91b567044a,d212816507ca4f47d13d08dfa9c966f09e294add39bbd44da2893e2a2ab31338,1.82,2.02,True,2024-07-09T11:08:00+00:00,2024-07-09T15:58:00+00:00
te:2663839,2024-07-09,2024,2024-07-09,obradovic-71e10,faria-4754c,2024-07-09T08:10:00+00:00,2024-07-08T16:58:00+00:00,0.0,2024-07-11T22:00:00+00:00,2024-07-09,2.2,1.69,0.43444730077120824,-0.263728831429288,0.5505470191237796,0.4666099503407367,0.8,0.8,0.560698988575207,0.6853748134106092,5.843952266548769e-10,142,214,False,False,False,9319876253199a5026102ab7e63f920c43c92d33d64fa972773e05bbbd63d256,32856b47d7888a08fb5ab9be6b9337e52db23ad4bbe85a281e85a34b141790fb,2.13,1.75,True,2024-07-09T05:53:00+00:00,2024-07-08T19:52:00+00:00
te:2665665,2024-07-12,2024,2024-07-12,holt-669c7,atmane,2024-07-11T23:05:00+00:00,2024-07-10T20:08:00+00:00,0.0,2024-07-14T22:00:00+00:00,2024-07-12,1.78,2.06,0.5364583333333334,0.14609261849749608,0.6430459830247802,0.44251664694828363,0.0,0.0,0.7028505150232018,0.7311953971175744,4.251293761470265e-11,139,193,False,False,False,8d58b870ed4732c2e62a3db2c947a433c46f447522a8f2cfa6591bee6a221c58,d5a1a6354992bebcaa06f21613ee9b4bd6ed0525c0db6fd573d5da7414c9e71b,1.68,2.24,True,2024-07-11T22:59:00+00:00,2024-07-11T22:59:00+00:00
te:2666391,2024-07-12,2024,2024-07-12,bonzi-a38fa,shimizu-38ca9,2024-07-12T16:10:00+00:00,2024-07-11T14:29:00+00:00,0.0,2024-07-14T22:00:00+00:00,2024-07-12,1.88,1.98,0.5129533678756476,0.051825067864585767,0.6380711784514638,0.5151772072923397,0.6666666666666666,0.0,0.7504888265863696,0.7031337815472732,9.372913556404683e-11,173,116,False,False,False,5d19ae9d0000262b79b2363517db25c7cf2679e19c79c0cc930caf715a5f8900,093aeb07187c68e2b860bb0ec010eb91af40c88fa8073ba2bed59bae47612697,1.9,1.97,True,2024-07-12T15:47:00+00:00,2024-07-12T15:47:00+00:00
te:2666591,2024-07-12,2024,2024-07-12,monteiro-f1500,moro-canas,2024-07-12T15:10:00+00:00,2024-07-11T13:10:00+00:00,0.0,2024-07-14T22:00:00+00:00,2024-07-12,1.64,2.34,0.5879396984924623,0.35545468753350296,0.6258151964541434,0.15885062414864048,0.55,0.55,0.7184992485552982,0.6677499778156903,4.648392781803068e-12,177,188,False,False,False,191ad104ccea4685f9cdbb8fac8337b2d59a1f8b963cd22171d4b0727e5ab8db,7ecab17cbd5d376c584e86847e7d8f9f5b0c5c417cffaf233165995937a47ae3,1.69,2.26,True,2024-07-12T14:42:00+00:00,2024-07-12T14:42:00+00:00
te:2666769,2024-07-12,2024,2024-07-12,buse,medjedovic,2024-07-12T13:10:00+00:00,2024-07-12T00:00:00+00:00,1.0,2024-07-14T22:00:00+00:00,2024-07-12,2.01,1.85,0.4792746113989638,-0.08294908298075057,0.5778083206800873,0.3967318442235339,0.9,0.9,0.6670635737600811,0.7802185132481088,1.0024758800852851e-11,181,115,False,False,False,68cf93707fcba824a5c5c9aa8c6881ede072007ab4f025bea4f69562d68110c3,5e4eb0ad3fe04a1a1c9b549de3c740cd7bfc57998d2dbfd0c12e0fe6489a3813,2.15,1.76,True,2024-07-12T10:44:00+00:00,2024-07-12T09:21:00+00:00
te:2666827,2024-07-12,2024,2024-07-12,jacquet-d2059,neumayer,2024-07-12T15:40:00+00:00,2024-07-11T23:58:00+00:00,1.0,2024-07-14T22:00:00+00:00,2024-07-12,1.85,2.0,0.5194805194805195,0.0779615414697121,0.6146989771115233,0.38914623198373155,0.6166666666666667,0.05,0.504242004272327,0.5000000324815518,0.007092299734180282,106,156,False,False,False,319cdfe0d8e05c486f3b135f093a1eb921187a72504f4faef4e00b153f6317ca,88be5956d2b404b808efb7dfdd41e245b7355e1d522266374d00e7513931b13d,1.83,2.05,True,2024-07-12T12:01:00+00:00,2024-07-12T12:01:00+00:00
te:2666829,2024-07-12,2024,2024-07-12,barrios-vera,andreev-8a7ee,2024-07-12T15:15:00+00:00,2024-07-12T00:00:00+00:00,,,,1.81,2.05,0.5310880829015544,0.12451294787258244,0.6154733373735756,0.34586554799461927,0.45,0.45,0.6220368594915798,0.5867438041321801,9.464134143044589e-09,132,178,False,False,False,3cdecd011e5f8ce7ee7e1db58caf8307655fdd57da7fb638345b6937ed6ac062,1df79f067d3b95741242c32260255134ea761449a1a193941eaee6ca0435d23d,1.82,2.06,True,2024-07-12T14:42:00+00:00,2024-07-12T14:42:00+00:00
te:2666911,2024-07-12,2024,2024-07-12,shimabukuro,schoolkate,2024-07-12T20:45:00+00:00,2024-07-12T11:29:00+00:00,0.0,2024-07-14T22:00:00+00:00,2024-07-12,1.71,2.2,0.5626598465473145,0.25196398984970136,0.655883044284427,0.39303690991173457,0.31666666666666665,0.31666666666666665,0.7369664157315199,0.7395823924502639,5.3121664483901654e-08,125,151,False,False,False,ad6d57b2350c545f260b997f6bf5572feecc16f5fc9974296d01e9e0ec2a9bbb,ab110739aa2f5cc98c46af347b2de73668c418b7dfe3c0bfebdbdb9f14b6975f,1.72,2.21,True,2024-07-12T18:02:00+00:00,2024-07-12T18:02:00+00:00
te:2667857,2024-07-16,2024,2024-07-16,oberleitner,basic,2024-07-16T05:10:00+00:00,2024-07-14T13:03:00+00:00,0.0,2024-07-18T22:00:00+00:00,2024-07-16,1.78,2.06,0.5364583333333334,0.14609261849749608,0.6550936562959526,0.4954126809746273,0.35,0.35,0.7440141844558238,0.7324646048365182,5.1985749038863105e-11,178,98,False,False,False,bd254b7e96cd51a90eabf434eb052a38880b91f2ea1f6a4a137ff080ecc017ca,ae254522d12cc41586a58010a384678eba14eff34f36f46b78a34b9755522c1a,1.88,1.96,True,2024-07-16T00:25:00+00:00,2024-07-16T00:25:00+00:00
te:2667861,2024-07-16,2024,2024-07-16,simakin,vishwakarma,2024-07-16T10:15:00+00:00,2024-07-15T07:05:00+00:00,1.0,2024-07-18T22:00:00+00:00,2024-07-16,2.08,1.77,0.4597402597402597,-0.1613883471274889,0.5894972199814509,0.5232756500577029,0.0,0.0,0.7830438630559342,0.6783479111711275,8.412714969097124e-14,145,85,False,False,False,375b7e250e3063b03dd73dec0d7cd84600a0a192a730a55351250dd14cad3398,1715680cb63a23df2b039e82a3a996f6be3d732b08b8afa6f44c9a92b11614be,2.17,1.71,True,2024-07-16T01:05:00+00:00,2024-07-16T03:22:00+00:00
te:2668155,2024-07-16,2024,2024-07-16,lokoli,gautier,2024-07-16T20:10:00+00:00,2024-07-14T11:00:00+00:00,0.0,2024-07-18T22:00:00+00:00,2024-07-16,1.98,1.85,0.4830287206266319,-0.06791120561621031,0.557536597226825,0.2990815966154964,0.0,0.0,0.6141635483441111,0.5000000000000001,0.008472024023805591,97,167,False,False,False,2652b957ada720fe8739d222abf85fdf2299f42b96fcb6f5b5ffc21fa997f573,0d96483a5939ec3c67a83bba4b95bcdcc3220c801e5c0107e8631bdcec9b90dc,2.19,1.7,True,2024-07-16T18:45:00+00:00,2024-07-14T11:17:00+00:00
te:2668161,2024-07-16,2024,2024-07-16,holmgren-a5794,merida-aguilar,2024-07-16T18:15:00+00:00,2024-07-14T13:05:00+00:00,0.0,2024-07-18T22:00:00+00:00,2024-07-16,1.75,2.1,0.5454545454545455,0.1823215567939549,0.6256330650393275,0.3312060584025248,1.0666666666666667,1.0666666666666667,0.6609692950709027,0.635674733209865,1.1145737666140576e-09,169,181,False,False,False,9053944c1669a1e7dde31d28166ce46b6cd8e5324c54363b16113ba046fba32d,61f77182d1493a1df8c5997e9635eed4f25b562f79e5238897f8dbd9ce537d6e,1.74,2.13,True,2024-07-16T17:36:00+00:00,2024-07-16T17:36:00+00:00
te:2668909,2024-07-16,2024,2024-07-16,yunchaokete,pacheco-mendez,2024-07-16T14:10:00+00:00,2024-07-14T15:18:00+00:00,1.0,2024-07-18T22:00:00+00:00,2024-07-16,1.87,1.95,0.5104712041884817,0.041890941709160225,0.6061429102424678,0.3892367148913103,0.9333333333333333,0.9333333333333333,0.6838801488657678,0.6164518039360347,1.581579311960013e-11,123,105,False,False,False,aff125c64251267a0d348d9eec5ace6f5f5f94b2ca944e2f7c45b2609646bfcc,343a1a5af902487eb0f06f919545a909776847efbe5f7c2ac38379b8f08888a7,1.92,1.92,True,2024-07-16T03:21:00+00:00,2024-07-16T03:21:00+00:00
te:2671507,2024-07-16,2024,2024-07-16,andaloro,cui-f99f9,2024-07-16T16:25:00+00:00,2024-07-15T23:50:00+00:00,1.0,2024-07-18T22:00:00+00:00,2024-07-16,1.98,1.85,0.4830287206266319,-0.06791120561621031,0.5812935797676119,0.39599712901482864,0.48333333333333334,0.48333333333333334,0.5000000000000001,0.5867614856747558,0.006184018812254388,114,140,False,False,False,4b22a38598023f7a19fe3704192954fbe9d9d5788eafbbd5baecd5b32fb629da,186de4549cd993b491f39b4b16871194807acb993a9ce3dd562ec0a2a49023a4,2.1,1.76,True,2024-07-16T15:39:00+00:00,2024-07-16T13:04:00+00:00
te:2673097,2024-07-19,2024,2024-07-19,holmgren-a5794,added,2024-07-19T16:10:00+00:00,2024-07-18T10:07:00+00:00,1.0,2024-07-21T22:00:00+00:00,2024-07-19,1.81,2.06,0.5322997416020672,0.12937913752375527,0.6048290871284681,0.29624841785071787,1.5333333333333334,0.8666666666666667,0.7710445328711424,0.681555398410546,3.679263096967311e-08,174,176,False,False,False,4f3e0f86c9097da761c457ff270821d060cf628179760b24dc2f25fa245df1aa,21eb6dbd839f887cdd5d96de7cdd2ad21704de85b35329bb38bd2aa0e4cf07bc,1.8,2.09,True,2024-07-19T03:03:00+00:00,2024-07-19T03:03:00+00:00
te:2673463,2024-07-19,2024,2024-07-19,rincon-d1dab,guillen-meza,2024-07-19T12:20:00+00:00,2024-07-18T18:18:00+00:00,0.0,2024-07-21T22:00:00+00:00,2024-07-19,1.81,2.06,0.5322997416020672,0.12937913752375527,0.621143708573652,0.3650263775282786,0.8333333333333334,0.8333333333333334,0.5997252361795291,0.608580138321643,1.639349275217583e-07,133,195,False,False,False,e04148a51f2abe63389973ee263b4a8b6fa8e25b4d39a16995fcc13bd27dacc9,b1af17f1035571ed9d3f07ec9104f9bf04a8048985b74344788437b82d06b347,1.78,2.12,True,2024-07-18T22:28:00+00:00,2024-07-19T08:06:00+00:00
te:2673465,2024-07-19,2024,2024-07-19,zakharov-faf08,dalla-valle,2024-07-19T09:10:00+00:00,2024-07-18T17:55:00+00:00,0.0,2024-07-21T22:00:00+00:00,2024-07-19,1.87,1.98,0.5142857142857141,0.057158413839947964,0.6190584025667846,0.428395128459447,1.3333333333333333,0.0,0.5890037446721756,0.6078241121930208,6.051087131364596e-10,153,189,False,False,False,3b089d31ea2b9251d6937300e5d3b678809a35ce1a349f3a5a4bef9d8e3cc144,10bfd25eb7a37921d4b12eef1a90410ee483601a0824747b830fc47edfdfdbd1,1.92,1.95,True,2024-07-19T05:31:00+00:00,2024-07-19T05:31:00+00:00
te:2673739,2024-07-19,2024,2024-07-19,uchiyama,shimabukuro,2024-07-19T18:40:00+00:00,2024-07-18T22:09:00+00:00,1.0,2024-07-21T22:00:00+00:00,2024-07-19,1.66,2.29,0.579746835443038,0.3217342151976963,0.6447301922309925,0.2742201847752741,1.75,0.6833333333333333,0.7059023645173,0.7293229105500901,7.430001058850166e-12,113,135,False,False,False,af90274fe120c643e8af8926e5ea546b7eeef122a665d98106d1268b4d537688,920fa5fb531115454b2c3c05ec95ed56a3631db7bb2c516fa814b92a0219497a,1.68,2.27,True,2024-07-19T03:12:00+00:00,2024-07-19T14:03:00+00:00
te:2673773,2024-07-19,2024,2024-07-19,escoffier,barroso-campos,2024-07-19T18:55:00+00:00,2024-07-19T07:00:00+00:00,1.0,2024-07-21T22:00:00+00:00,2024-07-19,1.97,1.88,0.4883116883116883,-0.04676176590803932,0.6067764464259944,0.4805439078349075,2.0166666666666666,0.8833333333333333,0.7268579056840678,0.649988057478544,9.308838699872979e-10,169,203,False,False,False,8b2a8c963f558b119332aebe572a5d9b78c7fef131677ba60b97931521636245,2a01d2edc5c5209229e74afdab50fa977279105c5c8861186ba8ef0d5a0dc731,1.98,1.89,True,2024-07-19T17:48:00+00:00,2024-07-19T17:48:00+00:00
te:2674893,2024-07-23,2024,2024-07-23,blanchet,fatic-cddef,2024-07-23T08:20:00+00:00,2024-07-21T10:00:00+00:00,1.0,2024-07-25T22:00:00+00:00,2024-07-23,1.73,2.13,0.5518134715025906,0.208000571211646,0.6173046473293927,0.2701228378110243,1.3,1.3,0.575421904452299,0.5651940758127424,1.3043362351305987e-07,151,144,False,False,False,e7cf8eafb70ac05293fc12e0292f9e7bd44541cf4b33dfe5f052a6d8a1e17a3d,e9dad9160b236e7faa840e489c5ea1235e8dcec700c58fd7ff1325e7efc166a1,1.8,2.06,True,2024-07-23T07:01:00+00:00,2024-07-23T06:18:00+00:00
te:2674897,2024-07-23,2024,2024-07-23,gaubas,dalla-valle,2024-07-23T14:35:00+00:00,2024-07-21T09:34:00+00:00,1.0,2024-07-25T22:00:00+00:00,2024-07-23,1.81,2.02,0.5274151436031332,0.10977066613537934,0.606755379016583,0.32392318024413613,1.0666666666666667,0.6,0.5000000000000001,0.5421920232810447,0.0023632932700074216,210,190,False,False,False,fb9dc627ed85ef4686d7184404a3598a8e385b96544c58d372d3b230491030b0,d0a434f5a77e440cbe101acb76c1b871fcef0af350d05e16bf95a29e938a4e5c,1.82,2.03,True,2024-07-22T03:37:00+00:00,2024-07-23T05:55:00+00:00
te:2677557,2024-07-23,2024,2024-07-23,echeverria-ef17c,holmgren-a5794,2024-07-23T12:20:00+00:00,2024-07-22T20:37:00+00:00,1.0,2024-07-25T22:00:00+00:00,2024-07-23,1.88,1.93,0.5065616797900262,0.026248226074936154,0.5886740730960431,0.33223853831605454,0.9833333333333333,0.9833333333333333,0.67419230687438,0.778707664903707,6.965261700742076e-13,104,178,False,False,False,42d9b59ace2a43fc9b601e38bba04f052e35d1d2eba005eb69c0abebb28c6a73,55110962d4de40c5aa184ced9675e2988d35ee3bdb5df061d9df4ee23960f27b,1.83,2.02,True,2024-07-23T11:58:00+00:00,2024-07-23T11:58:00+00:00
te:2677965,2024-07-23,2024,2024-07-23,krajinovic-96172,picchione,2024-07-23T11:35:00+00:00,2024-07-22T21:46:00+00:00,0.0,2024-07-25T22:00:00+00:00,2024-07-23,1.9,1.92,0.5026178010471204,0.010471299867295303,0.6015626609312872,0.401509160690224,0.6,0.6,0.6684378186840234,0.5982737521314528,2.5987019480755436e-09,36,193,False,False,False,068c8e2611342791f408b63df576939e44a1ba76f105863709623ea654248b85,f70f0dcd99cc8e0af4066772f8e6ef16637729f8c8e7d74ace0614c6fe47aa22,1.89,1.94,True,2024-07-23T10:21:00+00:00,2024-07-23T10:21:00+00:00
te:2677967,2024-07-23,2024,2024-07-23,basilashvili,andreev-8a7ee,2024-07-23T11:00:00+00:00,2024-07-22T21:45:00+00:00,,,,1.79,2.05,0.5338541666666666,0.13562417329765303,0.6129521804965617,0.32411450061315145,0.7666666666666667,0.7666666666666667,0.5000000000010316,0.5201064469596262,0.023070549739056062,134,181,False,False,False,0178f300a54a66ae849e82615ec3ca40124779a8db3265e93f1f68d3afc764d8,8c6682ceccafbbfac843fb190bc04c35d069d6e269881ec1492d4880317684a7,1.7,2.2,True,2024-07-23T10:42:00+00:00,2024-07-23T10:42:00+00:00
te:2678065,2024-07-23,2024,2024-07-23,jubb,wu-f664e,2024-07-23T21:55:00+00:00,2024-07-23T01:47:00+00:00,1.0,2024-07-25T22:00:00+00:00,2024-07-23,1.81,2.02,0.5274151436031332,0.10977066613537934,0.6179893815976137,0.3712522042086823,1.15,1.15,0.6835188594853592,0.6333116530430766,2.027065815202178e-08,205,128,False,False,False,d320489d52a3a7565050f514c15721de70227a6eb76b5b16006dc670a7d55cb7,8d2466602e899925e369f32be1c93496e96d7be67441cb31ccfc6218112b6fb8,1.8,2.05,True,2024-07-23T20:53:00+00:00,2024-07-23T20:32:00+00:00
te:2678867,2024-07-26,2024,2024-07-26,yunchaokete,jubb,2024-07-25T22:15:00+00:00,2024-07-24T12:30:00+00:00,0.0,2024-07-28T22:00:00+00:00,2024-07-26,1.78,2.06,0.5364583333333334,0.14609261849749608,0.6059248267378835,0.28412162540949126,1.5166666666666666,1.5166666666666666,0.662087642406025,0.5992302641876075,1.9365643533220123e-09,141,205,False,False,False,4d7b96c15d974f80a958ac7e461b9516223aa73121972d7f61b8c7d9df246a4a,67c20877a4d503739eb6aac8c24b2174f7658d5ef5125fe674014ab50e2a77d3,1.74,2.14,True,2024-07-25T22:09:00+00:00,2024-07-25T22:09:00+00:00
te:2678985,2024-07-26,2024,2024-07-26,rincon-d1dab,taberner,2024-07-26T11:10:00+00:00,2024-07-25T08:11:00+00:00,1.0,2024-07-28T22:00:00+00:00,2024-07-26,1.91,1.94,0.5038961038961038,0.015584731016698041,0.6147653870575513,0.4518034465921565,1.2833333333333334,0.7833333333333333,0.5018227478778178,0.5000000000633518,0.018326977913400697,135,182,False,False,False,3b84e8dd04a6d1830a3433d328ab3b7c743ef25b0c35bd2e8c4ac634ab6e05f0,8b88cf5177cdd2f5120eb61f51d21d0f06a5684b5e70680efc50117428b407ee,1.88,1.99,True,2024-07-25T22:20:00+00:00,2024-07-26T02:12:00+00:00
te:2679217,2024-07-26,2024,2024-07-26,barranco-cosano,comesana-c17e0,2024-07-26T16:00:00+00:00,2024-07-25T08:08:00+00:00,0.0,2024-07-28T22:00:00+00:00,2024-07-26,1.92,1.93,0.5012987012987012,0.005194816877103783,0.5990026972797272,0.39611658329878385,0.0,0.0,0.576575428863307,0.6461489241820573,9.359318875468148e-12,198,175,False,False,False,a7b03f35a7ddaa55ebb1f2e24f73680582cff52d00d22aa8d6c7395dc5075028,2c1778c8b1012aeba4ca7091f37c4ba1fff64d6c0078b64b342e23dfd0f59f6f,1.9,1.97,True,2024-07-26T09:47:00+00:00,2024-07-26T09:47:00+00:00
te:2679323,2024-07-26,2024,2024-07-26,arnaboldi-d7371,bueno-01b7e,2024-07-26T11:05:00+00:00,2024-07-25T08:11:00+00:00,0.0,2024-07-28T22:00:00+00:00,2024-07-26,1.86,2.0,0.5181347150259067,0.07257069283483525,0.6144071766482644,0.39330521874952357,0.6,0.6,0.5090814861048193,0.5000000045178439,0.002025773288315144,154,151,False,False,False,83d0c78d46b17390d38bd5358816c8331e5e66a16b6243d727833d2b170e52ad,f6ff456fb1188734640e667a1096de64c4fb5f737d4aeaa4a489ebe8da742a1c,1.84,2.04,True,2024-07-26T02:22:00+00:00,2024-07-26T02:22:00+00:00
te:2679367,2024-07-26,2024,2024-07-26,basilashvili,de-jong-57322,2024-07-26T16:10:00+00:00,2024-07-25T09:07:00+00:00,1.0,2024-07-28T22:00:00+00:00,2024-07-26,1.93,1.93,0.5,0.0,0.5791035604509379,0.3190945058584122,0.6166666666666667,0.6166666666666667,0.5304028117429597,0.6221166715106847,1.2641373781097087e-09,138,154,False,False,False,f73279b8dc6983dbf8e38d467a1ac4af1099e2f7a25fd7b06282237fb25c706c,f131bb1abe48f771f8f3c98313f4dbd1a4f2f695288c04308c9bb5369b245c31,2.08,1.81,True,2024-07-26T15:07:00+00:00,2024-07-26T07:09:00+00:00
te:2679911,2024-07-26,2024,2024-07-26,burruchaga,shelbayh,2024-07-26T16:35:00+00:00,2024-07-25T17:12:00+00:00,0.0,2024-07-28T22:00:00+00:00,2024-07-26,1.88,1.97,0.5116883116883117,0.04676176590803954,0.6044240401192109,0.3771714097324899,0.3,0.3,0.547959097977622,0.5000000000000001,0.00042707026713584284,192,158,False,False,False,7804802202828d4fcc31c74584937e19fb6a906be375cdc648b9a348c0a82ec9,8e872e6bae3abfbd9ad244d19f80d1e46e96715d6f8d1003cff54617aa7e96c5,1.89,1.98,True,2024-07-26T11:13:00+00:00,2024-07-26T11:13:00+00:00
te:2681819,2024-07-30,2024,2024-07-30,campana-lee,barranco-cosano,2024-07-30T14:10:00+00:00,2024-07-28T08:19:00+00:00,1.0,2024-08-01T22:00:00+00:00,2024-07-30,1.86,1.96,0.5130890052356021,0.052367985517315925,0.6067332605188048,0.3812331618931498,1.4833333333333334,0.21666666666666667,0.5000000000000001,0.5422503676942712,0.007947306528459347,135,202,False,False,False,3faa9f7a4c7c88c6287e61849cc2147268220a16c6601d35e9db0580492b1b19,aa925346877bae9b7553c5eecf6425b79cbd8f365a20590ee7696f59bbb30125,1.87,1.97,True,2024-07-29T02:20:00+00:00,2024-07-29T02:20:00+00:00
te:2683617,2024-07-30,2024,2024-07-30,lopez-montagud,ramos-vinolas,2024-07-30T11:00:00+00:00,2024-07-29T18:39:00+00:00,1.0,2024-08-01T22:00:00+00:00,2024-07-30,1.9,1.92,0.5026178010471204,0.010471299867295303,0.5998600192426843,0.3944105890852957,0.35,0.35,0.6178989420120196,0.6955399227811462,9.50617362605044e-12,171,165,False,False,False,be188a4a49d9b9b80ddb6ff87169ee05f24bfb327eabe23f5c732e4429b14f8b,d1ee44d7dab0625081d18c93e57ab79539f039a2bb5857f82c27258026db395d,1.97,1.87,True,2024-07-30T07:33:00+00:00,2024-07-30T07:33:00+00:00
te:2685555,2024-08-02,2024,2024-08-02,diallo-dd116,quinn-d0193,2024-08-02T16:05:00+00:00,2024-07-31T06:28:00+00:00,1.0,2024-08-04T22:00:00+00:00,2024-08-02,1.76,2.08,0.5416666666666667,0.16705408466316649,0.6141891816112465,0.2979017678785748,1.2666666666666666,1.2666666666666666,0.8127630341844347,0.7200541890312446,6.424416554295931e-12,157,153,False,False,False,8c3552a735af803ffb08da57c184cdec60ba21b41f614be6ac17bd7a1f145b65,999f62203412c62e85b1f49854bcb75bf948df3751dcfa20b33939d396e0ae9a,1.81,2.04,True,2024-08-01T12:15:00+00:00,2024-08-01T12:15:00+00:00
te:2685889,2024-08-02,2024,2024-08-02,moro-canas,butvilas,2024-08-02T10:10:00+00:00,2024-08-01T08:20:00+00:00,1.0,2024-08-04T22:00:00+00:00,2024-08-02,1.74,2.16,0.5538461538461539,0.2162231084696361,0.6279589201168564,0.3072473640627006,0.65,0.65,0.699521344349544,0.6602208557067324,1.609665178925468e-11,184,164,False,False,False,fb97e45372f596b189d3a38a66109167a5eb51f95b4826d8ec14c13097d0d4a2,ec5b6d77ba20a4c31a30cc1b4b4784cb5e9a0165c9b6ba01d295cc77e55d6070,1.73,2.2,True,2024-08-02T08:08:00+00:00,2024-08-02T04:42:00+00:00
te:2686217,2024-08-02,2024,2024-08-02,wong-d3ead,braswell-7a1b7,2024-08-02T18:40:00+00:00,2024-08-01T08:26:00+00:00,1.0,2024-08-04T22:00:00+00:00,2024-08-02,1.83,2.04,0.5271317829457364,0.10863384100279519,0.6511503308054148,0.5154656153326584,0.6833333333333333,0.6833333333333333,0.7243168782209665,0.7291001487748557,1.9157730957175545e-10,164,56,False,False,False,0468d5346ccff18478c49af8d873c1b78f592abf1bfecba80f59cf3267577d7b,21b567b1e49f1229d6529bf1391072be957015ea6281aa3194ac0cd929b05fe1,1.8,2.09,True,2024-08-02T03:29:00+00:00,2024-08-02T03:29:00+00:00
te:2686371,2024-08-02,2024,2024-08-02,van-de-zandschulp,droguet,2024-08-02T12:50:00+00:00,2024-08-01T21:17:00+00:00,,,,1.88,1.97,0.5116883116883117,0.04676176590803954,0.6329837558109379,0.49827688451028,0.3333333333333333,0.3333333333333333,0.7490688427925319,0.695641728716303,1.0369545777599853e-09,161,160,False,False,False,153630ed295a72e8d7fe10670a8ef020fc6d3d01e06b01f5dee8b1c2883cc438,880ddaa928256c9ac0ba970115191fe1e7d5a4bfa4bb75990ad28697f4860d71,1.85,2.02,True,2024-08-02T11:35:00+00:00,2024-08-02T11:35:00+00:00
te:2686501,2024-08-02,2024,2024-08-02,tu-41622,nava-337db,2024-08-02T17:55:00+00:00,2024-08-02T00:40:00+00:00,1.0,2024-08-04T22:00:00+00:00,2024-08-02,1.74,2.17,0.5549872122762148,0.22084205432593051,0.6386491415312773,0.3486637815166309,0.7,0.13333333333333333,0.7116466865515184,0.7650853997489352,9.835743330910418e-13,155,170,False,False,False,592a751175cdfcb450603ab4df58e9523a70d415ced75213677bb1a54acd3f51,164f569ccb6b7477ae0d58d15ec8cdbb466edb6d9a415ef5382610ea05380c5a,1.75,2.16,True,2024-08-02T00:44:00+00:00,2024-08-02T12:34:00+00:00
te:2686557,2024-08-02,2024,2024-08-02,holmgren-a5794,reymond,2024-08-02T13:15:00+00:00,2024-08-02T00:20:00+00:00,1.0,2024-08-04T22:00:00+00:00,2024-08-02,1.7,2.22,0.5663265306122449,0.26687894482201774,0.5993117258418575,0.1357191745271416,1.35,0.48333333333333334,0.7379322719338484,0.6508884755578174,1.055680987072094e-09,179,62,False,False,False,576f9fc818380cc841a99b050840745037857107eb4412703e6cf28a81658be5,bccdbe83b79cef0b37ad1602b6658e9b9c21d78b26bfaa14beab0bd3c7df755e,1.78,2.12,True,2024-08-02T07:05:00+00:00,2024-08-02T11:45:00+00:00
te:2688105,2024-08-06,2024,2024-08-06,kingsley-84b50,johns-b2ed0,2024-08-06T15:10:00+00:00,2024-08-04T13:20:00+00:00,0.0,2024-08-08T22:00:00+00:00,2024-08-06,1.68,2.2,0.5670103092783505,0.26966356694910254,0.6377611551429927,0.29599649464287225,0.7333333333333333,0.7333333333333333,0.6829487415072503,0.7023337124279327,1.8821131042567885e-09,100,119,False,False,False,df5a729e12b0f5a5c3fdbc480945ea1f5f94c0f270bd1061c0caca894b809b01,43f368fcd0c459342e696290fe0f7b840d20314d0af3aed4b380fe56fd4947cf,1.71,2.18,True,2024-08-06T14:35:00+00:00,2024-08-06T14:35:00+00:00
te:2688119,2024-08-06,2024,2024-08-06,fearnley,brouwer-44152,2024-08-06T20:40:00+00:00,2024-08-04T20:13:00+00:00,0.0,2024-08-08T22:00:00+00:00,2024-08-06,1.89,1.93,0.5052356020942408,0.020943173845242972,0.6034209732600688,0.39879657870980906,0.0,0.0,0.625793906938048,0.5662440789737017,4.771160133643093e-10,98,162,False,False,False,08ecb609e75e840e8d7b3ee9db34a953f855cf11321df09a64434580a7d0ae6e,52764bacdab94733ac0078e1c57c98d2bed02a1a5cee265b4aa138aa1273edba,1.93,1.91,True,2024-08-06T18:54:00+00:00,2024-08-06T18:54:00+00:00
te:2689781,2024-08-06,2024,2024-08-06,ambrogi,sanchez-izquierdo-99add,2024-08-06T13:20:00+00:00,2024-08-05T18:48:00+00:00,1.0,2024-08-08T22:00:00+00:00,2024-08-06,1.98,1.84,0.48167539267015713,-0.07333127308554936,0.609143880306625,0.5170462576122179,1.95,0.38333333333333336,0.5000000000000001,0.5353384182675109,0.0018352642190184593,147,169,False,False,False,bd6d66fab55e12633bc9d7048c6e8fbf9c881ac2b58c0fb97d034a859eefc790,6a1925567c6f41ae2a4a7aa12f1e591d56a93499ee93e51860658f8c71afa344,2.02,1.83,True,2024-08-06T09:16:00+00:00,2024-08-06T09:16:00+00:00
te:2689783,2024-08-06,2024,2024-08-06,giustino-1d545,picchione,2024-08-06T10:15:00+00:00,2024-08-05T18:49:00+00:00,1.0,2024-08-08T22:00:00+00:00,2024-08-06,2.01,1.82,0.47519582245430814,-0.09929822098228022,0.6060544937144146,0.5300555358173151,0.7,0.03333333333333333,0.5440038493682274,0.5000000000000001,0.012799171892245234,174,192,False,False,False,5bf3d9f24912cf2bfe71d613c24ba2df902b61212e6812871cd7faaa8d398310,17f3670968f318776bb65814f9c9fa35020c66860aa98944b323335f5df40207,1.98,1.86,True,2024-08-06T06:34:00+00:00,2024-08-06T06:34:00+00:00
te:2691919,2024-08-09,2024,2024-08-09,mejia-a7d27,popko,2024-08-09T20:00:00+00:00,2024-08-08T16:10:00+00:00,1.0,2024-08-11T22:00:00+00:00,2024-08-09,1.73,2.17,0.5564102564102563,0.22660575904268024,0.6133855420779979,0.23495995852233095,0.0,0.0,0.539865362946759,0.5653971649081464,1.4234115275346682e-10,160,236,False,False,False,cace60f6795167a33b9f69c490a2a5f6d7623701139c51118fb089f0ee6f4d57,d9c92e340e3be58463c0a5576574e401315f1122441a166c72303ccba4a8b961,1.74,2.18,True,2024-08-09T19:03:00+00:00,2024-08-09T19:03:00+00:00
te:2692269,2024-08-09,2024,2024-08-09,dellien,hemery,2024-08-09T11:10:00+00:00,2024-08-08T19:07:00+00:00,0.0,2024-08-11T22:00:00+00:00,2024-08-09,1.85,2.01,0.5207253886010362,0.08294908298075078,0.5991151573780509,0.3188305354787787,1.7333333333333334,0.5,0.6950649041161233,0.616659964426169,1.3888584726728936e-11,166,177,False,False,False,ae37289a0fc348eed635b5bc09ad1cf308bc7e5d4b4972533b261d86e1a1725b,ad9a2caa1a8413264ef2a56f3fd81e0b506c966098d97324e83553c3f6858766,1.88,2.0,True,2024-08-09T07:34:00+00:00,2024-08-09T10:47:00+00:00
te:2692351,2024-08-09,2024,2024-08-09,taberner,bonadio,2024-08-09T18:15:00+00:00,2024-08-09T07:17:00+00:00,0.0,2024-08-11T22:00:00+00:00,2024-08-09,1.93,1.92,0.49870129870129865,-0.0051948168771042275,0.6082775710544114,0.44527262645181653,1.0166666666666666,0.4166666666666667,0.5379654895245254,0.5000000000000001,0.011232247646411384,186,113,False,False,False,42c396dc806ac0185ddc30069a1994e6d162eb08bf973d6669e8265a19c301dd,dd97942d494ec728d935200475031958fd773215e050c1117dc514b455507ddb,1.9,1.97,True,2024-08-09T17:48:00+00:00,2024-08-09T17:48:00+00:00
te:2692413,2024-08-09,2024,2024-08-09,fearnley,mayo-58e8a,2024-08-09T19:20:00+00:00,2024-08-09T07:21:00+00:00,1.0,2024-08-11T22:00:00+00:00,2024-08-09,2.13,1.76,0.4524421593830334,-0.19080817067127342,0.5616619767546344,0.43871801945741357,0.5666666666666667,0.1,0.7103296886237306,0.593118044054965,9.815791179867972e-09,100,148,False,False,False,cc2ba81f920fce41f9ef0f3b68342d71e5572bb93f7072c184a885a025eb7f2a,65f43306a06051b986b3fae5a4fb6d3b59cf4732785cfbca988b64b5ccf64434,2.1,1.79,True,2024-08-09T17:42:00+00:00,2024-08-09T17:42:00+00:00
te:2692875,2024-08-13,2024,2024-08-13,basavareddy,walton,2024-08-13T01:15:00+00:00,2024-08-11T12:46:00+00:00,0.0,2024-08-15T22:00:00+00:00,2024-08-13,1.88,1.94,0.5078534031413613,0.031416196233379066,0.6156244166950889,0.4396007120912994,0.9833333333333333,0.38333333333333336,0.5724484969501134,0.6003615166002366,1.3122979586333017e-07,79,207,False,False,False,c2997cb708a6a24c8b040bceea7fa03aace71e393b0c1d6fdff5012554138618,2d72bad5650b03ba61db303dc8b4e1f0d0a744fba9d7144bf1d9a15182845e85,1.84,2.0,True,2024-08-12T20:18:00+00:00,2024-08-12T20:18:00+00:00
te:2693361,2024-08-13,2024,2024-08-13,agamenone,olivieri-ff875,2024-08-13T08:40:00+00:00,2024-08-11T13:09:00+00:00,0.0,2024-08-15T22:00:00+00:00,2024-08-13,1.87,1.95,0.5104712041884817,0.041890941709160225,0.6145372297995187,0.4245339579933451,0.2833333333333333,0.2833333333333333,0.5000000005152996,0.5073302911357489,0.007176973792718977,124,110,False,False,False,ee3d5ab0358fd715d0df2f110460431c1387e566b7cd6e129c03b3df0699396d,3870f4dde0eea5027509bdf29641ec4779930b30ac122c0b3336149a762c04a1,1.88,1.96,True,2024-08-12T07:12:00+00:00,2024-08-12T07:12:00+00:00
te:2695659,2024-08-13,2024,2024-08-13,weightman-28077,bakshi-c841e,2024-08-13T08:45:00+00:00,2024-08-12T23:40:00+00:00,0.0,2024-08-15T22:00:00+00:00,2024-08-13,2.1,1.75,0.4545454545454546,-0.18232155679395445,0.6011854072081215,0.592728312430754,0.31666666666666665,0.31666666666666665,0.5000000000000001,0.5549945501797953,0.00979770818489703,56,126,False,False,False,f0b32ee4d897d7840c520017ba0381b3bea07097d32043adf6ff2421236ee672,878d163159bf800fe6aae7e677ac1f017f152edcc60edab20b87b12f6369b7ce,2.04,1.81,True,2024-08-13T07:26:00+00:00,2024-08-13T07:26:00+00:00
te:2696071,2024-08-13,2024,2024-08-13,castagnola,ferrari-a3c58,2024-08-13T10:45:00+00:00,2024-08-12T17:17:00+00:00,0.0,2024-08-15T22:00:00+00:00,2024-08-13,1.91,1.91,0.5,0.0,0.6160652832135859,0.47288040739499804,0.4166666666666667,0.4166666666666667,0.6116773221858419,0.6565725803032206,2.2490370676919724e-11,125,164,False,False,False,d4acbefa150b171601c70dfe901bae04bd78c7b3785e7ecec8ab030c8a560a86,470c75063cd82d8401fe3f9eb224923eba9261024023e1895060e7dd10d41dcc,1.92,1.92,True,2024-08-13T09:44:00+00:00,2024-08-13T09:44:00+00:00
te:2696727,2024-08-13,2024,2024-08-13,seggerman,pacheco-mendez,2024-08-13T20:05:00+00:00,2024-08-13T07:36:00+00:00,0.0,2024-08-15T22:00:00+00:00,2024-08-13,1.7,2.17,0.5607235142118864,0.24409891649019808,0.659557081944969,0.41722213529339014,1.0666666666666667,1.0666666666666667,0.7448002904946109,0.7489668012491589,1.0941367534211821e-09,130,120,False,False,False,3143eebe24f1d839b29f6cf8cfe415e809391f6d1ea84a55c962fc068a11f3ce,d5fb2ef846ec10e8400bbbf4491db25853ddb028db1498253af04913475924d6,1.69,2.21,True,2024-08-13T16:33:00+00:00,2024-08-13T16:33:00+00:00
te:2698625,2024-08-16,2024,2024-08-16,djere,seggerman,2024-08-15T23:20:00+00:00,2024-08-15T10:29:00+00:00,0.0,2024-08-18T22:00:00+00:00,2024-08-16,1.89,1.96,0.5090909090909091,0.03636764417087508,0.5881797145684207,0.3200778402737302,1.2,0.3333333333333333,0.831069078405832,0.7160870499183593,2.684872046909703e-10,104,134,False,False,False,c54538b7374ac14531658d9150044e2c28182ce8630b1a4fda4c317469bdadd6,2b54cf920aef0c1d52121d524a030ac90cc6c613f01480f1418f4759da4e2a70,1.93,1.94,True,2024-08-15T19:31:00+00:00,2024-08-15T19:31:00+00:00
te:2698987,2024-08-16,2024,2024-08-16,huesler,escoffier,2024-08-16T14:55:00+00:00,2024-08-16T00:38:00+00:00,1.0,2024-08-18T22:00:00+00:00,2024-08-16,1.79,2.09,0.538659793814433,0.1549484461240559,0.6248564680440584,0.35526482148687477,0.7333333333333333,0.06666666666666667,0.7567176072965169,0.690796480208546,3.5595263958576595e-09,160,178,False,False,False,b904ae4ffd0e3d4fff19c0ee1ff64a99d9d0aaf4606b5f5d25895933ace925b7,b15b0eee1037e221b9eca4c93889adaf11e88603cab5d370685358ded1f43164,1.83,2.05,True,2024-08-16T12:18:00+00:00,2024-08-16T13:45:00+00:00
te:2699083,2024-08-16,2024,2024-08-16,kopriva,naw,2024-08-16T17:10:00+00:00,2024-08-16T00:40:00+00:00,1.0,2024-08-18T22:00:00+00:00,2024-08-16,2.01,1.85,0.4792746113989638,-0.08294908298075057,0.5900688592753585,0.44719912756538893,1.4166666666666667,0.7833333333333333,0.5743594546813906,0.5000000000038227,0.008809404281960767,169,191,False,False,False,62ae2f2349f64bd2b2dd2fbaed7e84bf831a00a6c975b7bc92e3e1b3eaa90182,502af43a8c481e50bcbbc17b74a3db2ff07a63bc782f99d3d9b3406ce343337f,1.95,1.92,True,2024-08-16T13:31:00+00:00,2024-08-16T13:31:00+00:00
te:2699167,2024-08-16,2024,2024-08-16,andrade-58258,djere,2024-08-16T21:10:00+00:00,2024-08-16T09:54:00+00:00,1.0,2024-08-18T22:00:00+00:00,2024-08-16,2.12,1.76,0.45360824742268036,-0.1861022796338609,0.5701111233771641,0.4684068259235875,1.1333333333333333,0.26666666666666666,0.6362329724921203,0.7511397717266479,3.6485595433788376e-08,160,104,False,False,False,051febd4b710d86bc0db7096ace25d2432fc469f51af0efc0723b831c08522c4,72bac337a3ae2517df8ffe6eb9b1789fd03cd59f0d4b61cb03513d91ab665e8b,2.16,1.75,True,2024-08-16T20:32:00+00:00,2024-08-16T20:32:00+00:00
te:2699725,2024-08-20,2024,2024-08-20,bai-0d924,donskoy,2024-08-20T08:55:00+00:00,2024-08-17T15:37:00+00:00,0.0,2024-08-22T22:00:00+00:00,2024-08-20,1.99,1.83,0.4790575916230366,-0.08381867188307154,0.5966774056148373,0.4754585560480734,0.31666666666666665,0.31666666666666665,0.5635349502994734,0.5000000000000001,0.020217760648099298,161,124,False,False,False,7785124651e352abcfe66e80a616be11b004c3cd8811d8f283c0b1a0794153a0,f060eab173eb3c93ddf9b5c4d9d7bf8af3c56784a2eeceb09e15d9dbd0f1f5cd,1.93,1.9,True,2024-08-19T06:21:00+00:00,2024-08-19T06:21:00+00:00
te:2701961,2024-08-20,2024,2024-08-20,shin-15be9,peniston,2024-08-20T08:45:00+00:00,2024-08-19T18:46:00+00:00,0.0,2024-08-22T22:00:00+00:00,2024-08-20,2.07,1.77,0.4609375,-0.15656906069153992,0.5494315793385586,0.354943369706991,0.7833333333333333,0.7833333333333333,0.5000000000000001,0.6222496335560125,0.0009419805145070292,128,84,False,False,False,6eb7d846a2cd95cf1cd24329347493999dce526457c3bb913239eef3f5248c62,040506889cab3e7de95c3ac2bc78bc600f02252d5ee1627dc370c73cfce959e4,1.98,1.86,True,2024-08-20T08:36:00+00:00,2024-08-20T08:36:00+00:00
te:2702187,2024-08-20,2024,2024-08-20,aboian-f7ddc,nedelchev,2024-08-20T08:50:00+00:00,2024-08-19T23:25:00+00:00,1.0,2024-08-22T22:00:00+00:00,2024-08-20,2.02,1.81,0.47258485639686687,-0.10977066613537889,0.5857437974229528,0.4561685251241504,0.26666666666666666,0.26666666666666666,0.580696099067309,0.5000000000000001,0.011536856216055907,198,131,False,False,False,88825860766710426400ff4ac7a63f84022175aeb74f6c9e01191e19ec1d64f7,f83bdf627a71ba120ac9717b5ad2587e6c801bb9b6c4977fdb782925eecd3474,1.96,1.88,True,2024-08-20T05:59:00+00:00,2024-08-20T05:59:00+00:00
te:2702189,2024-08-20,2024,2024-08-20,ambrogi,basic,2024-08-20T09:05:00+00:00,2024-08-19T23:24:00+00:00,1.0,2024-08-22T22:00:00+00:00,2024-08-20,1.81,2.02,0.5274151436031332,0.10977066613537934,0.6460858754232869,0.4921074651404873,0.7,0.7,0.7242501255184058,0.7086182113277893,1.5760348345827957e-07,152,103,False,False,False,3480de0b4ce2c1b6b3ba9b1b1440f71373a0ce09f6376d415a7112f1ac6b1f5a,48ba35881223657c5f3cb86d254d35791adc9593a5802ac3a940f5687b3d9b8f,1.86,1.97,True,2024-08-20T08:16:00+00:00,2024-08-20T08:16:00+00:00
te:2702195,2024-08-20,2024,2024-08-20,gea,martin-3dfa5,2024-08-20T11:40:00+00:00,2024-08-19T23:20:00+00:00,1.0,2024-08-22T22:00:00+00:00,2024-08-20,1.99,1.83,0.4790575916230366,-0.08381867188307154,0.6147736478914545,0.5512417306519803,1.85,0.75,0.5000000000762165,0.5012236909815667,0.014870305265610395,153,74,False,False,False,c7413acb4af7b1c03dedd7bc1e7fd2711a2fa35b48686bd23b88e5565c7a6ffd,d9e57c2a0636152f1fca589b365cfaa094a97acab43b19bec6bf550f1d2fe46f,2.0,1.84,True,2024-08-20T07:34:00+00:00,2024-08-20T07:34:00+00:00
te:2704557,2024-08-23,2024,2024-08-23,noguchi-08bde,shimizu-38ca9,2024-08-23T04:40:00+00:00,2024-08-22T09:49:00+00:00,1.0,2024-08-25T22:00:00+00:00,2024-08-23,1.97,1.88,0.4883116883116883,-0.04676176590803932,0.6195017678318,0.5341957894008451,0.6666666666666666,0.06666666666666667,0.6784276193357464,0.7470166515629791,1.1071699113074374e-13,157,123,False,False,False,2d39ee0f3896a160b86494cd3fdc3cf1d5f449056b407b0ec88df168f120f34f,7f39680ce01503e36a0ddab0745f80e5af75dad205d3325bde354efea669ca02,1.91,1.96,True,2024-08-23T00:35:00+00:00,2024-08-23T00:35:00+00:00
te:2704559,2024-08-23,2024,2024-08-23,wu-9762d,smith-8b3b8,2024-08-23T02:40:00+00:00,2024-08-22T09:49:00+00:00,1.0,2024-08-25T22:00:00+00:00,2024-08-23,1.9,1.95,0.5064935064935064,0.025975486403260445,0.5521446423168204,0.1833642407623862,0.6333333333333333,0.6333333333333333,0.6352109910084545,0.5149447353998372,3.802933040697454e-08,19,146,False,False,False,fefefaa459b06b945f89f96a63b86a931e1ec19584bedc4f28eeb3408a3d334f,b3e482889d555956ffc97d0b852ae66711682f8d6f98877fb120b5ef4ed93ae2,2.0,1.88,True,2024-08-23T00:52:00+00:00,2024-08-23T00:52:00+00:00
te:2705767,2024-08-27,2024,2024-08-27,dalla-valle,habib,2024-08-27T16:15:00+00:00,2024-08-25T09:10:00+00:00,1.0,2024-08-29T22:00:00+00:00,2024-08-27,1.85,1.96,0.5144356955380577,0.05775883415219216,0.6195574680738768,0.429911495017566,1.2666666666666666,1.2666666666666666,0.587484949756927,0.5886830112874977,1.3068193072118817e-07,174,216,False,False,False,3e046b5d9b2563d3ac5c59a5cf96c87e2a8333d3984e0d420afcba62ecd69db8,e568620d19f72a78d6d7fb74cc9bf9f14655a299689ea4e53a01cfb252d2a8ac,1.88,1.95,True,2024-08-26T03:10:00+00:00,2024-08-27T05:04:00+00:00
te:2707297,2024-08-27,2024,2024-08-27,herbert-fa5ad,broady-9ff27,2024-08-27T12:00:00+00:00,2024-08-26T08:30:00+00:00,1.0,2024-08-29T22:00:00+00:00,2024-08-27,1.79,2.05,0.5338541666666666,0.13562417329765303,0.6524581183147408,0.4942375967705039,1.4833333333333334,0.65,0.7256224396101563,0.7414850622987188,2.1697711682922005e-09,157,79,False,False,False,f625f01830834758bc3c98aaa7c28f24bc2c6b72d8295f5bb3647f7923cb39f4,e2ac0ca07c76035da3b6600c30fe51608639e30002631246210c1fb1e3ea50a6,1.77,2.09,True,2024-08-27T08:06:00+00:00,2024-08-27T08:06:00+00:00
te:2710121,2024-08-30,2024,2024-08-30,taberner,prizmic,2024-08-30T14:35:00+00:00,2024-08-28T18:36:00+00:00,1.0,2024-09-01T22:00:00+00:00,2024-08-30,1.92,1.93,0.5012987012987012,0.005194816877103783,0.614116622527814,0.4594548392912748,0.0,0.0,0.5121118116422638,0.5000000020810372,0.01294599961242976,192,86,False,False,False,047ba9368f341c31faa36921c6795ccd1c8508da0104061800e72fec8658cc40,58b8c2bb1fb53947f5980d53e0dc8f89d916ba9811f21c935716525e95e2d8e8,1.97,1.9,True,2024-08-30T07:14:00+00:00,2024-08-30T07:14:00+00:00
te:2710321,2024-08-30,2024,2024-08-30,uchiyama,wu-f664e,2024-08-30T03:10:00+00:00,2024-08-29T09:44:00+00:00,1.0,2024-09-01T22:00:00+00:00,2024-08-30,1.66,2.3,0.5808080808080808,0.326091520566652,0.6425730899705373,0.2604581546799042,0.25,0.25,0.7025059765700352,0.7008635311205301,3.6198395947373285e-09,122,126,False,False,False,bef3beab31410ff0b7feac2aefb2ccd087a267a80d242de9fe8f60d7d9aa2758,fdaa611f17a5d6b28bb238494b5540c3c434e1753913b2b5b5556988a759b419,1.67,2.31,True,2024-08-29T23:32:00+00:00,2024-08-29T23:32:00+00:00
te:2710323,2024-08-30,2024,2024-08-30,hong-0ce56,sun-2f389,2024-08-30T03:15:00+00:00,2024-08-29T09:50:00+00:00,1.0,2024-09-01T22:00:00+00:00,2024-08-30,1.93,1.93,0.5,0.0,0.5658339201141706,0.2648734743368958,0.2833333333333333,0.2833333333333333,0.6897830248032564,0.5783051906119668,2.4944768473034173e-12,188,137,False,False,False,4be0bba496d5fffc37cd724e9d1525a5cfd5271c87a6a94ff8eabcf0046b0ff4,06945aa351ba60042ff5e05961434def67e10fe9aa4b0aa8894ab30f8a3382a3,2.02,1.86,True,2024-08-30T02:01:00+00:00,2024-08-30T02:01:00+00:00
te:2710513,2024-08-30,2024,2024-08-30,buse,aboian-f7ddc,2024-08-30T11:55:00+00:00,2024-08-29T17:30:00+00:00,1.0,2024-09-01T22:00:00+00:00,2024-08-30,2.17,1.73,0.4435897435897435,-0.2266057590426809,0.561903624127754,0.4754971845035487,0.3333333333333333,0.3333333333333333,0.7084806702436381,0.5916608706248295,1.3334541137943745e-08,189,204,False,False,False,6b982e4aaaa2725f66b21d4294a83ecb2243f24a5de23931cf7c20681dec908a,58d7965fc37692dcca6c85ead4abc922c247cb3b6d333063929e97ccd9516fcf,2.22,1.71,True,2024-08-30T10:00:00+00:00,2024-08-30T07:32:00+00:00
te:2710671,2024-08-30,2024,2024-08-30,ajdukovic,huesler,2024-08-30T16:55:00+00:00,2024-08-30T04:36:00+00:00,1.0,2024-09-01T22:00:00+00:00,2024-08-30,1.65,2.33,0.5854271356783919,0.34509297966511965,0.6340283244330652,0.2044447082908165,0.65,0.016666666666666666,0.6939645561645168,0.7436665753756829,1.780263603201604e-09,180,164,False,False,False,aa131542e5a4e5c8f31756d398940771909fb30fc19f6b6e02269fc576e27d83,897e8a9dee9d9d31d134efede80a4cea0e09e03c88517105f331633cb0a1b32a,1.64,2.36,True,2024-08-30T16:43:00+00:00,2024-08-30T16:43:00+00:00
te:2711885,2024-09-03,2024,2024-09-03,varillas,cadenasso,2024-09-03T17:00:00+00:00,2024-09-01T14:59:00+00:00,1.0,2024-09-05T22:00:00+00:00,2024-09-03,2.17,1.7,0.43927648578811374,-0.24409891649019763,0.5492376693976979,0.44168996015770995,0.0,0.0,0.7555098356212491,0.6240082474248935,2.7984281558701696e-12,141,156,False,False,False,ab1661655a4c41e868978da48fbf02db23e9a3e038fdc71495b66a2622499526,970736803523a79bbfbc0f2a74507cfc48a8573b24bb9a62ec023a472252eb64,2.01,1.83,True,2024-09-03T14:50:00+00:00,2024-09-03T11:35:00+00:00
te:2711905,2024-09-03,2024,2024-09-03,janvier,taberner,2024-09-03T09:15:00+00:00,2024-09-01T13:13:00+00:00,1.0,2024-09-05T22:00:00+00:00,2024-09-03,2.04,1.79,0.46736292428198434,-0.13073418800346137,0.5713034497180117,0.4179053654371943,0.6666666666666666,0.6666666666666666,0.6376774687978152,0.751700199010932,2.7616640307925877e-08,174,196,False,False,False,871db7fb785226fda1f3c8484e69bedd8a0bae2862ba0cba1963fbafa57a394c,341cabea94b1735e22fef75df0e176c81267b8868d718ff28e36fc5fe3b46c89,2.25,1.67,True,2024-09-03T06:04:00+00:00,2024-09-03T06:04:00+00:00
te:2712001,2024-09-03,2024,2024-09-03,bonzi-a38fa,broom-cb719,2024-09-03T15:10:00+00:00,2024-09-01T12:49:00+00:00,1.0,2024-09-05T22:00:00+00:00,2024-09-03,1.97,1.85,0.48429319371727747,-0.06284790365966375,0.5949802818087021,0.4474404160253858,0.9666666666666667,0.9666666666666667,0.7506939128833875,0.6569492882386203,2.711491031703872e-10,173,196,False,False,False,ffa618be90a71a8d0fc7bad46a65901b8a85da682d84f9a1175d717feab40cc9,6fbb1eb74984861e022a05f938f262ada2e00d7507b00ce39fc27c881606a822,1.96,1.88,True,2024-09-03T14:37:00+00:00,2024-09-03T14:37:00+00:00
te:2713473,2024-09-03,2024,2024-09-03,added,salvestre,2024-09-03T13:55:00+00:00,2024-09-02T16:57:00+00:00,0.0,2024-09-05T22:00:00+00:00,2024-09-03,1.87,1.95,0.5104712041884817,0.041890941709160225,0.5988194483125965,0.35865760956345166,0.6333333333333333,0.6333333333333333,0.7284421727492183,0.6429179306452838,5.930802515763389e-09,172,48,False,False,False,e344634fd13994fcd820a2976c669d9187d0d0820eec4d3314004a65f268dc1c,1d8b39ef96e028b4cd9e159a341ef1e803b33a8967677039160de5cfc705827c,1.9,1.93,True,2024-09-03T11:05:00+00:00,2024-09-03T11:05:00+00:00
te:2714127,2024-09-03,2024,2024-09-03,andreev-8a7ee,olivieri-ff875,2024-09-03T13:55:00+00:00,2024-09-02T17:45:00+00:00,1.0,2024-09-05T22:00:00+00:00,2024-09-03,1.88,1.93,0.5065616797900262,0.026248226074936154,0.5972157725026187,0.36762924707459954,2.35,0.31666666666666665,0.562574332201726,0.5000000000000001,0.015260221131897511,161,114,False,False,False,c877b272b805fec809d2455fdab94ed5e9003577ae2a9d5d0dbea1301322b461,c2972d30454f5e6a11d3e1d95b97567cefcc33fa064747eb257e5d4e417ab820,1.81,2.04,True,2024-09-03T08:30:00+00:00,2024-09-03T08:30:00+00:00
te:2715485,2024-09-06,2024,2024-09-06,neumayer,kym,2024-09-06T09:10:00+00:00,2024-09-04T16:28:00+00:00,1.0,2024-09-08T22:00:00+00:00,2024-09-06,1.86,1.99,0.5168831168831169,0.0675581510112914,0.5988051670352471,0.33293095342674894,1.4333333333333333,0.8,0.6151991966945771,0.6936906988162581,2.1883189704752226e-11,152,156,False,False,False,fbc3c02c118933f3c58c7623df9ba8726bc87ca34b8b5a7d6de11580b59882ec,e725039c5598c4da150a1d96628cd949f33e6300d6d515f38538e9b02deeeab3,1.85,2.03,True,2024-09-06T06:05:00+00:00,2024-09-06T06:05:00+00:00
te:2715803,2024-09-06,2024,2024-09-06,travaglia,poljicak,2024-09-06T16:35:00+00:00,2024-09-05T16:50:00+00:00,1.0,2024-09-08T22:00:00+00:00,2024-09-06,1.81,2.07,0.5335051546391752,0.13422176199954328,0.6147654282884577,0.3331665897050663,1.15,0.5166666666666667,0.5018202479757218,0.5000000004936379,0.012564753879886661,170,197,False,False,False,3b3db17427ad7a89b60337fd85a739a5526e138699e3a701587b2f991197fdb4,67aad226b2dbd58d3502337a928b8501c8424d7cda1e90fe871c812e872bf1c9,1.79,2.1,True,2024-09-06T16:29:00+00:00,2024-09-06T16:29:00+00:00
te:2715969,2024-09-06,2024,2024-09-06,de-jong-57322,simakin,2024-09-06T08:10:00+00:00,2024-09-05T16:57:00+00:00,1.0,2024-09-08T22:00:00+00:00,2024-09-06,2.19,1.72,0.43989769820971864,-0.2415772530030479,0.5802442415629754,0.5653533594524613,0.6833333333333333,0.6833333333333333,0.785847715075641,0.673600415887502,5.713762796233368e-13,153,144,False,False,False,264cd365e8ab7b0a5b65f80f1bdf9271c12d374c29fad47cad822437895b10c0,6c1a997938a253ed70703286c7f0a49fcb3e32881a3d5a8db2410f81f63ee738,2.15,1.76,True,2024-09-06T07:40:00+00:00,2024-09-06T07:40:00+00:00
te:2716203,2024-09-06,2024,2024-09-06,choinski,rehberg-2d8d7,2024-09-06T12:45:00+00:00,2024-09-05T17:27:00+00:00,0.0,2024-09-08T22:00:00+00:00,2024-09-06,1.78,2.1,0.5412371134020618,0.16532398042538338,0.6423100827511734,0.42008074346232466,0.6166666666666667,0.6166666666666667,0.7541465434772251,0.710849154442785,3.755551425399517e-12,165,154,False,False,False,459cb624a8b1733735259dd1d331a9b92faac01d52e2ded52fa342ea8d0d81c9,283c014e3ec1106e449069ccbd6fd8ce9d5297bda4eafbd6101becd8d735bc07,1.75,2.16,True,2024-09-06T08:36:00+00:00,2024-09-06T09:31:00+00:00
te:2716277,2024-09-06,2024,2024-09-06,munar-d1298,nishikori,2024-09-06T13:45:00+00:00,2024-09-05T23:48:00+00:00,1.0,2024-09-08T22:00:00+00:00,2024-09-06,1.86,1.99,0.5168831168831169,0.0675581510112914,0.6147654694157307,0.3998303743514928,0.3333333333333333,0.3333333333333333,0.5000000069431768,0.5018177573524989,0.006795068021354406,150,30,False,False,False,3e90d0c8ef59ec24759d2a1afc11fa0746266ab62cc57b6ddb9c4d65a5b44db2,982f945250ec08a8ee109b97873645bc07552375fc52d3d09089d22647f6cf86,1.85,2.02,True,2024-09-06T13:25:00+00:00,2024-09-06T12:09:00+00:00
te:2716897,2024-09-10,2024,2024-09-10,svrcina,uchiyama,2024-09-10T04:30:00+00:00,2024-09-07T15:59:00+00:00,1.0,2024-09-12T22:00:00+00:00,2024-09-10,1.85,1.97,0.5157068062827225,0.06284790365966353,0.6264942661165661,0.4543583621685685,1.0666666666666667,0.1,0.6471333743621273,0.6802999175053362,2.236745233474835e-10,139,130,False,False,False,22111964748fd44d9e1994765a129a62a85b013edc3d3d8a44420dbc09fae713,ee044be013cd7d96344e35a97542d1d1938c011e8fd89763673a6d6bebb4ef80,1.68,2.22,True,2024-09-10T03:04:00+00:00,2024-09-10T03:04:00+00:00
te:2717273,2024-09-10,2024,2024-09-10,campana-lee,cachin,2024-09-10T10:00:00+00:00,2024-09-08T12:49:00+00:00,0.0,2024-09-12T22:00:00+00:00,2024-09-10,1.88,1.93,0.5065616797900262,0.026248226074936154,0.6108662546708344,0.4247067104896902,0.7166666666666667,0.016666666666666666,0.6286243370754285,0.6916923681294661,7.125699091892201e-08,126,129,False,False,False,50d3902e4e4ec23b0296065fc82188057d110854783cfb60bde3f2278adf40d4,87c970134f2156f9ff51272277955b70e1dd4d83e62ac357a03112f7e79fbb4b,1.93,1.9,True,2024-09-09T21:42:00+00:00,2024-09-10T03:19:00+00:00
te:2718589,2024-09-10,2024,2024-09-10,berrettini,chazal,2024-09-10T10:20:00+00:00,2024-09-08T18:10:00+00:00,1.0,2024-09-12T22:00:00+00:00,2024-09-10,1.85,1.88,0.5040214477211796,0.016086137751624395,0.6132346394891445,0.4448432917949627,1.4333333333333333,0.8333333333333334,0.6258464971246329,0.5843199738198089,2.8759086501128905e-08,111,147,False,False,False,8d133e88665a1d00f2d36a52f2e549e94109cdc214138b1f87fa7b3d9ef5bad2,c08431322ce989b1202441818ab77c91b7b99f92d70c4374280bd30a62d500e6,1.87,1.9,True,2024-09-10T02:34:00+00:00,2024-09-10T02:34:00+00:00
te:2718857,2024-09-10,2024,2024-09-10,leong-e28bd,uchida-ea757,2024-09-10T02:10:00+00:00,2024-09-09T10:18:00+00:00,1.0,2024-09-12T22:00:00+00:00,2024-09-10,1.89,1.93,0.5052356020942408,0.020943173845242972,0.6154333258688732,0.4492662620843682,0.36666666666666664,0.36666666666666664,0.6507693412017519,0.7141088680375502,7.420463410401368e-10,114,151,False,False,False,50540277adc76d7c901f716bb2d4f91a575fd96b683b4f24abfbd1a636737d19,c9b1740bc177c3c2cf878002b25d51f5f62cb3db248edafada4fb1436fc5a3c0,1.95,1.88,True,2024-09-09T21:33:00+00:00,2024-09-09T20:46:00+00:00
te:2719703,2024-09-10,2024,2024-09-10,basilashvili,wiskandt,2024-09-10T12:30:00+00:00,2024-09-10T09:29:00+00:00,1.0,2024-09-12T22:00:00+00:00,2024-09-10,1.93,1.88,0.4934383202099738,-0.026248226074936154,0.5764386853366275,0.3344189189834116,0.0,0.0,0.5929577930315711,0.5000000000000001,0.014120036257497193,166,183,False,False,False,9ceb619e9543580d29e268baaddef37d039f8f2763f250ff0f376dbb4d8d6531,dd6c64d54be5743df93127578ea37996c1b13380703d00bfcefed77845ae8b9b,1.96,1.86,True,2024-09-10T09:43:00+00:00,2024-09-10T09:43:00+00:00
te:2719705,2024-09-10,2024,2024-09-10,bouquier,furness,2024-09-10T19:30:00+00:00,2024-09-10T09:38:00+00:00,1.0,2024-09-12T22:00:00+00:00,2024-09-10,1.87,1.95,0.5104712041884817,0.041890941709160225,0.5811098877289405,0.2854403091222445,0.0,0.0,0.5870033578430709,0.5000000000000001,0.000853335449045256,138,73,False,False,False,4f87a271005d59214b15406615925d0dca469d693b99c3a575ae73f1b1c79874,6d5187fb229af2c2f630bcaeacc810e7c98b673361178ae0d204fbf59307a421,1.92,1.92,True,2024-09-10T18:58:00+00:00,2024-09-10T18:58:00+00:00
te:2719707,2024-09-10,2024,2024-09-10,grenier-baaf0,de-schepper,2024-09-10T10:45:00+00:00,2024-09-10T01:50:00+00:00,1.0,2024-09-12T22:00:00+00:00,2024-09-10,1.85,1.97,0.5157068062827225,0.06284790365966353,0.5903279747639947,0.30247346709321143,1.0,1.0,0.7800736174365537,0.6766016898835114,2.3159252293680765e-13,172,127,False,False,False,a38cc298ff02e63c8d58e6bb040453a218be55e180c6a57603d0277a43e3c2f4,610ac210abf232c21f6955b8d9d6fe2762b2ab3ca4bf66935cd160dbcd65e269,1.84,2.0,True,2024-09-10T08:16:00+00:00,2024-09-10T08:16:00+00:00
te:2720493,2024-09-13,2024,2024-09-13,martin-e6e6e,vandecasteele-87d37,2024-09-13T00:35:00+00:00,2024-09-11T10:17:00+00:00,0.0,2024-09-15T22:00:00+00:00,2024-09-13,1.84,1.98,0.518324607329843,0.0733312730855498,0.6103353305627164,0.3753907079647651,0.5166666666666667,0.5166666666666667,0.5313724722808384,0.5000000000000001,0.004453521644201958,85,70,False,False,False,d07ea24c169025dec49f04e9599ed58bbb0f537b36824cc8239034dd39c50326,0863ad7b761c833e9667d0424b3ff7bfa2df989808d0feeb0df509f927c036ac,1.77,2.1,True,2024-09-13T00:22:00+00:00,2024-09-13T00:22:00+00:00
te:2721355,2024-09-13,2024,2024-09-13,fearnley,mannarino-a7108,2024-09-13T14:10:00+00:00,2024-09-12T23:10:00+00:00,0.0,2024-09-15T22:00:00+00:00,2024-09-13,1.8,2.07,0.5348837209302325,0.1397619423751585,0.6114412305209976,0.313612469896818,0.25,0.25,0.5477662288152665,0.5185351541857919,9.710948767338579e-09,113,132,False,False,False,3313f0e4e12de9af26b7edaafbf26c5d397d3341d1dd545342bb616328d4447a,79c62c84e91f41d0a6ac2079bf81312958060f5a2b14ee1c63847020d69d7ec9,1.76,2.15,True,2024-09-13T10:46:00+00:00,2024-09-13T12:02:00+00:00
te:2721455,2024-09-13,2024,2024-09-13,mayot,geerts,2024-09-13T12:10:00+00:00,2024-09-13T05:43:00+00:00,0.0,2024-09-15T22:00:00+00:00,2024-09-13,1.86,1.99,0.5168831168831169,0.0675581510112914,0.5792258852011781,0.25203823509189993,0.31666666666666665,0.31666666666666665,0.7627761491329613,0.6535008577422172,7.778962474169759e-10,177,181,False,False,False,c2c100f6bc8555a0fc5708963fc394d3872adaf258f1dd9e73cda7c80aee044c,dad197d55c89dbcd7811ccc28bc7d35904a6f36b0299c24b749364ef78bb2450,1.83,2.03,True,2024-09-13T11:47:00+00:00,2024-09-13T11:47:00+00:00
te:2721533,2024-09-13,2024,2024-09-13,lestienne,pouille,2024-09-13T17:10:00+00:00,2024-09-13T03:26:00+00:00,1.0,2024-09-15T22:00:00+00:00,2024-09-13,1.79,2.08,0.537467700258398,0.1501522738605631,0.6193714985732375,0.3367291404738173,0.75,0.11666666666666667,0.6425153375887073,0.6940398032596845,3.37963965146848e-09,138,108,False,False,False,64c1101039e4924c4fbaa1aef0e0873f3249ff4ae358acac81cc517299b44030,0315d044f6b4265fe9c2de743886718193df69b15bf907771412c86bed180927,1.83,2.06,True,2024-09-13T16:10:00+00:00,2024-09-13T16:10:00+00:00
te:2721789,2024-09-13,2024,2024-09-13,sels,nicod,2024-09-13T12:40:00+00:00,2024-09-13T12:09:00+00:00,,,,1.77,2.12,0.544987146529563,0.18043654209818355,0.6164406134411241,0.2940309843549657,1.6166666666666667,0.5833333333333334,0.5514145377870433,0.5544203434499367,7.288874174227189e-07,170,178,False,False,False,fcf2187b27a9f26abb5fde919b08c444b2ae3475d6af14924994e478ed188bb0,448493227cf137f1f87970f29065b87876db122bb4bdbd5ba9f3c9e26633c217,1.81,2.06,True,2024-09-13T12:18:00+00:00,2024-09-13T12:18:00+00:00
te:2722939,2024-09-17,2024,2024-09-17,blockx,kasnikowski,2024-09-17T08:10:00+00:00,2024-09-15T12:45:00+00:00,1.0,2024-09-19T22:00:00+00:00,2024-09-17,1.76,2.09,0.5428571428571429,0.1718502569266595,0.6403905533682848,0.4052094008597347,0.0,0.0,0.6978762014548758,0.7313820802962285,3.209364163314632e-10,149,180,False,False,False,a369ddfd5296928b222323205fe0a6c04eed3c74a2a0e901e97cc976ad4d57ea,7604dba44a14c079d9bcf2df75a5ecc21fe33145a2595a7ac499921ca807cac6,1.68,2.23,True,2024-09-17T07:34:00+00:00,2024-09-17T07:34:00+00:00
te:2723505,2024-09-17,2024,2024-09-17,stricker,peniston,2024-09-17T18:10:00+00:00,2024-09-15T14:02:00+00:00,0.0,2024-09-19T22:00:00+00:00,2024-09-17,1.74,2.12,0.5492227979274612,0.1975309754574837,0.5803181688662954,0.12654866541044005,0.0,0.0,0.7257163965408742,0.6230643808737865,3.5669522890913186e-12,61,94,False,False,False,cc8503a44bab8fcd62fc88806b0df5160e6763299192861c37be56180c9e5a13,8a2a2013d1374bd479b214ebc1670b343d57b102a4494ae8613fbc03c0edea36,1.78,2.08,True,2024-09-17T18:00:00+00:00,2024-09-17T18:00:00+00:00
te:2723511,2024-09-17,2024,2024-09-17,basavareddy,marie,2024-09-17T00:30:00+00:00,2024-09-15T17:14:00+00:00,0.0,2024-09-19T22:00:00+00:00,2024-09-17,1.88,1.93,0.5065616797900262,0.026248226074936154,0.585073956650696,0.31738973923873526,0.8166666666666667,0.8166666666666667,0.6153914457790837,0.5313920312920907,1.746250713474673e-09,96,184,False,False,False,f8cd19a17de7da8642624a30be2be9b103b814baad907adba1909ff785974cdb,0e5d917a6a5711418ed50a677706122b91bde77de07e5794de1233c5dfd2c8bd,1.99,1.85,True,2024-09-17T00:10:00+00:00,2024-09-16T21:13:00+00:00
te:2723513,2024-09-17,2024,2024-09-17,quinn-d0193,kypson,2024-09-16T22:45:00+00:00,2024-09-15T14:04:00+00:00,0.0,2024-09-19T22:00:00+00:00,2024-09-17,1.68,2.22,0.5692307692307692,0.27871340246902043,0.6612195705680807,0.3900203648592586,0.38333333333333336,0.38333333333333336,0.7485447803335152,0.7821278663827455,6.507328009774938e-11,159,115,False,False,False,5194a82d704909a7b42166861255dfbcea3074cb6f89c32ced3a42e468a049a9,c49e970924f3dc760f63010363dda30a6aad5b0cbaf4c1670ed7b3060b98f245,1.7,2.2,True,2024-09-16T22:27:00+00:00,2024-09-16T22:27:00+00:00
te:2724771,2024-09-17,2024,2024-09-17,dubrivnyy,budkov-kjaer,2024-09-17T10:35:00+00:00,2024-09-16T16:39:00+00:00,1.0,2024-09-19T22:00:00+00:00,2024-09-17,1.91,1.91,0.5,0.0,0.6112658667039736,0.4526363502621944,0.5333333333333333,0.5333333333333333,0.500000000021014,0.5278894768475066,0.028383604503027654,3,43,False,False,False,f0cbaeabae482d068771d2da07a008da9f0e467d782cee5331fbead5a88dc92b,e58296f34e4249e3064fc64321f7208d641621f7760efa63d403c3f67dd7c0c4,2.08,1.78,True,2024-09-17T09:36:00+00:00,2024-09-17T03:02:00+00:00
te:2726969,2024-09-20,2024,2024-09-20,pavlovic-c059e,molleker,2024-09-20T10:25:00+00:00,2024-09-19T18:48:00+00:00,0.0,2024-09-22T22:00:00+00:00,2024-09-20,1.95,1.9,0.49350649350649356,-0.025975486403260445,0.5851072614996624,0.36975064444007466,0.8666666666666667,0.8666666666666667,0.5688227102567681,0.6572189886227475,8.419523411795637e-11,143,156,False,False,False,094515271c9096387ccf97db02d6658cfd2bea8978faea61fda8736acf0e58b5,b94eafc8dbc5932d9a6774f1669933df176d0552688201655f85bf869d03d7a0,1.92,1.95,True,2024-09-20T08:56:00+00:00,2024-09-20T08:56:00+00:00
te:2727289,2024-09-20,2024,2024-09-20,majchrzak-905d8,martineau-40903,2024-09-20T10:10:00+00:00,2024-09-19T18:49:00+00:00,0.0,2024-09-22T22:00:00+00:00,2024-09-20,1.7,2.21,0.5652173913043478,0.2623642644674909,0.5793465852159002,0.05772737495506031,1.2666666666666666,0.43333333333333335,0.7082290572090769,0.6071775386832428,3.3134495147635334e-10,164,178,False,False,False,0ecdb1f8b3d96830f5c950accd5486503cbd0fe9d5c86bd26cb42414400c5b19,0a05900b16cdece9ffdfa7d787eeb2f6ee6611f60f062ca0ba77cf7bb6c35f3e,1.71,2.22,True,2024-09-20T07:01:00+00:00,2024-09-20T07:01:00+00:00
te:2727363,2024-09-20,2024,2024-09-20,pouille,ajdukovic,2024-09-20T11:35:00+00:00,2024-09-19T18:53:00+00:00,0.0,2024-09-22T22:00:00+00:00,2024-09-20,1.69,2.23,0.5688775510204082,0.27727305653704526,0.6270205148586251,0.24218278412308336,1.3666666666666667,0.26666666666666666,0.7002704670276991,0.6589485060433797,2.8865326795468604e-11,111,190,False,False,False,c3e4054b1f95cc087527b584f5d9107ce27d11cf8343bbb78749df0d27ea7c13,54058f770740cfd16f78c20c2345f3cb50565c54337fda3faefe5a5f531474df,1.7,2.24,True,2024-09-20T08:31:00+00:00,2024-09-20T08:31:00+00:00
te:2728141,2024-09-24,2024,2024-09-24,mayot,majchrzak-905d8,2024-09-24T08:40:00+00:00,2024-09-22T08:50:00+00:00,1.0,2024-09-26T22:00:00+00:00,2024-09-24,1.67,2.22,0.570694087403599,0.28468356945552425,0.6144502656352194,0.18137422428741995,1.45,0.25,0.5000000037216501,0.5085411248726588,0.0014687035047105529,181,169,False,False,False,80e114e660b35dd4f34f6caedd11908cb9107289eaf722da9aaade3fa2d8e18f,145eabe679ea144048fcfaecf8f325fc3ccc4a290e7453711d3e7c5adb3b45e3,1.66,2.27,True,2024-09-23T06:22:00+00:00,2024-09-24T01:11:00+00:00
te:2728163,2024-09-24,2024,2024-09-24,silva-cb43c,skatov,2024-09-24T11:10:00+00:00,2024-09-22T09:52:00+00:00,1.0,2024-09-26T22:00:00+00:00,2024-09-24,2.01,1.82,0.47519582245430814,-0.09929822098228022,0.5914551275775531,0.4692822843607388,1.1666666666666667,0.13333333333333333,0.6288562611404971,0.7200959494139718,3.6157188354479786e-13,133,149,False,False,False,0775bccbbdb26cee5f989e5971df5eec5237507d2bc2604ecc5be9f88171a3d1,646ca3be27a25218e57828d6248f1fff6b4df1ebf759d947844e82aa30b8de4a,2.04,1.81,True,2024-09-24T10:31:00+00:00,2024-09-24T09:43:00+00:00
te:2729193,2024-09-24,2024,2024-09-24,evans-cf2af,sultanov,2024-09-24T08:45:00+00:00,2024-09-23T08:15:00+00:00,1.0,2024-09-26T22:00:00+00:00,2024-09-24,1.84,1.98,0.518324607329843,0.0733312730855498,0.608268942341708,0.3667103235258606,0.0,0.0,0.7274009165466323,0.6520205372892489,5.415735082614503e-10,101,221,False,False,False,b66591730971280766d71ac8c9c3048de5e6c19f1f545408c502b0dcc6c31dbf,dc6438779d7bba153bf069b1b69668c575e29ed9026a725f45bfa382860be9ed,1.83,2.01,True,2024-09-23T22:09:00+00:00,2024-09-24T08:27:00+00:00
te:2729777,2024-09-24,2024,2024-09-24,quinn-d0193,holt-669c7,2024-09-24T14:05:00+00:00,2024-09-24T07:36:00+00:00,1.0,2024-09-26T22:00:00+00:00,2024-09-24,1.75,2.1,0.5454545454545455,0.1823215567939549,0.6233799320894692,0.32159771708189633,0.8666666666666667,0.8666666666666667,0.615234563567268,0.6246752407867796,8.973613796481317e-09,162,162,False,False,False,6a40709e80725bb9e6c1e9ebe5c847dca746efa60dbc8361c36325965fcff93d,41f38a1dfb5ac4321aba6ecd15ae73bc47917a27f9332dab7911de20c88653e9,1.67,2.23,True,2024-09-24T09:02:00+00:00,2024-09-24T09:02:00+00:00
te:2730009,2024-09-24,2024,2024-09-24,leong-e28bd,ellis-b4efc,2024-09-24T06:15:00+00:00,2024-09-23T14:36:00+00:00,0.0,2024-09-26T22:00:00+00:00,2024-09-24,1.75,2.0,0.5333333333333333,0.1335313926245226,0.6412846194082985,0.4474127274599734,1.45,0.18333333333333332,0.7090066291797962,0.7533217479912676,8.802958362252866e-12,120,172,False,False,False,fd428aca0ece631e2953ac3bcfdb74675f17eb6aa4bdcdb0e09bbadd643678f7,c22c94078d29c297f8105de5302ec63aa01a7abc89b6bae43295b01801ecf7fb,1.84,1.93,True,2024-09-23T19:58:00+00:00,2024-09-23T19:58:00+00:00
te:2730557,2024-09-24,2024,2024-09-24,huesler,lamasine,2024-09-24T13:15:00+00:00,2024-09-23T18:59:00+00:00,0.0,2024-09-26T22:00:00+00:00,2024-09-24,2.04,1.79,0.46736292428198434,-0.13073418800346137,0.5538385897780764,0.3469266852327209,0.0,0.0,0.8202997212269362,0.6851702569438105,2.052913394834377e-10,168,160,False,False,False,a6a0198307d0bc2aefa8a39d3e4b145ee00b34e662e8be1123a4c5e479a9ec74,0889c1dd932fd81f8cee305178d77bfede7e7cdc67713e7be537d7e33e201794,2.05,1.81,True,2024-09-24T12:57:00+00:00,2024-09-24T12:57:00+00:00
te:2730911,2024-09-24,2024,2024-09-24,sell-1ce74,farjat,2024-09-24T14:40:00+00:00,2024-09-24T07:25:00+00:00,0.0,2024-09-26T22:00:00+00:00,2024-09-24,2.2,1.68,0.4329896907216495,-0.26966356694910254,0.5231707890963538,0.362413155941942,0.0,0.0,0.6870471452108838,0.5399054188158393,5.095901217666565e-08,155,164,False,False,False,2046f411bc9743da293a2fd37bec7a3509584355fc64f9cd775d1c7ce81cf9f8,890190bc83592af1ccfa9ea7f7649db419d02241689f5dc5b42d05a1bd1c2bc2,2.18,1.7,True,2024-09-24T12:38:00+00:00,2024-09-24T12:38:00+00:00
te:2731333,2024-09-27,2024,2024-09-27,collignon,kovalik,2024-09-27T11:45:00+00:00,2024-09-24T17:05:00+00:00,0.0,2024-09-29T22:00:00+00:00,2024-09-27,1.68,2.21,0.5681233933161953,0.2741987221144937,0.6428057839693551,0.31336425344602126,0.0,0.0,0.710500616204252,0.6989739120369362,4.282268983857307e-12,173,184,False,False,False,131691ee3502e26ba618051be60e7536a278347538f45ecf03db0a00d94ccdf2,101e70fbba3a2c9f264f90a4b013108a72f7de7c205d2708c4aa9d17703494de,1.69,2.22,True,2024-09-25T08:52:00+00:00,2024-09-25T09:40:00+00:00
te:2731821,2024-09-27,2024,2024-09-27,butvilas,schoolkate,2024-09-27T19:10:00+00:00,2024-09-25T16:10:00+00:00,1.0,2024-09-29T22:00:00+00:00,2024-09-27,1.76,2.09,0.5428571428571429,0.1718502569266595,0.624516432826841,0.3369126781415464,0.21666666666666667,0.21666666666666667,0.7076103780857526,0.7826365875681701,3.2429614549300823e-13,178,167,False,False,False,b98c1540f33e969afd61e4ae6dd9294856aa2e521d135568d6a2c3973469f9f7,c30d573ddb7eaf92f169ba834358ea23246d2843a571e84f6781a568d1599b40,1.72,2.16,True,2024-09-26T13:48:00+00:00,2024-09-27T18:15:00+00:00
te:2731829,2024-09-27,2024,2024-09-27,tomic-4ca3d,nakagawa-7463c,2024-09-27T19:10:00+00:00,2024-09-26T08:17:00+00:00,0.0,2024-09-29T22:00:00+00:00,2024-09-27,1.66,2.25,0.5754475703324808,0.304112613847877,0.6472889496971517,0.30303101282821177,1.65,1.65,0.7546639511148671,0.7185143296757945,6.371747615641077e-08,173,97,False,False,False,b0f5b0737f3b527658073f274e395d6b1fe4d245dd4f738d5ac215eae2a4610e,96ae0d839c916c87e0ffd405dfed5e1a269a15d3bf2b32354833b5ea34569197,1.76,2.11,True,2024-09-27T13:26:00+00:00,2024-09-27T13:26:00+00:00
te:2732745,2024-09-27,2024,2024-09-27,rocha-0492a,arnaboldi-d7371,2024-09-27T13:10:00+00:00,2024-09-27T01:45:00+00:00,1.0,2024-09-29T22:00:00+00:00,2024-09-27,1.89,1.93,0.5052356020942408,0.020943173845242972,0.5972747259130393,0.3731793836422414,0.3333333333333333,0.3333333333333333,0.6309917654778617,0.5613667146146638,2.163077883476916e-09,180,147,False,False,False,d5375925007fe3bc23cdc6550d26a9cf519f3bc2986d5ed9b7e790f27e85dd20,8f737d37d01e414f325913fb5ae093ef0ba6b96015d43268a0b17abdcf55010d,2.02,1.83,True,2024-09-27T12:37:00+00:00,2024-09-27T12:37:00+00:00
te:2732801,2024-09-27,2024,2024-09-27,mayot,bonzi-a38fa,2024-09-27T14:00:00+00:00,2024-09-27T01:45:00+00:00,0.0,2024-09-29T22:00:00+00:00,2024-09-27,1.68,2.25,0.5725190839694657,0.2921364228011615,0.6400785678924926,0.28356874486427375,1.3666666666666667,0.26666666666666666,0.6950544042787453,0.725489626290374,5.108323763991507e-10,184,177,False,False,False,0e147ddcdb0832887ac0a18dbab19797a32262a8217c95a609c2670bfb8e2213,ccf9a048ec851fa2666d68c5d66e0b2147da4aaeee1259ba95ef07219c80f7c3,1.67,2.31,True,2024-09-27T11:02:00+00:00,2024-09-27T12:45:00+00:00
te:2733395,2024-10-01,2024,2024-10-01,gueymard-wayenburg,broom-cb719,2024-10-01T10:05:00+00:00,2024-09-29T15:39:00+00:00,0.0,2024-10-03T22:00:00+00:00,2024-10-01,1.68,2.22,0.5692307692307692,0.27871340246902043,0.6260925271124751,0.23677639648768534,0.5166666666666667,0.016666666666666666,0.6392467039364876,0.6661205247413503,6.199314395161082e-10,179,196,False,False,False,775010be8be1688a3c917c81aff63924f506a33df770f25b5195dad1dcd75a53,853b0dab16a38bedcdb902a8cdb7bec574aea770b2f2b2c1b30baa2cfd48bb13,1.72,2.17,True,2024-10-01T09:32:00+00:00,2024-09-29T21:13:00+00:00
te:2733405,2024-10-01,2024,2024-10-01,pouille,debru-5353d,2024-10-01T16:15:00+00:00,2024-09-29T15:37:00+00:00,0.0,2024-10-03T22:00:00+00:00,2024-10-01,1.84,1.98,0.518324607329843,0.0733312730855498,0.5951871781178274,0.31211987597881397,0.38333333333333336,0.38333333333333336,0.7532963014778365,0.6592113518190873,1.4667819736580157e-10,121,130,False,False,False,157062650032e084fd44138c0b4fec246b63f816dc2e15b1d021e19381473797,264a2427bb3052a30721bc0e6770f986fff954a7a11da05470417e290d427597,1.95,1.88,True,2024-10-01T11:51:00+00:00,2024-10-01T11:51:00+00:00
te:2733555,2024-10-01,2024,2024-10-01,burruchaga,vallejo-d7859,2024-10-01T18:10:00+00:00,2024-09-29T15:30:00+00:00,1.0,2024-10-03T22:00:00+00:00,2024-10-01,1.99,1.83,0.4790575916230366,-0.08381867188307154,0.6022360686996521,0.4986094891493922,0.5833333333333334,0.5833333333333334,0.5759372676458661,0.5212787387493769,2.278054828108722e-10,195,147,False,False,False,37f28d39648d49350af0853f112b5babde97469ad77cea1814cbfd2612596391,6cc83f14cd3dfda9c0dac82f60be424a1d559eeb8db0128031a1915ee732c5ab,1.98,1.85,True,2024-10-01T17:53:00+00:00,2024-10-01T17:53:00+00:00
te:2735863,2024-10-01,2024,2024-10-01,vincent-ruggeri,coulibaly-f4551,2024-10-01T08:40:00+00:00,2024-10-01T05:46:00+00:00,0.0,2024-10-03T22:00:00+00:00,2024-10-01,1.8,2.04,0.53125,0.12516314295400602,0.6127308023436723,0.33364249624837095,1.0666666666666667,0.5333333333333333,0.5212901954272818,0.500000000050882,0.015410920565875064,181,175,False,False,False,fb00f815be5435d134ee9cec38e4232007f78486a11beae05856a7412a8817d7,b12f793166d8ccef333793d483b60baa3636e3c61e62bbb562ae9380766b19d0,1.83,1.99,True,2024-10-01T08:17:00+00:00,2024-10-01T08:17:00+00:00
te:2736353,2024-10-01,2024,2024-10-01,dellien-e101c,aboian-f7ddc,2024-10-01T13:40:00+00:00,2024-10-01T07:57:00+00:00,1.0,2024-10-03T22:00:00+00:00,2024-10-01,1.95,1.86,0.48818897637795283,-0.04725288485054525,0.5878344451159737,0.40227313630029204,0.9166666666666666,0.35,0.5776940255278261,0.5000000000000001,0.018611771132893404,186,211,False,False,False,ceafd86b5d40806ab8179850e0eb51648399ad89881426e79db9386398dfdd42,07319567994e23cfdc08d7d5d7fa038585e4fad4ceccf341d7324bccb2ffd041,1.98,1.85,True,2024-10-01T08:59:00+00:00,2024-10-01T08:13:00+00:00
te:2736359,2024-10-01,2024,2024-10-01,meligeni-rodrigues-alves,ambrogi,2024-10-01T18:00:00+00:00,2024-10-01T08:50:00+00:00,1.0,2024-10-03T22:00:00+00:00,2024-10-01,1.96,1.85,0.4855643044619423,-0.05775883415219216,0.5826061811615003,0.3912401024266997,1.0666666666666667,1.0666666666666667,0.7392056589668752,0.6365185874056152,3.093830172606893e-08,150,156,False,False,False,b234ab06c1cd345a8682092991b990b214a1dcea46f88175eaa65ec47b8dc911,1679ae7e5b88af04c407b62639b1f6e1292021440d2b5d5a20e9543209b1b102,1.94,1.89,True,2024-10-01T17:02:00+00:00,2024-10-01T17:02:00+00:00
te:2736363,2024-10-01,2024,2024-10-01,spizzirri,baris,2024-10-01T18:05:00+00:00,2024-10-01T10:37:00+00:00,1.0,2024-10-03T22:00:00+00:00,2024-10-01,1.7,2.17,0.5607235142118864,0.24409891649019808,0.5777263989404295,0.06934803418318727,0.0,0.0,0.7526021632575112,0.6436828706436144,7.946643343359483e-09,102,56,False,False,False,aafb40ad8b442b2384d70e53a8d36414b7da13ae4bb3e888b03740c339920a98,a907922674df7f6fc9612de6240fc260f37935fb40c0aeceb67c7341cf2d0d37,1.99,1.85,True,2024-10-01T16:26:00+00:00,2024-10-01T16:43:00+00:00
te:2737485,2024-10-04,2024,2024-10-04,coria-df292,heide-17a3d,2024-10-04T16:05:00+00:00,2024-10-03T15:59:00+00:00,0.0,2024-10-06T22:00:00+00:00,2024-10-04,1.83,2.03,0.5259067357512953,0.10371982620036632,0.6181130055411058,0.37782673258608857,1.0833333333333333,0.18333333333333332,0.5831167257805456,0.5735920717650653,1.3459496073231492e-08,184,140,False,False,False,49648b9da80b0bf8072c56d64261115c339746e3ee55f1f0411b305a8b8bc8ab,907e05de99b2f75b20849f19153a78b6b9bd6ed3612df95ca2ceebfbde427f3e,1.84,2.04,True,2024-10-04T10:00:00+00:00,2024-10-04T10:00:00+00:00
te:2737743,2024-10-04,2024,2024-10-04,galan-e4b30,neumayer,2024-10-04T12:10:00+00:00,2024-10-03T17:32:00+00:00,0.0,2024-10-06T22:00:00+00:00,2024-10-04,1.78,2.1,0.5412371134020618,0.16532398042538338,0.6296582321746694,0.36542692703027574,1.9166666666666667,0.05,0.7096483219940911,0.668706401644108,1.5142886944374823e-12,160,162,False,False,False,7fff1e97a5d3a4c42b8669af8d4a67e9a0f6b7e543136fa2b93b20b57633f952,3569b7812f2b03004d3f370bf948b8c27de07ce646f7a0de92acd1298e58dee3,1.79,2.11,True,2024-10-04T05:31:00+00:00,2024-10-04T05:31:00+00:00
te:2737835,2024-10-04,2024,2024-10-04,prizmic,gueymard-wayenburg,2024-10-04T12:35:00+00:00,2024-10-03T23:30:00+00:00,1.0,2024-10-06T22:00:00+00:00,2024-10-04,1.82,2.05,0.5297157622739017,0.11900329206161245,0.6098581656538751,0.32771277192882686,0.7333333333333333,0.16666666666666666,0.6561538006878569,0.6006392144839047,1.0975990116790513e-09,81,179,False,False,False,23759da564c6126601fd79553c1dc03e1cb1d3067755451423c81c346dd6180e,bc07eaba41d303ce6e8da578be82f132663fd7da1fda3a1bcc88700fc328a85b,1.83,2.04,True,2024-10-04T10:41:00+00:00,2024-10-04T09:57:00+00:00
te:2738413,2024-10-08,2024,2024-10-08,cui-f99f9,shimizu-38ca9,2024-10-08T09:45:00+00:00,2024-10-06T09:28:00+00:00,0.0,2024-10-10T22:00:00+00:00,2024-10-08,1.88,1.94,0.5078534031413613,0.031416196233379066,0.619145869729143,0.4545082608971862,0.7166666666666667,0.11666666666666667,0.665480872255134,0.7286633332400536,1.2819523220741758e-11,155,135,False,False,False,ec5ca01429fbf0631154b33224318829a20684f4a31927e888e56fadeef9bac2,303c37dc9e43f00b4cd7980db802b7aa22935ed75971093f1f7bf308f0c3137e,1.92,1.92,True,2024-10-08T09:38:00+00:00,2024-10-08T09:38:00+00:00
te:2739207,2024-10-08,2024,2024-10-08,kypson,artnak,2024-10-08T17:05:00+00:00,2024-10-07T17:31:00+00:00,0.0,2024-10-10T22:00:00+00:00,2024-10-08,1.81,2.01,0.5261780104712042,0.10480787679324989,0.6242637031604102,0.40287744437940565,0.2833333333333333,0.2833333333333333,0.7576694594130706,0.6907763408225476,3.6006167769553343e-09,111,175,False,False,False,4339ac3551314591978a6fc0186ade969c58629e4d86f77493def73e05f6dc87,35664e5a97dc07f5ed07f309f3e64509ba93f342d2fe67648e522401a50fa70e,2.06,1.79,True,2024-10-08T12:54:00+00:00,2024-10-08T12:54:00+00:00
te:2739457,2024-10-08,2024,2024-10-08,martinez-c0caf,nava-337db,2024-10-08T13:30:00+00:00,2024-10-07T09:04:00+00:00,1.0,2024-10-10T22:00:00+00:00,2024-10-08,1.86,1.96,0.5130890052356021,0.052367985517315925,0.6260267265068904,0.46284074515919404,1.35,0.38333333333333336,0.7168800243040767,0.667075241883401,5.4473092703233306e-12,188,161,False,False,False,fdf1727b850aba03f0643b2f1bd386e590cb520aac36d7b37c4e7278f063bd08,efe87455b6df3a8ba64d2d2ff758e6035c3f24ac18a81014f88a39fab0460f5a,1.85,1.99,True,2024-10-08T05:34:00+00:00,2024-10-08T11:08:00+00:00
te:2739819,2024-10-08,2024,2024-10-08,villanueva-55ff0,aboian-f7ddc,2024-10-08T13:10:00+00:00,2024-10-07T07:59:00+00:00,1.0,2024-10-10T22:00:00+00:00,2024-10-08,1.88,1.84,0.4946236559139785,-0.021506205220963567,0.6098110751043819,0.4680243568356067,1.9833333333333334,0.5166666666666667,0.5662884036274523,0.6115354655608558,3.1319855042788447e-10,171,213,False,False,False,d117edb8b5db3f3b94ab23fb76230cfdc96420fa3eb0531ed97131d4af358fd0,519b2c74b4ac95520ea725ca6b5ef92352b957641f6119a627a558655c707bf2,1.86,1.91,True,2024-10-08T05:32:00+00:00,2024-10-08T05:32:00+00:00
te:2740947,2024-10-08,2024,2024-10-08,jorda-sanchis,sachko,2024-10-08T13:40:00+00:00,2024-10-08T07:56:00+00:00,1.0,2024-10-10T22:00:00+00:00,2024-10-08,1.67,2.23,0.5717948717948719,0.28917795904336396,0.6300652297945198,0.24331870098453867,0.5333333333333333,0.5333333333333333,0.7143297641225269,0.7849131497365388,4.953098486915053e-10,147,141,False,False,False,a022eaecc248f039539ad463d74e8ef864b215f9f216669e53fab6c2d5432c36,9299eeb7a4bb07d460d22b2b285ba7e0b995e289784b51ba3430656cf1313699,1.72,2.14,True,2024-10-08T13:03:00+00:00,2024-10-08T13:03:00+00:00
te:2742617,2024-10-11,2024,2024-10-11,schoolkate,quinn-d0193,2024-10-11T19:40:00+00:00,2024-10-11T08:10:00+00:00,1.0,2024-10-13T22:00:00+00:00,2024-10-11,1.69,2.23,0.5688775510204082,0.27727305653704526,0.6639507931281774,0.4036773851948018,0.25,0.25,0.7624983028339121,0.752350995032924,7.124650869272386e-11,162,157,False,False,False,785db6c737a141e99a38d6802b8060dc9f6cfabe21400ac13b0897622076c969,54a4c29e952006ba63fff547fa70295ff19286fbef6b46c15adf90f7cdbdff88,1.7,2.25,True,2024-10-11T16:31:00+00:00,2024-10-11T16:31:00+00:00
te:2743671,2024-10-15,2024,2024-10-15,pouille,berankis,2024-10-15T16:30:00+00:00,2024-10-13T13:03:00+00:00,1.0,2024-10-17T22:00:00+00:00,2024-10-15,2.07,1.78,0.4623376623376624,-0.15093524297328376,0.5366947874724655,0.29797876669976436,0.6666666666666666,0.0,0.79109195476486,0.6477037625286151,1.6987489748210294e-09,133,128,False,False,False,408b4f0b68595f2a2f549117d83bc5dafc50b741614300c38b30e7f91c14c19e,442bd83cf6d3f27f8224f5c0da8dff0e63b21600d6a87f039f07ee148dfcec0d,2.05,1.81,True,2024-10-15T14:40:00+00:00,2024-10-15T14:40:00+00:00
te:2744539,2024-10-15,2024,2024-10-15,barrios-vera,meligeni-rodrigues-alves,2024-10-15T20:05:00+00:00,2024-10-13T15:45:00+00:00,0.0,2024-10-17T22:00:00+00:00,2024-10-15,1.76,2.09,0.5428571428571429,0.1718502569266595,0.6357886691707191,0.38528169165056375,0.75,0.75,0.677977112963756,0.6779771129630761,1.9131243442216395e-07,150,151,False,False,False,1ebf0fbe05953fcb7dc042ed75ea4e88e698ca55d2f94f0e7731698c3609cdca,af2643d5cf3d01abb954c1a17555481d42b235a3face9c969e7940a3c745eecb,1.71,2.18,True,2024-10-14T09:47:00+00:00,2024-10-14T09:47:00+00:00
te:2744541,2024-10-15,2024,2024-10-15,sakamoto-b1d5b,gomez-e101b,2024-10-15T14:50:00+00:00,2024-10-15T07:47:00+00:00,0.0,2024-10-17T22:00:00+00:00,2024-10-15,1.84,1.98,0.518324607329843,0.0733312730855498,0.5965150280086177,0.3176339188979553,2.5,0.26666666666666666,0.5459784879585481,0.6144714017729982,7.433331727924042e-12,156,205,False,False,False,83cc24337f77c1b93555643f7d984fcfa531ad0c444307d9a52ec3f82a3ce043,53849aaa1eb3c066763d644989686fd2433d920caa8bcf0a5116b0b47919abdb,1.91,1.93,True,2024-10-15T14:21:00+00:00,2024-10-15T14:21:00+00:00
te:2745557,2024-10-15,2024,2024-10-15,sun-2f389,matsuda-ad000,2024-10-15T03:50:00+00:00,2024-10-14T12:37:00+00:00,0.0,2024-10-17T22:00:00+00:00,2024-10-15,2.19,1.69,0.43556701030927836,-0.25917301489342737,0.5277125413933805,0.37013689848682346,0.6333333333333333,0.6333333333333333,0.7092942135146764,0.5647029569334684,8.986383859266311e-11,159,162,False,False,False,875e3949d10755b4644842db0d35f379934ce81e921bcaa2bce594eb1629c58f,c01165a9ba135f175269769c3cff2d77575525ba58d2f9175099041d49a062bb,2.09,1.77,True,2024-10-15T00:32:00+00:00,2024-10-15T00:32:00+00:00
te:2746793,2024-10-15,2024,2024-10-15,sell-1ce74,dutra-da-silva,2024-10-15T15:05:00+00:00,2024-10-15T07:48:00+00:00,0.0,2024-10-17T22:00:00+00:00,2024-10-15,1.98,1.84,0.48167539267015713,-0.07333127308554936,0.5840146109274866,0.4126071370896497,0.0,0.0,0.5831020338200791,0.5000000000000001,0.014591257274790104,165,182,False,False,False,583df00ab01ce43b2456235fcfb9782b58137723fbb9ee6508667d1a85302d16,2435908b0b38abb05e0396dfa65674e09d32aee98b1da9a9cdb59c233b17e0d5,2.09,1.77,True,2024-10-15T14:45:00+00:00,2024-10-15T14:45:00+00:00
te:2747127,2024-10-15,2024,2024-10-15,pospisil-9e7de,perez-37652,2024-10-15T19:35:00+00:00,2024-10-15T08:21:00+00:00,1.0,2024-10-17T22:00:00+00:00,2024-10-15,1.72,2.14,0.5544041450777203,0.21848153820839877,0.6229194085282501,0.2834766768190512,0.0,0.0,0.6813153625670986,0.640482614336557,2.481719829638962e-09,41,34,False,False,False,82b49351c41cd73b1e3e0e267c482df7b5f6c24448d9e6a91a5082800fc9faac,1c59cd508d386c15b377d2f38e544869ddf0c61bfe78da49b361d0558259e83e,1.73,2.15,True,2024-10-15T15:43:00+00:00,2024-10-15T15:43:00+00:00
te:2747851,2024-10-18,2024,2024-10-18,walton,mccabe-b71c6,2024-10-18T02:45:00+00:00,2024-10-16T17:59:00+00:00,,,,1.63,2.35,0.5904522613065327,0.3658353133373969,0.6458868835895204,0.23517267233519062,0.95,0.35,0.8062077773906836,0.7419598050434747,7.412752425772773e-08,195,180,False,False,False,45cd8d2d0fb7dacbce0e50c778f19436eabc2132fb0b9f596162d4fbe0f231ed,af732274dcd4de0e5698b18fd34a6694d59bab898ac863eb7204426794751c13,1.65,2.33,True,2024-10-17T11:51:00+00:00,2024-10-17T19:11:00+00:00
te:2748263,2024-10-18,2024,2024-10-18,ficovich,burruchaga,2024-10-18T13:10:00+00:00,2024-10-16T17:58:00+00:00,1.0,2024-10-20T22:00:00+00:00,2024-10-18,1.95,1.9,0.49350649350649356,-0.025975486403260445,0.6103188399290733,0.4746281289475828,0.9833333333333333,0.9833333333333333,0.6355509455964173,0.7020349446212348,2.070601656800619e-08,165,195,False,False,False,8d3a58ba626e845d0f5ffab6ac28a011dfbd5a56b8f513f64c7ca4d8394f9dbe,0e89d7d61a9aad0bee7518949a90cec25ba73c645cea476e547af189c2bb5b14,2.02,1.85,True,2024-10-18T00:48:00+00:00,2024-10-18T00:48:00+00:00
te:2748451,2024-10-18,2024,2024-10-18,cassone,galarneau-32e1f,2024-10-18T16:10:00+00:00,2024-10-17T15:59:00+00:00,1.0,2024-10-20T22:00:00+00:00,2024-10-18,1.77,2.12,0.544987146529563,0.18043654209818355,0.6279443676378745,0.3429716414297916,1.1,0.0,0.6699229886145053,0.716796790036468,1.7981727218341348e-12,94,112,False,False,False,c8da88753ae59f5f183ad64d433cbebe7ae519cf862b30852ea57c369a507418,b1ff2aeb03d3749ec435803aa837b4c9a2714391ee78c7ad6f8043f6aef1aacb,1.76,2.15,True,2024-10-18T09:58:00+00:00,2024-10-18T09:58:00+00:00
te:2748809,2024-10-18,2024,2024-10-18,cornut-chauvinc-d3371,edmund,2024-10-18T18:20:00+00:00,2024-10-17T22:35:00+00:00,1.0,2024-10-20T22:00:00+00:00,2024-10-18,1.78,2.09,0.5400516795865633,0.16055070167272584,0.6137840046122772,0.30269559405955154,1.5333333333333334,0.8,0.584121056609518,0.6239135896503075,2.657391098837003e-08,44,151,False,False,False,da8a9297d9a98ad0a5b1b6b31ee1fd8c73aaad0fddaae5c98b84a9486f217532,764ea11b48021aad075b444ea9af2c97acdc3baef4cfff99bb4595dd120cb493,1.79,2.11,True,2024-10-18T16:10:00+00:00,2024-10-18T15:12:00+00:00
te:2749765,2024-10-22,2024,2024-10-22,fonseca-57dc1,majchrzak-905d8,2024-10-22T14:50:00+00:00,2024-10-20T13:00:00+00:00,1.0,2024-10-24T22:00:00+00:00,2024-10-22,1.67,2.22,0.570694087403599,0.28468356945552425,0.6125939148209334,0.17354523293830226,0.5166666666666667,0.5166666666666667,0.608509121571219,0.6607413101694063,1.0438000463963704e-10,115,193,False,False,False,25ec9908c0426e65b3188718a401dc85008a0e40bdb985968b9ac71fa346a476,03e4bf60f0db303dd11c16083232ad6bf9a8a209d4f31e5c4d8c2509307283fe,1.73,2.15,True,2024-10-22T14:24:00+00:00,2024-10-22T14:02:00+00:00
te:2749881,2024-10-22,2024,2024-10-22,meligeni-rodrigues-alves,sakamoto-b1d5b,2024-10-22T20:05:00+00:00,2024-10-20T18:50:00+00:00,0.0,2024-10-24T22:00:00+00:00,2024-10-22,1.98,1.84,0.48167539267015713,-0.07333127308554936,0.5707900123701578,0.3584063801099692,1.05,0.5833333333333334,0.7098621447147191,0.6007204097532273,1.7898105497682337e-09,149,161,False,False,False,ec29d89f8f02bfd7dbbfe6ddffdb56ce8290173fbad1dfbf40b296653a761eb8,92dc75eb9a306ea8965d83833ee2533a40d72acbb723c48ae861e07c61307914,1.85,2.0,True,2024-10-22T14:27:00+00:00,2024-10-22T19:47:00+00:00
te:2749883,2024-10-22,2024,2024-10-22,ficovich,rodriguez-taverna,2024-10-22T17:35:00+00:00,2024-10-20T17:49:00+00:00,0.0,2024-10-24T22:00:00+00:00,2024-10-22,1.7,2.17,0.5607235142118864,0.24409891649019808,0.6387559779269504,0.3258698923786174,1.7,0.06666666666666667,0.7171226163152397,0.6894189841598914,1.4894366295870043e-09,168,182,False,False,False,280ec1f3cf4d977a7cd073433c79e48a66f29b2746b62d6f1c7e2f9340cf8673,2d789e0a3372049543463d6206e3a0e2688ba37ca58bcfd1e359599954f7a6ea,1.74,2.13,True,2024-10-20T19:52:00+00:00,2024-10-21T11:54:00+00:00
te:2752807,2024-10-22,2024,2024-10-22,heide-17a3d,luz-2f442,2024-10-22T15:00:00+00:00,2024-10-22T07:06:00+00:00,0.0,2024-10-24T22:00:00+00:00,2024-10-22,1.89,1.93,0.5052356020942408,0.020943173845242972,0.5899464582862844,0.3428008695513695,0.5,0.5,0.7628814089777964,0.6623858961416157,6.154396436919285e-11,152,126,False,False,False,15174b77c99b028d21170b859975113e501255ca1e2e758c5657b903c8184024,28575eff9dec074046e561c2dc2f69da3963eca8f73f9bfb89da56b97509ec79,1.92,1.92,True,2024-10-22T13:13:00+00:00,2024-10-22T13:38:00+00:00
te:2753687,2024-10-25,2024,2024-10-25,burruchaga,habib,2024-10-25T16:35:00+00:00,2024-10-23T12:55:00+00:00,0.0,2024-10-27T22:00:00+00:00,2024-10-25,2.01,1.82,0.47519582245430814,-0.09929822098228022,0.5589847302715353,0.3363408775311666,0.65,0.65,0.7254012045045827,0.6044311958447561,7.382718325565918e-10,198,193,False,False,False,a8bba51cb9163534262488ce47cc8b410b70aa8ae3ef97477f5dfef1abfe86f1,3a2dcf4c018effb56e7d07efb013ec41a44c60672c434c984671431ee18922cf,2.09,1.78,True,2024-10-24T19:14:00+00:00,2024-10-24T16:30:00+00:00
te:2753759,2024-10-25,2024,2024-10-25,imamura-da963,schoolkate,2024-10-25T03:00:00+00:00,2024-10-24T12:36:00+00:00,1.0,2024-10-27T22:00:00+00:00,2024-10-25,2.05,1.81,0.4689119170984456,-0.12451294787258244,0.5814855267099314,0.4533875568834677,0.31666666666666665,0.31666666666666665,0.7022883381304829,0.8194691266162997,1.1205136818404071e-10,172,169,False,False,False,e4871af907c0815ae086b0315ee7bb9bbf34be67f5dc7567704d37d4f24e776e,476193634ea61662d8a47f4bbe1ebed1dbf4012cdcbde599d742042d2d006596,2.17,1.75,True,2024-10-24T23:04:00+00:00,2024-10-24T23:04:00+00:00
te:2754939,2024-10-25,2024,2024-10-25,cerundolo-08df6,guillen-meza,2024-10-25T18:05:00+00:00,2024-10-25T06:18:00+00:00,0.0,2024-10-27T22:00:00+00:00,2024-10-25,1.96,1.89,0.49090909090909085,-0.03636764417087508,0.5943184980691388,0.4182146381344821,1.5166666666666666,0.8166666666666667,0.6285430211253874,0.5551556922160567,1.2894241591121514e-08,149,178,False,False,False,bfa1272ecc49ce7ff5b88951f1c3bea48c90e50a224604b5dfc84a29153eb602,06811b50684b3fe18210ed9e0de2c7a062ae7579c2f72e96f101e27b0630abc7,1.98,1.88,True,2024-10-25T15:04:00+00:00,2024-10-25T17:20:00+00:00
te:2755497,2024-10-29,2024,2024-10-29,rai-9244b,bolt-fa7eb,2024-10-29T05:25:00+00:00,2024-10-28T11:01:00+00:00,1.0,2024-10-31T23:00:00+00:00,2024-10-29,1.87,1.94,0.5091863517060368,0.03674954220874159,0.5931877714631467,0.34040972927715135,0.4166666666666667,0.4166666666666667,0.7102190339537856,0.8195508934763394,3.339384324618777e-11,146,148,False,False,False,b1e12547fe2913e1b37dfdf016618ab788615344729579b1930af3154b8c2b85,21b26c69d19413bb4db52f2eb1384b1568b49eefadf067e8c3a1ac10ca49cfdd,1.88,1.96,True,2024-10-29T04:58:00+00:00,2024-10-29T04:58:00+00:00
te:2755507,2024-10-29,2024,2024-10-29,polmans,winter-e2184,2024-10-28T23:05:00+00:00,2024-10-28T10:52:00+00:00,0.0,2024-10-31T23:00:00+00:00,2024-10-29,2.02,1.81,0.47258485639686687,-0.10977066613537889,0.5692503329087308,0.38856385334956345,1.85,1.0166666666666666,0.6725468177154535,0.5659555239562961,1.8834137027745612e-10,149,93,False,False,False,790fc2a140f04286e8dd3f84baa3cde34172b92735b48ac8affeeec8308aa3f5,feb1ec6549f96830f08c3ea53e77df7d2e29ded1530722ad273d57798776ada1,2.0,1.84,True,2024-10-28T20:13:00+00:00,2024-10-28T20:13:00+00:00
te:2756605,2024-10-29,2024,2024-10-29,kypson,tomic-4ca3d,2024-10-28T23:20:00+00:00,2024-10-27T16:19:00+00:00,0.0,2024-10-31T23:00:00+00:00,2024-10-29,1.6,2.36,0.595959595959596,0.38865798979178345,0.6529619509320291,0.24342644426074633,0.8666666666666667,0.8666666666666667,0.8132430838711857,0.7522698660159183,3.808064974464287e-14,124,178,False,False,False,5622d1fd9231dbede89f1aeaf54e88423dcd73e1841e5aa721d0483d62b5ec5d,e06993d86ed7baf8c85c2a1371d47930fe05d37aa1f562f5cf389902c4a449dc,1.7,2.2,True,2024-10-28T10:23:00+00:00,2024-10-28T10:23:00+00:00
te:2757545,2024-10-29,2024,2024-10-29,moriya,den-ouden,2024-10-29T06:00:00+00:00,2024-10-28T10:49:00+00:00,1.0,2024-10-31T23:00:00+00:00,2024-10-29,1.96,1.86,0.486910994764398,-0.0523679855173157,0.5816904570726709,0.382084739276584,0.23333333333333334,0.23333333333333334,0.5956904995356993,0.6922789279834727,5.0068023060845235e-09,153,163,False,False,False,97afe2e28de5e25c49ccea8f500038b1532f29367bcc48fe197f4d37cc96b6b8,9807551ed68969cbe5ddf8133e8ef20edab32c74aec4dba7dcf25573a155cff0,2.0,1.85,True,2024-10-29T02:33:00+00:00,2024-10-29T05:00:00+00:00
te:2758477,2024-10-29,2024,2024-10-29,galarneau-32e1f,nakagawa-7463c,2024-10-29T18:55:00+00:00,2024-10-29T10:06:00+00:00,0.0,2024-10-31T23:00:00+00:00,2024-10-29,1.97,1.85,0.48429319371727747,-0.06284790365966375,0.5995637453094669,0.4664956137437922,0.8166666666666667,0.8166666666666667,0.8162723559456662,0.7120684968875018,2.563729784021973e-11,124,94,False,False,False,2f2a346a21d474bcf66ad218928bf043ece80bd3ad163eac4bab76db99d7c70c,4ea005cbe430b2951068ad670d1901d55363f3ad966b200b12acbfe0f660668d,1.93,1.9,True,2024-10-29T16:41:00+00:00,2024-10-29T17:45:00+00:00
te:2759553,2024-11-01,2024,2024-11-01,coulibaly-f4551,hemery,2024-11-01T10:45:00+00:00,2024-10-31T20:35:00+00:00,0.0,2024-11-03T23:00:00+00:00,2024-11-01,2.03,1.83,0.47409326424870474,-0.1037198262003661,0.5741378486530195,0.402473642619257,0.26666666666666666,0.26666666666666666,0.6019188154543903,0.7077644618567545,1.3109820173884401e-09,172,172,False,False,False,7cb8da188c197ee833e20e1b82808e918e5dc4b3378805749dedf477ea75039a,773eb0447d559cc6d4f3d9d4198a239b04428759bba0d82309fe97d5d586b69c,2.13,1.77,True,2024-11-01T08:22:00+00:00,2024-11-01T09:16:00+00:00
te:2759971,2024-11-01,2024,2024-11-01,escoffier,tu-41622,2024-11-01T06:30:00+00:00,2024-10-31T09:15:00+00:00,0.0,2024-11-03T23:00:00+00:00,2024-11-01,1.81,2.06,0.5322997416020672,0.12937913752375527,0.628110645175055,0.39474082324506965,0.6,0.6,0.6648761462913081,0.7074834955702368,5.980327344445868e-12,185,149,False,False,False,24478835863cd6b3b669d6075d9470bec3be2fc6a3f0cc43a6593ea745827d58,b234548272837d49e32142ada3dd4e8945f0361ae1ef24d810458ff90f7c9b19,1.84,2.04,True,2024-11-01T05:20:00+00:00,2024-11-01T05:20:00+00:00
te:2760107,2024-11-01,2024,2024-11-01,rodriguez-taverna,denolly,2024-11-01T12:40:00+00:00,2024-10-31T18:49:00+00:00,1.0,2024-11-03T23:00:00+00:00,2024-11-01,1.79,2.08,0.537467700258398,0.1501522738605631,0.6029725168987717,0.26771383929929393,0.0,0.0,0.6425808346446439,0.5793205522349356,1.7253164399932963e-07,175,199,False,False,False,04c4901aaa55bc2ac0b67dda08f0e9e4ec0894abbfd3017a998eec2eb78d1d2b,9cd3e059a37e037e8543d7520b32cda1c03ffee73153917a3cc00a2e25448880,1.85,2.02,True,2024-11-01T11:58:00+00:00,2024-11-01T11:58:00+00:00
te:2760125,2024-11-01,2024,2024-11-01,collignon,diallo-dd116,2024-11-01T20:55:00+00:00,2024-11-01T09:08:00+00:00,1.0,2024-11-03T23:00:00+00:00,2024-11-01,1.61,2.39,0.5975,0.3950591869470478,0.6296344151213219,0.13558958548408817,1.4333333333333333,0.8,0.7225196150127015,0.7982338383771562,2.1649348980190553e-14,199,187,False,False,False,7ceac76ea12d6d612f502c8698200d795771cbb506d533d9f37eb90c5f567674,674040ffd696927f19784db6411c7de20fd74e9909218739ae7938933dc90eb6,1.72,2.21,True,2024-11-01T20:06:00+00:00,2024-11-01T20:06:00+00:00
te:2760225,2024-11-01,2024,2024-11-01,nishikori,lestienne,2024-11-01T15:10:00+00:00,2024-10-31T18:36:00+00:00,1.0,2024-11-03T23:00:00+00:00,2024-11-01,1.83,2.03,0.5259067357512953,0.10371982620036632,0.6000873813518935,0.30210938413460375,0.5666666666666667,0.5666666666666667,0.6801106617624828,0.6057954023701051,3.570311268852322e-10,54,133,False,False,False,8580bd6d1eb35dd1073ccdd158d51895f34e12c28188e1e27e6708b2376f6708,85a464dbee0cf2eea9118474cedffd8e47859ac6fb3542cc0af4d4236b51aeb5,1.87,2.0,True,2024-11-01T11:31:00+00:00,2024-11-01T11:31:00+00:00
te:2761951,2024-11-05,2024,2024-11-05,holt-669c7,walton,2024-11-05T00:05:00+00:00,2024-11-03T18:22:00+00:00,0.0,2024-11-07T23:00:00+00:00,2024-11-05,1.66,2.25,0.5754475703324808,0.304112613847877,0.6508405730526706,0.3186234742709937,1.0166666666666666,0.2833333333333333,0.7215262519723196,0.7385302009586318,9.587604127281324e-09,168,206,False,False,False,4760e0e438699b9d32d7d537ed88adc4c6b214da87639ceaee2c704b0762b7e2,0007fcb213c89f8014de1114c612b1e0f35d282dd4ab5ba1db7aae5964b9fd74,1.67,2.26,True,2024-11-04T12:25:00+00:00,2024-11-04T19:58:00+00:00
te:2761955,2024-11-05,2024,2024-11-05,basavareddy,smith-4a480,2024-11-05T18:00:00+00:00,2024-11-03T18:28:00+00:00,0.0,2024-11-07T23:00:00+00:00,2024-11-05,1.95,1.87,0.4895287958115184,-0.041890941709159774,0.5922609640066074,0.4152109449421052,1.7666666666666666,0.6666666666666666,0.5709440512574652,0.5000000000000001,0.0014923894757739448,113,100,False,False,False,ed4c5e3fdb27d9f769ca04fafef4001a39130be34c6882414c39af097d2db61b,b2ef29b4907d9c6a1c1901a49e497ebc191615b5571260298ce019ecad4553db,1.92,1.92,True,2024-11-05T15:00:00+00:00,2024-11-05T15:00:00+00:00
te:2761959,2024-11-05,2024,2024-11-05,monday,mejia-a7d27,2024-11-05T22:45:00+00:00,2024-11-03T18:29:00+00:00,1.0,2024-11-07T23:00:00+00:00,2024-11-05,1.81,2.02,0.5274151436031332,0.10977066613537934,0.5748615401131978,0.19194364202592296,1.1,0.5666666666666667,0.5948902863991204,0.5000000000000001,0.003492913788064364,91,173,False,False,False,c0c3aa0609f2b52f8f438f407f8895ebda01733c81a8b07f75486d891ffe3d86,a91e5d965884fbcefcaad6663cfd1c086e5af9fb119490e3f637938f7cb5e69e,1.85,1.98,True,2024-11-05T22:09:00+00:00,2024-11-05T10:42:00+00:00
te:2762863,2024-11-05,2024,2024-11-05,isomura-6342d,rodionov-f5e38,2024-11-05T02:35:00+00:00,2024-11-04T11:48:00+00:00,0.0,2024-11-07T23:00:00+00:00,2024-11-05,2.08,1.77,0.4597402597402597,-0.1613883471274889,0.5917981684185823,0.5327922548193696,1.6333333333333333,1.0666666666666667,0.6835878222957738,0.7873420626096637,1.2576021585219976e-08,151,147,False,False,False,df28868eaeed6609a824684c42b100a7d1d1327b0ff7938ba2d99bd076fcb45f,231242a4adac4a9fe6b862beaa5a18ca178b6ab7efbf986db9e794745ae9b02c,2.15,1.73,True,2024-11-05T01:51:00+00:00,2024-11-05T01:51:00+00:00
te:2763675,2024-11-05,2024,2024-11-05,pellegrino-fd654,gautier,2024-11-05T11:05:00+00:00,2024-11-04T23:25:00+00:00,0.0,2024-11-07T23:00:00+00:00,2024-11-05,1.74,2.12,0.5492227979274612,0.1975309754574837,0.6126341648077879,0.26086743047946626,0.0,0.0,0.5000000000000001,0.5217868564331727,0.004533314076013803,135,137,False,False,False,7c92cc9f046a23c1eb0bc14345f8da1198597c035ea33a333a4032d302af6b67,0cd3d4808d74d5cac2a91a23c593eaf6b1d808ab02097f3892b0375d7bc6e497,1.76,2.11,True,2024-11-05T09:29:00+00:00,2024-11-05T09:29:00+00:00
te:2763781,2024-11-05,2024,2024-11-05,galan-e4b30,erhard,2024-11-05T15:40:00+00:00,2024-11-05T09:19:00+00:00,0.0,2024-11-07T23:00:00+00:00,2024-11-05,1.75,2.1,0.5454545454545455,0.1823215567939549,0.618729959317272,0.301839475316944,0.5,0.5,0.7540739728485658,0.6824575890366398,2.9631396752938244e-08,164,193,False,False,False,17cc26afeaf372ad6bab1ea991676ec64507571d2134718e34b132fdd539cd06,eedf1a17ebd0523923c277863ec688dc16a46f909a40d42d0e7a546ecf5a2ba4,1.72,2.15,True,2024-11-05T12:48:00+00:00,2024-11-05T12:48:00+00:00
te:2763785,2024-11-05,2024,2024-11-05,vallejo-d7859,roncadelli,2024-11-05T17:35:00+00:00,2024-11-05T09:19:00+00:00,1.0,2024-11-07T23:00:00+00:00,2024-11-05,2.15,1.71,0.4430051813471503,-0.2289744716250029,0.5846134356317606,0.5707157395671186,0.23333333333333334,0.23333333333333334,0.5822763124333926,0.5000000000000001,0.012223487143185052,154,188,False,False,False,1ad2b032b8e940208527a907462338616da61885c950b7efc2444d2b0c21b357,8fcbefe085a9f950aa020a7cf1ab4bcd3547964888f3f80c6a3f5e368aef61db,2.19,1.7,True,2024-11-05T16:08:00+00:00,2024-11-05T16:08:00+00:00
te:2764569,2024-11-08,2024,2024-11-08,bolt-fa7eb,atmane,2024-11-08T02:50:00+00:00,2024-11-07T09:19:00+00:00,1.0,2024-11-10T23:00:00+00:00,2024-11-08,1.67,2.27,0.5761421319796954,0.3069562050646476,0.6527993958402292,0.3244109502187894,0.25,0.25,0.757793304760075,0.8239723670440026,3.310685059432217e-13,151,174,False,False,False,e9891662c0f0fe759939ad2b745a4312a44d140bdc6b6de5192e59309ecf7c19,a5902bbb5048e8b8fb7cfdc993afaf1b361a4e788437bc43e9b4cef2727f4f68,1.66,2.32,True,2024-11-07T23:31:00+00:00,2024-11-07T20:26:00+00:00
te:2765131,2024-11-08,2024,2024-11-08,cerundolo-08df6,ugo-carabelli,2024-11-08T22:05:00+00:00,2024-11-07T21:06:00+00:00,0.0,2024-11-10T23:00:00+00:00,2024-11-08,1.89,1.96,0.5090909090909091,0.03636764417087508,0.6191497760249344,0.4495733788328977,0.0,0.0,0.6029625856815143,0.632512321665857,4.3075321087826524e-11,155,183,False,False,False,e989c749ae2700117b872ceb5ab41a6cbf4e2c5e2220ad201067b146b5e72e64,1c98c4381ee0893f25439e8f9b919a2746ebfd99b22bf6afb9da4c8f2b3dfd3c,1.88,2.0,True,2024-11-08T15:07:00+00:00,2024-11-08T21:59:00+00:00
te:2765137,2024-11-08,2024,2024-11-08,basavareddy,lajal,2024-11-08T21:30:00+00:00,2024-11-07T17:41:00+00:00,1.0,2024-11-10T23:00:00+00:00,2024-11-08,1.79,2.08,0.537467700258398,0.1501522738605631,0.6084825031563909,0.2907856778545431,2.2333333333333334,0.6666666666666666,0.5373605147717603,0.5000000017225772,0.0002819492256829481,117,165,False,False,False,315b97415a843d16c442400995b80f8ddf2d652eea2ef547d448126bf2ccafc3,41f86ba3c67373c83b410d892cdd2364ae62f73d232438e2fd627b6860c69ec3,1.8,2.09,True,2024-11-08T11:31:00+00:00,2024-11-08T11:31:00+00:00
te:2765415,2024-11-08,2024,2024-11-08,yevseyev,virtanen-7d161,2024-11-08T15:20:00+00:00,2024-11-08T13:10:00+00:00,1.0,2024-11-10T23:00:00+00:00,2024-11-08,1.88,1.97,0.5116883116883117,0.04676176590803954,0.5847148148952381,0.29539698930826847,0.3,0.3,0.6768344753978692,0.7856935053608748,1.3594680936535042e-13,168,174,False,False,False,017630ab305d2d943e65bab3abc0a2cd318b4403f18fefcf26c6e190499539ea,5db6aa44e9cf716894cd4f4d0869d013d034195541799efeb2326c110119148a,2.05,1.82,True,2024-11-08T14:32:00+00:00,2024-11-08T14:32:00+00:00
te:2765417,2024-11-08,2024,2024-11-08,nardi-e2cda,choinski,2024-11-08T14:50:00+00:00,2024-11-07T19:08:00+00:00,0.0,2024-11-10T23:00:00+00:00,2024-11-08,1.72,2.18,0.558974358974359,0.237000585975636,0.6319131997181077,0.30343267583360434,0.0,0.0,0.664105795068441,0.6606870561016892,1.4126818326243296e-09,137,171,False,False,False,b8352f1c9f5de45f301c5a0f5ef94eac0954d3f3f8b9bcd695427311ac4402b6,5199de87e4791e472930a1c68b0910ca20ad247bb30e54a7ec959bd9cab64a37,1.73,2.19,True,2024-11-08T11:31:00+00:00,2024-11-08T11:31:00+00:00
te:2766019,2024-11-12,2024,2024-11-12,mccabe-b71c6,gigante-f720d,2024-11-12T02:10:00+00:00,2024-11-11T09:34:00+00:00,1.0,2024-11-14T23:00:00+00:00,2024-11-12,1.73,2.13,0.5518134715025906,0.208000571211646,0.6378168755884361,0.3579006896165791,1.4166666666666667,0.8833333333333333,0.6823937499735192,0.6968623927678589,7.984073679967452e-10,195,148,False,False,False,3e5a50db325623810ee421a849f6a0362cbd795947503ff21e28059521c32a22,20aca6a4e8310f188250af8b2dc15927a313ab830d5ea5979f43a48635b626eb,1.74,2.14,True,2024-11-11T22:31:00+00:00,2024-11-11T22:31:00+00:00
te:2766023,2024-11-12,2024,2024-11-12,watanuki-223ad,polmans,2024-11-12T04:35:00+00:00,2024-11-11T11:29:00+00:00,,,,2.09,1.76,0.4571428571428572,-0.17185025692665906,0.5280747446727225,0.2842674768058972,1.0333333333333334,1.0333333333333334,0.7209737908418773,0.5760680308145688,2.3330642973107274e-12,62,145,False,False,False,85da5bf096092365930af1e9d837449711101b3fc8d78c9ed8c998da4ad1a304,2017a508a8720f925604875ce620f4154e3ce7216436775586c14655aa2d9fd9,2.15,1.73,True,2024-11-12T04:29:00+00:00,2024-11-12T04:29:00+00:00
te:2767145,2024-11-12,2024,2024-11-12,kypson,kozlov,2024-11-12T21:05:00+00:00,2024-11-10T16:40:00+00:00,1.0,2024-11-14T23:00:00+00:00,2024-11-12,1.87,1.95,0.5104712041884817,0.041890941709160225,0.6316704097979484,0.49749865003846555,1.0333333333333334,1.0333333333333334,0.7657294897668694,0.7039820702212727,3.6147612680892394e-11,125,133,False,False,False,9dd6381c1812fd39402836251094deaa9c0f86613feb23fff70a76b2b88edbf3,882b28bdcc1f7aa67e292dfaa4ce6748e215e6c4fbd40a6ec8bc9cda17b4c13e,1.97,1.87,True,2024-11-12T12:51:00+00:00,2024-11-12T17:43:00+00:00
te:2767931,2024-11-12,2024,2024-11-12,uchiyama,den-ouden,2024-11-12T02:10:00+00:00,2024-11-11T10:05:00+00:00,1.0,2024-11-14T23:00:00+00:00,2024-11-12,1.72,2.14,0.5544041450777203,0.21848153820839877,0.6320198950158751,0.3224104607341294,0.95,0.11666666666666667,0.7454472242118483,0.6923091224378353,2.783271391137987e-09,143,152,False,False,False,e845eb268fbc037be95835d58670985ec8ca73b56331047534421560f836a48f,cc12ad225b3459293e935c4c3bbda0bcbd481e6c361fb4737bd833b8eb0dc2a3,1.76,2.11,True,2024-11-11T22:31:00+00:00,2024-11-11T22:31:00+00:00
te:2768401,2024-11-12,2024,2024-11-12,sachko,kukushkin,2024-11-12T15:50:00+00:00,2024-11-12T09:14:00+00:00,0.0,2024-11-14T23:00:00+00:00,2024-11-12,1.82,2.01,0.5248041775456919,0.09929822098228022,0.621695379135306,0.3974522612577468,0.31666666666666665,0.31666666666666665,0.6516840178962003,0.7026369605868262,4.037209455631796e-10,142,190,False,False,False,419b22ea77b6e2044d43f30870b5bf2f9b278ebc653fa75f2b959cce712a630d,d86e109031afe231cb8532bae39a2121888e2134d76ac973dc6bfc9eab195e69,1.86,1.95,True,2024-11-12T12:58:00+00:00,2024-11-12T15:02:00+00:00
te:2769135,2024-11-12,2024,2024-11-12,luz-2f442,rocha-0492a,2024-11-12T15:00:00+00:00,2024-11-12T10:19:00+00:00,1.0,2024-11-14T23:00:00+00:00,2024-11-12,1.88,1.93,0.5065616797900262,0.026248226074936154,0.6108037349520488,0.42444370832299716,1.75,1.05,0.6552280068700377,0.7279448960736581,2.3063773113563002e-10,125,184,False,False,False,1ab0925825a129704f3aa2dd999acb239aee896f897ef05d63c44187d6c55c8e,edb10d8447862dc13557b6e9855c424f7622ac5c87ed8000c49326d463651e4f,1.91,1.91,True,2024-11-12T14:26:00+00:00,2024-11-12T14:26:00+00:00
te:2769139,2024-11-12,2024,2024-11-12,midon,vallejo-d7859,2024-11-12T16:40:00+00:00,2024-11-12T11:33:00+00:00,0.0,2024-11-14T23:00:00+00:00,2024-11-12,1.9,1.92,0.5026178010471204,0.010471299867295303,0.6147533500075807,0.45686605210558634,0.6666666666666666,0.6666666666666666,0.5000000001474997,0.5024457458371223,0.011983554770577276,142,154,False,False,False,181bbc2263fffa901c6d463be49b9455010c47e28502a61a272458a936838d6b,3d51c14324e6a227fb07fa7b1caeb8b4803ea07dcfb6783ac85b4a1d8a1df681,1.89,1.94,True,2024-11-12T15:17:00+00:00,2024-11-12T15:17:00+00:00
te:2769721,2024-11-15,2024,2024-11-15,trotter,geerts,2024-11-14T23:40:00+00:00,2024-11-13T16:26:00+00:00,,,,1.66,2.24,0.5743589743589743,0.29965826349849645,0.6054413171842407,0.12853149689631077,1.95,0.5166666666666667,0.7339336415194274,0.6539427954446977,4.0088507513580396e-10,151,210,False,False,False,6e792d805f966767409817173e5ee7b602ae05f3af3005384df74a9eae77bca3,742e3cde40503adcf4b98367e5da820320ce4622b2e29ad33c2febe25ca171d5,1.69,2.21,True,2024-11-14T22:38:00+00:00,2024-11-14T22:38:00+00:00
te:2770063,2024-11-15,2024,2024-11-15,dellien,meligeni-rodrigues-alves,2024-11-15T16:05:00+00:00,2024-11-14T16:26:00+00:00,0.0,2024-11-17T23:00:00+00:00,2024-11-15,1.81,2.05,0.5310880829015544,0.12451294787258244,0.6090021358008387,0.3186067293290878,0.0,0.0,0.6148546595880219,0.5672721059723458,2.447425040408291e-10,178,143,False,False,False,e6871da83fd8368ae64fb1d83945e87da7f80212e6f8572a7e55bb6e5c773ead,143bd208ada48797a58cef6856cecc9fdeb742fba393156fedf4b6dfac246480,1.85,2.02,True,2024-11-15T12:38:00+00:00,2024-11-15T12:01:00+00:00
te:2770183,2024-11-15,2024,2024-11-15,ugo-carabelli,olivieri-ff875,2024-11-15T22:10:00+00:00,2024-11-14T16:28:00+00:00,0.0,2024-11-17T23:00:00+00:00,2024-11-15,2.06,1.81,0.4677002583979328,-0.1293791375237555,0.5701055427649114,0.41166091368754987,0.48333333333333334,0.48333333333333334,0.6608489844986601,0.556182228556216,3.7015170789578278e-09,185,143,False,False,False,7059b9628a7cf2910bd609c19793a29a3e0ef999dbf7f67c662fad0d109e0fd4,bd01b51c3bc665b39556f687c3d9dad45e75e5bd11c473751f352c85ff090362,2.2,1.73,True,2024-11-15T20:37:00+00:00,2024-11-15T20:37:00+00:00
te:2770271,2024-11-15,2024,2024-11-15,bellucci-47e7e,hassan-1d510,2024-11-15T03:35:00+00:00,2024-11-14T10:21:00+00:00,0.0,2024-11-17T23:00:00+00:00,2024-11-15,1.9,1.95,0.5064935064935064,0.025975486403260445,0.5979905700673009,0.3711239524168869,0.0,0.0,0.8148288693293393,0.7098423761556117,1.4408918502795132e-11,194,174,False,False,False,f1e41995049f211a2167bcd17ac811c1f16a5b808d8b82ed6f2eb55086b1b6e7,bc7abb256cd780b555aff039c589fc3087879ddd8e94db8573a56a72f31e40c1,2.05,1.83,True,2024-11-15T03:24:00+00:00,2024-11-15T03:24:00+00:00
te:2770503,2024-11-15,2024,2024-11-15,hemery,fonseca-57dc1,2024-11-15T13:45:00+00:00,2024-11-14T21:43:00+00:00,1.0,2024-11-17T23:00:00+00:00,2024-11-15,1.69,2.24,0.5699745547073791,0.2817473369319663,0.594535265965876,0.10099879713569848,0.65,0.05,0.6641546772889944,0.7602149016117483,3.449437957492307e-11,170,130,False,False,False,53a02968285ef480e88b056d51f7078a50998bbf157271ff72f50b27565f6e91,2a9557be8e7b21cd1ea633f5b8347ea6bf9d3325a64181db14ce6f95ffc7a035,1.79,2.1,True,2024-11-15T12:23:00+00:00,2024-11-15T12:23:00+00:00
te:2770531,2024-11-15,2024,2024-11-15,collignon,barrere-ea847,2024-11-15T15:40:00+00:00,2024-11-15T05:46:00+00:00,0.0,2024-11-17T23:00:00+00:00,2024-11-15,1.68,2.27,0.5746835443037974,0.3009860380781436,0.6239156556417788,0.20521571557907548,1.1,0.23333333333333334,0.6764479470872916,0.6395989471278711,2.0167368885992687e-09,211,134,False,False,False,c1bbf7e0b5164db23dcdf7ca653aefd0933e6ebca9b6bf81900792fda2705373,a23a84f39dae7040b74870bb4ec2de0e0b7b5dcf7dfad3b32e45f576829d8f0f,1.7,2.23,True,2024-11-15T15:29:00+00:00,2024-11-15T15:29:00+00:00
te:2771665,2024-11-19,2024,2024-11-19,butvilas,nagal,2024-11-19T18:40:00+00:00,2024-11-17T09:57:00+00:00,0.0,2024-11-21T23:00:00+00:00,2024-11-19,2.0,1.83,0.47780678851174935,-0.08883121370661573,0.6049329219163868,0.5148932243082436,0.31666666666666665,0.31666666666666665,0.5983542680005548,0.6627769729101758,2.471735954800991e-09,187,149,False,False,False,e1397234dae436213dee2d36cbf878b9eb9e103affe7d612b775f413a49d52aa,ff6760e0969d7e16cd6ce10cb2d0a3b0d50acb9ba52f6a6e07cf29e6929444d3,1.96,1.88,True,2024-11-19T16:46:00+00:00,2024-11-18T03:58:00+00:00
te:2772507,2024-11-19,2024,2024-11-19,kicker,clarke-60a59,2024-11-19T13:10:00+00:00,2024-11-17T17:44:00+00:00,1.0,2024-11-21T23:00:00+00:00,2024-11-19,1.93,1.88,0.4934383202099738,-0.026248226074936154,0.5983787336003018,0.42496259217612586,0.8166666666666667,0.8166666666666667,0.5700519816771449,0.6393969848015938,1.116799985823036e-10,56,213,False,False,False,3318bbbdff55b15717ec31d0ba9d8d3e8e427285d0d60d089714809ecdb6b265,b81e716df2c92bc314004a6bbe3a314c7dc404041b2d1d5ca86f48003d24f714,1.98,1.85,True,2024-11-19T10:40:00+00:00,2024-11-19T12:55:00+00:00
te:2773709,2024-11-19,2024,2024-11-19,lestienne,negritu,2024-11-19T01:10:00+00:00,2024-11-18T13:03:00+00:00,1.0,2024-11-21T23:00:00+00:00,2024-11-19,1.95,1.87,0.4895287958115184,-0.041890941709159774,0.588759405335557,0.40073013030322757,0.6166666666666667,0.6166666666666667,0.7615943262888756,0.6603424917336973,1.146356620740363e-10,135,178,False,False,False,1016234aeec126ebf808e9fe40045b142346c036d048a4bbb1431cfb6f8de206,7f526ebe93f6e96694b6c2e7bef86f29a92a7045f5a13dfcb485d492884f4d7c,1.96,1.88,True,2024-11-19T00:14:00+00:00,2024-11-19T00:14:00+00:00
te:2773751,2024-11-22,2024,2024-11-22,shimizu-38ca9,imamura-da963,2024-11-22T05:00:00+00:00,2024-11-20T09:09:00+00:00,1.0,2024-11-24T23:00:00+00:00,2024-11-22,1.93,1.89,0.4947643979057591,-0.02094317384524342,0.6147555888848261,0.48828997928221124,0.0,0.0,0.7361534982037933,0.6655807529305393,1.113439895839008e-11,138,193,False,False,False,ca9adb5a7f830c2e48f721ee7c592a44f8344cd1b287fa83c6319a47e9ea5831,13f3d6482c841116ecc59f9f0e8e4369da7eccfa16e2eb3a853a6de36cb9f454,2.0,1.85,True,2024-11-22T00:22:00+00:00,2024-11-22T00:22:00+00:00
te:2773805,2024-11-19,2024,2024-11-19,martin-tiffon,damas,2024-11-19T12:40:00+00:00,2024-11-18T17:18:00+00:00,0.0,2024-11-21T23:00:00+00:00,2024-11-19,2.07,1.77,0.4609375,-0.15656906069153992,0.5625080451433548,0.40791618041541644,2.1166666666666667,0.15,0.6657009042703084,0.5532579568237668,6.864666002304176e-09,228,173,False,False,False,be9df4d9f90ce3a07c7781775b08f878019d7b96218a3e6228b88d995fb6d47c,678f7dd9bcda1cc1e90d02e86911154a8443f1706b4bff9c2bad97cbf73eaead,2.0,1.84,True,2024-11-19T11:00:00+00:00,2024-11-19T11:00:00+00:00
te:2775075,2024-11-22,2024,2024-11-22,lestienne,basilashvili,2024-11-22T06:00:00+00:00,2024-11-19T10:30:00+00:00,,,,1.78,2.07,0.5376623376623377,0.1509352429732842,0.6193945180597248,0.3360438159478889,0.6166666666666667,0.6166666666666667,0.5937981838687133,0.5854142295832345,2.998508386031773e-10,135,199,False,False,False,0d9c038f4701da483fbfeaa889543debcddda786053b5022bd01de8be180155f,1be0aaddc87adb15fd9932e6a577ccb7f9ee51d16a3001dd6414e9693b29cb6c,1.85,1.99,True,2024-11-22T05:56:00+00:00,2024-11-22T05:56:00+00:00
te:2775081,2024-11-22,2024,2024-11-22,tu-41622,sekulic-13abc,2024-11-22T02:10:00+00:00,2024-11-19T10:40:00+00:00,1.0,2024-11-24T23:00:00+00:00,2024-11-22,1.75,2.11,0.5466321243523315,0.18707215955255221,0.6223767477914925,0.3125764423494738,0.43333333333333335,0.43333333333333335,0.6964335542404361,0.6488144850210191,6.549306652559039e-10,157,141,False,False,False,13f92cbb2ad5d2717bf77ad2436ef683e256960aa5384118f4fc7ce690002f88,9b10b00cab50e1eee57dfd04f32dbf952eb057ec4a5c16560c3972f39c660f03,1.95,1.88,True,2024-11-21T16:00:00+00:00,2024-11-21T16:00:00+00:00
te:2775365,2024-11-22,2024,2024-11-22,zakharov-faf08,wu-f664e,2024-11-22T04:15:00+00:00,2024-11-19T10:35:00+00:00,1.0,2024-11-24T23:00:00+00:00,2024-11-22,1.8,2.03,0.5300261096605744,0.12024912815157689,0.6112284716925263,0.33222985163932095,0.5333333333333333,0.5333333333333333,0.6494221434086648,0.7193689959695895,1.044755698620392e-09,159,136,False,False,False,3ae3535c3373b552e7d37f235a08b7adb42e88d0d00709895b1a2d0ed39c97f6,274c7290a2c0d94b8b74414cae87fe33c9adbe54d6ba6d1a63c9cf85717eabc7,1.77,2.09,True,2024-11-22T04:09:00+00:00,2024-11-22T04:09:00+00:00
te:2776531,2024-11-22,2024,2024-11-22,landaluce-84126,blancaneaux,2024-11-22T12:10:00+00:00,2024-11-21T10:55:00+00:00,1.0,2024-11-24T23:00:00+00:00,2024-11-22,1.91,1.94,0.5038961038961038,0.015584731016698041,0.5793394859858028,0.30447777794344727,0.8333333333333334,0.8333333333333334,0.693799377369363,0.5946747813521034,6.498146853939346e-09,149,137,False,False,False,e9ab90a27da66d432e85fa9f7aad56399ce12b0b40d62f38e51fb1f9700775c1,1553225396eb738144cfaff20972a24dee2ff52df91173e33c37b2590ae15cfb,1.96,1.91,True,2024-11-22T11:03:00+00:00,2024-11-22T11:03:00+00:00
te:2777035,2024-11-22,2024,2024-11-22,maestrelli,prizmic,2024-11-22T18:40:00+00:00,2024-11-21T21:39:00+00:00,1.0,2024-11-24T23:00:00+00:00,2024-11-22,1.88,1.97,0.5116883116883117,0.04676176590803954,0.5749355142293108,0.25525523079415696,0.36666666666666664,0.36666666666666664,0.5656478343231391,0.6659329712236273,2.2685930911592322e-10,158,87,False,False,False,00e20a6a78136cd008793f3aa1c0fc0cbc7c12426eb13fe6e94c913346736f49,d7aa47341c175f58c58acad50db1c3ae19708cf23b6691dc5994abe951cac30a,1.95,1.92,True,2024-11-22T15:03:00+00:00,2024-11-22T15:03:00+00:00
te:2777071,2024-11-22,2024,2024-11-22,nardi-e2cda,prihodko,2024-11-22T14:35:00+00:00,2024-11-21T21:36:00+00:00,0.0,2024-11-24T23:00:00+00:00,2024-11-22,1.93,1.92,0.49870129870129865,-0.0051948168771042275,0.5455532900383565,0.18791465070777308,0.7333333333333333,0.7333333333333333,0.7607464143785596,0.6260621314587242,1.4318268792834488e-12,130,218,False,False,False,82b7482f3417e54c39c0ab6a27a4f92570fd6ffd10ba4a4856749f8f3d197a4f,e015cb52a2d97a051fe852d2a67a806467aa3d59cf2423797774bb753159110f,1.79,2.1,True,2024-11-22T14:28:00+00:00,2024-11-22T14:28:00+00:00
te:2777115,2024-11-22,2024,2024-11-22,barrios-vera,johns-b2ed0,2024-11-22T18:15:00+00:00,2024-11-22T12:40:00+00:00,0.0,2024-11-24T23:00:00+00:00,2024-11-22,1.78,2.1,0.5412371134020618,0.16532398042538338,0.5985722995486976,0.23419589495185783,1.4666666666666666,0.26666666666666666,0.7296302065219502,0.6436099213350064,5.206427372561606e-09,148,104,False,False,False,69f2654bb18d6b6976a5aef07f7889bbddec68d5949a15711e258eb703c66091,1e84aa78a28ad0019d3a20e4a7cbb32163510424844ec1f61c85f01c61db046d,1.71,2.19,True,2024-11-22T18:07:00+00:00,2024-11-22T18:07:00+00:00
te:2777965,2024-11-26,2024,2024-11-26,moro-canas,shelbayh,2024-11-26T10:40:00+00:00,2024-11-24T18:38:00+00:00,0.0,2024-11-28T23:00:00+00:00,2024-11-26,1.85,1.97,0.5157068062827225,0.06284790365966353,0.6351415193440145,0.4914903813431324,0.7666666666666667,0.16666666666666666,0.7380638762299133,0.692507569717754,2.486425565439987e-09,153,170,False,False,False,943f36f21da944e4ff49eed8aa393a3a8094b4ec480b3c1dfb7f8073b210efc9,462cc0d0f9d01c6d12254d4f3810b2fdca2cf2a5126757e7bd148ba3423f5df5,1.81,2.05,True,2024-11-26T08:07:00+00:00,2024-11-26T10:26:00+00:00
te:2778361,2024-11-26,2024,2024-11-26,habib,villanueva-55ff0,2024-11-26T18:30:00+00:00,2024-11-24T15:32:00+00:00,0.0,2024-11-28T23:00:00+00:00,2024-11-26,1.68,2.2,0.5670103092783505,0.26966356694910254,0.6158546589847701,0.20232645233412405,2.316666666666667,0.18333333333333332,0.717818599016246,0.6539099315329874,3.4121758196725693e-10,186,186,False,False,False,c4c9d1785c6b2b32b7983bf82b26af02fc57c36c1379808dffbc5412adbb83eb,2c1ec7477359f108fcf1e3ef7b11e8f99baa225fb8409f6b1ae29d3decc7683d,1.9,1.93,True,2024-11-25T19:16:00+00:00,2024-11-25T19:16:00+00:00
te:2778655,2024-11-26,2024,2024-11-26,dougaz,smith-8b3b8,2024-11-25T23:15:00+00:00,2024-11-24T17:52:00+00:00,0.0,2024-11-28T23:00:00+00:00,2024-11-26,1.6,2.38,0.5979899497487436,0.3970968584376474,0.612674613585464,0.06147199522630986,1.15,0.18333333333333332,0.661177703824707,0.6089607094132158,9.128822697768157e-11,202,142,False,False,False,0286e6bccd94bf7130ca08f58f582f987c02cec3ca7b2eca85204dfcee71f0f4,b16add2e269c0b5132948a8c240c4262f12af1da86c94087a83b5affb49e682b,1.61,2.37,True,2024-11-25T17:31:00+00:00,2024-11-25T17:31:00+00:00
te:2780075,2024-11-26,2024,2024-11-26,gaubas,butvilas,2024-11-26T12:55:00+00:00,2024-11-26T05:17:00+00:00,1.0,2024-11-28T23:00:00+00:00,2024-11-26,1.81,2.03,0.5286458333333333,0.11470894777596129,0.6134693464298895,0.34721017451464875,0.9666666666666667,0.9666666666666667,0.5170245393816104,0.5000000000000001,0.0054779612365264685,195,191,False,False,False,2afa60de32d27c0bbdafc2f77168cd919e4d73b12983fffd80c110b46f3af20d,23ffdfd9aff7b6b91853c956bb1a2827bc246b442c9b8d7cbe1e9a333e502f84,1.88,1.95,True,2024-11-26T11:14:00+00:00,2024-11-26T11:49:00+00:00
te:2780641,2024-11-26,2024,2024-11-26,kodat,brady-beba3,2024-11-26T18:10:00+00:00,2024-11-26T08:39:00+00:00,0.0,2024-11-28T23:00:00+00:00,2024-11-26,1.91,1.91,0.5,0.0,0.587297329677087,0.3528038086292627,1.55,0.4166666666666667,0.5784756195781026,0.5000000000000001,0.01785576120310034,189,75,False,False,False,175aadcb26ece4a4c9e0e656d28b14bc39dc57d6ddc62ba37913a7d48d09385d,b391e82a8145be813ccec23b2b21c6f9974f5a27e001a2e25da4d9864fa0fb7c,1.89,1.94,True,2024-11-26T15:34:00+00:00,2024-11-26T15:34:00+00:00
te:2780645,2024-11-26,2024,2024-11-26,rosenkranz,perez-37652,2024-11-26T20:00:00+00:00,2024-11-26T08:49:00+00:00,0.0,2024-11-28T23:00:00+00:00,2024-11-26,1.63,2.3,0.5852417302798981,0.34432910811643264,0.6307438860073855,0.19108030700509188,2.05,0.45,0.6569091517622994,0.656909151762144,5.269305269894886e-10,130,55,False,False,False,2bb8eaa99515f0ed541632f82e273011efd9b835cfb4df459055a37549ff89fe,24addf9dc1b699047aed864aa0165fbcb201b50566a64699c184e1389113ba4f,1.64,2.31,True,2024-11-26T17:33:00+00:00,2024-11-26T17:33:00+00:00
te:2781049,2024-11-29,2024,2024-11-29,escobedo-2bf83,geerts,2024-11-29T00:30:00+00:00,2024-11-28T08:44:00+00:00,1.0,2024-12-01T23:00:00+00:00,2024-11-29,1.73,2.13,0.5518134715025906,0.208000571211646,0.6166523039758397,0.267362367194993,0.0,0.0,0.613913111639794,0.5844436509067477,8.73189526240381e-09,118,198,False,False,False,19a8145b2362d76894ab461d6c1ee816855f7b80e2fe64679193c06a5590dbf9,db0ac7ac2085f5e60acadf57928488f6ee1019bc26fd185eeda75ddfa92e36e3,1.86,1.98,True,2024-11-28T23:22:00+00:00,2024-11-28T23:22:00+00:00
te:2781491,2024-11-29,2024,2024-11-29,coria-df292,coppejans,2024-11-29T10:40:00+00:00,2024-11-28T10:30:00+00:00,1.0,2024-12-01T23:00:00+00:00,2024-11-29,1.92,1.93,0.5012987012987012,0.005194816877103783,0.6104162529356738,0.44386743551785224,0.26666666666666666,0.26666666666666666,0.5310849516682435,0.5000000000000001,0.009112086226092705,192,85,False,False,False,6b5ea5def088d13a3c76d468aa0e00433b418a3780bffdfae16cc2e108d25ef8,588c6e2a2d150044185e1715512868969f963c374bf25cd3ff5fc046da6cd4e4,1.99,1.88,True,2024-11-29T09:55:00+00:00,2024-11-29T09:55:00+00:00
te:2781527,2024-11-29,2024,2024-11-29,habib,dutra-da-silva,2024-11-29T14:05:00+00:00,2024-11-28T10:05:00+00:00,0.0,2024-12-01T23:00:00+00:00,2024-11-29,1.8,2.07,0.5348837209302325,0.1397619423751585,0.5817552420399734,0.19022106405992512,1.1,1.1,0.7193597212494895,0.6189696585376013,1.2058215537180672e-11,189,191,False,False,False,49b93f462f6b6c17ca05dc0757334b3c1cadc2970ef6925e9aaa169792cb92f8,61ba78f53133cc9b58725a684a353a2272854d1b604cacb4d2aa9aeb988e784f,1.78,2.11,True,2024-11-29T11:51:00+00:00,2024-11-29T11:51:00+00:00
te:2781563,2024-11-29,2024,2024-11-29,negritu,hassan-1d510,2024-11-29T01:40:00+00:00,2024-11-28T08:48:00+00:00,,,,1.82,2.04,0.5284974093264249,0.114113306767421,0.6148967448014845,0.35382955866081517,1.9666666666666666,0.3,0.6482293360259509,0.7114824200688258,1.3558915656908255e-09,175,182,False,False,False,df609b216b29cdbf45cabae69c6c2a7ca8d5a39467b8a68c7d4751160d81c1f9,a7a8ad52103f4755f6e1d55a228f5ce752339310445890e3144cf86b7e911278,1.8,2.09,True,2024-11-29T01:07:00+00:00,2024-11-29T01:07:00+00:00
te:2781823,2024-11-29,2024,2024-11-29,reis-da-silva,huertas-del-pino-00123,2024-11-29T14:05:00+00:00,2024-11-28T17:28:00+00:00,1.0,2024-12-01T23:00:00+00:00,2024-11-29,1.83,2.04,0.5271317829457364,0.10863384100279519,0.6014436275641729,0.30285002046367404,1.0333333333333334,1.0333333333333334,0.5676357813189529,0.5122476898319284,4.3307432751049646e-08,113,46,False,False,False,0059588efc4c1cafec45fb21f7ecd292a51496d2ab87769ff8faaaea7323ace9,3d0d39852345ecc2b519ee04670e7e258188dc8ef13a7ee6d34a5605d3d18f44,1.85,2.02,True,2024-11-28T18:03:00+00:00,2024-11-29T10:35:00+00:00
te:2781859,2024-11-29,2024,2024-11-29,martin-3dfa5,rocha-0492a,2024-11-29T15:10:00+00:00,2024-11-28T19:03:00+00:00,0.0,2024-12-01T23:00:00+00:00,2024-11-29,1.91,1.94,0.5038961038961038,0.015584731016698041,0.5982732277690738,0.382690634739001,0.8833333333333333,0.8833333333333333,0.5380457616963822,0.6024031738359079,5.019905185976725e-10,124,167,False,False,False,53f16ad034e584fdd5a14df08db272e2c40295acbef431ba0fa712e10dbbe785,2050de9953bf725a1a2a1b3804a7cf37d4c1994f3f3ad553947433a963ad28b8,2.02,1.85,True,2024-11-29T14:51:00+00:00,2024-11-29T14:51:00+00:00
te:2781921,2024-11-29,2024,2024-11-29,dzumhur,ramos-vinolas,2024-11-29T13:55:00+00:00,2024-11-29T08:26:00+00:00,0.0,2024-12-01T23:00:00+00:00,2024-11-29,1.82,2.05,0.5297157622739017,0.11900329206161245,0.6199635965760708,0.3703904224377603,0.3333333333333333,0.3333333333333333,0.5901201956418946,0.5954596276315544,3.276111501526735e-07,172,144,False,False,False,8cae2229e1b2c9923a40bf89f3559c75b16d13817c775f39bf02e98fa717b458,e6605886c59ed5113602b53087528cff4643e03c70d9e2555836f9c153e5d266,1.88,1.97,True,2024-11-29T13:48:00+00:00,2024-11-29T13:48:00+00:00
te:2781961,2024-11-29,2024,2024-11-29,draxl,escobedo-2bf83,2024-11-29T21:05:00+00:00,2024-11-29T12:09:00+00:00,1.0,2024-12-01T23:00:00+00:00,2024-11-29,1.93,1.92,0.49870129870129865,-0.0051948168771042275,0.576624111638282,0.3141250087094781,1.0,1.0,0.592728161416956,0.5000000000000001,0.008855411023457924,150,118,False,False,False,8baa425808be3eeb12525a9df086777a1d9dba1761aa37676968ffb02099a0e5,2791110609f1ec314f43c13bfac98d392a6fb38bb7c604e7d189339a222286f8,1.87,2.0,True,2024-11-29T19:19:00+00:00,2024-11-29T19:19:00+00:00
te:2791159,2024-12-31,2024,2024-12-31,ajdukovic,diaz-acosta,2024-12-31T02:15:00+00:00,2024-12-30T09:03:00+00:00,0.0,2025-01-02T23:00:00+00:00,2024-12-31,1.67,2.23,0.5717948717948719,0.28917795904336396,0.6481721782740599,0.3218364961233696,0.0,0.0,0.7299633067797006,0.7144421572828136,4.6737346381942046e-08,165,105,False,False,False,cdb4e6483e2d922d51f93ac17e88a563bc7890eb56b4f7c9d08f1d8ba953a9de,83b75b3fe50e5db37560481a687c463b21601ff22aa53158a970b8a7c19f7170,1.74,2.13,True,2024-12-31T02:08:00+00:00,2024-12-30T22:05:00+00:00
te:2791843,2024-12-31,2024,2024-12-31,galarneau-32e1f,daniel-2dd17,2024-12-30T23:40:00+00:00,2024-12-30T11:58:00+00:00,0.0,2025-01-02T23:00:00+00:00,2024-12-31,1.78,2.07,0.5376623376623377,0.1509352429732842,0.6365848484318588,0.4096366218183356,0.0,0.0,0.686735639410159,0.7212883723206918,5.373164080335613e-09,144,149,False,False,False,925eb730bab4b4918a2c9c9f27391afc12d6f252ff5948db4e189ee4c5ae6424,8719cc6fde38e43eda424e5038c82bc1557c39c713ec3ea2af1ca3db67fb6316,1.86,1.97,True,2024-12-30T20:04:00+00:00,2024-12-30T18:53:00+00:00
te:2793495,2025-01-03,2025,2025-01-03,karatsev,coppejans,2025-01-03T06:45:00+00:00,2025-01-02T10:44:00+00:00,0.0,2025-01-05T23:00:00+00:00,2025-01-03,1.74,2.17,0.5549872122762148,0.22084205432593051,0.6113461029800568,0.2321319751001888,0.7,0.7,0.6589493035828423,0.6051380123008804,2.99040875395562e-10,72,91,False,False,False,a01955a8d36637f3e85d4292e31f94c3a0d86cc907639dd79c1a638442d2d9f4,45b6abd38bbe0e5a2a17c46c4490fa341c9fa9aae5dcfd4aa9cd752f39ee040c,1.78,2.12,True,2025-01-03T02:02:00+00:00,2025-01-03T02:02:00+00:00
te:2793535,2025-01-03,2025,2025-01-03,mochizuki-f2487,rodionov-f5e38,2025-01-03T10:40:00+00:00,2025-01-02T18:08:00+00:00,0.0,2025-01-05T23:00:00+00:00,2025-01-03,1.78,2.11,0.5424164524421594,0.17007458318398147,0.6403227460933596,0.4066906444162458,0.0,0.0,0.6934931365208901,0.6951484768008488,1.587775258493629e-08,142,144,False,False,False,5c98e7d917b4b5e2e8b8de306167b0d73b650197b6c78d6c1d1d6747012838d3,75506126c8fce6e9dd7f9fb419cefe65e6ac34d9bf6ace2d5cfabb2afd644622,1.74,2.19,True,2025-01-03T10:08:00+00:00,2025-01-03T05:33:00+00:00
te:2794571,2025-01-07,2025,2025-01-07,rodesch,nijboer,2025-01-07T15:35:00+00:00,2025-01-06T17:17:00+00:00,1.0,2025-01-09T23:00:00+00:00,2025-01-07,2.01,1.81,0.47382198952879584,-0.10480787679324989,0.5601979782378584,0.3467734554985361,0.0,0.0,0.7361519391215466,0.6150564229972776,4.524963737040366e-11,136,220,False,False,False,3a947a480e76f1a05bf4a4c0b0f06912143798e7dbcc9a2d59201c90ee88f047,fe64f75bbe6f69e1362383b6300cf89e0b5e7b587ae1a5a918e6f7a323746c67,2.22,1.68,True,2025-01-07T14:53:00+00:00,2025-01-07T14:53:00+00:00
te:2794573,2025-01-07,2025,2025-01-07,prizmic,ivanovski,2025-01-07T10:40:00+00:00,2025-01-06T20:31:00+00:00,1.0,2025-01-09T23:00:00+00:00,2025-01-07,2.17,1.7,0.43927648578811374,-0.24409891649019763,0.5363926718206757,0.3899274875659926,0.0,0.0,0.7859917968175606,0.6428035149251062,6.527396179123457e-09,90,15,False,False,False,268947370c2789a3850255ac84d2e256be58979c3736e4f389638d41a620f24f,b98855b439778fe49611678f4e22f9dcf81a63bd590f7bcaa2c317191c1a29e9,1.93,1.91,True,2025-01-07T10:29:00+00:00,2025-01-07T10:29:00+00:00
te:2794577,2025-01-07,2025,2025-01-07,mikrut,forejtek,2025-01-07T12:55:00+00:00,2025-01-06T18:58:00+00:00,1.0,2025-01-09T23:00:00+00:00,2025-01-07,1.81,2.03,0.5286458333333333,0.11470894777596129,0.6129943143908188,0.3452073286430207,0.0,0.0,0.6369868439614115,0.6992370038419143,1.483833980686633e-08,143,142,False,False,False,aef36ff459332e821ea0355d1dab24bad4eba7e0ea1bbac74926decf9769d4e1,cb8f1b162ac971644d73745a3d5cbee68f7166c03907d385001e41a1b387185a,1.91,1.93,True,2025-01-07T11:40:00+00:00,2025-01-07T11:40:00+00:00
te:2795541,2025-01-07,2025,2025-01-07,hsu-b2ce0,isomura-6342d,2025-01-07T03:10:00+00:00,2025-01-06T10:37:00+00:00,0.0,2025-01-09T23:00:00+00:00,2025-01-07,1.92,1.9,0.4973821989528796,-0.010471299867295303,0.5878427044618174,0.3655256407852983,0.25,0.25,0.679790976411986,0.5913877240628969,1.155605650060565e-08,153,151,False,False,False,65ea2527a74cdab61c4ee4f358abef383d71075d71dc9230bc68d5bb2dead9bb,4ca9de52b5363fbdf223d0326e4eaaf9435f4528e00eaee32c49d4902782450a,2.02,1.83,True,2025-01-06T23:32:00+00:00,2025-01-06T23:32:00+00:00
te:2796055,2025-01-07,2025,2025-01-07,zapata-miralles,zakharov-faf08,2025-01-07T10:10:00+00:00,2025-01-06T18:28:00+00:00,0.0,2025-01-09T23:00:00+00:00,2025-01-07,1.88,1.93,0.5065616797900262,0.026248226074936154,0.6323586261326057,0.516100518073447,0.0,0.0,0.6613323500134064,0.6710178266524867,2.6139887976395215e-08,132,144,False,False,False,6efd4f4db22d05cb406e40c7dea90503d168892f09308b8d044538c681ac64ca,c16fa57628f2c92b406b4653bbad0c8f0f3637038f51ba50005d1510a72f028e,1.84,2.0,True,2025-01-07T06:31:00+00:00,2025-01-06T19:21:00+00:00
te:2796057,2025-01-07,2025,2025-01-07,ritschard,fanselow-fef29,2025-01-07T10:10:00+00:00,2025-01-06T18:10:00+00:00,0.0,2025-01-09T23:00:00+00:00,2025-01-07,1.83,1.99,0.5209424083769634,0.08381867188307154,0.5985402563385954,0.31556784939908566,0.0,0.0,0.7614618363323746,0.6686405964331726,7.547795721762895e-12,146,162,False,False,False,3769fc5b6f844e5b600dc430d8372109efe00e95bca1e359255342c79b35b761,0e36909cbfab62f29ffbea84f8a80b919a79184d1e8fff2e970f50897373744a,1.91,1.93,True,2025-01-07T06:31:00+00:00,2025-01-07T06:31:00+00:00
te:2797439,2025-01-10,2025,2025-01-10,noguchi-08bde,cassone,2025-01-10T04:05:00+00:00,2025-01-09T10:49:00+00:00,1.0,2025-01-12T23:00:00+00:00,2025-01-10,1.83,2.03,0.5259067357512953,0.10371982620036632,0.6082130005688348,0.33608700098347644,0.6333333333333333,0.06666666666666667,0.6395955345310433,0.7109143529060339,9.341275752916545e-09,151,114,False,False,False,5d2b79f09e9528fa658ca7220aa244274cdfcc331f8e335ba4613c6268516eed,d4fff1a5c8c8fd712d357dc4b121af0abb3da7be5177780850ecc88bca5d12f8,1.89,1.98,True,2025-01-10T00:32:00+00:00,2025-01-10T00:32:00+00:00
te:2797501,2025-01-10,2025,2025-01-10,searle-78f04,brunold-a21c2,2025-01-10T11:10:00+00:00,2025-01-09T16:22:00+00:00,1.0,2025-01-12T23:00:00+00:00,2025-01-10,1.67,2.28,0.5772151898734177,0.3113518165376855,0.6463566603469073,0.2917107505457387,0.4166666666666667,0.4166666666666667,0.7119061049507748,0.7146078609938117,1.2778824109993536e-09,120,159,False,False,False,15e0b09e38dc15ea1a9ae9a790f2a841838c9c41da497add280ad0a0215075d2,0d99ca95d3aa7cb7661f2b6e76a46703b2a4c7e446dddc4dc80535c4c9d870f9,1.65,2.34,True,2025-01-10T07:35:00+00:00,2025-01-10T07:35:00+00:00
te:2797523,2025-01-10,2025,2025-01-10,medjedovic,rincon-d1dab,2025-01-10T13:05:00+00:00,2025-01-09T18:23:00+00:00,1.0,2025-01-12T23:00:00+00:00,2025-01-10,1.88,1.98,0.5129533678756476,0.051825067864585767,0.5606864207917026,0.19212325514076886,0.0,0.0,0.7510717828280259,0.6287266513235683,6.037947919423914e-13,133,133,False,False,False,16542b729e9998cc10ab516ce7a66147b3e82b8348b8b776870ea65cbe26aa19,4cb07ec3c944b2337477e65a17b346d2bd9f83710535d869cb8e79fa0f14434c,2.1,1.79,True,2025-01-10T11:28:00+00:00,2025-01-10T11:28:00+00:00
te:2797537,2025-01-10,2025,2025-01-10,draxl,molleker,2025-01-10T16:10:00+00:00,2025-01-09T18:24:00+00:00,0.0,2025-01-12T23:00:00+00:00,2025-01-10,1.8,2.07,0.5348837209302325,0.1397619423751585,0.5858398646896184,0.20703184210547976,0.85,0.15,0.6339530401707076,0.5490900746859774,4.227676342338782e-08,172,142,False,False,False,8b7371a78376de5b072a559b8187f1684e7cf2d2c7ae7367b4f05f188e155ac2,868d827d2bbab61655f49f49fa48092b985fda73207d7ecac408f3084bc7a3f2,1.79,2.11,True,2025-01-10T16:07:00+00:00,2025-01-10T16:07:00+00:00
te:2798799,2025-01-14,2025,2025-01-14,spizzirri,neumayer,2025-01-14T03:10:00+00:00,2025-01-13T12:04:00+00:00,1.0,2025-01-16T23:00:00+00:00,2025-01-14,1.75,2.1,0.5454545454545455,0.1823215567939549,0.6211019229520817,0.31190639588873814,1.6333333333333333,0.06666666666666667,0.637505576300383,0.6112870872473319,1.4739194770241326e-07,125,184,False,False,False,fded8a4ad2e0bda779646bc4244d88e0a02282ddf06ceefd73a5498c7856aabc,40cc3e54419744c4b86bdd52070a224ffdaf7e4bc427fe065a3dde263cd28013,1.76,2.11,True,2025-01-13T23:32:00+00:00,2025-01-13T23:32:00+00:00
te:2799681,2025-01-14,2025,2025-01-14,varillas,prado-angelo,2025-01-14T20:50:00+00:00,2025-01-14T00:00:00+00:00,1.0,2025-01-16T23:00:00+00:00,2025-01-14,1.98,1.85,0.4830287206266319,-0.06791120561621031,0.6036347424405817,0.48854433585961987,0.0,0.0,0.6698845063845896,0.6021827519300017,9.515786214553401e-10,145,160,False,False,False,12a806c9d57363e09c9f798aea7e93cc6514969f432d4007aa4dd26abc93679a,1cb62411a5e66791e2b562608e7dacfb272194da16a81136ffb587dec6a97122,2.02,1.83,True,2025-01-14T14:35:00+00:00,2025-01-14T14:35:00+00:00
te:2800363,2025-01-14,2025,2025-01-14,svajda,sun-2f389,2025-01-14T06:45:00+00:00,2025-01-13T12:05:00+00:00,0.0,2025-01-16T23:00:00+00:00,2025-01-14,1.93,1.89,0.4947643979057591,-0.02094317384524342,0.572071080003891,0.3112493162313537,1.3,0.2,0.5982241042632835,0.5000000000000001,0.006935898646812114,173,178,False,False,False,635de22d159091c8d8ea67d236d9eddb7bb5500661c53554b1eba19cd418e77a,e66c8e2b9be96c82eb2a1ee4997b7392c0e7d6c4e250914004f59cd9e09a20c9,1.91,1.93,True,2025-01-14T03:34:00+00:00,2025-01-14T03:34:00+00:00
te:2801917,2025-01-17,2025,2025-01-17,kopriva,svrcina,2025-01-17T04:50:00+00:00,2025-01-16T11:43:00+00:00,0.0,2025-01-19T23:00:00+00:00,2025-01-17,1.88,1.97,0.5116883116883117,0.04676176590803954,0.6140469952505438,0.4175940861070688,1.0166666666666666,0.45,0.5000000003324673,0.5127314108822408,0.028110317532174287,181,183,False,False,False,6e345a844a389e35c20efcbc27ebc2241d76fe871198c5585018b605f3d8b446,ea1fe46e569da6c932a7136e15ecc854bf5af6b3c04ba778d28ca865a77a517d,1.89,1.98,True,2025-01-17T02:02:00+00:00,2025-01-17T02:02:00+00:00
te:2801931,2025-01-17,2025,2025-01-17,cassone,arnaboldi-d7371,2025-01-17T03:40:00+00:00,2025-01-16T11:44:00+00:00,0.0,2025-01-19T23:00:00+00:00,2025-01-17,2.02,1.84,0.4766839378238342,-0.09333193979221903,0.5749718597747543,0.39549766084265014,1.65,0.9166666666666666,0.7614113030950236,0.6489489381571808,2.4228813400029026e-09,121,160,False,False,False,5fcee2078062df0d7de619ab84572cd3ee8c867d732fbe478ddc90c67dc58d03,1a648b542a8a3f72eed10f682c386de36a069b9f72e7f4fb51561455eda888c4,2.16,1.75,True,2025-01-17T00:00:00+00:00,2025-01-16T21:52:00+00:00
te:2802187,2025-01-17,2025,2025-01-17,bueno-01b7e,dellien-e101c,2025-01-17T15:50:00+00:00,2025-01-16T19:52:00+00:00,0.0,2025-01-19T23:00:00+00:00,2025-01-17,1.87,1.98,0.5142857142857141,0.057158413839947964,0.613085102734103,0.40314057722737334,0.25,0.25,0.5000000000022187,0.5193610819827351,0.02673884754324743,146,182,False,False,False,26804561bfcc3da718b818c4bc92b13300810ee5c7c40accbda3b1457c39f9af,181298ac004fbc0f993e6cf6e485239c394097dd18558352b0544d9907d43a4a,1.88,1.99,True,2025-01-17T09:32:00+00:00,2025-01-17T09:32:00+00:00
te:2802271,2025-01-17,2025,2025-01-17,tabur,grenier-baaf0,2025-01-17T03:40:00+00:00,2025-01-16T11:44:00+00:00,1.0,2025-01-19T23:00:00+00:00,2025-01-17,1.73,2.17,0.5564102564102563,0.22660575904268024,0.6193715806936546,0.2602760036279268,0.8833333333333333,0.8833333333333333,0.6467380715499517,0.7003984962930829,1.4722754682061634e-09,162,178,False,False,False,26a68e4f2afc915c9889b181ae5fb9269ddd0ece3abc134c8a69269e3f7632ac,c9a914d653af1cd31fcf79e78e60d214d0772cfa81434fcf0192559853a5e2c6,1.74,2.18,True,2025-01-17T00:04:00+00:00,2025-01-16T22:26:00+00:00
te:2802483,2025-01-17,2025,2025-01-17,vallejo-d7859,villanueva-55ff0,2025-01-17T13:10:00+00:00,2025-01-16T19:18:00+00:00,1.0,2025-01-19T23:00:00+00:00,2025-01-17,1.99,1.86,0.4831168831168831,-0.06755815101129117,0.591371416403096,0.43719579027613764,0.9333333333333333,0.9333333333333333,0.5723484937197391,0.5000000000000001,0.0073663208863357366,155,161,False,False,False,b7948fa1e9554ebd231c068d814a56481023f4b0756c0efa64286a0a2656ead8,5b156dc00ea5514c4818f8c8d7e37f48df784a7065adad9046500925c6e07d1f,1.98,1.89,True,2025-01-17T11:33:00+00:00,2025-01-17T11:33:00+00:00
te:2805147,2025-01-21,2025,2025-01-21,sachko,denolly,2025-01-21T13:10:00+00:00,2025-01-20T20:39:00+00:00,0.0,2025-01-23T23:00:00+00:00,2025-01-21,1.88,1.87,0.4986666666666667,-0.005333345975362438,0.5810177979106056,0.3322862936885859,0.23333333333333334,0.23333333333333334,0.6275131871554297,0.5375641309439264,6.327438573094923e-11,142,193,False,False,False,9b6a2820139796fe628c9f878af934ff0ab3087444ef48b6b42e27eeaa15c18a,bc6a503d22eb32296f0403f49faa0afffb89b759b6da89d070728c6697e8fd82,1.99,1.79,True,2025-01-21T06:36:00+00:00,2025-01-21T06:36:00+00:00
te:2805635,2025-01-21,2025,2025-01-21,olivieri-ff875,rodriguez-taverna,2025-01-21T16:10:00+00:00,2025-01-21T09:04:00+00:00,0.0,2025-01-23T23:00:00+00:00,2025-01-21,1.73,2.13,0.5518134715025906,0.208000571211646,0.620490292581828,0.28362921279803593,1.45,0.2833333333333333,0.6127770332369106,0.5973837282549959,2.571781676508067e-11,154,156,False,False,False,3ccafb206e7189fcd48135a25865265232c32b6a28e1321a1b7e9c1d73f8a74d,72bca0292b781bc8512db0cfad8bdfdefa009aabb64da8e3261dd0a42b3cd6c9,1.76,2.1,True,2025-01-21T10:44:00+00:00,2025-01-21T15:36:00+00:00
te:2806121,2025-01-24,2025,2025-01-24,barrios-vera,houkes,2025-01-23T23:30:00+00:00,2025-01-23T09:09:00+00:00,1.0,2025-01-26T23:00:00+00:00,2025-01-24,1.97,1.85,0.48429319371727747,-0.06284790365966375,0.5960052248136154,0.45169539198183284,1.2166666666666666,1.2166666666666666,0.7117381128022847,0.6266716887887656,5.939138070232275e-13,155,144,False,False,False,7bde73573b2f5271593e31d8a22b22ec28d0f1dab4a8ba052bcd1c69284a1bd0,4e783fbac4ebebb6babd5c65e0b6801f933879a30b2cd0aaa65eebdbc05e5e28,2.0,1.84,True,2025-01-23T22:17:00+00:00,2025-01-23T22:17:00+00:00
te:2806727,2025-01-24,2025,2025-01-24,blockx,basilashvili,2025-01-24T13:10:00+00:00,2025-01-23T17:30:00+00:00,0.0,2025-01-26T23:00:00+00:00,2025-01-24,1.85,2.03,0.5231958762886597,0.09285015396346219,0.5944230951981205,0.2894306834934265,0.0,0.0,0.5674143537826449,0.5000000000000001,0.002033831677367509,124,201,False,False,False,7fc87d6b0a09599394b8b986ea3e912eb5f74031280a166db172747e52838fc3,2e15fdf72c92901657386b0b4d3baef2160c1f3d58ebbb317b859c055e4a9229,1.75,2.16,True,2025-01-24T09:31:00+00:00,2025-01-24T12:37:00+00:00
te:2806959,2025-01-24,2025,2025-01-24,taberner,trungelliti,2025-01-24T18:10:00+00:00,2025-01-24T09:25:00+00:00,1.0,2025-01-26T23:00:00+00:00,2025-01-24,1.85,2.0,0.5194805194805195,0.0779615414697121,0.6147804260337343,0.38949013804035704,0.6833333333333333,0.08333333333333333,0.5000037187566622,0.5000037174432297,0.01605299291937176,198,182,False,False,False,cf9a8a5c327648b26d02b803476c7854cbc2c44ad8286d72cf70198c8b73393d,a3f1d1b2136f25fdca7712b3f8cfc720713722bb0868c3acc22e4d6c3b32c1a2,1.83,2.05,True,2025-01-24T15:33:00+00:00,2025-01-24T15:55:00+00:00
te:2808199,2025-01-28,2025,2025-01-28,cassone,gomez-e101b,2025-01-27T23:10:00+00:00,2025-01-27T10:58:00+00:00,1.0,2025-01-30T23:00:00+00:00,2025-01-28,1.65,2.27,0.5790816326530612,0.3190045435808221,0.6122584270933394,0.13781084779016306,0.0,0.0,0.7022471455979145,0.6381969998908809,1.1985417547322186e-08,130,200,False,False,False,82ee20a0d95d6fa5e8e1b112f9aed82247c02738fe5df4492af2a7678d20dcc1,836e71bafd0c19e928e00eafb839394020317ebef105f92fcca614617e9cf67e,1.68,2.23,True,2025-01-27T19:31:00+00:00,2025-01-27T22:40:00+00:00
te:2808941,2025-01-28,2025,2025-01-28,hazawa-9e391,isomura-6342d,2025-01-28T00:10:00+00:00,2025-01-27T10:46:00+00:00,,,,1.89,1.93,0.5052356020942408,0.020943173845242972,0.6057224563129824,0.40842362752218886,0.0,0.0,0.6016028807288246,0.6654904669294182,1.0663941396593657e-09,72,157,False,False,False,b001a393a59c8a328527f95a9fa692b040399554c0646250478e847858c13f16,dec5c39dca219f991f85659f1b3e42027156d2fd2fc2cf3fdc91249c3b4ff443,1.92,1.92,True,2025-01-27T22:03:00+00:00,2025-01-27T22:03:00+00:00
te:2810001,2025-01-28,2025,2025-01-28,trotter,pieczonka-07acc,2025-01-28T15:10:00+00:00,2025-01-28T09:58:00+00:00,1.0,2025-01-30T23:00:00+00:00,2025-01-28,2.17,1.71,0.44072164948453607,-0.23823379703779973,0.5306514646973413,0.3609935893516092,0.0,0.0,0.808732182938685,0.6600923263747914,1.3819778654777792e-11,151,116,False,False,False,82d9c907c2ab345f782ca6a4a4bdb2a64546cf3ea7e92a0de95150a1da94038a,ae1e3a8a7d5f70b8cad8c0024feb2ce7ba93a38980cf6588f363811487b65682,1.91,1.93,True,2025-01-28T14:58:00+00:00,2025-01-28T14:17:00+00:00
te:2810331,2025-01-31,2025,2025-01-31,walton,tomic-4ca3d,2025-01-31T01:05:00+00:00,2025-01-30T09:48:00+00:00,1.0,2025-02-02T23:00:00+00:00,2025-01-31,1.69,2.23,0.5688775510204082,0.27727305653704526,0.6080793473331111,0.16197291976076822,0.7333333333333333,0.13333333333333333,0.8159873263406815,0.7179227307256625,2.0800916544772008e-11,214,167,False,False,False,5ae6a755e4d52a6e2cfd40918247a16895136d278df4500e937f3f3bcf7cc018,aa275ca6228b4221824ac605f6e01b43b277ddd793019dfadcd30bf208effb5c,1.7,2.24,True,2025-01-30T21:47:00+00:00,2025-01-30T21:47:00+00:00
te:2810789,2025-01-31,2025,2025-01-31,zink-30580,cassone,2025-01-31T18:40:00+00:00,2025-01-30T19:24:00+00:00,1.0,2025-02-02T23:00:00+00:00,2025-01-31,1.85,2.01,0.5207253886010362,0.08294908298075078,0.5687434361619496,0.19377715767989012,0.31666666666666665,0.31666666666666665,0.6462383034498753,0.7639239948300333,4.447201301660542e-09,114,128,False,False,False,56107e763d4a8808015bb66cc12fdefaf947d551bb6b5b6d292d763153ba6e5f,5f92b0b39b1ae806579fbe0eca4871b7fbbe3c758d93b05bf014765aeff38c4e,2.12,1.78,True,2025-01-31T13:27:00+00:00,2025-01-31T06:36:00+00:00
te:2811823,2025-02-04,2025,2025-02-04,hsu-b2ce0,bouzige,2025-02-04T00:05:00+00:00,2025-02-03T12:22:00+00:00,1.0,2025-02-06T23:00:00+00:00,2025-02-04,1.79,2.05,0.5338541666666666,0.13562417329765303,0.5990533264165756,0.2658980117114427,0.3333333333333333,0.3333333333333333,0.6462041182139131,0.5766912136307315,8.949202490171615e-12,153,179,False,False,False,0d27ba2c7ccff10be4db6b05ab29e56eb8f8a671752db6db133d9a546a3b93df,910ca6aa388896accfa6bd25b2574b2e705a2e9b8c67556780fce695877fcb09,1.78,2.09,True,2025-02-03T20:08:00+00:00,2025-02-03T21:20:00+00:00
te:2812219,2025-02-04,2025,2025-02-04,ymer,ajdukovic,2025-02-04T08:15:00+00:00,2025-02-03T17:15:00+00:00,1.0,2025-02-06T23:00:00+00:00,2025-02-04,1.83,2.0,0.5221932114882506,0.08883121370661551,0.6215699064930691,0.4073858088864001,0.36666666666666664,0.36666666666666664,0.700595586982813,0.7763502621522005,7.488362707697149e-11,120,147,False,False,False,25b05cb8a2d22e2f0c055ee3f31f694fb73474e43a81500d4ab86c62f2c97e66,8ac14e3f5d02f333fc77fc48bafb45d6ef7a224752641751b4bcf0849fe45f7a,1.77,2.09,True,2025-02-04T04:04:00+00:00,2025-02-04T04:04:00+00:00
te:2812841,2025-02-04,2025,2025-02-04,hassan-1d510,sakamoto-9c9d5,2025-02-04T10:05:00+00:00,2025-02-03T17:47:00+00:00,1.0,2025-02-06T23:00:00+00:00,2025-02-04,1.66,2.25,0.5754475703324808,0.304112613847877,0.6377715748550532,0.261592550733997,0.2833333333333333,0.2833333333333333,0.6823256927173045,0.697902542350729,1.0386136950479852e-09,185,97,False,False,False,176bac0d80425bb9b86da3a93fc3c01875ed54cd0a658386d751e43d2682ccb5,75682716adc212bf75bd949a3674753b0122a78d2f468b1bb591e0aceaf285c0,1.65,2.29,True,2025-02-04T07:21:00+00:00,2025-02-04T07:21:00+00:00
te:2813897,2025-02-04,2025,2025-02-04,geerts,zhukov-827ca,2025-02-04T06:35:00+00:00,2025-02-03T14:54:00+00:00,0.0,2025-02-06T23:00:00+00:00,2025-02-04,2.01,1.82,0.47519582245430814,-0.09929822098228022,0.5655516902995711,0.3630229461141635,0.45,0.45,0.6056397870054762,0.5000000000000001,0.0060230576502431354,195,158,False,False,False,43192ec51d1212fca5b272234b0e854d7118056542a3b954a5401b27b78b97f6,8a593dcb7fc1891f715618b3f7c489d56cdf52c0ead2c795897996ce8690a4ab,1.84,2.0,True,2025-02-04T06:02:00+00:00,2025-02-04T06:02:00+00:00
te:2814149,2025-02-04,2025,2025-02-04,martin-tiffon,cachin,2025-02-04T10:05:00+00:00,2025-02-03T18:14:00+00:00,1.0,2025-02-06T23:00:00+00:00,2025-02-04,1.78,2.07,0.5376623376623377,0.1509352429732842,0.6166500459510229,0.3244181434180222,0.0,0.0,0.6094831447479745,0.6516879754591036,3.3755054307249566e-11,209,97,False,False,False,5a990b3b15ff8cda8cd8286a9490ece0ba03871edee9913e466a65ab2c26c283,6857d2706bccb7120f8520ec0719d4fd496b1d3311005154c70ea867afb8a831,1.85,1.98,True,2025-02-04T04:41:00+00:00,2025-02-04T09:56:00+00:00
te:2815255,2025-02-07,2025,2025-02-07,langmo,shimizu-38ca9,2025-02-07T01:05:00+00:00,2025-02-06T09:46:00+00:00,1.0,2025-02-09T23:00:00+00:00,2025-02-07,1.69,2.23,0.5688775510204082,0.27727305653704526,0.6125328460452524,0.18069842942735037,0.6833333333333333,0.15,0.672167495982174,0.7486172748919458,1.5651369089653144e-12,160,158,False,False,False,3e47fcc5928693aec395dd21c7d83a86e1c98d570c4ec7c1fdde15217b888a37,fe475d02f072b1f6f21da75a3e09e24617791456180fa32c50b4d622e679a81c,1.65,2.33,True,2025-02-07T00:55:00+00:00,2025-02-07T00:55:00+00:00
te:2815259,2025-02-07,2025,2025-02-07,kubler-21879,mccabe-b71c6,2025-02-07T01:15:00+00:00,2025-02-06T09:45:00+00:00,0.0,2025-02-09T23:00:00+00:00,2025-02-07,1.66,2.29,0.579746835443038,0.3217342151976963,0.6336899981688517,0.22634568334157257,0.8166666666666667,0.8166666666666667,0.7322496242874341,0.6872794876772285,8.653137151259926e-09,29,212,False,False,False,930b030392818b80ea3380874e289f26eced47803eb04830199d7d0a2d67e7ee,9c93659b58d58aea37e77bfe8a51f959c5143b1baa42ba1ee623f896aab1e440,1.63,2.37,True,2025-02-06T21:53:00+00:00,2025-02-06T21:34:00+00:00
te:2815867,2025-02-07,2025,2025-02-07,svrcina,ovcharenko-bb3a3,2025-02-07T05:40:00+00:00,2025-02-06T11:19:00+00:00,0.0,2025-02-09T23:00:00+00:00,2025-02-07,2.12,1.77,0.45501285347043696,-0.18043654209818355,0.5735696371488715,0.4768668183881835,0.6166666666666667,0.6166666666666667,0.59644681882149,0.5000000000000001,0.01307463339308465,178,197,False,False,False,af60ea28462b5577d4a76a2dd4c1d6b3098e65704acefcacd4620d297d68e1f5,9f0002652cccd2b7bedce3004c50e1acfeddd32aeed22167acf79f9a5df7f790,2.19,1.74,True,2025-02-07T01:05:00+00:00,2025-02-07T01:05:00+00:00
te:2816045,2025-02-07,2025,2025-02-07,moro-canas,hassan-1d510,2025-02-07T13:10:00+00:00,2025-02-06T23:27:00+00:00,1.0,2025-02-09T23:00:00+00:00,2025-02-07,1.7,2.21,0.5652173913043478,0.2623642644674909,0.6436368489026928,0.3288201050980109,0.75,0.75,0.7255169465139213,0.7025928279506426,2.0505153131011866e-11,150,188,False,False,False,5325c896e9e5d5ad6cee1586cbe74cfe24056c248712d6517f38534e18805fbc,209e4a8da77cd66748f82f9f2a52aee30f8c383d2ccd9ccb90b1c4b5e8f494dd,1.67,2.3,True,2025-02-07T09:02:00+00:00,2025-02-07T09:02:00+00:00
te:2816723,2025-02-11,2025,2025-02-11,schoolkate,kirkin,2025-02-11T04:40:00+00:00,2025-02-09T11:46:00+00:00,0.0,2025-02-13T23:00:00+00:00,2025-02-11,2.04,1.79,0.46736292428198434,-0.13073418800346137,0.6004631269708468,0.5381293648670638,1.2,0.6,0.8374789362742334,0.7290122981469094,4.723976765319549e-10,185,180,False,False,False,af69aa72019c4325cba31314fc159f089a1cd894c374c84e6cc8fe907793f3d6,bfd806a01e077eb832332885af030dff528a63eb47c2ee2dad7b2f4686c5eaed,2.14,1.74,True,2025-02-11T00:49:00+00:00,2025-02-11T00:49:00+00:00
te:2816919,2025-02-11,2025,2025-02-11,evans-cf2af,paire-4a33b,2025-02-11T12:35:00+00:00,2025-02-10T17:27:00+00:00,1.0,2025-02-13T23:00:00+00:00,2025-02-11,1.89,1.93,0.5052356020942408,0.020943173845242972,0.6095197723988092,0.42435088045476993,0.5166666666666667,0.5166666666666667,0.7974015140171387,0.7052126343015827,1.8318679906315083e-14,121,106,False,False,False,149972a59e9f17ff065f32c80e098bc6fa76e8a63d1ba08b2a371b9bef1fda3c,0f35a3fdab797f4768eb621790af37baf933463e667e823de6669af66e321170,1.88,1.96,True,2025-02-11T08:33:00+00:00,2025-02-11T08:33:00+00:00
te:2816973,2025-02-11,2025,2025-02-11,moro-canas,martin-tiffon,2025-02-11T10:10:00+00:00,2025-02-10T17:55:00+00:00,0.0,2025-02-13T23:00:00+00:00,2025-02-11,1.79,2.04,0.5326370757180157,0.13073418800346137,0.6145677831506212,0.3358196953396084,2.35,0.21666666666666667,0.6443767931965796,0.6003211273541412,5.957143112134133e-10,158,214,False,False,False,f9ced52be8acdb95c81898a90e2325a229fb1be9fd64351e68630f68898db16c,37b24dd86e93aa64ea2474e4f53291255b7a0967128b06bff0a652d6edd51922,1.83,2.01,True,2025-02-11T00:36:00+00:00,2025-02-11T06:34:00+00:00
te:2816979,2025-02-11,2025,2025-02-11,ruusuvuori,choinski,2025-02-11T10:10:00+00:00,2025-02-09T18:54:00+00:00,0.0,2025-02-13T23:00:00+00:00,2025-02-11,1.96,1.86,0.486910994764398,-0.0523679855173157,0.6016675993011597,0.46478628334707883,0.6833333333333333,0.016666666666666666,0.8191171561402978,0.715731827347093,4.9548309899449805e-11,62,163,False,False,False,07e3ccceb6aabc901f733190d8a97893ec79fa1cbd9a6ec4e08bc0cef920e8dd,e6f6dd2360a5f53bbf496a217d52ed04fbd9c011011ffff3459d2bc652d5e104,1.93,1.9,True,2025-02-11T07:53:00+00:00,2025-02-11T07:53:00+00:00
te:2818741,2025-02-11,2025,2025-02-11,harris-5a94c,vanshelboim,2025-02-11T11:30:00+00:00,2025-02-10T17:50:00+00:00,0.0,2025-02-13T23:00:00+00:00,2025-02-11,2.14,1.72,0.4455958549222798,-0.21848153820839833,0.5581992549332041,0.45233854712381516,1.6166666666666667,0.38333333333333336,0.7338994083767393,0.6114301513156455,1.2153450468233018e-10,193,161,False,False,False,94e4ec94e85c0691fe138831022491964edf580900694f9517957cf9bbf49472,0f6dc5fd4587e884f6c1cabacc2699ff491548d800e1733b410ef427960a434e,2.01,1.83,True,2025-02-11T09:58:00+00:00,2025-02-11T09:58:00+00:00
te:2818761,2025-02-11,2025,2025-02-11,jianu-c67fb,bar-biryukov,2025-02-11T11:00:00+00:00,2025-02-10T17:48:00+00:00,1.0,2025-02-13T23:00:00+00:00,2025-02-11,1.76,2.08,0.5416666666666667,0.16705408466316649,0.6140408798724342,0.2972759634133696,0.35,0.35,0.5127844044034371,0.5000000062123345,0.0019290777809777837,226,158,False,False,False,72a69c1c4413291a1e28e44a84314b1a87f85f3574728512aa30c24d609cfe22,474ca8554740340d6719f2b38cb8815b24e7ec2ebaa6a0d12be2d4fe70fb0e8e,1.75,2.12,True,2025-02-11T06:34:00+00:00,2025-02-11T06:34:00+00:00
te:2818887,2025-02-11,2025,2025-02-11,rodesch,monday,2025-02-11T14:20:00+00:00,2025-02-10T18:48:00+00:00,1.0,2025-02-13T23:00:00+00:00,2025-02-11,1.67,2.23,0.5717948717948719,0.28917795904336396,0.61926023681773,0.1972315346988312,1.2166666666666666,1.2166666666666666,0.617557490848532,0.6558519008595625,1.5375421197338923e-07,152,108,False,False,False,6a77fb9db48e4a0b56ba56fa47d5af5879aebf24bd7efa2f307e03318e3099c5,c41d52e217f7bdb88066f7c5ccbd017befa4e9928aa935e476761c0b06345030,1.68,2.24,True,2025-02-11T14:00:00+00:00,2025-02-11T14:00:00+00:00
te:2818889,2025-02-11,2025,2025-02-11,paul-b9a07,buse,2025-02-11T12:45:00+00:00,2025-02-10T19:25:00+00:00,0.0,2025-02-13T23:00:00+00:00,2025-02-11,1.86,1.96,0.5130890052356021,0.052367985517315925,0.6147197053275251,0.41482730719535676,1.55,0.45,0.5000000003989508,0.5036626130937142,0.004965563071449269,182,184,False,False,False,0f4a6e0b652c40d1167f5a5ef995a943a76876b7b937fb1dea435ef895642e64,fea5ea2f60271cf5c32a5780643a7305ba9530cc8c5cb68e79f8ed046b0b43ce,1.81,2.03,True,2025-02-11T12:30:00+00:00,2025-02-11T12:30:00+00:00
te:2820977,2025-02-14,2025,2025-02-14,kopriva,mochizuki-f2487,2025-02-14T05:05:00+00:00,2025-02-13T11:09:00+00:00,0.0,2025-02-16T23:00:00+00:00,2025-02-14,1.87,1.99,0.5155440414507771,0.06219620786990554,0.613127510453254,0.398281562599901,0.8333333333333334,0.8333333333333334,0.5562613741252423,0.5317519545531777,1.2382734990157296e-08,181,151,False,False,False,2f46159746741b531eabe6bedd5366cdafb8ced51d83567ce117aa3bebb7fb25,26e19f9a2e41aba016cead8cbacf4e174dd4f854c678fba00a02fa7694c0bbaa,1.83,2.05,True,2025-02-13T19:51:00+00:00,2025-02-14T01:32:00+00:00
te:2822051,2025-02-18,2025,2025-02-18,jacquet-d2059,noguchi-08bde,2025-02-18T11:20:00+00:00,2025-02-17T22:52:00+00:00,0.0,2025-02-20T23:00:00+00:00,2025-02-18,2.1,1.75,0.4545454545454546,-0.18232155679395445,0.548296127005016,0.37611025864921566,1.4333333333333333,0.5,0.7376894576366916,0.6070651670130374,3.3477765004619187e-10,104,165,False,False,False,967ead3731b4a3fb21d32787a724306d2aa1ba0a0b7d62d7454865f297058f10,3098eeb39029062d7aa0496fd6bafba3b763e7f003bf5593b541def92ec521b6,2.04,1.81,True,2025-02-18T11:02:00+00:00,2025-02-18T11:02:00+00:00
te:2822053,2025-02-18,2025,2025-02-18,tomic-4ca3d,mejia-a7d27,2025-02-18T05:35:00+00:00,2025-02-17T13:45:00+00:00,0.0,2025-02-20T23:00:00+00:00,2025-02-18,1.74,2.12,0.5492227979274612,0.1975309754574837,0.6298233334586366,0.3339280126995072,0.23333333333333334,0.23333333333333334,0.6761801608019113,0.653493025455519,7.45112305189366e-12,163,173,False,False,False,a9f09de2ab43c56f50aeca2f42b3f2fb013aa4dc105a9e88f32bdc01dd9fd6c1,a0b64e050bca8f88661e3f3e341945ea791bc11e10d1ea6bbe6e903b7522b713,1.68,2.24,True,2025-02-18T02:01:00+00:00,2025-02-18T02:01:00+00:00
te:2822685,2025-02-18,2025,2025-02-18,fery,sun-2f389,2025-02-18T11:45:00+00:00,2025-02-17T17:28:00+00:00,1.0,2025-02-20T23:00:00+00:00,2025-02-18,2.06,1.78,0.46354166666666663,-0.14609261849749608,0.5437308975653207,0.32146429699870366,1.2833333333333334,0.7166666666666667,0.6276716250164154,0.5000000000000001,0.005045507049627321,73,189,False,False,False,8eed557910f60fa356ee65c681a009a574a1fe210c9ac1b847f601bf3f645d84,fd593538801a4a7c56aa3e60cff8e92809f1d4ac4645affc280cab15447658ff,2.19,1.7,True,2025-02-18T11:38:00+00:00,2025-02-18T10:19:00+00:00
te:2822709,2025-02-18,2025,2025-02-18,budkov-kjaer,grenier-baaf0,2025-02-18T14:40:00+00:00,2025-02-17T22:49:00+00:00,1.0,2025-02-20T23:00:00+00:00,2025-02-18,1.73,2.13,0.5518134715025906,0.208000571211646,0.6087142267877443,0.23391016562304706,1.8,1.1,0.5470244005204049,0.5904689341836036,1.6191560348044476e-07,107,189,False,False,False,353637e3e17446a705c7d6302466c28fc730f256fc3a201b655d71db05bd4921,f3571b43be716480763261059e987d3c03b79ded7d28b4db21aec26ac868a2bf,1.7,2.19,True,2025-02-18T13:46:00+00:00,2025-02-18T13:46:00+00:00
te:2824515,2025-02-18,2025,2025-02-18,bertrand-5e35a,delage,2025-02-18T12:40:00+00:00,2025-02-17T22:58:00+00:00,0.0,2025-02-20T23:00:00+00:00,2025-02-18,1.85,1.97,0.5157068062827225,0.06284790365966353,0.574370172320052,0.236856164907717,0.5333333333333333,0.5333333333333333,0.5954850372783635,0.5000000000000001,0.02474864121840452,228,105,False,False,False,9a2745e5e3db945b7722c077a85d0a766ea85886a15bb1644de5ca66571f543f,d45cdf2e1841ff33b8c67e6f60a34753c28109108bc8ef60469a120d3811cc12,1.75,2.13,True,2025-02-18T10:55:00+00:00,2025-02-18T10:55:00+00:00
te:2824517,2025-02-18,2025,2025-02-18,cachin,barrere-ea847,2025-02-18T16:10:00+00:00,2025-02-17T22:59:00+00:00,0.0,2025-02-20T23:00:00+00:00,2025-02-18,1.79,2.05,0.5338541666666666,0.13562417329765303,0.6276401488770892,0.3864820891666872,0.8166666666666667,0.8166666666666667,0.7137169818903476,0.7874864684640669,3.1837661396139083e-09,106,141,False,False,False,7c388232c0597af15a4d87c8617eb84c76cccab98b4b50209c4c5cf151d33d75,7217182aff203a16c533b3f023c835bba9ef9a86ceafb7153e53740cde5cf6c4,1.85,1.99,True,2025-02-18T15:55:00+00:00,2025-02-18T15:55:00+00:00
te:2825997,2025-02-21,2025,2025-02-21,rehberg-2d8d7,monday,2025-02-21T12:20:00+00:00,2025-02-20T19:19:00+00:00,,,,1.68,2.26,0.5736040609137056,0.2965710198690272,0.6128049511460372,0.1625471098011692,0.38333333333333336,0.38333333333333336,0.6381583855196633,0.7012069012707361,1.1909401298471067e-08,173,112,False,False,False,a504a27dc6f0b0df742babe12fa3dd03ce39b762fa555fdbb05e138f43881b56,c875f0d9c46da7a7e5b95648c818d21c79355eda963e95b4e2e2e6fe22724f31,1.66,2.32,True,2025-02-21T09:03:00+00:00,2025-02-21T09:03:00+00:00
te:2825999,2025-02-21,2025,2025-02-21,durasovic,martineau-40903,2025-02-21T12:45:00+00:00,2025-02-20T12:23:00+00:00,1.0,2025-02-23T23:00:00+00:00,2025-02-21,1.62,2.37,0.5939849624060151,0.3804638059027472,0.6464870070460397,0.2231690548955929,0.75,0.016666666666666666,0.7358415666156648,0.7938843950623639,7.265826634794692e-09,182,154,False,False,False,84d2c9a256b22acbbd3139e13d0b104a1955600827de47cd6ae5938cbd0749fd,162665bdb04dc61f5c67b90a4162f688a912225074a890e5ddb4b52c671643b1,1.6,2.45,True,2025-02-21T11:14:00+00:00,2025-02-21T11:14:00+00:00
te:2826003,2025-02-21,2025,2025-02-21,hemery,agamenone,2025-02-21T17:05:00+00:00,2025-02-21T02:02:00+00:00,0.0,2025-02-23T23:00:00+00:00,2025-02-21,1.75,2.08,0.5430809399477807,0.17275210577780412,0.6239295918364972,0.3335090410163566,0.5,0.5,0.7150429877450332,0.6628743609183586,2.191472003865158e-11,187,144,False,False,False,4ce612e8689738131eff90c201cc487c08a6c265d879f53d5da6ee7c9c7a1062,44121a088755ecf7176f63203ad490e1110747479ec1d4f4e38cf5365c825674,1.78,2.12,True,2025-02-21T16:01:00+00:00,2025-02-21T16:01:00+00:00
te:2826323,2025-02-21,2025,2025-02-21,rincon-d1dab,yevseyev,2025-02-21T14:50:00+00:00,2025-02-20T19:59:00+00:00,0.0,2025-02-23T23:00:00+00:00,2025-02-21,1.82,2.04,0.5284974093264249,0.114113306767421,0.6039344409978569,0.3077725932942698,1.15,1.15,0.5806647731777996,0.528732385805965,4.9379461894427656e-08,147,168,False,False,False,be9984cf4a24666395da3549c7db15306ce448be2233098add792eb9a11f4796,5a5adb3f03f1e025098b16435f1dde0eb2ca58aaf41e517ef145605e08d78373,1.81,2.07,True,2025-02-21T06:26:00+00:00,2025-02-21T11:02:00+00:00
te:2826389,2025-02-21,2025,2025-02-21,zahraj-42755,fery,2025-02-21T19:20:00+00:00,2025-02-20T19:48:00+00:00,1.0,2025-02-23T23:00:00+00:00,2025-02-21,1.9,1.95,0.5064935064935064,0.025975486403260445,0.5926051818617846,0.34877010861516766,2.066666666666667,0.4666666666666667,0.5635872939334577,0.6408685522125653,8.130762729763319e-10,202,77,False,False,False,5ac7b0e947e42fb8cab9f18368c5b2ca16ca6192c7259ec1f079636c66c4fe4c,5b55f0fe5203de62a6626072835294bc8ea0ea781e519fd823e2fb1bff389e8e,1.86,2.02,True,2025-02-21T17:37:00+00:00,2025-02-21T19:07:00+00:00
te:2827787,2025-02-25,2025,2025-02-25,gaubas,stricker,2025-02-25T17:05:00+00:00,2025-02-25T09:00:00+00:00,1.0,2025-02-27T23:00:00+00:00,2025-02-25,1.63,2.31,0.5862944162436549,0.34866750971503135,0.5618391442828111,-0.10003801437984211,0.43333333333333335,0.43333333333333335,0.6302980618218669,0.7518326597325274,3.497202527569243e-13,186,81,False,False,False,ad37fdfc7cc00a9d102301138677f7a35fec9e0102a851995c8eba2a44c66959,20a4a817114f425fcecc1d7277da4950a8cde154e9eca94a56d3072f3aea71f9,1.89,1.94,True,2025-02-25T16:02:00+00:00,2025-02-25T16:02:00+00:00
te:2828269,2025-02-25,2025,2025-02-25,cazaux,tu-41622,2025-02-25T21:25:00+00:00,2025-02-25T09:13:00+00:00,0.0,2025-02-27T23:00:00+00:00,2025-02-25,1.78,2.06,0.5364583333333334,0.14609261849749608,0.5935199043379206,0.23244316957814873,0.0,0.0,0.7102297010790755,0.622855581319087,2.3605006838067766e-12,126,160,False,False,False,91fbf09c182e7e0b4b7516301d817bb68b57018f5e7525f4f556127e780553b6,5a839c1e8e7e53916e17fcb806f81e1d2ac922a03189ab18da5b254f37a7f66e,1.77,2.09,True,2025-02-25T19:29:00+00:00,2025-02-25T19:29:00+00:00
te:2828287,2025-02-25,2025,2025-02-25,bolt-fa7eb,boyer-64ede,2025-02-25T00:15:00+00:00,2025-02-24T10:06:00+00:00,1.0,2025-02-27T23:00:00+00:00,2025-02-25,1.93,1.88,0.4934383202099738,-0.026248226074936154,0.6179734207926216,0.5072034889185892,0.0,0.0,0.7432579420141369,0.8413709586827499,4.418235222125588e-11,145,171,False,False,False,234a41156f9b6ff66ce09bd0ab35f4c3e41b4ba6690f9ba6ab3653a259c20bae,e760787ae7375b35eb5beb234d5ce3e9fe4d4e632cd6e6154aeb9a8183f93ec6,2.06,1.79,True,2025-02-24T23:42:00+00:00,2025-02-24T23:42:00+00:00
te:2829491,2025-02-25,2025,2025-02-25,tomic-4ca3d,simakin,2025-02-25T07:15:00+00:00,2025-02-24T15:22:00+00:00,1.0,2025-02-27T23:00:00+00:00,2025-02-25,1.79,2.05,0.5338541666666666,0.13562417329765303,0.6221964727280989,0.36325745074667026,1.9166666666666667,0.45,0.6710257260997814,0.7313082657930987,2.045363878266926e-12,162,188,False,False,False,ce4b48f2d28fd53dba2afd3ddbd19ab71d51fc4b79db903b67c264035af490a3,64a5055bf13ad6bed487e4fff222f1c5773de9e41709d12292a58e026087249d,1.85,2.0,True,2025-02-25T06:30:00+00:00,2025-02-25T07:09:00+00:00
te:2831175,2025-02-28,2025,2025-02-28,cazaux,lestienne,2025-02-28T01:10:00+00:00,2025-02-27T10:15:00+00:00,1.0,2025-03-02T23:00:00+00:00,2025-02-28,1.85,1.97,0.5157068062827225,0.06284790365966353,0.6244260644991217,0.4455296767564225,0.0,0.0,0.7705626872882768,0.6994712399721209,1.7451570744064782e-10,124,145,False,False,False,42e5acefea9046c7d9513adf2a6dfe3a05eb60a7c581e3b8d4fd8f7503ea65f5,623d3267a338ac66aaa2b26121279151a56c0a869acbcd59ab73a4ef694a5f56,1.88,1.95,True,2025-02-27T17:32:00+00:00,2025-02-27T20:34:00+00:00
te:2832065,2025-02-28,2025,2025-02-28,royer,cecchinato,2025-02-28T12:05:00+00:00,2025-02-27T14:44:00+00:00,1.0,2025-03-02T23:00:00+00:00,2025-02-28,1.71,2.19,0.5615384615384615,0.24740817331384102,0.6263932653180354,0.2693664872540983,0.31666666666666665,0.31666666666666665,0.7840669715256322,0.7103114356719038,1.7912763550231858e-08,191,115,False,False,False,ca44b9337d486919b0ac451ba25409ccf0a7c8d59ffc502f7ed29443228ee462,32baa9d288c156f507967c880a4a8921f9863f1a2464d19dc47e8e7f1299e46e,1.75,2.17,True,2025-02-28T11:48:00+00:00,2025-02-28T11:48:00+00:00
te:2832127,2025-02-28,2025,2025-02-28,holt-669c7,bar-biryukov,2025-02-28T13:15:00+00:00,2025-02-27T17:02:00+00:00,0.0,2025-03-02T23:00:00+00:00,2025-02-28,1.81,2.05,0.5310880829015544,0.12451294787258244,0.5552920963616238,0.0975636568517822,2.4,0.6333333333333333,0.7926077962970782,0.6616160618917751,2.950117927724705e-11,172,173,False,False,False,2d55a63b3020db873bb826d87e54c667e70bebf7de72d1b1a6da7741050ad8c9,8315406c5b59f6182c4c6b1d06c0766be7b9d9ba31a4868eb28943dc5a1c536c,1.85,2.03,True,2025-02-28T13:06:00+00:00,2025-02-28T13:06:00+00:00
te:2832183,2025-02-28,2025,2025-02-28,cassone,van-assche,2025-02-28T15:10:00+00:00,2025-02-27T16:44:00+00:00,1.0,2025-03-02T23:00:00+00:00,2025-02-28,1.65,2.33,0.5854271356783919,0.34509297966511965,0.634921468922976,0.20829585651629579,1.1333333333333333,1.1333333333333333,0.6717091452928651,0.6856581563071956,7.338823271307859e-09,148,146,False,False,False,07446f311c0082e9b2ac83a211617958b688690540b81e3870a24b9950869da0,a3b133f74136c595a8e7a0071f48ebf87b7590049a6809d9eb198863b4f5b657,1.64,2.36,True,2025-02-28T14:15:00+00:00,2025-02-28T14:15:00+00:00
te:2832239,2025-02-28,2025,2025-02-28,spizzirri,daniel-2dd17,2025-02-28T18:05:00+00:00,2025-02-28T03:26:00+00:00,1.0,2025-03-02T23:00:00+00:00,2025-02-28,1.78,2.1,0.5412371134020618,0.16532398042538338,0.6447017895926808,0.4305064215760827,0.6,0.06666666666666667,0.7180938871555811,0.7046115995630934,1.0764722446765518e-12,148,136,False,False,False,baea19d7f5529901c408b22748e135085480b232524e546eed9874614bce8bc9,850315366e4f5ef7609b247eb69a84a559b751d362594db209dfbbf8e40be1d5,1.79,2.11,True,2025-02-28T14:31:00+00:00,2025-02-28T14:31:00+00:00
te:2832895,2025-03-04,2025,2025-03-04,blancaneaux,picchione,2025-03-04T09:30:00+00:00,2025-03-03T15:33:00+00:00,0.0,2025-03-06T23:00:00+00:00,2025-03-04,2.03,1.81,0.47135416666666663,-0.11470894777596173,0.5587483591311608,0.35079283009790246,0.6,0.06666666666666667,0.612911443669591,0.5000000000000001,0.02210636900464244,142,171,False,False,False,a38cf595a6c13590e4551e4e7758cef3d197d9782edc1710188fd4ab1656458d,0ade64884081ff18ffca57b36555434b2024b20e7cdc93b86233b5d3d4d3c110,2.06,1.79,True,2025-03-04T08:06:00+00:00,2025-03-04T08:06:00+00:00
te:2832899,2025-03-04,2025,2025-03-04,neumayer,chazal,2025-03-04T08:10:00+00:00,2025-03-03T14:38:00+00:00,0.0,2025-03-06T23:00:00+00:00,2025-03-04,1.9,1.92,0.5026178010471204,0.010471299867295303,0.5695075361583327,0.26937089775034384,1.8666666666666667,1.2333333333333334,0.6011985845638683,0.5000000000000001,0.011188597260255867,182,189,False,False,False,9785b2c3d515121519c134001deb12ed6c78e6e0f186e012cf38225ccb316353,a61d0f8853c1b66df2dccede231f5c1abc217873f5205b838178d448c8caac42,2.01,1.83,True,2025-03-04T07:30:00+00:00,2025-03-04T07:30:00+00:00
te:2833423,2025-03-04,2025,2025-03-04,martineau-40903,added,2025-03-04T12:45:00+00:00,2025-03-02T16:09:00+00:00,1.0,2025-03-06T23:00:00+00:00,2025-03-04,1.74,2.12,0.5492227979274612,0.1975309754574837,0.6037670367755786,0.22365511812305408,0.0,0.0,0.8072694387316258,0.7082036586744932,1.3208600879721644e-12,159,171,False,False,False,3621405abcddf9506f4a797b8a5cf0f6ef2d79f276387ae944d4f7821e056a99,dcd3be74f530f4116d4111abb563b84877c9fab54f550cef36755029b871bd2b,1.64,2.32,True,2025-03-04T04:11:00+00:00,2025-03-04T04:11:00+00:00
te:2833427,2025-03-04,2025,2025-03-04,gueymard-wayenburg,yevseyev,2025-03-04T16:10:00+00:00,2025-03-02T16:04:00+00:00,1.0,2025-03-06T23:00:00+00:00,2025-03-04,1.85,1.98,0.5169712793733681,0.06791120561621009,0.6135177724808158,0.39421214327659815,0.0,0.0,0.5909929426286726,0.5595177126793544,1.2734262533342644e-09,189,175,False,False,False,c36943e67464ba7a089acc25b2995b68b28193edb596e498491153130aac4d75,744fe18ccf9f176b27b2f1e93b0e3c245bb357902f15a84d93f8dc9497ae6f30,1.84,2.0,True,2025-03-04T08:10:00+00:00,2025-03-04T08:10:00+00:00
te:2834987,2025-03-04,2025,2025-03-04,butvilas,smith-8b3b8,2025-03-04T10:15:00+00:00,2025-03-03T18:18:00+00:00,0.0,2025-03-06T23:00:00+00:00,2025-03-04,1.82,2.01,0.5248041775456919,0.09929822098228022,0.5744931517602943,0.2009089134335517,0.9666666666666667,0.9666666666666667,0.7145101839542246,0.6081352377111527,2.7919036527102037e-10,217,144,False,False,False,db9858087673b07a98291ac047c64c29f46c764bf6eb9b86b7c3ffe60f5811e9,a380157be40c7954ad97ec035b393a33c7403c6f463e5c17207486e4a87d5e13,1.84,2.0,True,2025-03-04T10:07:00+00:00,2025-03-04T10:07:00+00:00
te:2835389,2025-03-04,2025,2025-03-04,rodionov-f5e38,sachko,2025-03-04T14:40:00+00:00,2025-03-04T08:36:00+00:00,0.0,2025-03-06T23:00:00+00:00,2025-03-04,1.73,2.13,0.5518134715025906,0.208000571211646,0.6239226083406124,0.2982308132794747,1.35,0.6166666666666667,0.6203383151083492,0.636162535598201,8.046861371679981e-09,158,170,False,False,False,0baf5531f239157b78e3b2bf8f1ff5ab3f80de9de04590c072ec460877c74127,54f713da098143bed428d781c517e6de9ff05c8c69d24d49ae5a69909872b496,1.68,2.21,True,2025-03-04T09:46:00+00:00,2025-03-04T11:28:00+00:00
te:2837253,2025-03-07,2025,2025-03-07,coria-df292,galan-e4b30,2025-03-07T17:25:00+00:00,2025-03-06T18:49:00+00:00,0.0,2025-03-09T23:00:00+00:00,2025-03-07,1.74,2.15,0.5526992287917738,0.21158272891313384,0.6346805975115068,0.3407671011514897,0.85,0.85,0.6872428098327791,0.671063194994376,1.1869815019771579e-08,201,162,False,False,False,70d3f0ce90d0d332a22700dd8703d510db0830f3785efcd5da4363319a057f44,8feae5d62fa8817fec1264770a3352983bdb55cf05719e81ff9123a20fb4f7dd,1.75,2.16,True,2025-03-07T12:51:00+00:00,2025-03-07T12:51:00+00:00
te:2837489,2025-03-07,2025,2025-03-07,piros,novak-77d05,2025-03-07T09:10:00+00:00,2025-03-06T14:27:00+00:00,1.0,2025-03-09T23:00:00+00:00,2025-03-07,1.89,1.96,0.5090909090909091,0.03636764417087508,0.610975515878327,0.4150469591610239,0.0,0.0,0.6553337020429656,0.601842674035746,7.28861221377386e-10,156,132,False,False,False,15dcb3524b3f1cbb987ddc0c19aeb924dce30233651dac51a7a216661b5089bb,d5d9e9d246a2f168b53c7212f9711170d677f70580c8d39ee0d1f34c68b5e938,1.92,1.95,True,2025-03-07T05:35:00+00:00,2025-03-07T05:35:00+00:00
te:2837539,2025-03-07,2025,2025-03-07,rodionov-f5e38,choinski,2025-03-07T19:15:00+00:00,2025-03-06T18:23:00+00:00,0.0,2025-03-09T23:00:00+00:00,2025-03-07,1.74,2.16,0.5538461538461539,0.2162231084696361,0.6320455649816932,0.3247792669505871,0.26666666666666666,0.26666666666666666,0.7295912120876412,0.6833771695265789,2.1075440226336895e-08,156,162,False,False,False,3200b917b84b0e6d9a38d3395bd007060f815e4af1aebbe14f5da96a5e312766,03476fb401bbcc167aa1ce2d61ea4b516c768151a46140b733e5128f8cf4fe26,1.77,2.14,True,2025-03-07T16:41:00+00:00,2025-03-07T17:54:00+00:00
te:2837553,2025-03-07,2025,2025-03-07,cerundolo-08df6,varillas,2025-03-07T13:05:00+00:00,2025-03-06T18:53:00+00:00,0.0,2025-03-09T23:00:00+00:00,2025-03-07,1.81,2.06,0.5322997416020672,0.12937913752375527,0.6177986175871031,0.3508357565321457,0.0,0.0,0.6941747404813766,0.6402152630209594,6.11927800098222e-09,171,138,False,False,False,c405e4d6b247c61a162db7843aa645d37dbb9d595dbc00cd22f5ebfcd1d1fb70,715ba8afc27515a6b2e2a7fc2774ad73ebd8eb70b76139ca08d3e350a4890533,1.83,2.05,True,2025-03-07T10:41:00+00:00,2025-03-07T10:41:00+00:00
te:2837633,2025-03-07,2025,2025-03-07,bouquier,van-assche,2025-03-07T17:50:00+00:00,2025-03-07T10:48:00+00:00,,,,1.7,2.16,0.5595854922279793,0.2394799706339032,0.6121399269137344,0.2168362862897671,1.1833333333333333,0.55,0.6305084815151382,0.6918976807618478,4.951280263565394e-08,144,154,False,False,False,5c47e7c3dbbcc6662cf4a47fc64b442755c1fd15164ef98c53028c1f50444f08,597e819025af531d013f90a9a133294990fa145de7b2576dd8de40d8b99e3539,1.71,2.23,True,2025-03-07T15:52:00+00:00,2025-03-07T16:31:00+00:00
te:2838689,2025-03-11,2025,2025-03-11,cina,dellavedova,2025-03-11T08:10:00+00:00,2025-03-10T16:58:00+00:00,1.0,2025-03-13T23:00:00+00:00,2025-03-11,2.02,1.81,0.47258485639686687,-0.10977066613537889,0.5618437094250108,0.35841870571904955,0.2833333333333333,0.2833333333333333,0.6096560585585177,0.5000000000000001,0.00626130260829999,118,213,False,False,False,054575042aaf336096835ef2c57c8fd3e8a8e5453e1328bc487fb65276daf52f,e7d71dbdddb5d81d0156147af9a92efb1b913ef12e69848e329b8e34f4f59759,1.98,1.85,True,2025-03-11T07:48:00+00:00,2025-03-11T07:48:00+00:00
te:2838789,2025-03-11,2025,2025-03-11,sels,escoffier,2025-03-11T09:40:00+00:00,2025-03-10T18:37:00+00:00,0.0,2025-03-13T23:00:00+00:00,2025-03-11,1.95,1.87,0.4895287958115184,-0.041890941709159774,0.5793208591798833,0.36187701943409856,0.5166666666666667,0.5166666666666667,0.5000000000000001,0.5893272008674718,0.0029313614661042875,156,195,False,False,False,ded3e257560ec2cf6cefc5ecd28a086725a6e5fe32833aff4095bf958524d28a,b61f702a7be00fc85c674ecc779f4bd3856661ffe99c22e9d472cc1acb10d6af,2.03,1.82,True,2025-03-11T09:00:00+00:00,2025-03-11T09:00:00+00:00
te:2840599,2025-03-11,2025,2025-03-11,wong-d3ead,harris-5a94c,2025-03-11T21:00:00+00:00,2025-03-11T11:15:00+00:00,1.0,2025-03-13T23:00:00+00:00,2025-03-11,1.63,2.3,0.5852417302798981,0.34432910811643264,0.6203771464906577,0.14682021666369666,0.2833333333333333,0.2833333333333333,0.6370489084474382,0.6831471488083152,7.678736202443304e-09,184,208,False,False,False,6509d68426c61d42be9c02585278b19769f2ee2e0cd987a54a5315b6ede01898,38624a31c63ce282aa7007351a06929b6f767651150ecd21bba9915f39986398,1.65,2.29,True,2025-03-11T20:48:00+00:00,2025-03-11T20:48:00+00:00
te:2841685,2025-03-11,2025,2025-03-11,gobat,jubb,2025-03-11T12:45:00+00:00,2025-03-11T06:13:00+00:00,0.0,2025-03-13T23:00:00+00:00,2025-03-11,1.96,1.85,0.4855643044619423,-0.05775883415219216,0.6007254423194969,0.46624753482856607,1.5333333333333334,1.0333333333333334,0.655919944892713,0.7426104134791092,2.999323289731848e-10,106,131,False,False,False,ffe91456db07f874a6eb16dbeac6aa56afc8425eeffee9be05909b3a6006592a,a9b76388f9d7d2f3b9e93a2a7a4089b45901b95c0592b4a428e04c0bd204ca2a,1.93,1.91,True,2025-03-11T11:34:00+00:00,2025-03-11T12:34:00+00:00
te:2841687,2025-03-11,2025,2025-03-11,janvier,sachko,2025-03-11T10:55:00+00:00,2025-03-11T00:10:00+00:00,1.0,2025-03-13T23:00:00+00:00,2025-03-11,1.75,2.11,0.5466321243523315,0.18707215955255221,0.6202733117581433,0.3036362942945685,0.55,0.016666666666666666,0.652713677595138,0.7074321365602463,3.737107012735663e-10,178,176,False,False,False,4173c44a456828d02b8b6d2fa752ccff7d3412ef58ded2196a65c2c84a9ba4ef,a995b1fe86b35a1cc1ef10fe0604aafc6478847928d521bc91e1a986e4f07c7d,1.85,2.0,True,2025-03-11T08:03:00+00:00,2025-03-11T08:49:00+00:00
te:2841701,2025-03-11,2025,2025-03-11,samrej-f05ce,krutykh,2025-03-11T14:25:00+00:00,2025-03-10T17:49:00+00:00,0.0,2025-03-13T23:00:00+00:00,2025-03-11,1.8,2.03,0.5300261096605744,0.12024912815157689,0.622172490848171,0.378530476142164,0.0,0.0,0.6281546308794438,0.662942845548005,1.6871938512963425e-08,144,206,False,False,False,045be838da15842e0355afcac445be1de3a441f7627b37bd31ae570bd71179dd,28244db12257a2641ca362165fe334ccdcb7fc988ffc2eec54db4d764d5fc521,1.85,1.98,True,2025-03-11T12:45:00+00:00,2025-03-11T11:56:00+00:00
te:2843145,2025-03-14,2025,2025-03-14,negritu,novak-77d05,2025-03-14T09:10:00+00:00,2025-03-13T18:48:00+00:00,1.0,2025-03-16T23:00:00+00:00,2025-03-14,1.82,2.05,0.5297157622739017,0.11900329206161245,0.6240573959414248,0.38780256979571415,2.0833333333333335,0.08333333333333333,0.638286074905878,0.6735860135882085,2.254021413961027e-09,179,141,False,False,False,8a342d2f94c783a016e526fead95fcf47e678445114b2ff4dd2f08783bf9cc8a,d8852a9e0b2b479836d91859dda62b56177180a8a400389b6472f6f067cfc16e,1.85,2.03,True,2025-03-14T05:32:00+00:00,2025-03-14T05:32:00+00:00
te:2843147,2025-03-14,2025,2025-03-14,cina,kirkin,2025-03-14T11:05:00+00:00,2025-03-13T18:49:00+00:00,1.0,2025-03-16T23:00:00+00:00,2025-03-14,2.0,1.85,0.4805194805194806,-0.07796154146971143,0.6030833872628723,0.4962908008292015,0.0,0.0,0.7150432712400108,0.6369001615603519,1.5653286666861277e-08,118,164,False,False,False,5887b2c40bdc460d950920de21bb1f359b884feabdd9d8268474be248a17cf36,a5334bea95a89ade6fa8376646fd5d64f470a5d3dd9d6b567566a2b3d0f7df8e,1.99,1.88,True,2025-03-14T08:51:00+00:00,2025-03-14T08:51:00+00:00
te:2843699,2025-03-14,2025,2025-03-14,zahraj-42755,fery,2025-03-14T15:10:00+00:00,2025-03-13T18:47:00+00:00,0.0,2025-03-16T23:00:00+00:00,2025-03-14,1.87,1.99,0.5155440414507771,0.06219620786990554,0.5946781793238581,0.32114280574659565,1.3,0.13333333333333333,0.5539388106388347,0.6265794162165486,1.8802229273529036e-08,206,87,False,False,False,ad65e41d99740f84b5871d782e569178f46bb7953a5d93a7cd6882f562e86eea,2ebf09860a9205fb9e6f01b6c2dad2a34d1bc44767596393907328926dcf7700,1.93,1.94,True,2025-03-14T13:19:00+00:00,2025-03-14T13:19:00+00:00
te:2843701,2025-03-14,2025,2025-03-14,karatsev,rodesch,2025-03-14T11:50:00+00:00,2025-03-14T02:37:00+00:00,0.0,2025-03-16T23:00:00+00:00,2025-03-14,1.85,2.01,0.5207253886010362,0.08294908298075078,0.6209354856666633,0.4105716926290402,1.0166666666666666,0.2833333333333333,0.7436169696244723,0.6777223885206104,1.4077627952246985e-13,107,169,False,False,False,a4d1459c3b755692d23f804df41602229fa22a5630368120e40925754c570f14,83be1af8d66d6cd1e1e73289fabee086a7738981895ebe5311784d629ac8ecef,1.81,2.07,True,2025-03-14T11:31:00+00:00,2025-03-14T11:29:00+00:00
te:2844035,2025-03-14,2025,2025-03-14,borges-8d823,smith-4a480,2025-03-14T18:10:00+00:00,2025-03-14T11:27:00+00:00,0.0,2025-03-16T23:00:00+00:00,2025-03-14,1.78,2.1,0.5412371134020618,0.16532398042538338,0.6369159701066249,0.39667945659960885,1.4,0.13333333333333333,0.7217031201642579,0.6875269312191108,4.388804042410044e-09,162,139,False,False,False,21ff97b7a53aac99b46abc7c0b66921343b1ed1a3fed8cdcbe5d80fd9dcf0984,f9c7f6726a1f5ac32129167e2892259963a6ba88bc8d7d43aec1b5b87537dc70,1.81,2.08,True,2025-03-14T17:51:00+00:00,2025-03-14T17:51:00+00:00
te:2844037,2025-03-14,2025,2025-03-14,bublik-43f80,moutet,2025-03-14T19:40:00+00:00,2025-03-14T09:59:00+00:00,1.0,2025-03-16T23:00:00+00:00,2025-03-14,1.73,2.18,0.5575447570332481,0.23120346829131025,0.6345857160675149,0.3207371676422043,0.3,0.3,0.6704137648683827,0.684379300697808,9.512876320005859e-09,103,139,False,False,False,ae7ecb9507b7dca354f738c1050ee14961f90098ac3aab1a45580d5badedfaf4,d4cc365f2090704c733717354914c2c3f4d20763b302b1a84e0c8b1a9291d8f8,1.74,2.19,True,2025-03-14T16:51:00+00:00,2025-03-14T16:24:00+00:00
te:2844081,2025-03-14,2025,2025-03-14,buse,reis-da-silva,2025-03-14T20:35:00+00:00,2025-03-14T11:28:00+00:00,0.0,2025-03-16T23:00:00+00:00,2025-03-14,1.95,1.9,0.49350649350649356,-0.025975486403260445,0.6012534895176318,0.436666208658552,1.4,0.5666666666666667,0.5548557088004158,0.5000000000000001,0.01973258241284534,175,128,False,False,False,2937ec162a59319cf8e0cd04f855fdad30d110c4f06e32b918a23e8e8b11cae0,ddf1cb1f9ee6f367b082e4eaadefb918e9f4fcde4703dc6d54ce671bed62f716,1.86,2.02,True,2025-03-14T18:07:00+00:00,2025-03-14T20:23:00+00:00
te:2844099,2025-03-14,2025,2025-03-14,muller-c81bc,lestienne,2025-03-14T19:10:00+00:00,2025-03-14T08:03:00+00:00,1.0,2025-03-16T23:00:00+00:00,2025-03-14,1.88,1.97,0.5116883116883117,0.04676176590803954,0.6354422150816925,0.5088743214173002,0.0,0.0,0.7692656556982592,0.7102860886097369,1.3530843112619095e-12,162,141,False,False,False,9fb07478baffdc678803e503bfa9723ca466e01f5757cea990bcbcafe5f7b5e1,5c9a3e71b909d31f3658c2fa006510fc646a27bd3df81d9a4dbc982f234d75dc,1.92,1.95,True,2025-03-14T18:12:00+00:00,2025-03-14T18:12:00+00:00
te:2844875,2025-03-18,2025,2025-03-18,mayot,butvilas,2025-03-18T09:40:00+00:00,2025-03-17T10:00:00+00:00,1.0,2025-03-20T23:00:00+00:00,2025-03-18,1.77,2.08,0.5402597402597403,0.16138834712748912,0.6292924685741467,0.36779434867367305,0.0,0.0,0.6907233458043769,0.6583439941966538,1.062488985681398e-11,173,218,False,False,False,79899ea9d521786e2a053c6a68dc781dc9383e834f99a9219b4c94a24a678201,62a4fde1658e8482df584e8019d0b01f5f839c7812d6e8864e2feabe43222fc7,1.76,2.11,True,2025-03-18T04:01:00+00:00,2025-03-18T04:01:00+00:00
te:2846089,2025-03-18,2025,2025-03-18,olivo,wiskandt,2025-03-17T23:55:00+00:00,2025-03-17T10:29:00+00:00,1.0,2025-03-20T23:00:00+00:00,2025-03-18,1.91,1.91,0.5,0.0,0.5910244397947373,0.3682019705836191,0.9833333333333333,0.9833333333333333,0.6332901767683531,0.5549523816295217,1.1278404654646579e-08,146,183,False,False,False,e0d5fd669315ab6833a42e2a520e2da3d87665ff509da365cd3a1248311d387f,b400ff351cc616012b91323ea61f57bb2645bb14faae245e0f50a10059e609d1,1.94,1.89,True,2025-03-17T20:00:00+00:00,2025-03-17T20:00:00+00:00
te:2846099,2025-03-18,2025,2025-03-18,monteiro-f1500,bertola-e4bb8,2025-03-18T19:05:00+00:00,2025-03-18T10:29:00+00:00,1.0,2025-03-20T23:00:00+00:00,2025-03-18,2.11,1.75,0.4533678756476684,-0.18707215955255246,0.5594820844616349,0.42613255070433176,1.8333333333333333,1.8333333333333333,0.8406190122273426,0.7064160388620417,1.0074290873740566e-08,180,194,False,False,False,5f6ee97d7e549e0d2b1418dca481065febfac828d8065deffde7a26b9115118e,d2f2e54efc54a5151c1c12749fcb07400fdc9f171a0d6b7dde1d2f71eabe5dd9,2.06,1.79,True,2025-03-18T18:37:00+00:00,2025-03-18T18:14:00+00:00
te:2847719,2025-03-18,2025,2025-03-18,mikrut,arnaboldi-d7371,2025-03-18T16:00:00+00:00,2025-03-17T19:10:00+00:00,1.0,2025-03-20T23:00:00+00:00,2025-03-18,2.09,1.76,0.4571428571428572,-0.17185025692665906,0.594039763687986,0.5525413015973455,0.0,0.0,0.6805332642442783,0.5989483433411151,1.9146511598400195e-09,150,148,False,False,False,5c8010d388e886b548beedc5bd4c0f02aabad87dbeb47fdb80961577db7979c8,359a24ba4db84fd761777faace01f090ae068cb4db2f0e4784882dbcbcbe601c,2.13,1.75,True,2025-03-18T13:18:00+00:00,2025-03-18T12:33:00+00:00
te:2850651,2025-03-21,2025,2025-03-21,barrios-vera,villanueva-55ff0,2025-03-20T23:00:00+00:00,2025-03-20T10:05:00+00:00,1.0,2025-03-23T23:00:00+00:00,2025-03-21,2.04,1.79,0.46736292428198434,-0.13073418800346137,0.5605165518790141,0.3739929049269508,0.26666666666666666,0.26666666666666666,0.7312734854888266,0.6109537874910329,1.4033119111189762e-10,172,167,False,False,False,562b77a9d538f2993ab9e053d908ca4f0d1b29fdefde48643ed31a35667df8c4,51783038f5b28547bcebbdee307cce22877b122b641b4ebc8e1417162fe129f8,2.0,1.84,True,2025-03-20T21:13:00+00:00,2025-03-20T21:13:00+00:00
te:2850807,2025-03-21,2025,2025-03-21,ficovich,johns-b2ed0,2025-03-21T21:10:00+00:00,2025-03-21T10:17:00+00:00,0.0,2025-03-23T23:00:00+00:00,2025-03-21,1.9,1.95,0.5064935064935064,0.025975486403260445,0.6026187815708134,0.39041323948931117,0.7,0.03333333333333333,0.7278812956631917,0.6463641182499404,2.499957352242177e-09,193,171,False,False,False,4d68a4a0b896eb143c00f96ad7b9e1d625f80a29fe53b12c89f1824650857dc6,099734bab601eca71422b6dfdb247d92adb063ed81554b852c0b8ef9bbca3845,1.96,1.91,True,2025-03-21T17:34:00+00:00,2025-03-21T17:34:00+00:00
te:2851087,2025-03-21,2025,2025-03-21,taberner,fucsovics,2025-03-21T11:55:00+00:00,2025-03-20T18:53:00+00:00,1.0,2025-03-23T23:00:00+00:00,2025-03-21,2.01,1.85,0.4792746113989638,-0.08294908298075057,0.5752423895695278,0.386221904203111,0.0,0.0,0.5000000000000001,0.5944269491939163,0.01929466435931769,200,123,False,False,False,c9b18f7013f10da1d68802ec523a10b7d6e9ab3fae6ed04de9fa3223f11ba1c8,6ae91b39e3b18c798650cce3fffdcdc1c2b1f875e4ce7f9fe6678dfee8acf05b,2.12,1.78,True,2025-03-21T10:42:00+00:00,2025-03-21T10:42:00+00:00
te:2851195,2025-03-21,2025,2025-03-21,vallejo-d7859,galan-e4b30,2025-03-21T22:15:00+00:00,2025-03-21T10:09:00+00:00,0.0,2025-03-23T23:00:00+00:00,2025-03-21,1.82,2.05,0.5297157622739017,0.11900329206161245,0.6001325498185089,0.2870141374752565,1.5,0.7666666666666667,0.6309199615724649,0.7115363805064048,5.084884752148966e-08,170,174,False,False,False,47d01d8e4923bde7ba66369062913649e9b6c385c4f0ae452af6a1da17ae9cb0,16fa41d243a42f7280ed298e7474e7812e3fb87d0ff3cf2cc509294613a5cc9f,1.88,1.99,True,2025-03-21T22:06:00+00:00,2025-03-21T22:06:00+00:00
te:2851199,2025-03-21,2025,2025-03-21,monteiro-f1500,guillen-meza,2025-03-21T20:10:00+00:00,2025-03-21T10:17:00+00:00,0.0,2025-03-23T23:00:00+00:00,2025-03-21,1.83,2.04,0.5271317829457364,0.10863384100279519,0.6257387754606796,0.40534513647156123,1.9333333333333333,1.2666666666666666,0.7613640267571528,0.6947808159058402,1.0841031405917079e-09,182,154,False,False,False,d3f44b8703c771bcc1e1c7dcb58038c18048977e9af9b1142eb4348e29472e17,686365ffcca3f46e243f6b544be9541d415cd368a06f5a06f707a324bea3e519,1.79,2.1,True,2025-03-21T14:07:00+00:00,2025-03-21T16:03:00+00:00
te:2852235,2025-03-25,2025,2025-03-25,blanchet,trungelliti,2025-03-25T15:25:00+00:00,2025-03-23T19:26:00+00:00,1.0,2025-03-27T23:00:00+00:00,2025-03-25,1.78,2.05,0.5352480417754569,0.14122642884632308,0.6497339792584684,0.47664366254703927,1.3333333333333333,0.26666666666666666,0.7207298353402662,0.7250359386049664,4.699242661665437e-10,136,155,False,False,False,9da33999d4a9b4c434628c023dbd9cf592a3390cb2b489e23060ab28408d1cee,3f830638ff10584ea516cbc547251ace97b694b7daac16b9a4eb33a21d929255,1.79,2.06,True,2025-03-24T12:37:00+00:00,2025-03-25T03:51:00+00:00
te:2853137,2025-03-25,2025,2025-03-25,hernandez-serrano,mejia-a7d27,2025-03-24T23:10:00+00:00,2025-03-24T11:22:00+00:00,1.0,2025-03-27T23:00:00+00:00,2025-03-25,2.11,1.75,0.4533678756476684,-0.18707215955255246,0.5595354789041168,0.4263491973127662,0.65,0.65,0.5000000000000001,0.6120915404317362,0.007920229176163418,123,172,False,False,False,ce48b1af0a7ea92ba33266d8c99eda063c26dceaf9152f326abcca415fc61daa,11c4858445a32187d1bc2d97b7cb585dbb93371c1e6058fa0282a4e1062f17af,2.01,1.84,True,2025-03-24T19:30:00+00:00,2025-03-24T20:46:00+00:00
te:2853155,2025-03-25,2025,2025-03-25,nava-337db,dutra-da-silva,2025-03-25T17:15:00+00:00,2025-03-25T09:07:00+00:00,0.0,2025-03-27T23:00:00+00:00,2025-03-25,2.19,1.69,0.43556701030927836,-0.25917301489342737,0.5345791605393112,0.3977108090386058,2.3,0.8333333333333334,0.7662666860640484,0.6233059061220594,3.318456620604593e-12,163,182,False,False,False,6547b20525efe46675d80aa2a7a615ae389130bf20eb3baf8eb3ff09957503af,626b29492e3b8b51bb427566edc6fdeb62e10c168b8056c8ad3fb711a257a448,2.18,1.71,True,2025-03-25T16:05:00+00:00,2025-03-25T16:05:00+00:00
te:2853163,2025-03-25,2025,2025-03-25,pucinelli-de-almeida,guillen-meza,2025-03-25T13:10:00+00:00,2025-03-25T00:44:00+00:00,0.0,2025-03-27T23:00:00+00:00,2025-03-25,1.92,1.9,0.4973821989528796,-0.010471299867295303,0.6147905289586799,0.477965639379718,2.283333333333333,0.38333333333333336,0.5040912756559669,0.5040912756187677,0.000762580227081075,159,158,False,False,False,7d75063f319ffc54b488d03d34d1375986155b58412be3f0bcbcea35cd69cf5e,63673dac5bffc3ccfc19568af7159a953cd1a10ed9c8e3cc704067b96a22e8b3,1.9,1.93,True,2025-03-25T09:35:00+00:00,2025-03-25T07:05:00+00:00
te:2856947,2025-03-28,2025,2025-03-28,svrcina,dellien-e101c,2025-03-28T13:05:00+00:00,2025-03-28T01:30:00+00:00,0.0,2025-03-30T23:00:00+00:00,2025-03-28,1.98,1.88,0.4870466321243523,-0.05182506786458622,0.5965593281729575,0.4429743219174853,0.8666666666666667,0.23333333333333334,0.5637437739378489,0.5000000000000001,0.025652165796376802,190,151,False,False,False,e0c02a919f6a1a8b60010d93fd1c995c1ecd3d1fe73f66e0693d06b5dd8e4a1b,e962e17704775a6a9b3464fba639d9064a3ea07f4e72f9f935792244dc5779bc,2.01,1.86,True,2025-03-28T12:40:00+00:00,2025-03-28T12:40:00+00:00
te:2857003,2025-03-28,2025,2025-03-28,olivieri-ff875,galan-e4b30,2025-03-28T16:10:00+00:00,2025-03-28T09:28:00+00:00,1.0,2025-03-30T23:00:00+00:00,2025-03-28,1.94,1.91,0.49610389610389616,-0.015584731016698041,0.5960986274627661,0.404820145937311,0.85,0.21666666666666667,0.6342250649659874,0.7209906979354878,3.345092777773395e-08,158,179,False,False,False,cc3e4eb7a8cee30f5c9e0ce57c8131af2ee4ba3b904a2bd445e4f3b75410eeab,305567b2c77880f1e161485ff13fe82e6800c4c65c7c9a82e49afc818db04a9a,1.99,1.87,True,2025-03-28T15:29:00+00:00,2025-03-28T15:07:00+00:00
te:2857211,2025-03-28,2025,2025-03-28,de-jong-57322,ofner-44428,2025-03-28T12:00:00+00:00,2025-03-27T23:34:00+00:00,1.0,2025-03-30T23:00:00+00:00,2025-03-28,1.75,2.14,0.5501285347043702,0.20119004109833744,0.6285043479429057,0.3246157445361489,0.8333333333333334,0.8333333333333334,0.7478130105956451,0.6893242226975601,5.694595961447391e-09,179,80,False,False,False,9f1e18944941ae45d90d89cc26688c02998dfbc1177622459d43bd840fef971f,1eb477fc3d9d0ee54f43479598c30c1d821c6ae50f20d8b1d3a608a7ce190380,1.81,2.08,True,2025-03-28T08:34:00+00:00,2025-03-28T08:34:00+00:00
te:2857285,2025-03-28,2025,2025-03-28,darderi,wawrinka-ffdb9,2025-03-28T17:15:00+00:00,2025-03-28T09:26:00+00:00,0.0,2025-03-30T23:00:00+00:00,2025-03-28,1.67,2.28,0.5772151898734177,0.3113518165376855,0.6485335166265801,0.30124751562296637,0.9,0.3333333333333333,0.7464969843100498,0.7179354802843687,7.203847501857652e-08,151,87,False,False,False,3053c046364466de2f0fcc78f29b9ff7035f8b9e71c011b42fc85fdfa0d23396,a88620997ae91c4c3216d277f664eb18b6b692af0e60e40be2be4a79f9f05bc2,1.7,2.25,True,2025-03-28T17:04:00+00:00,2025-03-28T17:04:00+00:00
te:2858643,2025-04-01,2025,2025-04-01,poljicak,barrere-ea847,2025-04-01T11:40:00+00:00,2025-03-30T18:29:00+00:00,1.0,2025-04-03T22:00:00+00:00,2025-04-01,1.82,2.0,0.5235602094240838,0.0943106794712413,0.630405048399917,0.43964418670540295,0.38333333333333336,0.38333333333333336,0.6857639391709484,0.7378773067320742,1.4375604096006356e-08,199,131,False,False,False,6edbc3036141b62ee3a0e04cdf81e41f6fce618921693ba57720f16c1d5f8e28,264a7de4974bb365343f05754022f0edbedd75a3d264d01ab2679e758d98f72c,1.79,2.06,True,2025-03-31T09:32:00+00:00,2025-04-01T10:10:00+00:00
te:2858677,2025-04-01,2025,2025-04-01,gaubas,squire,2025-04-01T10:15:00+00:00,2025-03-31T01:11:00+00:00,0.0,2025-04-03T22:00:00+00:00,2025-04-01,1.63,2.23,0.5777202072538861,0.31342157065335663,0.6356246119602252,0.24300196361349502,0.65,0.08333333333333333,0.6750209182803057,0.6813190826920366,5.134345171242671e-10,174,157,False,False,False,f0d6440550f7d8e5c72f67771e9968aaad18ba43c9858abebc0201c949bf55ed,be9e3e21da0d7caaf0e8dcab0b512e737564e282bcab60764ef32fcb76308c14,1.64,2.24,True,2025-04-01T01:03:00+00:00,2025-04-01T01:03:00+00:00
te:2862359,2025-04-04,2025,2025-04-04,royer,dalla-valle,2025-04-04T09:10:00+00:00,2025-04-03T17:18:00+00:00,1.0,2025-04-06T22:00:00+00:00,2025-04-04,2.1,1.78,0.45876288659793807,-0.16532398042538382,0.567847657809728,0.43839898505204394,0.0,0.0,0.7928496678195396,0.670547759839616,1.0101641745308143e-12,212,148,False,False,False,d41e73f71c4e933f4bf3d7d2e97cf1456fcdb2380424631fb5ecf851d6b1aefe,37f18de6a9cf712119fe662ce6c920de26c9002f1d2cbb08e777d3f3fc0f3be7,2.16,1.75,True,2025-04-04T08:34:00+00:00,2025-04-04T08:34:00+00:00
te:2862433,2025-04-04,2025,2025-04-04,martin-tiffon,taberner,2025-04-04T12:20:00+00:00,2025-04-03T17:32:00+00:00,1.0,2025-04-06T22:00:00+00:00,2025-04-04,1.85,2.0,0.5194805194805195,0.0779615414697121,0.605731192771568,0.35144184138724377,0.0,0.0,0.5000000000000001,0.5448153435397893,0.01833844274492101,197,205,False,False,False,4b76cf9ceb6ab31f0e180465eb1568e70008fe8dca0de64099498441409dd939,549694964d6e766a3f3a4331bc33f6456476c2ed8ddd6c6aff0d03af835b5ac1,1.86,2.02,True,2025-04-04T10:30:00+00:00,2025-04-04T08:32:00+00:00
te:2862469,2025-04-04,2025,2025-04-04,svrcina,geerts,2025-04-04T10:25:00+00:00,2025-04-03T17:19:00+00:00,0.0,2025-04-06T22:00:00+00:00,2025-04-04,2.0,1.85,0.4805194805194806,-0.07796154146971143,0.5807348808533638,0.40375241653322946,1.0666666666666667,0.36666666666666664,0.6447864306768074,0.552866384029685,1.1806156718918714e-08,197,195,False,False,False,65fabe1282a2829027237f3f2f892bf8a68f900bca8db05a9b434dca0e0bf8b4,2df982c332ca181de9499ed74654d530540d29855949cd134b401321f2e64ab8,2.14,1.77,True,2025-04-04T07:31:00+00:00,2025-04-04T08:06:00+00:00
te:2863495,2025-04-08,2025,2025-04-08,majchrzak-905d8,dellien,2025-04-08T11:55:00+00:00,2025-04-07T18:29:00+00:00,0.0,2025-04-10T22:00:00+00:00,2025-04-08,1.78,2.06,0.5364583333333334,0.14609261849749608,0.6001062366869424,0.2598151620751802,2.4,0.26666666666666666,0.6769602951393229,0.6032787609169652,7.06779218484499e-10,168,200,False,False,False,8b447035f1d0f0a8917e7c745e6a225ecf9bb4026c5f048e87f41036a25c40aa,16197fa6907f0ff5dc92515f43783cd82ee1cbc63f990cebb4b7d5e8b60da672,1.81,2.05,True,2025-04-08T10:16:00+00:00,2025-04-08T10:16:00+00:00
te:2863527,2025-04-08,2025,2025-04-08,vasami-a02e2,jubb,2025-04-08T11:35:00+00:00,2025-04-07T16:29:00+00:00,0.0,2025-04-10T22:00:00+00:00,2025-04-08,1.91,1.91,0.5,0.0,0.6267229406845668,0.518183631805929,0.9833333333333333,0.48333333333333334,0.6740989300158593,0.644572130414064,2.5638302592057016e-10,27,134,False,False,False,eb010eae741a65c3a1f9e08bf2248f53359493c7a733d2129a4816472a182378,03a8c1d5f52e5c36672482c4cb6c5509619ebb947b279e8714c9686d08f74a3c,1.96,1.87,True,2025-04-08T11:26:00+00:00,2025-04-08T11:26:00+00:00
te:2864891,2025-04-08,2025,2025-04-08,gea,kuzmanov,2025-04-08T08:10:00+00:00,2025-04-07T18:45:00+00:00,1.0,2025-04-10T22:00:00+00:00,2025-04-08,1.95,1.87,0.4895287958115184,-0.041890941709159774,0.6105224282337096,0.491399690530566,0.7666666666666667,0.7666666666666667,0.5000000000000001,0.5307036594939201,0.007001228574034096,167,114,False,False,False,a2faa8159a552e7db2befcc02ed121fc1e07699c438f5d9ed53d3bafb21cd2df,456f4bf10215081c2dca17b2f01c2869bbe9acd85c44ad900d9a77cd66dea686,2.02,1.83,True,2025-04-08T07:44:00+00:00,2025-04-08T07:44:00+00:00
te:2864907,2025-04-08,2025,2025-04-08,piros,rincon-d1dab,2025-04-08T09:10:00+00:00,2025-04-07T18:02:00+00:00,1.0,2025-04-10T22:00:00+00:00,2025-04-08,1.79,2.04,0.5326370757180157,0.13073418800346137,0.6230767582512414,0.37189396673074193,2.6333333333333333,1.1666666666666667,0.656785442690489,0.6268705279809378,1.2561592821480616e-08,166,160,False,False,False,5f85cd2c514b18a0895e4b7f9f7897e671f1d7153e91788e45f68bcdb1240e0c,f8b0e552450b53197395f7f687b7b3e827f7a112d8372bc8c1ed283c976550ae,1.83,2.01,True,2025-04-08T04:54:00+00:00,2025-04-08T08:01:00+00:00
te:2865851,2025-04-08,2025,2025-04-08,andrade-58258,prado-angelo,2025-04-08T15:45:00+00:00,2025-04-08T08:44:00+00:00,0.0,2025-04-10T22:00:00+00:00,2025-04-08,1.93,1.88,0.4934383202099738,-0.026248226074936154,0.6181823616129185,0.5080886153199515,0.7666666666666667,0.7666666666666667,0.5848016555558713,0.574606791516758,1.1426001089720472e-08,124,164,False,False,False,a2892c5a2e4cd3e2f5c7209e950152eaf53bb240aa4dae8aab3fe41c5ec093e9,f270bed0cb8bf3a574aa53db1532a6e52c48162f7f1615ce55a3010bf8c24633,2.03,1.82,True,2025-04-08T15:32:00+00:00,2025-04-08T15:32:00+00:00
te:2866471,2025-04-11,2025,2025-04-11,van-assche,arnaboldi-d7371,2025-04-11T11:30:00+00:00,2025-04-10T16:15:00+00:00,1.0,2025-04-13T22:00:00+00:00,2025-04-11,1.95,1.9,0.49350649350649356,-0.025975486403260445,0.5887016037807521,0.3845759507768375,0.35,0.35,0.6417020621172178,0.559429365136862,2.458454523290854e-09,139,143,False,False,False,5581eaacf2e943b9ecb1b6a4f9f6430de7ffe7d5a5e741b1d0ce5cb9bfa74d21,feb97b89d38feb898f74eb54dff571c66af78ae22ba8d1ce21abc266619013b9,1.93,1.93,True,2025-04-11T07:31:00+00:00,2025-04-11T07:41:00+00:00
te:2866561,2025-04-11,2025,2025-04-11,royer,piros,2025-04-11T09:10:00+00:00,2025-04-10T16:16:00+00:00,,,,1.68,2.25,0.5725190839694657,0.2921364228011615,0.6361021458850259,0.26634952668837664,2.55,0.48333333333333334,0.756859203687516,0.7039895332601065,5.0626697278843835e-11,218,168,False,False,False,256a072875839d2cf75a906cc8f2f36b4023a58138e59030e811c067dd0a03b6,fc461abdf80bfb970a1d5c3cfca2d4e6831a0814e1bbffd9fe41788ac8b4c427,1.7,2.24,True,2025-04-11T08:21:00+00:00,2025-04-11T08:21:00+00:00
te:2866593,2025-04-11,2025,2025-04-11,gomez-e101b,jianu-c67fb,2025-04-11T15:10:00+00:00,2025-04-10T16:17:00+00:00,0.0,2025-04-13T22:00:00+00:00,2025-04-11,1.8,2.07,0.5348837209302325,0.1397619423751585,0.6067658648124354,0.2939758507793174,1.0,1.0,0.5764263653688674,0.5308636268369625,2.559915247835054e-08,165,203,False,False,False,40805bd0efba1fd1d37e8b133b01e1e6a68da80abfb59c6312a837e60c464c1b,7ffc9d227c70f38d3a6cdf8e909a033fe44958b10f409856b54f121dce20fba3,1.81,2.08,True,2025-04-11T14:50:00+00:00,2025-04-11T14:50:00+00:00
te:2866623,2025-04-11,2025,2025-04-11,spizzirri,blancaneaux,2025-04-11T15:10:00+00:00,2025-04-10T16:16:00+00:00,0.0,2025-04-13T22:00:00+00:00,2025-04-11,1.96,1.89,0.49090909090909085,-0.03636764417087508,0.5903760172572444,0.4018876718260469,0.7833333333333333,0.7833333333333333,0.5738899308805998,0.5000000000000001,0.005518400432700313,172,140,False,False,False,c1bf355545709344d950f1e2f78edf639c5233b06078e73e2a3ffbcf05628030,5065c554015c11e2c41efd79a9e0d73a707bf2e9e4195297e46c9e888349ab90,1.97,1.9,True,2025-04-11T14:50:00+00:00,2025-04-11T14:50:00+00:00
te:2866749,2025-04-11,2025,2025-04-11,sachko,vasami-a02e2,2025-04-11T09:10:00+00:00,2025-04-10T16:13:00+00:00,1.0,2025-04-13T22:00:00+00:00,2025-04-11,1.86,1.99,0.5168831168831169,0.0675581510112914,0.6144648663085704,0.39856127509251893,1.1333333333333333,1.1333333333333333,0.6611323944151953,0.6119676070240939,2.988176373008855e-11,191,27,False,False,False,2bc94d936f38566e19d6ff3c936c093b02972599fdc0db0fd30e5d79d70de922,8d2d5bfc289d671edb1045d7f3299e3b603ff0afbc45720a98ab483f093c8edb,1.85,2.02,True,2025-04-11T02:15:00+00:00,2025-04-11T05:31:00+00:00
te:2866767,2025-04-11,2025,2025-04-11,cilic,gaubas,2025-04-11T09:10:00+00:00,2025-04-10T16:19:00+00:00,1.0,2025-04-13T22:00:00+00:00,2025-04-11,1.78,2.11,0.5424164524421594,0.17007458318398147,0.6160991203204867,0.30294888358323646,1.4666666666666666,1.4666666666666666,0.757236445468703,0.6819665064720051,3.434119050238493e-08,63,183,False,False,False,08773a6e122ab407deb5dbe41b2a165af52fc57ef21893f40621ad6a3de1a679,7beca91372772e7441efd7d26764614ff106b9fd2475de32cdae96e0283a2065,1.84,2.04,True,2025-04-11T07:37:00+00:00,2025-04-11T07:37:00+00:00
te:2866805,2025-04-11,2025,2025-04-11,draxl,andrade-58258,2025-04-11T17:50:00+00:00,2025-04-10T20:14:00+00:00,1.0,2025-04-13T22:00:00+00:00,2025-04-11,2.0,1.86,0.48186528497409326,-0.07257069283483547,0.5977352177011288,0.46860803473443713,0.0,0.0,0.623521835731117,0.5556201228105115,1.328740620309965e-08,184,121,False,False,False,26a2ac84cdc2267681c65db659637117eae1fb52eac8400127f8f5ec466ea9fe,32ed62f5ac1e52bd90ccb2279327ed7f598c6f6dd884da5f5207578de412d1ab,1.97,1.9,True,2025-04-11T13:32:00+00:00,2025-04-11T13:32:00+00:00
te:2866891,2025-04-11,2025,2025-04-11,huesler,dougaz,2025-04-11T19:10:00+00:00,2025-04-10T21:04:00+00:00,1.0,2025-04-13T22:00:00+00:00,2025-04-11,1.76,2.12,0.5463917525773196,0.1861022796338609,0.6122966078627824,0.27087394481722027,1.4166666666666667,1.4166666666666667,0.7796008541267159,0.69445970746744,6.552379194779689e-10,156,211,False,False,False,199da2fcf491ff7ae3566992914c5e69ba660f853f78cdc103b2746533da476f,d92175fd7994305d04dad5c9b9e31b995bc337d90184ad12ee09a3ba4682a5f4,1.7,2.24,True,2025-04-11T18:02:00+00:00,2025-04-11T18:49:00+00:00
te:2866893,2025-04-11,2025,2025-04-11,nava-337db,barrios-vera,2025-04-11T20:25:00+00:00,2025-04-11T08:36:00+00:00,1.0,2025-04-13T22:00:00+00:00,2025-04-11,1.79,2.08,0.537467700258398,0.1501522738605631,0.6182028530819539,0.3317749324203103,1.2166666666666666,0.55,0.7064242897727031,0.6491214614030584,9.713489457219282e-10,177,188,False,False,False,4d60d5063d02926e62d1b35c2dfa8d4a8a330dc2f266c752daf66acef064d19d,250a232dc2f22cbe48f97daeb8e7607448786a0092ca56bdf2cc3cf378ebf39e,1.83,2.05,True,2025-04-11T20:03:00+00:00,2025-04-11T20:03:00+00:00
te:2867483,2025-04-15,2025,2025-04-15,atmane,mccabe-b71c6,2025-04-15T05:50:00+00:00,2025-04-14T12:58:00+00:00,1.0,2025-04-17T22:00:00+00:00,2025-04-15,1.77,2.08,0.5402597402597403,0.16138834712748912,0.6618655335328965,0.510230420471965,0.0,0.0,0.7928090045794918,0.7527189617758191,1.4179022678195707e-09,168,211,False,False,False,b27ae2f3773384d2944ac3d79a33a00a2e8f8ce97d934598c1be68ae4f8985bd,766d8f0605919fea8264ee989bd7c9a5c5bfe48ad702e1c27a0bc9140bddc212,1.79,2.07,True,2025-04-15T01:52:00+00:00,2025-04-15T01:52:00+00:00
te:2868211,2025-04-15,2025,2025-04-15,taberner,budkov-kjaer,2025-04-15T15:05:00+00:00,2025-04-13T17:36:00+00:00,1.0,2025-04-17T22:00:00+00:00,2025-04-15,1.77,2.08,0.5402597402597403,0.16138834712748912,0.610337249443335,0.28734170234848316,0.6666666666666666,0.6666666666666666,0.531365684650004,0.5000000000000001,0.003566259496995003,209,110,False,False,False,726b1f05462c695a601e77cde265388cb657538dc275751a9d04ca8487635025,d2b915278c76952158a764e70e41e752a57a91deb0b480740c9205a9370ed5bd,1.79,2.07,True,2025-04-15T01:19:00+00:00,2025-04-15T01:19:00+00:00
te:2869395,2025-04-15,2025,2025-04-15,baadi,coulibaly-f4551,2025-04-15T17:10:00+00:00,2025-04-15T08:30:00+00:00,1.0,2025-04-17T22:00:00+00:00,2025-04-15,2.12,1.74,0.45077720207253885,-0.19753097545748347,0.5509273999241331,0.4019494478652678,0.0,0.0,0.5000000000000001,0.6207926190782617,0.014123005581330061,117,157,False,False,False,c17086036a966ad21d6922012beac965a8356998af40e0228d09f7af2659a3ee,92cadbe05cd29d940be65925c330deff9bbe72be80545406e031ef8c95e83592,2.13,1.75,True,2025-04-15T16:00:00+00:00,2025-04-15T08:43:00+00:00
te:2871537,2025-04-18,2025,2025-04-18,colson,bertrand-5e35a,2025-04-18T10:40:00+00:00,2025-04-18T00:02:00+00:00,0.0,2025-04-20T22:00:00+00:00,2025-04-18,1.88,1.98,0.5129533678756476,0.051825067864585767,0.6151496385498165,0.41718589788340443,0.75,0.11666666666666667,0.5662152843613009,0.5933871335123472,4.278008503000308e-11,139,203,False,False,False,37aa80c52116c32ea8d773d52ced0b2e7dfeed75e44bbecbbcccb56dc275490f,a62f994cbb59c46446813e055a01a7d85f81db91f375056ff323d99a9d9b8f91,1.87,2.0,True,2025-04-18T07:05:00+00:00,2025-04-18T07:05:00+00:00
te:2871841,2025-04-18,2025,2025-04-18,holt-669c7,hsu-b2ce0,2025-04-18T02:05:00+00:00,2025-04-17T09:12:00+00:00,0.0,2025-04-20T22:00:00+00:00,2025-04-18,2.03,1.83,0.47409326424870474,-0.1037198262003661,0.5914491533256835,0.47367916545096644,0.0,0.0,0.7113847459440445,0.6216828553482714,3.761213562825105e-12,179,158,False,False,False,b37d904caa755892d6a71bc3816eecad4d771530a27b22db49a6dc72f40db080,d357aa38bd03333eff588fdb5276b7e0f10d47d9ee76e3ea9f312cb46e1a77a0,1.99,1.88,True,2025-04-18T01:01:00+00:00,2025-04-18T01:01:00+00:00
te:2871843,2025-04-18,2025,2025-04-18,atmane,simakin,2025-04-18T03:35:00+00:00,2025-04-17T09:29:00+00:00,1.0,2025-04-20T22:00:00+00:00,2025-04-18,1.73,2.17,0.5564102564102563,0.22660575904268024,0.6516363544447247,0.3996340160306776,0.75,0.75,0.7414047995648556,0.7235800294259509,5.708742423227164e-09,165,190,False,False,False,7a80027b26ce2721e14bc892f1f2000c3df97c70a02e61a9dd2b57ec56a90ebb,eefdea6c12a1c8ef72e3b75fb40ac6080d392dd7a6cf0db7d79b033e1340b0cd,1.72,2.2,True,2025-04-17T19:58:00+00:00,2025-04-18T00:34:00+00:00
te:2871953,2025-04-18,2025,2025-04-18,jones-07763,glinka,2025-04-18T12:10:00+00:00,2025-04-18T00:02:00+00:00,0.0,2025-04-20T22:00:00+00:00,2025-04-18,1.85,2.01,0.5207253886010362,0.08294908298075078,0.6472754658664671,0.524135483857033,1.7333333333333334,0.6666666666666666,0.7166967494522029,0.7496899835908183,2.0355939156502245e-13,138,136,False,False,False,80d9077000e7d9973e9467328e802e96dec5cb52ba908de019031722a964124c,dd46cdfb8275b9eb34995dd976b3a391dab0a85c064106572f8d704ba7f14a5e,1.78,2.12,True,2025-04-18T11:55:00+00:00,2025-04-18T11:55:00+00:00
te:2872093,2025-04-18,2025,2025-04-18,comesana-c17e0,barrere-ea847,2025-04-18T16:10:00+00:00,2025-04-18T00:04:00+00:00,1.0,2025-04-20T22:00:00+00:00,2025-04-18,1.81,2.06,0.5322997416020672,0.12937913752375527,0.6323536173835944,0.41294806193690337,0.45,0.45,0.8063699505336294,0.7301091921753387,1.0323145599455685e-07,190,124,False,False,False,b2380c6fb4bfdbda1bbd658ef0f32bdff697e548e253326b640505e19728c715,e1a49b0a6d7525ac57201f99ea19ca9ae1e53a5668c8020d7876b0eba73be8b4,1.9,1.97,True,2025-04-18T13:55:00+00:00,2025-04-18T13:55:00+00:00
te:2872145,2025-04-18,2025,2025-04-18,bax-6f3c7,hussey-d2863,2025-04-18T18:10:00+00:00,2025-04-18T07:53:00+00:00,1.0,2025-04-20T22:00:00+00:00,2025-04-18,1.86,2.0,0.5181347150259067,0.07257069283483525,0.6100820717481749,0.37508652253370384,1.7666666666666666,0.4666666666666667,0.5000000000000001,0.5322559030309713,0.004688432969951667,165,107,False,False,False,4989ffa684a06c2bd3c9ddf44fb90e1c985a3c1f4c183590e524ef3bdd415f48,ae3e4f3198c2bfd4274e0bbc3fa519d818aaa748b4bbf05e2941de6b9b0d3650,1.78,2.12,True,2025-04-18T17:18:00+00:00,2025-04-18T17:18:00+00:00
te:2872159,2025-04-18,2025,2025-04-18,safiullin,lajovic,2025-04-18T15:05:00+00:00,2025-04-18T00:07:00+00:00,,,,1.73,2.17,0.5564102564102563,0.22660575904268024,0.633331140792315,0.31992850577308163,0.31666666666666665,0.31666666666666665,0.668923577109677,0.693769295023144,5.829601337770107e-08,151,119,False,False,False,3c13707de113a3af3f974920cb1ce1b6503661662b8ab62b13a07c74b2762f4d,ba7ffa18a3c7d0a1da309b03ef3c8e00da0245a345448ce0dd49fc0429710901,1.75,2.16,True,2025-04-18T12:18:00+00:00,2025-04-18T12:50:00+00:00
te:2873571,2025-04-22,2025,2025-04-22,mejia-a7d27,janvier,2025-04-22T16:10:00+00:00,2025-04-22T07:59:00+00:00,1.0,2025-04-24T22:00:00+00:00,2025-04-22,1.83,2.0,0.5221932114882506,0.08883121370661551,0.6206310417096252,0.40339631966703915,1.15,0.15,0.6842433964979573,0.6381867797029954,6.074020758584098e-09,145,159,False,False,False,b7f11586773a1b67c946fc85e6773151674a90f1d468c1cdf19491829e5b7fe6,c4103c4fe3abe74e66fabe72ace6e84e8c88d72ec3c3b595746b396fa83eb576,1.87,1.97,True,2025-04-22T14:32:00+00:00,2025-04-22T14:32:00+00:00
te:2875125,2025-04-22,2025,2025-04-22,coppejans,stricker,2025-04-22T08:10:00+00:00,2025-04-21T15:38:00+00:00,0.0,2025-04-24T22:00:00+00:00,2025-04-22,1.63,2.31,0.5862944162436549,0.34866750971503135,0.6156830302040072,0.1225971057544758,0.5166666666666667,0.5166666666666667,0.538594049073368,0.5385940490732325,5.513838707837948e-08,145,111,False,False,False,f1f7053bcf7509939dfba6397754626c220c16e18b03bbde32e570270d264d48,fae89527571b18ac299b039bc0f54aa32014b46785c823013392bb0e4f07f944,1.67,2.25,True,2025-04-22T04:34:00+00:00,2025-04-22T07:46:00+00:00
te:2875865,2025-04-22,2025,2025-04-22,draxl,johns-b2ed0,2025-04-22T15:50:00+00:00,2025-04-22T07:59:00+00:00,0.0,2025-04-24T22:00:00+00:00,2025-04-22,2.07,1.78,0.4623376623376624,-0.15093524297328376,0.5906907541990022,0.5177568923408629,1.1,0.36666666666666664,0.6166507880442967,0.5397677662698591,8.48122405638918e-11,201,187,False,False,False,e60b908ae45d640e6ca9e9825a8c0d5d65980b22a9cb0d0902066daa658196d5,d9907e585ef89eb25e0265be5332a6ddb7f1197ba124257ccac057e830d62b4b,2.12,1.75,True,2025-04-22T15:09:00+00:00,2025-04-22T15:09:00+00:00
te:2877219,2025-04-25,2025,2025-04-25,gigante-f720d,maestrelli,2025-04-25T09:40:00+00:00,2025-04-23T20:20:00+00:00,1.0,2025-04-27T22:00:00+00:00,2025-04-25,1.88,1.98,0.5129533678756476,0.051825067864585767,0.6047567999797601,0.3735000541529798,0.0,0.0,0.627019010397639,0.5694306718748826,1.4845244478145503e-10,121,147,False,False,False,f3041422ee6205ef67ab186a836763b62d642da4cb06cc5569c81ee80eb76d06,fc83e6adca90bd84da34bceb174da9228f6887bfaf7ec1f14425df5bae9aebbf,1.91,1.96,True,2025-04-24T11:35:00+00:00,2025-04-24T11:35:00+00:00
te:2877293,2025-04-25,2025,2025-04-25,mejia-a7d27,wu-f664e,2025-04-25T16:10:00+00:00,2025-04-25T09:14:00+00:00,1.0,2025-04-27T22:00:00+00:00,2025-04-25,1.88,1.96,0.5104166666666667,0.04167269640056832,0.6152949045357043,0.4279519210796961,1.0166666666666666,0.21666666666666667,0.5325070311854202,0.5403500556587093,1.2011819375545851e-06,147,126,False,False,False,86a42eca90b1208b54a1f62b3c6bdec12d657e3950c100d301a9a9f14a1a7aa6,97daa775037566770c13a37f97e1c8b46bae7264e2e2518374e486e207767f2a,1.89,1.98,True,2025-04-25T14:49:00+00:00,2025-04-25T14:49:00+00:00
te:2877661,2025-04-25,2025,2025-04-25,geerts,shah-e7d4a,2025-04-25T10:10:00+00:00,2025-04-24T16:10:00+00:00,,,,1.75,2.15,0.5512820512820513,0.20585205420414893,0.5933785753124886,0.1720979559316626,1.3833333333333333,0.6833333333333333,0.5691410407562514,0.5000000000007188,0.009173078294854892,204,148,False,False,False,97a7c2d37f6bb5afdb758ea461c841058bbbea7b23231ef6c97b8a540259a065,647d7b2e8655282a4caa618c7fc4340aab896048077d3596989534d175ecc519,1.93,1.93,True,2025-04-25T09:59:00+00:00,2025-04-25T09:05:00+00:00
te:2877711,2025-04-25,2025,2025-04-25,barrena-f6642,kestelboim,2025-04-25T13:10:00+00:00,2025-04-25T00:15:00+00:00,0.0,2025-04-27T22:00:00+00:00,2025-04-25,2.07,1.8,0.4651162790697674,-0.13976194237515893,0.5986885420283313,0.5397656130380302,0.0,0.0,0.5000000000000001,0.5598706405128308,0.0144618034708415,121,136,False,False,False,93cb2565ad98b3a6bf9698db202c8b0c3d3597d6fe67ed62e764480da5aa4f90,33cbbcb48a5d51b3a7114c015358c66f6fe9fb08a96d4c0a914432efe40b5604,2.06,1.83,True,2025-04-25T09:33:00+00:00,2025-04-25T09:33:00+00:00
te:2877713,2025-04-25,2025,2025-04-25,coulibaly-f4551,bakshi-c841e,2025-04-25T12:40:00+00:00,2025-04-24T17:05:00+00:00,0.0,2025-04-27T22:00:00+00:00,2025-04-25,2.0,1.85,0.4805194805194806,-0.07796154146971143,0.5712056023685322,0.3647332160690264,0.0,0.0,0.7188824271969648,0.6090247228052625,2.2947169164844183e-10,149,140,False,False,False,91a9b85bbbf29587969d993c4a01a5d85a37d8d398f779f98331cf6caf1b1571,24cf654ea80983fbe60f3f2f8f35bc1c6d166c12add3ab8bdf1f9a438486ed38,1.91,1.96,True,2025-04-25T10:41:00+00:00,2025-04-25T10:41:00+00:00
te:2877761,2025-04-25,2025,2025-04-25,dellien-e101c,boscardin-dias-3afa8,2025-04-25T14:10:00+00:00,2025-04-25T00:16:00+00:00,1.0,2025-04-27T22:00:00+00:00,2025-04-25,1.94,1.91,0.49610389610389616,-0.015584731016698041,0.5876128887872252,0.36969061117042723,0.0,0.0,0.5780173223414169,0.5000000000000001,0.014400960826941533,153,155,False,False,False,6e072d66f191592014ba8dc3846bb366931a8a4d3ddd522b0ccfd4bcab5b3223,4e535d4c1a1681920296931ecb786afa3c4f9a78535d90e0419f7cdaa246d7b4,1.97,1.9,True,2025-04-25T11:45:00+00:00,2025-04-25T11:45:00+00:00
te:2877771,2025-04-25,2025,2025-04-25,kubler-21879,grenier-baaf0,2025-04-25T03:50:00+00:00,2025-04-24T13:35:00+00:00,0.0,2025-04-27T22:00:00+00:00,2025-04-25,1.79,2.09,0.538659793814433,0.1549484461240559,0.6241188857195457,0.35211951811639386,1.1833333333333333,1.1833333333333333,0.7246222828771983,0.6691939769183426,3.537364845485058e-12,82,179,False,False,False,0386b5a2ea8f4da2a24c0c6eee8ce5ca029848445eae4905ff93c5a308f637d8,1b18814561a2a665772b7e74f17264423ad9932bc572154b61f334afde4cc675,1.83,2.05,True,2025-04-25T00:32:00+00:00,2025-04-25T02:37:00+00:00
te:2877797,2025-04-25,2025,2025-04-25,draxl,crawford-71058,2025-04-25T18:25:00+00:00,2025-04-25T08:43:00+00:00,1.0,2025-04-27T22:00:00+00:00,2025-04-25,1.88,1.98,0.5129533678756476,0.051825067864585767,0.6044221230053732,0.37210008959378815,0.7666666666666667,0.13333333333333333,0.5479635604024435,0.5000000000000001,0.0007987340891797146,203,148,False,False,False,1428e0c7128123ae61a7f6fc1fde8f1c1f5f3b26fb4aeaf8cd2c06a8b610e8c7,73a0427c3f9f72da06c5ad022b1cc8d8864bf928852b30e5fb6df5dc4efbc021,1.93,1.93,True,2025-04-25T17:44:00+00:00,2025-04-25T17:44:00+00:00
te:2877811,2025-04-25,2025,2025-04-25,rodriguez-taverna,torres-dc0bf,2025-04-25T15:05:00+00:00,2025-04-25T00:16:00+00:00,1.0,2025-04-27T22:00:00+00:00,2025-04-25,1.87,1.99,0.5155440414507771,0.06219620786990554,0.6015008046963543,0.34952618644506306,0.4666666666666667,0.4666666666666667,0.5927571862468812,0.66170333712713,9.825153524101182e-09,193,157,False,False,False,b5b3d5ceb039592ae7f85ace88b3852400ae106c8adf8b1715f109c140e39503,77365b5db662a941de1826805091bbe0c53e0c00de68d9b123bf1637f31cf465,1.88,1.98,True,2025-04-25T11:53:00+00:00,2025-04-25T14:47:00+00:00
te:2878645,2025-04-29,2025,2025-04-29,habib,sultanov,2025-04-29T14:45:00+00:00,2025-04-28T23:15:00+00:00,1.0,2025-05-01T22:00:00+00:00,2025-04-29,1.68,2.21,0.5681233933161953,0.2741987221144937,0.6455567196927038,0.325366019666375,1.2333333333333334,0.3333333333333333,0.7126093848008694,0.7093329862620088,4.2619548723532574e-09,165,203,False,False,False,5ae93ca8af3657dd99f6d6ced6db9646f3d17f662a11c31bc402cd90f9f4e6b3,a93c16d1ce8daeeb576aa24ca8fb1c97e9a25e28a45bad217da178e602c97848,1.69,2.22,True,2025-04-29T10:30:00+00:00,2025-04-29T10:30:00+00:00
te:2878647,2025-04-29,2025,2025-04-29,squire,van-assche,2025-04-29T08:10:00+00:00,2025-04-28T16:19:00+00:00,0.0,2025-05-01T22:00:00+00:00,2025-04-29,1.82,2.01,0.5248041775456919,0.09929822098228022,0.6105446373004639,0.3503039286649957,0.9333333333333333,0.16666666666666666,0.6762379434684049,0.7568992712468828,3.727296249422807e-13,143,145,False,False,False,cdc1d0d92efde6877184b9eb5f77779825f672fd46c731d4b8f03b02fad8e52e,c413012292e42da2cf2440fea8b943176678ce31b0dc02db3975c12307f35f8e,1.84,2.0,True,2025-04-29T04:32:00+00:00,2025-04-29T04:32:00+00:00
te:2878655,2025-04-29,2025,2025-04-29,piros,svrcina,2025-04-29T12:10:00+00:00,2025-04-28T23:11:00+00:00,0.0,2025-05-01T22:00:00+00:00,2025-04-29,1.96,1.86,0.486910994764398,-0.0523679855173157,0.5891052695791623,0.4126358278138512,0.0,0.0,0.5000000000000001,0.5758145047938249,0.004429762201634518,165,215,False,False,False,98fd85a43909f1c5c505d8fa44820bd5145e28077531dc0ceece9867ca0d8bcd,bd9f5b07842c92b00ad904f6c8fb86f103e8f5fd75c8a5535193f94f10f9c24f,1.99,1.85,True,2025-04-29T11:20:00+00:00,2025-04-29T11:20:00+00:00
te:2879835,2025-04-29,2025,2025-04-29,galan-e4b30,harris-5a94c,2025-04-29T09:10:00+00:00,2025-04-28T16:04:00+00:00,0.0,2025-05-01T22:00:00+00:00,2025-04-29,1.74,2.11,0.548051948051948,0.19280283426153733,0.6094340035800544,0.2521308692743311,1.3,0.6666666666666666,0.783813012797825,0.6950877199359032,3.4033573181879717e-10,187,214,False,False,False,5ae22ea1bd90101e81e1182fcc82cb2ab127d855e79c04a22a991ff559e5e9ca,e79dd07dac9d750ffacaad3765e070e3ed6654724b15ff8c03c6f666ac21a983,1.72,2.17,True,2025-04-29T05:33:00+00:00,2025-04-29T07:30:00+00:00
te:2880319,2025-04-29,2025,2025-04-29,jasika,langmo,2025-04-29T08:25:00+00:00,2025-04-28T16:09:00+00:00,1.0,2025-05-01T22:00:00+00:00,2025-04-29,1.72,2.14,0.5544041450777203,0.21848153820839877,0.6078008772345393,0.21959610851028005,1.3,1.3,0.6860445557717625,0.6202938056646012,4.505312789504501e-12,217,175,False,False,False,38563b59cef555c4a7f3ac520d1bba47d75185efa4bc3fda6a4cd419f057c405,34675afea07eb409bcec1a94a2209dab470486ec4f5930c432dbc75e08ee4854,1.73,2.15,True,2025-04-29T05:46:00+00:00,2025-04-29T05:46:00+00:00
te:2880533,2025-04-29,2025,2025-04-29,gaubas,paul-b9a07,2025-04-29T12:00:00+00:00,2025-04-28T16:54:00+00:00,1.0,2025-05-01T22:00:00+00:00,2025-04-29,1.9,1.92,0.5026178010471204,0.010471299867295303,0.5970844865975015,0.38286042629553657,1.6333333333333333,1.6333333333333333,0.644824275669832,0.5728524403479055,3.7282704701269154e-11,183,177,False,False,False,1fa335c527b423327544b8ebec96de715b08bd7f0f00caa1e15c879e4308a042,38ba685eeb238b8076937f1980850a6b3be61905bf5228998c13cd97d7887099,1.93,1.91,True,2025-04-29T10:27:00+00:00,2025-04-29T11:47:00+00:00
te:2882821,2025-05-02,2025,2025-05-02,barrena-f6642,reis-da-silva,2025-05-02T21:45:00+00:00,2025-05-02T08:17:00+00:00,1.0,2025-05-04T22:00:00+00:00,2025-05-02,1.89,1.96,0.5090909090909091,0.03636764417087508,0.6105497876840851,0.41325616582834096,1.6166666666666667,1.15,0.5000000000000001,0.5306046444439276,0.014964791008649947,134,148,False,False,False,d0531db18d78a1e8d0b64424beb33aca6b9c8b22a0944074394d5655483c2f56,d83d90dcb3dc8984cbdb70aa176bc2cc5168a739a7a879f2fe7ae99c90a9955f,1.93,1.94,True,2025-05-02T21:31:00+00:00,2025-05-02T21:31:00+00:00
te:2882989,2025-05-02,2025,2025-05-02,habib,kopriva,2025-05-02T11:40:00+00:00,2025-05-01T22:07:00+00:00,0.0,2025-05-04T22:00:00+00:00,2025-05-02,1.88,1.98,0.5129533678756476,0.051825067864585767,0.5727428287948757,0.24122562631647762,0.6166666666666667,0.11666666666666667,0.6591179416187626,0.7753513311608431,1.47059003863248e-10,165,192,False,False,False,aabf8509364db2e7b86f53fce4557a6c2eec90ed216d19dd3861fcb901b60129,dd2c2b9a490f01ee86ca37d19162c8a5cf33005fbef43f4b121fae3482e744f3,1.9,1.97,True,2025-05-02T09:00:00+00:00,2025-05-02T09:00:00+00:00
te:2883053,2025-05-02,2025,2025-05-02,coric,navone,2025-05-02T09:10:00+00:00,2025-05-01T23:14:00+00:00,1.0,2025-05-04T22:00:00+00:00,2025-05-02,1.76,2.12,0.5463917525773196,0.1861022796338609,0.6193855609225417,0.30083878442639583,0.85,0.85,0.6022111776954577,0.6301052906923117,4.196137881606887e-11,142,141,False,False,False,ffe996c6dea0702bbb884e7be4dca175145c2dd2ab2a4c8fed378fd0f3f62ccd,fee1e81c2d442cc1d6d9969192ad59d8e93d63fbd2273c2d830a7ca879a4a56b,1.8,2.09,True,2025-05-02T08:56:00+00:00,2025-05-02T08:56:00+00:00
te:2883067,2025-05-02,2025,2025-05-02,piros,rincon-d1dab,2025-05-02T10:15:00+00:00,2025-05-01T22:07:00+00:00,0.0,2025-05-04T22:00:00+00:00,2025-05-02,1.77,2.11,0.5438144329896907,0.17570840090223716,0.6274349950757747,0.34552013877455134,0.65,0.11666666666666667,0.6602048299944349,0.6408170513840048,1.1884807027406907e-10,165,153,False,False,False,2b9bd45b20ed4567c6cdbf7bd6e71a3655b519c3e10d7ea42cc33357d104d015,02346e43aa6776ba2a6da3dcd61142aaa0618bba9d40b0689bab154e4b4d3a76,1.81,2.08,True,2025-05-02T08:29:00+00:00,2025-05-02T09:45:00+00:00
te:2883115,2025-05-02,2025,2025-05-02,wawrinka-ffdb9,basavareddy,2025-05-02T13:30:00+00:00,2025-05-01T23:14:00+00:00,1.0,2025-05-04T22:00:00+00:00,2025-05-02,1.78,2.11,0.5424164524421594,0.17007458318398147,0.6213674687189028,0.32528190052477046,0.7333333333333333,0.1,0.7214233262544449,0.6634501050970605,2.2633256380188982e-11,91,170,False,False,False,b23d4eaf58588c022944b0653206a9e6504e8e6e5c079d142bd262aa1f6702cc,4d59d3af3a61e1e4cd2989c398dbdb064de23c5af524d1885005b1e33a5041d5,1.76,2.15,True,2025-05-02T12:50:00+00:00,2025-05-02T12:50:00+00:00
te:2883207,2025-05-02,2025,2025-05-02,kym,blockx,2025-05-02T11:15:00+00:00,2025-05-01T23:57:00+00:00,,,,1.7,2.21,0.5652173913043478,0.2623642644674909,0.6268793707319318,0.2564880962548956,0.6666666666666666,0.13333333333333333,0.6931310022932986,0.6547317360800848,6.454758949558936e-11,173,122,False,False,False,95bb0bc8ef5f0cef1471a1f3454643ce3e248198c945d13f5447635bf652c7a9,98ccd8caf282c35379a025309f327853bccd614bfde6cd34806569e3c19a501a,1.69,2.25,True,2025-05-02T11:04:00+00:00,2025-05-02T11:04:00+00:00
te:2883215,2025-05-02,2025,2025-05-02,pucinelli-de-almeida,midon,2025-05-02T14:10:00+00:00,2025-05-02T08:19:00+00:00,0.0,2025-05-04T22:00:00+00:00,2025-05-02,1.87,1.98,0.5142857142857141,0.057158413839947964,0.6064404846418378,0.3752158779656935,0.6,0.6,0.5430153221587091,0.5000000000000001,0.007832785698656197,157,164,False,False,False,c2adab0c7dd2771bb24dbaf2160fb67b5d72b93314b7b1a0137b4287a55a3fbb,8fcd77fff1107433ccfec5d60f58324fb4de3c04c383a7e077c299c2e8b75539,1.89,1.96,True,2025-05-02T13:06:00+00:00,2025-05-02T13:06:00+00:00
te:2883245,2025-05-02,2025,2025-05-02,vukic,zapata-miralles,2025-05-02T13:55:00+00:00,2025-05-02T03:05:00+00:00,0.0,2025-05-04T22:00:00+00:00,2025-05-02,1.69,2.23,0.5688775510204082,0.27727305653704526,0.6429897474353309,0.3110912226470254,1.0333333333333334,0.26666666666666666,0.75151397556518,0.7106340697357264,4.592465296937576e-12,171,146,False,False,False,f73dc13e042bc6e6562050427a48ebd4166719078e5bcb24c32bca19fdf0bd1a,8277f4f5ee6178565c8b4c1faa0ce4a0ac4edf8b2073bfb88ed0b0c992f0b41c,1.68,2.28,True,2025-05-02T09:10:00+00:00,2025-05-02T12:59:00+00:00
te:2883649,2025-05-06,2025,2025-05-06,schoolkate,jasika,2025-05-06T07:30:00+00:00,2025-05-05T16:36:00+00:00,1.0,2025-05-08T22:00:00+00:00,2025-05-06,1.85,1.97,0.5157068062827225,0.06284790365966353,0.615191110782976,0.4063382457143481,1.6333333333333333,0.03333333333333333,0.7868006876225572,0.7021709768339583,3.966549311229528e-12,196,218,False,False,False,afcf1cced55d6a73bc8cf4e22804ae260bc27ab191f043ef1b8ef2223ca0d2b6,101f5ad9db3acd3a53b78e896a4458fc779398a237c2f6f9bea884b030759bf6,1.82,2.03,True,2025-05-06T07:14:00+00:00,2025-05-06T07:14:00+00:00
te:2884507,2025-05-06,2025,2025-05-06,midon,sanchez-izquierdo-99add,2025-05-06T18:40:00+00:00,2025-05-05T22:00:00+00:00,0.0,2025-05-08T22:00:00+00:00,2025-05-06,1.91,1.91,0.5,0.0,0.6053343929757736,0.4277421791348309,2.783333333333333,0.21666666666666667,0.5457920284001665,0.5000000000000001,0.02074795209764098,169,166,False,False,False,484ed0354cd6768d4e3904bdf89cc17a21928c8dd1a0b40557b01f2e46539ee9,f3fe980154c9364bb0a99682bb8d841f274830d4d7998ed1a0471bef7588e6fc,1.9,1.93,True,2025-05-06T18:26:00+00:00,2025-05-06T18:26:00+00:00
te:2884513,2025-05-06,2025,2025-05-06,mager,varillas,2025-05-06T20:50:00+00:00,2025-05-06T01:19:00+00:00,0.0,2025-05-08T22:00:00+00:00,2025-05-06,1.82,2.01,0.5248041775456919,0.09929822098228022,0.5841122808411319,0.24037968711828542,0.0,0.0,0.6280823472059804,0.727560028779514,6.271649866107509e-13,115,135,False,False,False,b1e4c9374d3e9670b379131b3689682a6d732ac9d2fb6c89103b72584c10dccc,111f814e00fe2846709b7b4eb769a062c4c7d50187e9d7b9d2fba56b0c41ea60,1.91,1.93,True,2025-05-06T20:39:00+00:00,2025-05-06T20:39:00+00:00
te:2886569,2025-05-06,2025,2025-05-06,paire-4a33b,fonio,2025-05-06T18:10:00+00:00,2025-05-05T20:26:00+00:00,1.0,2025-05-08T22:00:00+00:00,2025-05-06,1.79,2.04,0.5326370757180157,0.13073418800346137,0.6150983587099612,0.33806017539768274,2.066666666666667,0.5666666666666667,0.6837641530712872,0.7611666425793305,2.293578416079356e-08,96,181,False,False,False,8fc50bfc74f4110d674981bd896b72aab99d897f85bbe0a8ad70b7078ac2dd99,9fba833a604d39ff33a249f02d5e91dc3a4071aa9c898ff08ea5eac67aa839e7,2.06,1.79,True,2025-05-06T17:48:00+00:00,2025-05-06T17:48:00+00:00
te:2887085,2025-05-09,2025,2025-05-09,bolt-fa7eb,lestienne,2025-05-09T03:10:00+00:00,2025-05-07T10:45:00+00:00,1.0,2025-05-11T22:00:00+00:00,2025-05-09,1.79,2.04,0.5326370757180157,0.13073418800346137,0.6521386366027927,0.49771896478924793,0.0,0.0,0.7369747027447455,0.7833049984387285,2.912909080610149e-10,110,155,False,False,False,9680e79b11b83042de7b3fa0cffe103e8ccc74654a9231b014a5a5b397307149,9325faaa6abfb35ed838d9b8872f7b37afd61234a10af34db63c1f2288ff8723,1.81,2.05,True,2025-05-09T02:52:00+00:00,2025-05-08T00:02:00+00:00
te:2887849,2025-05-09,2025,2025-05-09,stricker,coppejans,2025-05-09T13:25:00+00:00,2025-05-07T16:13:00+00:00,0.0,2025-05-11T22:00:00+00:00,2025-05-09,1.76,2.13,0.5475578406169666,0.1908081706712732,0.6090365677633282,0.2524561089039711,0.3,0.3,0.5000000000000001,0.5356742113209885,0.002646014636852864,113,158,False,False,False,bc2dc55908df53579a769476a1fb9bff97c1b210d24ef004551837fcd8be3335,6a0157071a2caf1adb6d39e8b4aaf5dcaf6624dccb890ca82dfc0e7bada65276,1.78,2.12,True,2025-05-08T10:16:00+00:00,2025-05-09T05:45:00+00:00
te:2888385,2025-05-09,2025,2025-05-09,den-ouden,blockx,2025-05-09T09:10:00+00:00,2025-05-08T18:18:00+00:00,1.0,2025-05-11T22:00:00+00:00,2025-05-09,1.88,1.98,0.5129533678756476,0.051825067864585767,0.6200632083508673,0.43799145281179097,1.0333333333333334,0.0,0.6057163069913244,0.5927267202155742,8.359046788086744e-11,186,125,False,False,False,2f481be13281a57a31f94a7c7ad0348e671633dc53a21a0c400c80a6c37ef6b8,ea90e95ce93d16fa4bbe563986fabe936aea23f8f05ae9a811e45b382dfd4179,1.85,2.03,True,2025-05-09T05:33:00+00:00,2025-05-09T05:33:00+00:00
te:2888387,2025-05-09,2025,2025-05-09,lajal,sanchez-jover,2025-05-09T09:10:00+00:00,2025-05-08T16:00:00+00:00,0.0,2025-05-11T22:00:00+00:00,2025-05-09,1.79,2.08,0.537467700258398,0.1501522738605631,0.6162463762274258,0.323493829205483,0.6166666666666667,0.016666666666666666,0.6419721720165601,0.6020833142624126,2.4215759952816995e-10,172,188,False,False,False,6bf238ec92216a48501806904f5ccada5175d08b2e338ed84a8f0d74f2ae8f8a,1a94822ed60b8a8d70ac00cdf7341ca4ccb1ed14f8f5aac2adea65561ef7df0a,1.83,2.05,True,2025-05-09T05:37:00+00:00,2025-05-09T06:55:00+00:00
te:2888609,2025-05-09,2025,2025-05-09,pucinelli-de-almeida,midon,2025-05-09T20:45:00+00:00,2025-05-09T08:41:00+00:00,0.0,2025-05-11T22:00:00+00:00,2025-05-09,1.88,1.98,0.5129533678756476,0.051825067864585767,0.6084515878799318,0.3889831158086984,1.3,0.2,0.5374523951148509,0.5000000000000001,0.010294968386461795,167,171,False,False,False,717e12d42739adef74e1c18de5adf61d0e2049125a28539d4ce538b4083b275a,3802b60ec82d43102eb4fc92e548af90ad94d7292cb4bc74e10daf4ecc07a0c0,1.91,1.96,True,2025-05-09T20:05:00+00:00,2025-05-09T20:05:00+00:00
te:2888633,2025-05-09,2025,2025-05-09,bolt-fa7eb,cui-f99f9,2025-05-09T08:05:00+00:00,2025-05-09T06:13:00+00:00,0.0,2025-05-11T22:00:00+00:00,2025-05-09,1.74,2.16,0.5538461538461539,0.2162231084696361,0.6388109161150431,0.353983796912155,0.85,0.21666666666666667,0.7049924565219041,0.6863682675435901,7.569081195146765e-10,108,154,False,False,False,7a5688d6a461b8175810029169bde3925380914a81fe175652b5c745275ff9c9,66a756b71f19244538e192bdbd51e91cc94448bfbde7e2945a177b8ecf17135b,1.73,2.17,True,2025-05-09T07:50:00+00:00,2025-05-09T07:18:00+00:00
te:2889271,2025-05-13,2025,2025-05-13,kym,zhukayev,2025-05-13T13:15:00+00:00,2025-05-12T16:39:00+00:00,,,,1.89,1.93,0.5052356020942408,0.020943173845242972,0.620389623541862,0.4702591302801716,1.1166666666666667,0.016666666666666666,0.8347199425595225,0.7401641350129444,1.5493828442458835e-11,172,149,False,False,False,c972657ca869fb7d61f1a07a9f65c6b8febb471e2a271e622d0adca1e51e46d6,107c2dfc06285a0e87319cc0c28a44fafbb7ab5d24641ce558de9c9ddf036fd3,1.86,1.98,True,2025-05-13T07:32:00+00:00,2025-05-13T08:54:00+00:00
te:2889545,2025-05-13,2025,2025-05-13,ymer,meligeni-rodrigues-alves,2025-05-13T10:15:00+00:00,2025-05-12T16:48:00+00:00,,,,1.67,2.24,0.5728900255754477,0.2936522394382851,0.6429808058234958,0.29467308784480517,1.3166666666666667,1.3166666666666667,0.7087666177323393,0.7472641001805541,1.0674044981229258e-11,142,151,False,False,False,9c0e0665bca63b38ee1f8ff27544a14e55fb274bef206f203169ba8f6f61b4bf,9950a3256184e3bce6334e7a30e8c0b6dea86e318c52dec936b9b123e37ee6f6,1.71,2.18,True,2025-05-13T02:25:00+00:00,2025-05-13T07:53:00+00:00
te:2890721,2025-05-13,2025,2025-05-13,harris-5a94c,wawrinka-ffdb9,2025-05-13T18:40:00+00:00,2025-05-13T08:26:00+00:00,1.0,2025-05-15T22:00:00+00:00,2025-05-13,1.93,1.92,0.49870129870129865,-0.0051948168771042275,0.586721330091236,0.3556226772280212,0.0,0.0,0.7075172824407104,0.8216165995997621,2.163438872493373e-11,215,101,False,False,False,5966b90ba3fe4ee49d6bebb230436c0e13ae509ceca107c492f027629f303e96,a80dc6722c86278ce4804e4b26bc8e33c4ffffc800d31f29a7de1e38c99e048a,1.97,1.9,True,2025-05-13T14:58:00+00:00,2025-05-13T14:58:00+00:00
te:2891049,2025-05-13,2025,2025-05-13,tseng-5c1bc,vasami-a02e2,2025-05-13T09:05:00+00:00,2025-05-12T16:03:00+00:00,0.0,2025-05-15T22:00:00+00:00,2025-05-13,1.83,2.04,0.5271317829457364,0.10863384100279519,0.599903256159434,0.2964281840124723,1.25,0.6833333333333333,0.6898429293193522,0.613391481913599,3.9308722943331986e-11,181,39,False,False,False,a655a4db6b279d1e23bd90170bc800dd9789307562fb973409e40faa1602fbf4,fa0094be9ce4a4817aa3ec067ca61f0d9806d812335b46c7e5cc343141c3933e,1.87,2.0,True,2025-05-13T06:06:00+00:00,2025-05-13T08:57:00+00:00
te:2891053,2025-05-13,2025,2025-05-13,zapata-miralles,evans-cf2af,2025-05-13T08:40:00+00:00,2025-05-12T17:59:00+00:00,0.0,2025-05-15T22:00:00+00:00,2025-05-13,1.8,1.98,0.5238095238095238,0.09531017980432496,0.6382664154067746,0.4725376086698978,0.6166666666666667,0.6166666666666667,0.6968802696773444,0.6839251979263855,4.2357267693304834e-10,149,128,False,False,False,ba984168333efca0e64559d300577e67f10d38cebe2e28d317a4fa4f0a785146,a6194f2651cbdbbc1e12655e90efbab562e7a0b687e09f385a5f3a6eb4466d65,1.91,1.88,True,2025-05-13T05:13:00+00:00,2025-05-13T05:02:00+00:00
te:2891127,2025-05-13,2025,2025-05-13,pellegrino-fd654,napolitano,2025-05-13T10:55:00+00:00,2025-05-12T16:50:00+00:00,1.0,2025-05-15T22:00:00+00:00,2025-05-13,1.88,1.88,0.5,0.0,0.5862622176558165,0.34853476271662637,0.2833333333333333,0.2833333333333333,0.6757102993742253,0.5861696999350804,3.565447453945936e-08,153,64,False,False,False,247cb52980c6e61b9e99ae0081c7290cf40827b30766f5d3ed9182f74241fd33,11a2029324957e3d397b8d2f1d450eea9544cb2caada0a076aef03bac4919ce7,1.79,2.01,True,2025-05-13T10:36:00+00:00,2025-05-13T10:36:00+00:00
te:2894969,2025-05-16,2025,2025-05-16,sakamoto-b1d5b,barreiros-reyes,2025-05-16T15:10:00+00:00,2025-05-15T08:20:00+00:00,1.0,2025-05-18T22:00:00+00:00,2025-05-16,1.95,1.9,0.49350649350649356,-0.025975486403260445,0.6065091572870374,0.45863751704132827,1.15,0.5166666666666667,0.7030615395805553,0.6316176898078452,4.4287483569327435e-08,134,91,False,False,False,f1fe6b314ddf1e4d75fb9975f768f10568bc69fead2cd22d7d8c5f018f1467a4,efeaa807460bfffe69065805f4dc4f44db2ad3c91bfe7dcd359f621682825497,2.03,1.85,True,2025-05-16T02:24:00+00:00,2025-05-16T02:24:00+00:00
te:2895123,2025-05-16,2025,2025-05-16,hijikata,hassan-1d510,2025-05-16T08:40:00+00:00,2025-05-15T21:05:00+00:00,1.0,2025-05-18T22:00:00+00:00,2025-05-16,1.76,2.12,0.5463917525773196,0.1861022796338609,0.6476847234276726,0.4227753135964913,0.0,0.0,0.7136876250527725,0.7352606688587277,1.1940934419030214e-07,163,187,False,False,False,60ae0f5afce77c0c616d32adc183a46569fc99706c4f59ddf9b3a7a500cb4da4,870be54e3efd4fd9b5ba7401dd4ad95101877c744bdaf846eaf0c8fd28ed658b,1.81,2.07,True,2025-05-16T08:12:00+00:00,2025-05-16T08:12:00+00:00
te:2895223,2025-05-16,2025,2025-05-16,krueger-d6035,habib,2025-05-16T12:10:00+00:00,2025-05-15T23:11:00+00:00,0.0,2025-05-18T22:00:00+00:00,2025-05-16,1.63,2.36,0.5914786967418546,0.3700816042188476,0.6616776558413359,0.30069778645979217,0.55,0.016666666666666666,0.7466599945179446,0.7663584632881449,1.1685097334179773e-14,151,164,False,False,False,c2ecb48dfb9e290d4a63e96164da49aaa12fb6e91906cea984e73af0fce847d1,f6d6f8a188e48da203bbce3a0fcda6b31e52041985d636607d4021cf4f03daed,1.66,2.32,True,2025-05-16T11:48:00+00:00,2025-05-16T11:48:00+00:00
te:2895301,2025-05-16,2025,2025-05-16,garin,burruchaga,2025-05-16T13:45:00+00:00,2025-05-15T23:11:00+00:00,1.0,2025-05-18T22:00:00+00:00,2025-05-16,1.82,2.05,0.5297157622739017,0.11900329206161245,0.6078691822045953,0.3193609029218979,1.0666666666666667,0.5,0.5391435803050062,0.5000000000000001,0.00882661990652675,134,201,False,False,False,9856ec24b44628ae55bc24d44ffb68d3f7deb137594f2355e1450bfc5665ba77,2b1536985375eb0307f84e8f150fd7432a6bb66fbce552455869260aa03d13a3,1.87,2.0,True,2025-05-16T13:06:00+00:00,2025-05-16T13:06:00+00:00
te:2896257,2025-05-16,2025,2025-05-16,sakamoto-b1d5b,rodrigues-a6e6d,2025-05-16T19:45:00+00:00,2025-05-16T18:01:00+00:00,1.0,2025-05-18T22:00:00+00:00,2025-05-16,1.88,1.97,0.5116883116883117,0.04676176590803954,0.6053177411919152,0.38091071319994085,1.4166666666666667,0.7833333333333333,0.5954017441220985,0.54415071820184,4.090149052782266e-11,134,70,False,False,False,9efdd9e2d61d5ac1d296300d3ecbbeb40c8dca2804369841046dd75199300a22,6bc239690197de7c6a04fa70f7440de7b80ae3eaf89e07bb49528012b3825bac,1.81,2.06,True,2025-05-16T19:34:00+00:00,2025-05-16T19:34:00+00:00
te:2897529,2025-05-20,2025,2025-05-20,geerts,mrva,2025-05-20T14:20:00+00:00,2025-05-19T17:09:00+00:00,0.0,2025-05-22T22:00:00+00:00,2025-05-20,1.78,2.07,0.5376623376623377,0.1509352429732842,0.6216626958106944,0.3456762761333755,1.25,0.11666666666666667,0.650373407964107,0.6198185245558451,5.062978353231884e-08,215,72,False,False,False,f6df1624647e297c65a1e1290feb2e1c3369555ecce3ea50f4b3bff7392f408c,d60bcb3be31f5de4cbf00404baf86903fae0fee8f16654bc40e5e25555b9d6e6,1.8,2.05,True,2025-05-20T08:05:00+00:00,2025-05-20T08:05:00+00:00
te:2897537,2025-05-20,2025,2025-05-20,poljicak,ivanovski,2025-05-20T13:00:00+00:00,2025-05-19T16:49:00+00:00,1.0,2025-05-22T22:00:00+00:00,2025-05-20,1.73,2.13,0.5518134715025906,0.208000571211646,0.6391033206322092,0.3634738505950103,1.6666666666666667,0.6,0.7390061444324235,0.6989930476954243,3.491897881957584e-10,196,58,False,False,False,b70449ed601acca3946c52645ccfbee46daf5e5a1d72bf36601d6ac1455124a6,7adfea13bfec0f70b332e07f85ba8ecebfc7face2bec147d59804eb1667be832,1.79,2.07,True,2025-05-20T11:54:00+00:00,2025-05-20T11:54:00+00:00
te:2898363,2025-05-20,2025,2025-05-20,bax-6f3c7,uchida-ea757,2025-05-20T10:10:00+00:00,2025-05-19T18:28:00+00:00,1.0,2025-05-22T22:00:00+00:00,2025-05-20,1.67,2.24,0.5728900255754477,0.2936522394382851,0.6160501861769708,0.1791643409657231,1.4166666666666667,1.4166666666666667,0.6238127116724504,0.5893747152093104,4.4040318614158025e-09,168,146,False,False,False,b7842262f12e74a934622e636d349ba7013b78882672b7af5df3df4ba97dbbbb,2ac29b3126af7c9edb7a3612ced724414adfb9d279514813653078f7a657ffac,1.66,2.27,True,2025-05-20T05:32:00+00:00,2025-05-20T05:32:00+00:00
te:2899813,2025-05-20,2025,2025-05-20,fatic-cddef,alvarez-varona,2025-05-20T10:25:00+00:00,2025-05-19T17:56:00+00:00,1.0,2025-05-22T22:00:00+00:00,2025-05-20,1.7,2.18,0.5618556701030928,0.24869662573882725,0.6193067064448579,0.2379099640745955,1.7333333333333334,0.03333333333333333,0.6078852090456117,0.5900650622451226,3.707465445756952e-10,136,187,False,False,False,251adfcaeecaff5fa47bba23c75639532785eac9c19762d6658118b993a834f8,b424fc04e364ddfb2432907ad676b60a58e5e793a8e31c00c4ec4ecad7306b22,1.79,2.07,True,2025-05-20T09:22:00+00:00,2025-05-20T09:22:00+00:00
te:2899815,2025-05-20,2025,2025-05-20,agamenone,shelbayh,2025-05-20T13:35:00+00:00,2025-05-19T17:57:00+00:00,1.0,2025-05-22T22:00:00+00:00,2025-05-20,1.81,2.03,0.5286458333333333,0.11470894777596129,0.6231122576281384,0.38807036607349354,0.3333333333333333,0.3333333333333333,0.6795150205267612,0.6397796305832849,2.6057186963690526e-09,140,147,False,False,False,dbf8c3143f92132516511ed33354851c1e461afa8d4d17f0f4cdbb01e21d678a,8f98d9a75193496aa7e4ceda8d8fd7204e0224a48c2fd50de55464c200307f29,1.83,2.02,True,2025-05-20T12:00:00+00:00,2025-05-20T12:00:00+00:00
te:2902581,2025-05-23,2025,2025-05-23,clarke-60a59,dellien,2025-05-23T08:40:00+00:00,2025-05-22T18:03:00+00:00,1.0,2025-05-25T22:00:00+00:00,2025-05-23,1.96,1.89,0.49090909090909085,-0.03636764417087508,0.5808324596095104,0.3625592961430165,1.1333333333333333,1.1333333333333333,0.5536456921109788,0.6455329862123981,9.507064663294429e-09,206,193,False,False,False,0a13cdda128bf13348d1660e6a1018d928d1c39bbb91fad61fedc62bad24fc2e,02cf3e0d76ab27c8c124e7a07942627f514677c0b8ca19fbdfbddc2fe108cd08,1.95,1.92,True,2025-05-23T08:05:00+00:00,2025-05-23T08:05:00+00:00
te:2904491,2025-05-27,2025,2025-05-27,tseng-5c1bc,dellien-e101c,2025-05-27T19:20:00+00:00,2025-05-25T21:55:00+00:00,0.0,2025-05-29T22:00:00+00:00,2025-05-27,1.98,1.84,0.48167539267015713,-0.07333127308554936,0.5593636254885349,0.3119110398583019,0.9833333333333333,0.08333333333333333,0.6412351147024561,0.5274913309025483,8.512534566129659e-10,189,161,False,False,False,97b9e01de81a5560d6febcfcc14c67eedd4aeb598f9c87d0d52b61e6792ebe7c,9f787b998e2c70690ff8a02137de34410fa9907d78c4a04249b36897a1395bed,1.99,1.85,True,2025-05-26T15:57:00+00:00,2025-05-26T15:57:00+00:00
te:2904523,2025-05-27,2025,2025-05-27,imamura-da963,samrej-f05ce,2025-05-27T16:25:00+00:00,2025-05-25T21:48:00+00:00,1.0,2025-05-29T22:00:00+00:00,2025-05-27,1.79,2.04,0.5326370757180157,0.13073418800346137,0.6178433262670614,0.34967005476202784,0.5833333333333334,0.016666666666666666,0.5795589480907094,0.5991986319945801,1.0042592452075283e-08,165,162,False,False,False,4f1b2013d28f54aa350e0d196dab83ca65bc38a1ff8070063470e9a83a3b642b,ab483c0a078f16ffa737f863d801236ffa14b0087f9bd60923d5082e78b528be,1.81,2.03,True,2025-05-25T22:48:00+00:00,2025-05-25T22:48:00+00:00
te:2904971,2025-05-27,2025,2025-05-27,kicker,kirchheimer,2025-05-27T21:10:00+00:00,2025-05-25T07:25:00+00:00,0.0,2025-05-29T22:00:00+00:00,2025-05-27,2.08,1.72,0.4526315789473684,-0.1900436028878651,0.5472982514249349,0.3798039891395942,0.0,0.0,0.6243022391169478,0.5000000000000001,0.02331559853410667,127,134,False,False,False,18cf9b466f4348fd01f416cce2ec8e896015823c066230c34092144097dc7151,abb80570c1b297a8b7bdaa14757c583dac98a0d0ececa50de3493d1780fffc02,2.06,1.75,True,2025-05-27T19:41:00+00:00,2025-05-27T18:35:00+00:00
te:2904977,2025-05-27,2025,2025-05-27,quan,martin-23226,2025-05-27T21:35:00+00:00,2025-05-25T07:29:00+00:00,,,,2.02,1.76,0.4656084656084655,-0.13778370236305332,0.6120433136935313,0.5936930562189855,0.5333333333333333,0.5333333333333333,0.5246073617596283,0.5000000004195355,0.02711150630333567,41,160,False,False,False,cd3106ff387d533ab9c7999b2a06376e3e02be3c92f92f4d995d89da7eaec56e,95d0bbea1892093c647f92a89ba7343c58ae9f17d7c2fc88d2622f3b96593d69,1.99,1.81,True,2025-05-27T08:17:00+00:00,2025-05-27T08:17:00+00:00
te:2906943,2025-05-27,2025,2025-05-27,bondioli,jianu-c67fb,2025-05-27T17:15:00+00:00,2025-05-26T21:29:00+00:00,0.0,2025-05-29T22:00:00+00:00,2025-05-27,1.92,1.9,0.4973821989528796,-0.010471299867295303,0.5896968596366972,0.3731836542609171,2.1333333333333333,0.23333333333333334,0.5000000000000001,0.5749243583061748,0.00033062101283810874,163,196,False,False,False,77f89193d57e4a42decf3e588ab46a8c9f18cf3777758953344ed84926be5026,13c8074be25c5b97b9d11ebf0c6deaa10a9a4eb7aae91335cd3273ddad077d26,1.91,1.93,True,2025-05-27T17:06:00+00:00,2025-05-27T17:06:00+00:00
te:2909485,2025-05-30,2025,2025-05-30,kypson,zink-30580,2025-05-29T22:05:00+00:00,2025-05-29T08:50:00+00:00,0.0,2025-06-01T22:00:00+00:00,2025-05-30,1.85,1.96,0.5144356955380577,0.05775883415219216,0.6183712866859653,0.424882049145635,0.8666666666666667,0.16666666666666666,0.8027357800028303,0.7161379478965406,4.350686477749832e-13,95,178,False,False,False,553857df47588cf39a18ea40fdcf865f8696a5ab6a23e661d0032f58be085d73,c52a4c6be530220986bd4ff76e01cb5d1e6dda28cbf481f298cb1d6d584b3a06,1.9,1.93,True,2025-05-29T21:10:00+00:00,2025-05-29T21:10:00+00:00
te:2909803,2025-05-30,2025,2025-05-30,hussey-d2863,uchida-ea757,2025-05-30T08:15:00+00:00,2025-05-29T17:20:00+00:00,1.0,2025-06-01T22:00:00+00:00,2025-05-30,1.78,2.1,0.5412371134020618,0.16532398042538338,0.5989863706875043,0.235919448948528,0.6166666666666667,0.6166666666666667,0.6973442215382304,0.6183410767819357,8.033851361943789e-12,120,148,False,False,False,d73c0c6978d416d0b9f138a715699b4977b7bc5ac7dccc560233c2ba4de3027e,592bc43e52a5433f65c4f2e4c3fae725ef462fd4e40df7cbff9814b80019f192,1.81,2.07,True,2025-05-29T17:48:00+00:00,2025-05-30T02:51:00+00:00
te:2909923,2025-05-30,2025,2025-05-30,rodesch,mena-99e7a,2025-05-30T12:20:00+00:00,2025-05-29T20:43:00+00:00,0.0,2025-06-01T22:00:00+00:00,2025-05-30,1.79,2.08,0.537467700258398,0.1501522738605631,0.6341222174097311,0.3997900836519568,0.0,0.0,0.7779569254710589,0.7140318130104457,2.3732598775083602e-08,212,143,False,False,False,b3a1cff7bd9134ee845897aa97a2e62bffd08e4405c9473b30f9563c78106e6f,85975bd1306392676182afd165bec3a7204086f71da6b377a27309797b5c17cb,1.82,2.06,True,2025-05-30T08:35:00+00:00,2025-05-29T21:01:00+00:00
te:2910035,2025-05-30,2025,2025-05-30,andrade-58258,nakagawa-7463c,2025-05-30T17:05:00+00:00,2025-05-30T05:18:00+00:00,0.0,2025-06-01T22:00:00+00:00,2025-05-30,1.93,1.92,0.49870129870129865,-0.0051948168771042275,0.6163994292341519,0.4794881634284898,0.5666666666666667,0.5666666666666667,0.7659794343205729,0.6884474949885461,6.756944975760959e-09,118,120,False,False,False,744a584ad7faaeeb1ccd7c7b1e34ca43b6c666f29c9a37295f3a4ff6a7c38cf1,466c69b084d47387713c3e82ad23157fee9466c98fc0f26a427840fe5060c373,1.97,1.9,True,2025-05-30T15:18:00+00:00,2025-05-30T15:18:00+00:00
te:2910037,2025-05-30,2025,2025-05-30,zheng-c91db,martin-e6e6e,2025-05-30T18:45:00+00:00,2025-05-30T05:58:00+00:00,0.0,2025-06-01T22:00:00+00:00,2025-05-30,1.88,1.97,0.5116883116883117,0.04676176590803954,0.6228391069286915,0.4548545957154618,0.0,0.0,0.6276968810185948,0.6131314093058117,3.0776345777416836e-08,40,159,False,False,False,a1a1e6d22b2d0f9e09d7a6eb15d1dfc4af31644301264d97cb145e0252bf7b2a,7eee2e25a7499945959eddc02f74815c12ea522125a1d366dd1915a2bbdabb22,1.92,1.95,True,2025-05-30T18:40:00+00:00,2025-05-30T18:40:00+00:00
te:2910049,2025-05-30,2025,2025-05-30,kypson,noguchi-08bde,2025-05-30T17:05:00+00:00,2025-05-30T05:57:00+00:00,0.0,2025-06-01T22:00:00+00:00,2025-05-30,1.81,2.06,0.5322997416020672,0.12937913752375527,0.6389728639386982,0.4415297248497402,0.35,0.35,0.786302527708612,0.7239519368854715,1.2997591891661386e-09,95,148,False,False,False,4adda55900eedcc4d94f08afc44c568626adb33c76ef775b13c22cfd0df2ec0a,55a6fea5fa3a9b8a2557387c69d4182f4ca92337e16fbbd0e9f47c8c0ff6a37d,1.85,2.02,True,2025-05-30T15:56:00+00:00,2025-05-30T16:43:00+00:00
te:2911027,2025-06-03,2025,2025-06-03,rincon-d1dab,nardi-e2cda,2025-06-03T16:05:00+00:00,2025-06-01T16:49:00+00:00,1.0,2025-06-05T22:00:00+00:00,2025-06-03,1.85,1.98,0.5169712793733681,0.06791120561621009,0.609324636001598,0.3765630400919744,0.0,0.0,0.6430333307217481,0.7137538878588259,4.507866940839378e-09,150,150,False,False,False,f5ed22d1a002ce7141681d529a9d3d96115056b706890cc27bc4c2d9c004c100,4e1a7c07af17efb2c6b5aa08b64e30ba9c8fee0c86929912532bbdf151047e30,1.82,2.02,True,2025-06-03T08:35:00+00:00,2025-06-03T08:35:00+00:00
te:2911395,2025-06-03,2025,2025-06-03,moreno-de-alboran-a31d1,o-connell-020b8,2025-06-03T15:40:00+00:00,2025-06-01T15:06:00+00:00,0.0,2025-06-05T22:00:00+00:00,2025-06-03,1.56,2.45,0.6109725685785536,0.45140220329519004,0.6374048198962365,0.11271575483332213,0.0,0.0,0.717229950713087,0.7775163458768067,3.171850643246543e-09,124,135,False,False,False,df744d7c85ce243b22e79fb559f8d95514800894e80d18001c152e833f198ab2,63105b950cef74c0dea00c04819791c86c868b78ff9c88015a84c8c51d73fa82,1.6,2.4,True,2025-06-03T13:55:00+00:00,2025-06-03T13:55:00+00:00
te:2911409,2025-06-03,2025,2025-06-03,mannarino-a7108,nishioka,2025-06-03T12:00:00+00:00,2025-06-01T15:02:00+00:00,,,,1.66,2.25,0.5754475703324808,0.304112613847877,0.6359284019389002,0.25362282132308767,0.0,0.0,0.7033514512766219,0.6784807056345225,1.0573127845470154e-08,150,105,False,False,False,c5fd8e8e0e656cf188d2963dfe294b47af757bc5907f1031a91305f3db39c9d0,d95eb1a2e301d2ffcf8ee3e07b138403ee9b354f6fbf79bcb81b3bf49b701692,1.67,2.26,True,2025-06-03T11:49:00+00:00,2025-06-03T11:49:00+00:00
te:2911815,2025-06-03,2025,2025-06-03,martin-e6e6e,dougaz,2025-06-03T15:10:00+00:00,2025-06-03T07:38:00+00:00,0.0,2025-06-05T22:00:00+00:00,2025-06-03,1.67,2.23,0.5717948717948719,0.28917795904336396,0.631170075694738,0.24806177272217722,1.35,0.38333333333333336,0.65883770279363,0.6588377027936475,3.2362865165502797e-10,163,185,False,False,False,85805d12959947e096bd51d047155791736c1a6a25dfc16fdafefa655304f5c8,2c41c8211ae7989771d4b71701671f7247aeae191988d4e67dee7de1253a0f64,1.68,2.24,True,2025-06-03T14:11:00+00:00,2025-06-03T14:11:00+00:00
te:2913463,2025-06-03,2025,2025-06-03,mrva,pokorny-6f34e,2025-06-03T13:10:00+00:00,2025-06-02T17:33:00+00:00,0.0,2025-06-05T22:00:00+00:00,2025-06-03,1.91,1.91,0.5,0.0,0.618926961985332,0.4849962145808018,0.3333333333333333,0.3333333333333333,0.5849474246126573,0.6004289860414884,1.3273885324238677e-09,74,196,False,False,False,5a5c2d34278fad0b1c8f28201a9982f488c57c6470fdf58a795d6b427f31ff96,42e3b3c9f3abfab67c51c29548b8909b91a5d384ade0be6c90f23c252805b124,1.93,1.9,True,2025-06-02T22:19:00+00:00,2025-06-03T07:33:00+00:00
te:2914567,2025-06-03,2025,2025-06-03,wu-9762d,maloney-d0a78,2025-06-03T17:15:00+00:00,2025-06-03T07:46:00+00:00,1.0,2025-06-05T22:00:00+00:00,2025-06-03,2.13,1.73,0.4481865284974093,-0.20800057121164622,0.5396151133925703,0.3667938540114804,0.7666666666666667,0.7666666666666667,0.63146810485588,0.5000000000000001,0.000285523827716877,36,176,False,False,False,adf74f58f5895f0093b9770919067b7bfb170df24d70cefcf823e5a398ba1ce8,672dcf0fa88e30b1b01fbef1d258b6f24af8f1a22c17280166479008946bf2ea,2.19,1.7,True,2025-06-03T15:18:00+00:00,2025-06-03T15:18:00+00:00
te:2916417,2025-06-06,2025,2025-06-06,zhou-472f7,noguchi-08bde,2025-06-06T17:55:00+00:00,2025-06-06T00:23:00+00:00,0.0,2025-06-08T22:00:00+00:00,2025-06-06,1.84,2.02,0.5233160621761658,0.09333193979221903,0.6094580488354956,0.3517027850742583,0.9166666666666666,0.35,0.5580499088517006,0.6020656542776761,5.558293908469736e-09,110,153,False,False,False,a4c72119d78f76bcf9a85901b4c4d49a9cbb9b69d15e8e6d7cfde3ae3990c0cb,4146082824d1c29ecef0aabbe26411727b09e0abe6d433e31fa520e7faff599b,1.85,2.03,True,2025-06-06T12:12:00+00:00,2025-06-06T16:47:00+00:00
te:2916427,2025-06-06,2025,2025-06-06,holt-669c7,mannarino-a7108,2025-06-06T10:10:00+00:00,2025-06-05T09:01:00+00:00,0.0,2025-06-08T22:00:00+00:00,2025-06-06,1.68,2.27,0.5746835443037974,0.3009860380781436,0.6516344905548036,0.32524552626869285,0.0,0.0,0.7235515847295171,0.7392953955997194,4.273982889824168e-09,187,150,False,False,False,7453ded3b9be24e290eeed576ca785f17de34191a0cf0b88b12758a8d3f6f5dd,dd4cb6b915729737039c6186705f765e8a38cabd02c215186ab0542ac3f9805b,1.69,2.26,True,2025-06-06T09:52:00+00:00,2025-06-06T09:52:00+00:00
te:2916565,2025-06-06,2025,2025-06-06,sell-1ce74,martin-e6e6e,2025-06-06T18:15:00+00:00,2025-06-06T00:23:00+00:00,1.0,2025-06-08T22:00:00+00:00,2025-06-06,1.86,2.0,0.5181347150259067,0.07257069283483525,0.613744425913335,0.3905086448175589,1.0,0.13333333333333333,0.5000000000927401,0.515132487302419,0.020337690160440583,130,165,False,False,False,2246bd34ee96b8729d4a859637fd6e8e9bccb4611780a96643ce9dc051c2874f,f210e310be9ad9ccfe6b31d3c527effeb9359488d36cea51db742d3c497371ef,1.87,2.01,True,2025-06-06T17:53:00+00:00,2025-06-06T17:53:00+00:00
te:2916791,2025-06-06,2025,2025-06-06,dellien,sachko,2025-06-06T09:05:00+00:00,2025-06-05T21:05:00+00:00,0.0,2025-06-08T22:00:00+00:00,2025-06-06,1.78,2.1,0.5412371134020618,0.16532398042538338,0.6031504198359758,0.2532853200427572,0.8666666666666667,0.1,0.5508392803585465,0.5000000000000001,0.002287142089642563,207,222,False,False,False,f217b54de89206a909bb16a673611cc464d46f8978f5ed664a5e7d4a12dd4493,440afcc2dc9cbfca731e947b3c927fcf9049127ef3c1741532cf7f4843f7da39,1.76,2.16,True,2025-06-06T08:59:00+00:00,2025-06-06T08:42:00+00:00
te:2917035,2025-06-06,2025,2025-06-06,wu-9762d,rybakov,2025-06-06T16:10:00+00:00,2025-06-06T00:23:00+00:00,0.0,2025-06-08T22:00:00+00:00,2025-06-06,2.13,1.76,0.4524421593830334,-0.19080817067127342,0.5311805094676075,0.3156922638797518,1.6166666666666667,0.08333333333333333,0.7913195543087995,0.6442670409877091,3.757572086815486e-09,42,143,False,False,False,ae5abe5ee2f430da8884e6d313dbb938c023fa46cc156a2525c4307507bb1134,60ca878e00c8052ed699cb0e9ccc033e8c08d2f83b3ea2d22bf7590de1ae68b7,2.14,1.77,True,2025-06-06T15:23:00+00:00,2025-06-06T15:23:00+00:00
te:2918379,2025-06-10,2025,2025-06-10,barrios-vera,vatutin,2025-06-10T10:40:00+00:00,2025-06-09T18:14:00+00:00,0.0,2025-06-12T22:00:00+00:00,2025-06-10,2.07,1.78,0.4623376623376624,-0.15093524297328376,0.5577894300718623,0.3831305974853399,0.7166666666666667,0.7166666666666667,0.6321312312702723,0.5173784475092318,2.7232257948650584e-08,208,192,False,False,False,07bbe7206aff3e1ec0a34bbe4ea2c84e43a24c7a49d9e41c1e15cb7db7e02d17,900c8401b7e7cbc56d8a8926dd16e72da3d9a302b12fd8e8a7ea9b722d933c86,2.0,1.84,True,2025-06-10T08:32:00+00:00,2025-06-10T08:32:00+00:00
te:2919241,2025-06-10,2025,2025-06-10,harris-9f62b,blanchet,2025-06-10T10:10:00+00:00,2025-06-09T18:09:00+00:00,0.0,2025-06-12T22:00:00+00:00,2025-06-10,1.85,1.97,0.5157068062827225,0.06284790365966353,0.5852590907341677,0.2815527254263448,1.3166666666666667,1.3166666666666667,0.8545068778067578,0.7331750023119097,2.7015460424273385e-09,68,131,False,False,False,a6f899b6ad0d318629597276362e9904d11056683d77f6c0a167b0255d22581f,0ed608fc0e770bd00c94410f3fe128e8242541c4376e226708116e096ee9b461,1.98,1.86,True,2025-06-10T09:04:00+00:00,2025-06-10T09:04:00+00:00
te:2919243,2025-06-10,2025,2025-06-10,pinnington-jones,kukushkin,2025-06-10T10:10:00+00:00,2025-06-09T18:08:00+00:00,0.0,2025-06-12T22:00:00+00:00,2025-06-10,1.85,1.97,0.5157068062827225,0.06284790365966353,0.6172847322623629,0.4151912059125964,0.5,0.5,0.563540161209305,0.5647482751983987,1.7243266425825965e-08,116,147,False,False,False,36466ea04d1ea0da49f6454a9591e2d428620cfed4d38637e110d0771c6f1d83,608000e25e0b05fdec80840484a2e79bd729b5903fa800ef1a371deb51243f65,1.84,2.0,True,2025-06-10T09:59:00+00:00,2025-06-10T09:59:00+00:00
te:2921281,2025-06-10,2025,2025-06-10,durasovic,campana-lee,2025-06-10T14:45:00+00:00,2025-06-09T18:08:00+00:00,1.0,2025-06-12T22:00:00+00:00,2025-06-10,1.76,2.09,0.5428571428571429,0.1718502569266595,0.6254354736046068,0.3408338197175897,0.9,0.3333333333333333,0.6336629055490892,0.6278021085606001,9.961351188358947e-11,185,134,False,False,False,2fd190714eebd1ac8453162384701fbd1b630d35c66b7848bcca270eef273460,b2d306959f26b1f3b6a54f3dba1e70a8ce5f92059bce59d103c18ac090819013,1.79,2.07,True,2025-06-10T07:31:00+00:00,2025-06-10T07:31:00+00:00
te:2922275,2025-06-10,2025,2025-06-10,cilic,jubb,2025-06-10T11:25:00+00:00,2025-06-09T22:59:00+00:00,1.0,2025-06-12T22:00:00+00:00,2025-06-10,1.76,2.09,0.5428571428571429,0.1718502569266595,0.5863472729833823,0.17703517495087429,0.8166666666666667,0.8166666666666667,0.7830415674182426,0.6759090559322766,2.5981994333790226e-13,92,109,False,False,False,2c7a7d41ec7aed0625075b4eee065b59762eadc92c9c8f35ec466ff1e2f913d0,0f2cc1b442fb445e63dfee68be7ae26a4b0f0c5bff938812cd2a08f86db2b297,1.65,2.3,True,2025-06-10T08:41:00+00:00,2025-06-10T10:54:00+00:00
te:2922657,2025-06-10,2025,2025-06-10,pacheco-mendez,cecchinato,2025-06-10T11:00:00+00:00,2025-06-10T01:08:00+00:00,0.0,2025-06-12T22:00:00+00:00,2025-06-10,1.73,2.13,0.5518134715025906,0.208000571211646,0.6334266971417133,0.33894520182288784,0.95,0.95,0.6889515273679905,0.6676574548488586,4.714159787533312e-08,156,116,False,False,False,39f5b8b68be40d3069ad6539a09a2c601e59e05094511b45c5a6b9192a07fffb,0ce34f3bf25bbf8c8724366f78f82007ec4de976410696928fdde1e1d0275b3f,1.76,2.11,True,2025-06-10T10:09:00+00:00,2025-06-10T10:09:00+00:00
te:2924655,2025-06-13,2025,2025-06-13,blanch-5d667,pucinelli-de-almeida,2025-06-13T14:10:00+00:00,2025-06-12T06:01:00+00:00,1.0,2025-06-15T22:00:00+00:00,2025-06-13,1.99,1.86,0.4831168831168831,-0.06755815101129117,0.5599929853584444,0.30869173936399796,0.6,0.6,0.5000000000000001,0.6116125428851532,0.008935609665479433,164,172,False,False,False,bea83e2e1ab96ec6a0587de29a69a4ce1235ef339a5ef0064cf6dd52786c9cdc,3615c18ef2cc6f50ceb24331b6d0f270bd49739da270939491504e6d197592b2,2.06,1.82,True,2025-06-13T06:10:00+00:00,2025-06-13T06:10:00+00:00
te:2924667,2025-06-13,2025,2025-06-13,nardi-e2cda,pavlovic-c059e,2025-06-13T16:10:00+00:00,2025-06-12T00:49:00+00:00,0.0,2025-06-15T22:00:00+00:00,2025-06-13,1.9,1.95,0.5064935064935064,0.025975486403260445,0.5590532650792077,0.21134518291996027,0.5,0.03333333333333333,0.7751016469327281,0.6487745202453733,2.276874772055848e-09,153,158,False,False,False,93dc7d8ba43de7a6384ca12c09a2ea6948377babece74935fcc196082f428dae,91eb6f4b64eecf06d2d1b502096ca01421fe48e4d37d5262e122363b3329d981,1.94,1.93,True,2025-06-13T15:54:00+00:00,2025-06-12T02:36:00+00:00
te:2925025,2025-06-13,2025,2025-06-13,mochizuki-f2487,crawford-71058,2025-06-13T12:45:00+00:00,2025-06-12T17:36:00+00:00,0.0,2025-06-15T22:00:00+00:00,2025-06-13,1.72,2.19,0.5601023017902813,0.2415772530030477,0.6317082406773754,0.29797494175929173,0.6333333333333333,0.6333333333333333,0.667164720136389,0.6586409113643442,3.1477846690330935e-08,144,172,False,False,False,3e241514701d2ae7c4a9d39c0e2e4cea96eaebead1614d3253b14caa81b3ad09,9426a12403d960f9a9946ea786f0161e31103d8093d2c3a6855a8e52320014d4,1.71,2.22,True,2025-06-13T11:01:00+00:00,2025-06-13T10:59:00+00:00
te:2925043,2025-06-13,2025,2025-06-13,garin,dodig-b6156,2025-06-13T13:10:00+00:00,2025-06-12T17:54:00+00:00,0.0,2025-06-15T22:00:00+00:00,2025-06-13,2.11,1.78,0.4575835475578406,-0.17007458318398147,0.5256153736295299,0.2726258589142112,0.3,0.3,0.7206534667045489,0.5739162932278883,4.77956563216253e-12,140,135,False,False,False,4a0c5904f6e16152072c9faefa64bc00096db9fa30f9c9dc2ec3af04e7d0ac8e,a15f787fec9ee6619abf58a9d6a3419327b12a8e5e154662b7005109ad86a910,2.17,1.75,True,2025-06-13T09:35:00+00:00,2025-06-13T09:35:00+00:00
te:2926505,2025-06-17,2025,2025-06-17,giustino-1d545,vacherot,2025-06-17T08:40:00+00:00,2025-06-16T16:49:00+00:00,0.0,2025-06-19T22:00:00+00:00,2025-06-17,1.97,1.85,0.48429319371727747,-0.06284790365966375,0.5520009067663184,0.2716063842470396,2.183333333333333,0.4166666666666667,0.5694764274019499,0.6934985640278363,3.981599772107103e-11,207,94,False,False,False,6fd355bb92b129e0d2fd92939d91ae67cf41a284e265a292269ad0bab87a65fb,254aefdad40d2db184996e49c46eba3938fa4c82c9d7946b2092e518639e3173,2.14,1.74,True,2025-06-17T06:58:00+00:00,2025-06-17T06:58:00+00:00
te:2926509,2025-06-17,2025,2025-06-17,tirante,yevseyev,2025-06-17T12:30:00+00:00,2025-06-16T17:44:00+00:00,0.0,2025-06-19T22:00:00+00:00,2025-06-17,2.02,1.81,0.47258485639686687,-0.10977066613537889,0.5668502323430435,0.3787822425506172,0.0,0.0,0.7287140160015464,0.613927648529256,6.29463148271725e-11,174,177,False,False,False,aee0a106e11618e13a3aef08bbe26e21cb42341c33e9f66b80f5c79f53f45121,319b834c06d58fe65507ea762abdd95e36651807cb30d26e215f86a1796164af,2.06,1.79,True,2025-06-17T08:05:00+00:00,2025-06-17T08:05:00+00:00
te:2927621,2025-06-17,2025,2025-06-17,olivieri-ff875,sperle,2025-06-17T16:10:00+00:00,2025-06-17T07:47:00+00:00,0.0,2025-06-19T22:00:00+00:00,2025-06-17,2.06,1.78,0.46354166666666663,-0.14609261849749608,0.5746642314243954,0.44699964267201264,1.0,0.4,0.6608853013631547,0.5608333824184677,1.0293981084208426e-09,165,145,False,False,False,ec7a182c6916adc18ea4906ead7ee5030662719de23ba2dd81f7112e826d5246,2c47728079ac81c8790968337b21483807e51d7b85fc2b00518ec708ca8df07f,2.03,1.82,True,2025-06-17T15:57:00+00:00,2025-06-17T15:57:00+00:00
te:2928149,2025-06-20,2025,2025-06-20,reis-da-silva,gerch-539c1,2025-06-20T18:50:00+00:00,2025-06-19T15:29:00+00:00,1.0,2025-06-22T22:00:00+00:00,2025-06-20,2.14,1.75,0.4498714652956298,-0.20119004109833744,0.5796395914630135,0.5224840985932291,1.5333333333333334,0.3,0.6952370332975691,0.5962187997633064,4.5865135855915895e-09,173,118,False,False,False,54d5675ace198c6a203417e4441825fa8e4dde59db0d9b0142326948f5df5310,08e954fa4c239b5b1fb2b494f4e12309090b0a473811750bea72b3fcc0464e9c,2.26,1.69,True,2025-06-20T16:57:00+00:00,2025-06-20T16:57:00+00:00
te:2932297,2025-06-20,2025,2025-06-20,misolic,garin,2025-06-20T14:55:00+00:00,2025-06-19T22:59:00+00:00,0.0,2025-06-22T22:00:00+00:00,2025-06-20,1.77,2.12,0.544987146529563,0.18043654209818355,0.6153150050167336,0.2892729933212218,1.0666666666666667,0.5666666666666667,0.5408007424271268,0.5329583025755177,1.0522346182983977e-06,148,147,False,False,False,448b1b9715a0dc3749c675b7bdccb4820f4b94c2a3fdd581860b5d33832970a3,f9d9df9b33f278fa0adc5c1784a7fea6dd4e3dec4fde1746a1b5956c057ceb6f,1.83,2.06,True,2025-06-20T09:31:00+00:00,2025-06-20T12:45:00+00:00
te:2932565,2025-06-20,2025,2025-06-20,taberner,passaro-5f6f1,2025-06-20T15:10:00+00:00,2025-06-20T08:22:00+00:00,,,,1.81,2.06,0.5322997416020672,0.12937913752375527,0.6024008154754029,0.2860994688859989,1.0833333333333333,0.55,0.5705480998562263,0.6329426974964404,1.0096753988442231e-10,190,122,False,False,False,37f2e6825a79cf6a20d86ca29ba2c95613c079a96b9801fbada0bd4b9c39bcf4,c9693f4642f4bb813166bda189cf2c3232b17a8015fc27c2e2f3345ac6a7a43d,1.79,2.09,True,2025-06-20T09:46:00+00:00,2025-06-20T14:14:00+00:00
te:2934741,2025-06-24,2025,2025-06-24,barrena-f6642,ambrogi,2025-06-24T15:10:00+00:00,2025-06-24T07:48:00+00:00,,,,2.08,1.76,0.4583333333333333,-0.16705408466316626,0.5909139487673064,0.53479896058055,2.3333333333333335,0.8,0.646630114795074,0.5664478221742617,2.7453017636958066e-10,166,208,False,False,False,3e2f571d50a7480d0f5d2a195e48952462db2152b627dbf032517e9325e5201e,de8f98db6d4e286833d705720f46e92fc7ee3ee058681a36d23dab6dd45c0009,2.06,1.79,True,2025-06-24T14:18:00+00:00,2025-06-24T13:13:00+00:00
te:2936383,2025-06-24,2025,2025-06-24,vasami-a02e2,santamarta-roig,2025-06-24T15:05:00+00:00,2025-06-23T16:01:00+00:00,0.0,2025-06-26T22:00:00+00:00,2025-06-24,1.93,1.89,0.4947643979057591,-0.02094317384524342,0.608030389409018,0.4599837243602197,1.6666666666666667,1.6666666666666667,0.5262144297480907,0.567720458950023,1.7456852258179723e-07,41,63,False,False,False,3f00733af68c9603e90f998b66d48da5c8748a2ebc1508f50c350a569bcb3957,2694ea1d3aa46f31bf13cec36ae675a27ebdfaf65c76f03b60d212b9bc96804a,1.98,1.85,True,2025-06-24T10:01:00+00:00,2025-06-24T14:30:00+00:00
te:2937879,2025-06-24,2025,2025-06-24,bicknell-8dc8a,sperle,2025-06-24T19:35:00+00:00,2025-06-24T07:48:00+00:00,1.0,2025-06-26T22:00:00+00:00,2025-06-24,2.02,1.81,0.47258485639686687,-0.10977066613537889,0.60504567197423,0.536304479218632,0.7833333333333333,0.2833333333333333,0.5711587868400454,0.6285547176655348,7.739131557826795e-11,63,146,False,False,False,34b949f43105cef1b13f31300c3076ff304ca9cc1b571f57862911dedfee38be,9ce8b46df52cee56133cd18ee67be24b6d60b88cc81bb91ccfe2875e86f814e6,1.95,1.88,True,2025-06-24T19:27:00+00:00,2025-06-24T19:27:00+00:00
te:2939551,2025-06-27,2025,2025-06-27,blanch-5d667,olivieri-ff875,2025-06-26T22:05:00+00:00,2025-06-26T00:57:00+00:00,1.0,2025-06-29T22:00:00+00:00,2025-06-27,1.95,1.89,0.4921875,-0.03125254350410442,0.5924500387363101,0.405355560656413,0.43333333333333335,0.43333333333333335,0.5000000000000001,0.5706421087498867,0.022612825243334272,166,156,False,False,False,ba0e656ed120955e9aa8c23d29250b012fc4e2926c3c5255be21e458ba3100a6,a1e70924a62ec40754bac6da87ddc2fbc5ca3cd9776f1c69cb0bedf4a8884379,1.96,1.91,True,2025-06-26T21:28:00+00:00,2025-06-26T21:28:00+00:00
te:2939583,2025-06-27,2025,2025-06-27,bueno-01b7e,pucinelli-de-almeida,2025-06-27T00:25:00+00:00,2025-06-26T04:34:00+00:00,0.0,2025-06-29T22:00:00+00:00,2025-06-27,1.95,1.9,0.49350649350649356,-0.025975486403260445,0.613566796031752,0.4883055913736287,0.0,0.0,0.6079490023785078,0.6576819365303239,1.0467879341113928e-10,152,171,False,False,False,46a5dbaf04109878e6296b0f50f5caf3ae64c1166f6cdbcf95eefcf7225399da,780e836a1f410f42728edf0d4571d6429e15b919b5153723d8832a4acc5c571d,1.93,1.93,True,2025-06-26T21:28:00+00:00,2025-06-26T21:28:00+00:00
te:2941147,2025-07-01,2025,2025-07-01,taberner,geerts,2025-07-01T19:10:00+00:00,2025-07-01T10:19:00+00:00,1.0,2025-07-03T22:00:00+00:00,2025-07-01,2.06,1.78,0.46354166666666663,-0.14609261849749608,0.5598161055093281,0.38650838365500345,0.0,0.0,0.7638591899531069,0.6393948787203549,1.922723541492033e-08,192,204,False,False,False,80b8b9fa4efe6ccdf28971985d07b6f17d9d82c9c30488c8ea7e7fbb2bd51183,8c7d799c8278db14248d71708014cc02a76d59219b215c5ea4fe39a477eedd5b,2.17,1.72,True,2025-07-01T16:51:00+00:00,2025-07-01T16:51:00+00:00
te:2941871,2025-07-01,2025,2025-07-01,sels,zink-30580,2025-07-01T13:00:00+00:00,2025-06-30T17:14:00+00:00,0.0,2025-07-03T22:00:00+00:00,2025-07-01,1.91,1.91,0.5,0.0,0.5927681587540954,0.3754207014631928,1.05,1.05,0.5754417780026472,0.5050015136794805,4.041091072881642e-11,170,177,False,False,False,fc2337f8c243a35ceb4ed929cf737e32bcf7e1b1d0815780431728cc3029dbe0,c8b9266b52dab4e7d422637cd8a9cdb5f2027b8bf9cc671358a12c9ce499f740,1.87,1.97,True,2025-07-01T07:34:00+00:00,2025-07-01T07:34:00+00:00
te:2942033,2025-07-01,2025,2025-07-01,sell-1ce74,nakagawa-7463c,2025-07-01T15:50:00+00:00,2025-07-01T06:50:00+00:00,0.0,2025-07-03T22:00:00+00:00,2025-07-01,2.03,1.8,0.4699738903394256,-0.12024912815157689,0.5669779166746489,0.3897807560037066,1.3833333333333333,1.3833333333333333,0.7376236588291246,0.621881812805049,6.065398183707771e-12,138,117,False,False,False,96f354d4715a9a04f8cf2674948280a711a6956f72fe62153dd252f060465371,b70e0c74a13ef0d125f24e2b3e12434a669962610c67738563fb489c798b8897,2.11,1.76,True,2025-07-01T13:15:00+00:00,2025-07-01T13:15:00+00:00
te:2942041,2025-07-01,2025,2025-07-01,draxl,sekulic-13abc,2025-06-30T22:45:00+00:00,2025-06-30T08:49:00+00:00,0.0,2025-07-03T22:00:00+00:00,2025-07-01,1.89,1.93,0.5052356020942408,0.020943173845242972,0.5782900877621449,0.29481478496636254,0.45,0.45,0.5906410378957111,0.5000000000000001,0.01143925435747778,207,73,False,False,False,67a7f6714b4351aae8beb6f1a9130e3b47710ddec3ec08461912f9fe4fa88c8b,a34e731d8cfb445e53ba893cefc8002bc25f332c2a813b1ffd402188894aa5a0,1.98,1.86,True,2025-06-30T16:34:00+00:00,2025-06-30T16:34:00+00:00
te:2943525,2025-07-01,2025,2025-07-01,echargui,boyer-64ede,2025-07-01T14:10:00+00:00,2025-07-01T06:40:00+00:00,0.0,2025-07-03T22:00:00+00:00,2025-07-01,1.85,1.97,0.5157068062827225,0.06284790365966353,0.6019228877412909,0.3506357040802959,0.0,0.0,0.6292261439967404,0.706870616353211,6.646845260305234e-08,187,161,False,False,False,59e7d22a8e5a40b8412977ac09d6e3abe8a88f87ee236414ed1c18f6a62e749c,bbae4af862ac47e212bef83c0677ca7fec8e16c996811b0a79e9d7dbf89683cb,1.84,2.0,True,2025-07-01T13:11:00+00:00,2025-07-01T13:11:00+00:00
te:2944779,2025-07-01,2025,2025-07-01,sheehy,wu-f664e,2025-07-01T21:45:00+00:00,2025-07-01T07:59:00+00:00,0.0,2025-07-03T22:00:00+00:00,2025-07-01,2.01,1.82,0.47519582245430814,-0.09929822098228022,0.552038994913002,0.308210721312547,0.0,0.0,0.6801929571546173,0.8159654608559563,3.807473780703674e-11,94,122,False,False,False,404245ca3d2a3927c503fedd59dcce12dc1e6132d35f66ec8a1b89472a866ca8,214be0a8c77d34eb0e62a322960a90e8f4f39468b27e8a4fc10fea433859cdb6,2.13,1.75,True,2025-07-01T19:38:00+00:00,2025-07-01T19:38:00+00:00
te:2945659,2025-07-04,2025,2025-07-04,pavlovic-c059e,boitan,2025-07-04T14:00:00+00:00,2025-07-03T00:04:00+00:00,0.0,2025-07-06T22:00:00+00:00,2025-07-04,1.66,2.3,0.5808080808080808,0.326091520566652,0.638358664086053,0.24215583832798926,1.4,1.0,0.7163784902613919,0.6883164927522631,2.0022864477553526e-09,151,194,False,False,False,d0c61fcb1bb720a08c16ecb01b22cd3f183c088c2db563888532d84ebd6a925a,9d55fb3ef54264dd6908946ca340c35281971fbb4c7e61d0859f98ff734277c9,1.68,2.25,True,2025-07-04T03:36:00+00:00,2025-07-04T03:36:00+00:00
te:2945903,2025-07-04,2025,2025-07-04,ficovich,silva-cb43c,2025-07-04T13:30:00+00:00,2025-07-03T04:44:00+00:00,1.0,2025-07-06T22:00:00+00:00,2025-07-04,1.77,2.11,0.5438144329896907,0.17570840090223716,0.6125716888042048,0.2824267493008158,0.3333333333333333,0.3333333333333333,0.6204895420537557,0.5789593978556106,9.590273936099791e-08,183,165,False,False,False,a91adc97e822fa4340075ac0b70d746d88f82a6f7d7f7b4d4c1712fddca7a431,9d2c24063dcfce19331ffaf0c31ba16d26f53efdec276e4540935ea9a6fda541,1.88,1.99,True,2025-07-03T22:50:00+00:00,2025-07-03T22:50:00+00:00
te:2945937,2025-07-04,2025,2025-07-04,travaglia,pellegrino-fd654,2025-07-04T12:05:00+00:00,2025-07-03T04:44:00+00:00,1.0,2025-07-06T22:00:00+00:00,2025-07-04,1.92,1.93,0.5012987012987012,0.005194816877103783,0.5897811952011537,0.3578661080593327,0.7666666666666667,0.7666666666666667,0.5000000000000001,0.5747966442703342,0.010531525545316472,141,153,False,False,False,0bae10b96f1658193685780cda0b37cdf67ec41f0ec87893f0b0eaef9e5812de,5baffce27b8075c778b6383069af56855028ad6190cc842f564a807e0328d0d7,1.96,1.91,True,2025-07-04T09:45:00+00:00,2025-07-04T09:45:00+00:00
te:2946177,2025-07-04,2025,2025-07-04,kypson,galarneau-32e1f,2025-07-04T17:25:00+00:00,2025-07-04T01:18:00+00:00,1.0,2025-07-06T22:00:00+00:00,2025-07-04,1.7,2.19,0.5629820051413882,0.2532732927662391,0.6271866650481345,0.2668930630675854,0.31666666666666665,0.31666666666666665,0.7796907498365457,0.7081934784330721,6.446232436729815e-13,106,172,False,False,False,53c7ecae822224d53b6bd1c96c58e61149b759965dc2bc1f926a916a3564d5eb,b6137e18fcb77b038338782df542898993ad57a98184fac3089fd2c95d399a54,1.71,2.21,True,2025-07-04T16:48:00+00:00,2025-07-04T13:34:00+00:00
te:2946179,2025-07-04,2025,2025-07-04,draxl,mayo-58e8a,2025-07-04T20:30:00+00:00,2025-07-04T01:17:00+00:00,0.0,2025-07-06T22:00:00+00:00,2025-07-04,1.99,1.85,0.4817708333333334,-0.0729489996461672,0.5652735796632075,0.3355419109228714,0.5333333333333333,0.0,0.7386311639209463,0.6213722495931558,7.101597088166045e-12,207,146,False,False,False,5ba5d9c158732f17f77a22bebdbfb8b52803f1baec1e3ed9514a9c0331230786,b04b68a876dddf6d7780196a7223df4ab82887ee3448b3ccff28432b1817895e,1.98,1.89,True,2025-07-04T18:47:00+00:00,2025-07-04T18:47:00+00:00
te:2946345,2025-07-04,2025,2025-07-04,paris-c72aa,papoe,2025-07-04T11:05:00+00:00,2025-07-03T17:00:00+00:00,1.0,2025-07-06T22:00:00+00:00,2025-07-04,1.88,1.97,0.5116883116883117,0.04676176590803954,0.6070007045830159,0.38796036687802643,1.95,0.4166666666666667,0.611204116761234,0.6755687767988723,7.464440177074039e-11,156,66,False,False,False,fa578e8c0473a42568d2d6906995531a8fe8f4d7602c94d0495caa03a08d2147,c2af6898cec4b94a723063e9ce9b2bcc86ef843cf7c8b6b2107bf65f86d8a3d2,1.92,1.95,True,2025-07-04T07:35:00+00:00,2025-07-04T07:35:00+00:00
te:2946373,2025-07-04,2025,2025-07-04,berrettini,gombos,2025-07-04T13:20:00+00:00,2025-07-03T15:18:00+00:00,1.0,2025-07-06T22:00:00+00:00,2025-07-04,1.68,2.23,0.5703324808184143,0.28320779205685953,0.6362181573401035,0.2757793725400898,0.43333333333333335,0.43333333333333335,0.6796144634575346,0.679614463458525,1.4470319043002888e-07,148,171,False,False,False,803c4581a8e442715b09a85d268e231e7d4fac24f4cffbe29a74405ddd4b42a1,1670a4f7e9163b899a3380b33773e5df3d1ee2a2933eb53da3e8e4a7f9aedb74,1.7,2.25,True,2025-07-04T08:02:00+00:00,2025-07-04T08:02:00+00:00
te:2946527,2025-07-04,2025,2025-07-04,trungelliti,sanchez-izquierdo-99add,2025-07-04T10:40:00+00:00,2025-07-03T16:55:00+00:00,1.0,2025-07-06T22:00:00+00:00,2025-07-04,1.82,2.05,0.5297157622739017,0.11900329206161245,0.6029124889685001,0.298612080839328,1.1666666666666667,1.1666666666666667,0.5513598431723518,0.5000000000000001,0.006416712996396248,174,168,False,False,False,374e027d58bbbd424c5018ad1c6155dbe6e84750f2ca59d128552c9a5ab5ee18,502abd30f129b7046e91a6da700e20b3f30832a8baee6ca2e7544d1305288152,1.83,2.04,True,2025-07-04T06:34:00+00:00,2025-07-04T08:24:00+00:00
te:2946541,2025-07-04,2025,2025-07-04,kym,cecchinato,2025-07-04T17:40:00+00:00,2025-07-04T01:26:00+00:00,0.0,2025-07-06T22:00:00+00:00,2025-07-04,1.63,2.34,0.5894206549118388,0.36157091455093915,0.6459068845965941,0.2395245209428294,1.3666666666666667,0.7666666666666667,0.7225981804004818,0.7081035231648464,1.4583355684161248e-07,134,119,False,False,False,74aad28f417d32f971b469e0c806f188f92941d0afd035f0570c46c32fe30c7a,641667a781bc2832fe52218effeb1a2939d8313de52b4fcbe05ebe5e0994c546,1.66,2.3,True,2025-07-04T11:58:00+00:00,2025-07-04T14:19:00+00:00
te:2948411,2025-07-08,2025,2025-07-08,misolic,pellegrino-fd654,2025-07-08T11:45:00+00:00,2025-07-07T17:13:00+00:00,0.0,2025-07-10T22:00:00+00:00,2025-07-08,1.86,1.96,0.5130890052356021,0.052367985517315925,0.588038938157657,0.3034963467535673,1.2,1.2,0.5773944969334464,0.5000000000000001,0.004485590056727468,169,155,False,False,False,dcf8878814c73e634b8e4dabf0387e276c60133aa48bf7a38349444492179d0f,074427d13c86166a89d838cce462bd3f7ad5b6444f1221fb792b7d1fbecdfd78,1.85,1.98,True,2025-07-08T08:43:00+00:00,2025-07-08T08:43:00+00:00
te:2948443,2025-07-08,2025,2025-07-08,barrios-vera,gea,2025-07-08T08:45:00+00:00,2025-07-07T16:14:00+00:00,1.0,2025-07-10T22:00:00+00:00,2025-07-08,1.94,1.88,0.4921465968586388,-0.03141619623337862,0.602007596569929,0.4452533421063441,0.7666666666666667,0.7666666666666667,0.5532943357535186,0.5000000000000001,0.007004621360493166,205,180,False,False,False,586b4889ccd55594decef1b2d11d44bca7b714678c4ec6a4f393f256e0c7923e,3bb0a147e6eed687fa77835e7f404aa504b6ed7ef083d3f4506f402d2cc2368c,1.98,1.84,True,2025-07-08T08:01:00+00:00,2025-07-08T08:01:00+00:00
te:2948467,2025-07-08,2025,2025-07-08,de-schepper,martineau-40903,2025-07-08T15:50:00+00:00,2025-07-07T16:59:00+00:00,1.0,2025-07-10T22:00:00+00:00,2025-07-08,1.61,2.33,0.5913705583756345,0.3696340885812373,0.6204541367498166,0.1218421586422555,1.05,0.35,0.7055842847610699,0.7851007306642701,5.518918655411653e-13,154,155,False,False,False,3a3de3a936daf2a41b26568b3f5ddd43def60f39de3631d835972fbb07516f62,37092215b1bba51582a4e84d936915c058ec93dc20fef7b72cd4253d98cab786,1.65,2.29,True,2025-07-08T11:04:00+00:00,2025-07-08T11:04:00+00:00
te:2948875,2025-07-08,2025,2025-07-08,holt-669c7,cassone,2025-07-08T16:55:00+00:00,2025-07-06T17:23:00+00:00,1.0,2025-07-10T22:00:00+00:00,2025-07-08,1.58,2.3,0.5927835051546392,0.37548427589622857,0.6587664188054639,0.2823175162055863,0.0,0.0,0.7704628946658978,0.741865841941062,4.306555112520982e-13,199,185,False,False,False,d4df146c500227ef884e97a9d4e256baf22eaf6c6ddb70816dccafbdb1882cb1,61c2f2b107b8430f422aa019604c4d93f55892ddc9427f417566c93b4e2af4f6,1.64,2.22,True,2025-07-08T15:43:00+00:00,2025-07-08T15:43:00+00:00
te:2948891,2025-07-08,2025,2025-07-08,mannarino-a7108,uchiyama,2025-07-08T15:10:00+00:00,2025-07-06T17:48:00+00:00,0.0,2025-07-10T22:00:00+00:00,2025-07-08,1.63,2.21,0.5755208333333334,0.30441250071099063,0.6211018227827947,0.18981502632498842,0.0,0.0,0.7981315199989123,0.7151580031669046,7.155387393709134e-14,171,134,False,False,False,73dc010e89e8fab2e64b62fecd854268d91e060c6545c1a1507dc6ea21feb413,e128d54f9af7e1c12c654d803485532eff7fbcda18ffa7ae9a71df4ebcff86c2,1.7,2.11,True,2025-07-08T14:55:00+00:00,2025-07-08T14:55:00+00:00
te:2951025,2025-07-08,2025,2025-07-08,dellien-e101c,gima-59cd8,2025-07-08T11:25:00+00:00,2025-07-08T05:35:00+00:00,1.0,2025-07-10T22:00:00+00:00,2025-07-08,2.11,1.74,0.451948051948052,-0.19280283426153733,0.5871985648322767,0.5451991766448285,0.6166666666666667,0.6166666666666667,0.7218880306400092,0.6262182608784326,1.0484668688803822e-12,155,147,False,False,False,3a8af42aa764702956f300716569c0b1aba7e80e24cd4927fea071ce2a7550d1,3e4c52f108b0d4a567c3f0a087d2a977acf34d64f423b0f7ec576225987ab7a1,2.04,1.78,True,2025-07-08T10:48:00+00:00,2025-07-08T08:54:00+00:00
te:2952779,2025-07-11,2025,2025-07-11,pinnington-jones,winter-e2184,2025-07-11T12:10:00+00:00,2025-07-10T07:57:00+00:00,1.0,2025-07-13T22:00:00+00:00,2025-07-11,2.08,1.78,0.4611398963730569,-0.15575452940923315,0.5683330044166806,0.43080760428527676,0.0,0.0,0.7365335243314133,0.6220452508151749,5.745237618981491e-12,123,118,False,False,False,4aff9fc255c3f3cea45a54288d5a8d3dcd21dc0acb9dcd2ce177ac0e8005cbd0,1da6ea1cc29aa8ceace789e93a4be45c6c9d78ca39f811980e8c5abc38228888,2.15,1.74,True,2025-07-11T11:02:00+00:00,2025-07-11T11:02:00+00:00
te:2953339,2025-07-11,2025,2025-07-11,ajdukovic,dellien-e101c,2025-07-11T11:10:00+00:00,2025-07-10T17:15:00+00:00,1.0,2025-07-13T22:00:00+00:00,2025-07-11,1.76,2.1,0.5440414507772021,0.1766235356793171,0.6333776962939596,0.37011121222801235,0.2833333333333333,0.2833333333333333,0.7016412270814806,0.672016431231744,5.6494253136696315e-08,134,153,False,False,False,4dc54c14d1dbb937ef3d7185f0e3974743b49081184a3d775a08b99b85a02288,26f2563dadc38f2ed35b1b2473c5d4de4c048878d1aeace25e0b5b7d44a726c4,1.77,2.11,True,2025-07-11T07:19:00+00:00,2025-07-11T07:19:00+00:00
te:2953465,2025-07-11,2025,2025-07-11,edmund,zahraj-42755,2025-07-11T10:10:00+00:00,2025-07-10T17:44:00+00:00,,,,1.75,2.12,0.5478036175710594,0.19180030074849844,0.6397615645020281,0.3825291176833949,0.5833333333333334,0.5833333333333334,0.6969311992325045,0.6897488904547806,1.8839096949108125e-11,100,189,False,False,False,ef7279fca4342a14f5366fa25191eb9757d1faa9eefac835bdf9c6938dec0346,2f77b5c9f1b469d375305c425feacac9c9a1e9aa3c8482a6f98a9b3e1bcf872b,1.71,2.21,True,2025-07-11T06:34:00+00:00,2025-07-11T06:34:00+00:00
te:2953501,2025-07-11,2025,2025-07-11,cerundolo-08df6,molcan,2025-07-11T11:50:00+00:00,2025-07-10T17:20:00+00:00,1.0,2025-07-13T22:00:00+00:00,2025-07-11,1.79,2.06,0.5350649350649351,0.14049036294882636,0.6111901694119659,0.3118274339959711,1.1333333333333333,0.13333333333333333,0.5281887663849709,0.5000000000000001,0.015124364086922859,181,91,False,False,False,0244dc45c3d76b296594ac79f82e569b1d8fb544f98b70e25dfcb0a8f4c4913a,28c04e8f454d0ffb6fe03385e8fb41bc1947d11b645b10dd64f83dbd321a2381,1.82,2.05,True,2025-07-11T08:03:00+00:00,2025-07-11T08:44:00+00:00
te:2953583,2025-07-11,2025,2025-07-11,nagal,mrva,2025-07-11T12:10:00+00:00,2025-07-10T17:21:00+00:00,1.0,2025-07-13T22:00:00+00:00,2025-07-11,1.93,1.93,0.5,0.0,0.6136687027790226,0.4627599261981089,1.3666666666666667,0.26666666666666666,0.5998975312694329,0.5664668603301991,1.0081335766187749e-10,110,103,False,False,False,10f505ba4496e282647d626f2f61a2585839a9b6a8aa808a0ceb413b4377a5f9,8f6b7a6e47fc65a74b91249975aeee465ec254a1dbbd2fb30d056e5461c8af40,1.95,1.92,True,2025-07-11T08:34:00+00:00,2025-07-11T08:34:00+00:00
te:2953787,2025-07-11,2025,2025-07-11,crawford-71058,gray-0bd9f,2025-07-11T10:10:00+00:00,2025-07-10T22:13:00+00:00,1.0,2025-07-13T22:00:00+00:00,2025-07-11,1.64,2.3,0.583756345177665,0.33821288109899683,0.6122750559012652,0.11867255692570872,0.9,0.2,0.685642565121794,0.6261431775051365,1.0221929991338641e-07,183,137,False,False,False,faa387858b075a9391ff08714e12fe14585e555ae40abbda1a7408bad06ca282,a6d3bade11a5ab36a919270f8a76b0f409a0dedd75a63a169ccc9f76bd4badc7,1.72,2.19,True,2025-07-11T06:57:00+00:00,2025-07-11T06:57:00+00:00
te:2953789,2025-07-11,2025,2025-07-11,diaz-acosta,travaglia,2025-07-11T15:10:00+00:00,2025-07-11T07:28:00+00:00,0.0,2025-07-13T22:00:00+00:00,2025-07-11,1.98,1.85,0.4830287206266319,-0.06791120561621031,0.5925181093838583,0.44229615103172326,1.5166666666666666,1.0166666666666666,0.7129436734897556,0.6240509214784582,1.6924517343142043e-12,71,150,False,False,False,1b7ca04e50eb414c96b95c57e68053d346c959cd69e6dafee777e655deef2865,88e8d95600eadf6c9bd909b821d2f8369369e9909c3ea04c1d06b66ca1375674,1.96,1.91,True,2025-07-11T14:00:00+00:00,2025-07-11T14:00:00+00:00
te:2954793,2025-07-15,2025,2025-07-15,klein-88a5e,dellien-e101c,2025-07-15T17:15:00+00:00,2025-07-14T18:19:00+00:00,1.0,2025-07-17T22:00:00+00:00,2025-07-15,1.9,1.92,0.5026178010471204,0.010471299867295303,0.610767203635722,0.44006696506557813,1.9166666666666667,0.18333333333333332,0.764031352386991,0.6816905189516547,3.7573243183430804e-08,141,158,False,False,False,70bb96f23c7729f47945b649a161654db99f6c05231a7e59b717da3248f27c82,ad47be0a68488da080f97617ff80c1096bff5313d714d81f805b442ccaf9c94f,1.88,1.95,True,2025-07-15T16:52:00+00:00,2025-07-15T16:52:00+00:00
te:2954803,2025-07-15,2025,2025-07-15,engel-6e09f,rincon-d1dab,2025-07-15T09:05:00+00:00,2025-07-14T15:59:00+00:00,1.0,2025-07-17T22:00:00+00:00,2025-07-15,1.81,2.0,0.5249343832020998,0.09982033528221135,0.6122602541382838,0.3570027522200483,0.75,0.05,0.6399856807200976,0.7047049134567256,8.397947087734892e-09,182,163,False,False,False,df7ef07aa7851b0582c3faf1fea1cea845906460c09986333e27884f6ab93c9a,c5e65ded49150ccef8476ff5a1017a015806d7034c4c75782a0f706550994d55,1.76,2.07,True,2025-07-15T04:16:00+00:00,2025-07-15T04:16:00+00:00
te:2954811,2025-07-15,2025,2025-07-15,tirante,fatic-cddef,2025-07-15T11:40:00+00:00,2025-07-14T18:16:00+00:00,0.0,2025-07-17T22:00:00+00:00,2025-07-15,1.87,1.95,0.5104712041884817,0.041890941709160225,0.5813231724151282,0.28631656752058193,1.3333333333333333,0.3333333333333333,0.7589938207833823,0.652027275946414,1.1355255624678762e-09,175,140,False,False,False,ccd94b48bb420c2ea6ae552ddc4df481ca142b729bfba8b66beabf5c1c1ed244,43ab99d5f84fbbe4d3ca848ab59214f2f893389aba3c13c4846154255a47c816,1.79,2.02,True,2025-07-15T11:23:00+00:00,2025-07-15T11:23:00+00:00
te:2954919,2025-07-15,2025,2025-07-15,elias-3e14c,sanchez-izquierdo-99add,2025-07-15T08:10:00+00:00,2025-07-14T18:54:00+00:00,1.0,2025-07-17T22:00:00+00:00,2025-07-15,1.8,2.01,0.5275590551181102,0.11034805716886517,0.6133995218679769,0.3512766114975907,0.0,0.0,0.5537447166370503,0.530852745034912,1.8403700646763e-08,152,171,False,False,False,26aa5f5f7bb050d1b80fbcf56a76bcb93b7440e222a6775a219b5f6e08a3178e,0e43ab7c3b7845807f9aa467fef57b0859e6790c01eeeb52126361e863e8818a,1.96,1.88,True,2025-07-15T04:31:00+00:00,2025-07-15T04:31:00+00:00
te:2955799,2025-07-15,2025,2025-07-15,spizzirri,jubb,2025-07-15T18:30:00+00:00,2025-07-15T08:53:00+00:00,1.0,2025-07-17T22:00:00+00:00,2025-07-15,1.93,1.88,0.4934383202099738,-0.026248226074936154,0.6173620878369972,0.5046147871409624,1.9833333333333334,0.31666666666666665,0.7048873317872502,0.6469056782732558,1.6523916401833816e-09,184,105,False,False,False,394f9cc6a031a53036091c4e52b33f18489b17d0c914549aed1b5da327e52b9b,8639a7baa3dae163849f7f2edc6d95ce86006937fed107a705787f8fcb698515,1.94,1.89,True,2025-07-15T18:03:00+00:00,2025-07-15T18:03:00+00:00
te:2957883,2025-07-15,2025,2025-07-15,gigante-f720d,ivanovski,2025-07-15T18:40:00+00:00,2025-07-14T18:19:00+00:00,1.0,2025-07-17T22:00:00+00:00,2025-07-15,1.99,1.82,0.47769028871391084,-0.08929813764769673,0.5590196582910025,0.3264824792438572,0.4166666666666667,0.4166666666666667,0.7546779005576841,0.6306437800109664,2.9454216843305403e-13,151,91,False,False,False,6a8a444bee9bdb2592066de68c3ae821dfc85cb65c9281e7c7b801638ce8186f,35728fc45005b603e524e2502f88ff7d64d780ee1f118e589603de87c1ee36da,1.86,1.97,True,2025-07-15T17:52:00+00:00,2025-07-15T17:52:00+00:00
te:2958249,2025-07-15,2025,2025-07-15,monday,andaloro,2025-07-15T16:10:00+00:00,2025-07-15T08:57:00+00:00,1.0,2025-07-17T22:00:00+00:00,2025-07-15,1.83,1.98,0.5196850393700787,0.07878087785311416,0.6007473503494911,0.3297991625398292,0.48333333333333334,0.48333333333333334,0.6770970363359078,0.6041909654569713,5.572486916349817e-10,174,172,False,False,False,67a476f0a4353983e75b0201bdfcaf360481cd04c5e34d91d483227501823d57,50bb94b264ccbcab4c9b407d8a0572573f90c6de91b49e12d708f92d183968b2,1.78,2.06,True,2025-07-15T14:33:00+00:00,2025-07-15T15:03:00+00:00
te:2960657,2025-07-18,2025,2025-07-18,choinski,hassan-1d510,2025-07-18T09:05:00+00:00,2025-07-17T12:40:00+00:00,0.0,2025-07-20T22:00:00+00:00,2025-07-18,1.74,2.13,0.5503875968992248,0.202236866494896,0.6395207472964606,0.3710477933721865,0.8166666666666667,0.25,0.7054754158227813,0.6884791368234415,3.2919647563467436e-10,169,191,False,False,False,89ec4a18f2f8b185790adc48ab93c53b5a542b21d5f6adae3cdc91c289e6eff7,3dd6c646e2a31ea668b9a97b05489e4517a3b6cfbe93471c39606545577d59f6,1.77,2.11,True,2025-07-18T08:54:00+00:00,2025-07-18T08:54:00+00:00
te:2960739,2025-07-18,2025,2025-07-18,tirante,mayot,2025-07-18T15:45:00+00:00,2025-07-17T12:38:00+00:00,0.0,2025-07-20T22:00:00+00:00,2025-07-18,1.78,2.08,0.538860103626943,0.15575452940923296,0.6224198818359479,0.34407760705069534,1.4333333333333333,0.8666666666666667,0.7180880123087207,0.6626900894884893,2.637845497588387e-11,178,158,False,False,False,9345d08f7ddf37202de009c7e853498de57059542775a4943525745e7be42aa4,9fa5b999110d618c9c6480bd19abfa19790a551f06896f6f6e41d5ce3b45972a,1.79,2.1,True,2025-07-17T16:36:00+00:00,2025-07-18T06:41:00+00:00
te:2960823,2025-07-18,2025,2025-07-18,galarneau-32e1f,jasika,2025-07-18T01:00:00+00:00,2025-07-17T08:09:00+00:00,0.0,2025-07-20T22:00:00+00:00,2025-07-18,1.88,1.93,0.5065616797900262,0.026248226074936154,0.6021194565623067,0.388055814260018,0.0,0.0,0.6968053703981313,0.6215394367420036,2.9822810887480955e-12,180,207,False,False,False,4d4333a8e7175699e4075c21ebf6afc78a3c84fb9d9f29829773fdffe406beda,616e82c4f518f259dd84ec3cd2d2ae621e43a4658311b61aff81fc2b0fab4263,1.98,1.85,True,2025-07-17T23:59:00+00:00,2025-07-17T23:59:00+00:00
te:2961057,2025-07-18,2025,2025-07-18,coppejans,kicker,2025-07-18T16:25:00+00:00,2025-07-17T17:16:00+00:00,1.0,2025-07-20T22:00:00+00:00,2025-07-18,1.83,2.04,0.5271317829457364,0.10863384100279519,0.6034068892097683,0.3110470577154686,1.4833333333333334,0.5166666666666667,0.5502722672416606,0.5000000000000001,0.014676029138680477,201,143,False,False,False,32b2de96aee2c1a406c74ee7c1c6a025161cf876a1254a47d4cc1c5e2e444cdb,efa7b99319bf79ff555d69c0901dd4240ebec2cc6b1fc6b2ce308ed34faf2738,1.89,1.98,True,2025-07-18T16:19:00+00:00,2025-07-18T16:19:00+00:00
te:2961275,2025-07-18,2025,2025-07-18,klein-88a5e,neumayer,2025-07-18T14:10:00+00:00,2025-07-17T20:14:00+00:00,1.0,2025-07-20T22:00:00+00:00,2025-07-18,1.64,2.31,0.5848101265822784,0.3425512826975947,0.6413243708457875,0.2385656449000263,1.2333333333333334,0.5333333333333333,0.7016841154752492,0.6951066257917081,2.700645262976309e-12,138,201,False,False,False,da0e336fc12bc5655be00a3cd5eec8a1ec18a5af5bb860ae2193e881a6c7a07f,61db5ad7f4c42adbbbc4ce64d9ee4ebe2bba96e6a94f32efd5af2ea38f5ce1b1,1.65,2.32,True,2025-07-18T10:33:00+00:00,2025-07-18T13:43:00+00:00
te:2961529,2025-07-18,2025,2025-07-18,blockx,shimabukuro,2025-07-18T16:45:00+00:00,2025-07-18T06:09:00+00:00,0.0,2025-07-20T22:00:00+00:00,2025-07-18,1.89,1.96,0.5090909090909091,0.03636764417087508,0.6174902697227188,0.44254157509659847,2.1666666666666665,0.23333333333333334,0.7256107330645597,0.6613626237315363,4.4611703220454046e-11,165,113,False,False,False,fc89ff9007923f2985a1363967c24eeb7ff1fbef25ddb08ae59cb029d27c0938,457e00ac7d2cf9ef6fd3f8e2078b3c0a372ffe2417e7ba78a91eef400022fbb2,1.92,1.95,True,2025-07-18T16:16:00+00:00,2025-07-18T16:16:00+00:00
te:2961543,2025-07-18,2025,2025-07-18,sun-2f389,shah-e7d4a,2025-07-18T16:10:00+00:00,2025-07-18T01:50:00+00:00,0.0,2025-07-20T22:00:00+00:00,2025-07-18,1.84,2.0,0.5208333333333334,0.08338160893905121,0.6143550363921627,0.38227422445580744,1.7666666666666666,0.4,0.5096951907849606,0.500000000002369,0.016342226940639776,152,132,False,False,False,d4daa3cff0a39da072e83f7626e00d46bce90faf636ebc31f340972b4ceda3cc,de72677d67749648b33d31f4530dab24e697fb66c3c966b38fd66e36fa60d9bc,1.85,2.01,True,2025-07-18T12:33:00+00:00,2025-07-18T15:01:00+00:00
te:2961567,2025-07-18,2025,2025-07-18,spizzirri,trotter,2025-07-18T15:45:00+00:00,2025-07-18T06:09:00+00:00,0.0,2025-07-20T22:00:00+00:00,2025-07-18,1.69,2.23,0.5688775510204082,0.27727305653704526,0.6511438831690961,0.34679801543956235,1.3333333333333333,1.3333333333333333,0.7375973805059675,0.7223104747226318,5.837182737167268e-09,183,145,False,False,False,96dc5ac36a5b016abf845005fbf95a7bdbcb047e5219376d255f5c1d8772ee21,758e4fb7cf0e8db90022a29135b576b57c4425703b6e915906730db178d29aed,1.66,2.3,True,2025-07-18T12:44:00+00:00,2025-07-18T13:35:00+00:00
te:2963647,2025-07-22,2025,2025-07-22,spizzirri,sakamoto-9c9d5,2025-07-22T17:05:00+00:00,2025-07-22T09:07:00+00:00,1.0,2025-07-24T22:00:00+00:00,2025-07-22,1.78,2.04,0.5340314136125655,0.13633644355213126,0.6366754740636827,0.42462717661360283,1.4166666666666667,1.4166666666666667,0.711483424605848,0.6829728357066752,6.650634182259196e-09,189,126,False,False,False,022324230292c74a0bbf2dea8a3991d2c85ead32db926ee658c42ce832a038d9,4670e033f21e750fc6e5f951804090d13ccb3a30c89ed467fa791b6f35fb69a8,1.74,2.14,True,2025-07-22T15:41:00+00:00,2025-07-22T15:41:00+00:00
te:2964955,2025-07-22,2025,2025-07-22,escoffier,echeverria-ef17c,2025-07-22T10:35:00+00:00,2025-07-21T17:52:00+00:00,1.0,2025-07-24T22:00:00+00:00,2025-07-22,1.85,1.97,0.5157068062827225,0.06284790365966353,0.6136371302212444,0.3997788516411173,0.4,0.4,0.5158972347326605,0.5000000000325623,0.029518830193620962,169,139,False,False,False,95e37b5e50eddc0f2827e248d093a472f5f99267570590c23965e6c9ab599b6a,43756ed90f195aa6eca1f2dcffaeec0052d692f697d68703ce3708c1fafe99e6,1.88,1.96,True,2025-07-22T09:39:00+00:00,2025-07-22T09:39:00+00:00
te:2964971,2025-07-22,2025,2025-07-22,faurel-53b9f,skatov,2025-07-22T15:10:00+00:00,2025-07-21T17:51:00+00:00,,,,2.12,1.74,0.45077720207253885,-0.19753097545748347,0.5894253626049611,0.5591213430023927,0.2833333333333333,0.2833333333333333,0.6349369833346793,0.7298650541557906,3.5830998362795796e-08,115,120,False,False,False,d1670876e71d4b54c9e26c43afff211472c3b1c58abb5083ef02ca02e282fbd5,26366ab203162e7ce0402db4331bdd25494fd56b5a69dd40de86c1f35d978da5,2.08,1.77,True,2025-07-22T10:47:00+00:00,2025-07-22T10:47:00+00:00
te:2965571,2025-07-22,2025,2025-07-22,ymer,bertola-e4bb8,2025-07-22T08:10:00+00:00,2025-07-22T03:07:00+00:00,1.0,2025-07-24T22:00:00+00:00,2025-07-22,1.7,2.17,0.5607235142118864,0.24409891649019808,0.6371400866629858,0.3188737850634822,0.7,0.7,0.7518845287117879,0.7026135890480354,1.0742659539708654e-10,153,181,False,False,False,48237db8a8cd9de497042e98d8b98966ab2925e5f43b17f4dc3bc0f948b6ddbe,8721f3d7d072902a9ed342e885c53740f00b5c937ce6cb51ef18bb678f46f262,1.81,2.0,True,2025-07-22T05:59:00+00:00,2025-07-22T05:59:00+00:00
te:2966181,2025-07-22,2025,2025-07-22,fery,bolt-fa7eb,2025-07-22T17:50:00+00:00,2025-07-22T08:55:00+00:00,1.0,2025-07-24T22:00:00+00:00,2025-07-22,1.76,2.09,0.5428571428571429,0.1718502569266595,0.6252515442389193,0.3400487663657516,0.0,0.0,0.6398743888251154,0.6716202753262301,1.0157480689887421e-09,69,117,False,False,False,c9a4a5b3a446497a8061c38af96691f9dfcc0748f58e6ce9a156eec731ad3bdc,f9eae55058abf9d7d61cc3e7c14672e85faa9ed8c7a09c79659044705a76d24b,1.74,2.13,True,2025-07-22T10:35:00+00:00,2025-07-22T15:26:00+00:00
te:2966187,2025-07-22,2025,2025-07-22,holmgren-a5794,johns-b2ed0,2025-07-22T21:25:00+00:00,2025-07-22T09:39:00+00:00,0.0,2025-07-24T22:00:00+00:00,2025-07-22,1.69,2.18,0.5633074935400517,0.2545963478660157,0.6234605297742942,0.24966623461683157,1.6833333333333333,1.6833333333333333,0.8080449871190506,0.7239090287504568,7.759903830617532e-13,128,205,False,False,False,cb2efde663b0af644d9452ed408764817c77316298394ae0968c55689ef77988,d9acdc12f08f723a8313b8e2688cf6df26212afcf76a4f811879188495154aab,1.78,2.06,True,2025-07-22T21:08:00+00:00,2025-07-22T21:08:00+00:00
te:2967955,2025-07-25,2025,2025-07-25,butvilas,soriano-barrera,2025-07-25T12:20:00+00:00,2025-07-24T19:26:00+00:00,1.0,2025-07-27T22:00:00+00:00,2025-07-25,1.77,2.1,0.5426356589147286,0.17095779814363937,0.5926518832376326,0.20398124143034096,1.3,0.7,0.6540411969257788,0.574973027192301,1.3011286492670138e-11,159,176,False,False,False,c18a3723cc29c4404ae6a9296e798d4270e1719ff22d00c0f627956f5dc58549,db52beec94200c5d54f3ca439e42f4d592616a04c7a87113e5d1e0b4dc113f48,1.9,1.97,True,2025-07-25T12:04:00+00:00,2025-07-25T12:04:00+00:00
te:2976249,2025-08-01,2025,2025-08-01,spizzirri,suresh-f2001,2025-08-01T19:10:00+00:00,2025-08-01T13:00:00+00:00,1.0,2025-08-03T22:00:00+00:00,2025-08-01,1.88,1.96,0.5104166666666667,0.04167269640056832,0.5895837292577834,0.320572108726572,1.9,0.16666666666666666,0.7418087714570063,0.6448926471454668,5.205508607497578e-09,199,62,False,False,False,2a4a66ec91f7fa41d60f8fc2d474d08ac39f128e25c33fb193d67fb45927d9a5,aa93a0429d79f6f14294f3a9a5cb29cd2f9a84bc8f9c28cd097df90b6d5aef82,1.83,2.03,True,2025-08-01T17:34:00+00:00,2025-08-01T17:34:00+00:00
te:2979837,2025-08-05,2025,2025-08-05,midon,boscardin-dias-3afa8,2025-08-05T09:10:00+00:00,2025-08-05T03:18:00+00:00,0.0,2025-08-07T22:00:00+00:00,2025-08-05,1.92,1.9,0.4973821989528796,-0.010471299867295303,0.6140364994001882,0.47478286456245417,0.48333333333333334,0.48333333333333334,0.5128222195042657,0.5000000010509748,0.014340594422588906,186,201,False,False,False,1caa914a19f25bd82be300e9c2c1e52d6d1a94cc2ed7b94f18092412fc93c45f,1a6533e4887bb541d48e024c7adc0daa630a1c6fa769947c307ba31dfd2f3cf1,1.93,1.91,True,2025-08-05T06:18:00+00:00,2025-08-05T06:18:00+00:00
te:2983945,2025-08-08,2025,2025-08-08,taberner,bueno-01b7e,2025-08-08T19:05:00+00:00,2025-08-08T04:04:00+00:00,0.0,2025-08-10T22:00:00+00:00,2025-08-08,1.97,1.87,0.4869791666666667,-0.05209511188340181,0.6013936659516415,0.4633705518192521,1.7166666666666666,0.65,0.6645368383044995,0.5949048316039662,5.917584672276988e-09,196,165,False,False,False,92af8b4c0a3daa6df575fc6331c4c282bad287df38650b812391d1035daeaa3e,f8cba42ab286c34981bb56aaa56da07b4080ba34c25f439eed95cc15a5a0b3bc,2.01,1.85,True,2025-08-08T18:11:00+00:00,2025-08-08T08:20:00+00:00
te:2989407,2025-08-15,2025,2025-08-15,shevchenko-3bd40,shimabukuro,2025-08-14T22:50:00+00:00,2025-08-14T09:02:00+00:00,0.0,2025-08-17T22:00:00+00:00,2025-08-15,1.71,2.14,0.5558441558441558,0.2243124585191915,0.651061991718007,0.39939812480323644,0.0,0.0,0.7272641875800084,0.7251203904187541,9.565126468658036e-12,161,115,False,False,False,2aa3cd5f70196b843087fa17cb56bc9ba5f3c296f1c743db3de04b914927fbce,b7beecb51aa0c27b55e882a41a0acc2ae4e269b2a0029b0a8a224b39a65a8ffe,1.72,2.15,True,2025-08-14T15:56:00+00:00,2025-08-14T18:09:00+00:00
te:2990545,2025-08-15,2025,2025-08-15,jodar,brunclik-d09d6,2025-08-15T11:25:00+00:00,2025-08-14T18:09:00+00:00,,,,1.95,1.9,0.49350649350649356,-0.025975486403260445,0.605839418798376,0.45583205910964,0.95,0.18333333333333332,0.6202482238042376,0.5657483884600751,5.38375122260959e-10,51,128,False,False,False,be52821a5a452acc4acafe7ce839588846fb52dfd26b21c82e5d642d276cbca3,1128eb581263f50b661993d4c7a0f6c8e3261abbbcd9d5f57559b122fe4af4de,1.93,1.93,True,2025-08-15T11:20:00+00:00,2025-08-15T11:20:00+00:00
te:2991145,2025-08-15,2025,2025-08-15,travaglia,prado-angelo,2025-08-15T18:55:00+00:00,2025-08-14T22:26:00+00:00,0.0,2025-08-17T22:00:00+00:00,2025-08-15,1.82,2.05,0.5297157622739017,0.11900329206161245,0.611788785095344,0.33583424866948186,0.9833333333333333,0.15,0.5257277423975003,0.5000000000000001,0.00738904203251721,140,174,False,False,False,af2bc254741810fa2b4bae0acf2dc649e8b37339ef7fa0047a38ae03d60bb359,81e46f6a0375b3a66fa65c5f23d16059c5439dd317eae28b2d522700cd4cf9ae,1.86,2.01,True,2025-08-15T16:26:00+00:00,2025-08-15T16:26:00+00:00
te:2994403,2025-08-19,2025,2025-08-19,nedic,serdarusic-5f7cc,2025-08-19T15:00:00+00:00,2025-08-19T04:19:00+00:00,1.0,2025-08-21T22:00:00+00:00,2025-08-19,1.77,2.06,0.5378590078328982,0.15172643621575205,0.6146422280899649,0.315141738904555,0.0,0.0,0.5055256322547322,0.500000000303573,0.017838143778617657,172,45,False,False,False,85c479a3f463c445324b2d6c9276b1eab4c14d976374bb9b2a2683f7789937fd,420b7cc084903edb3dc29a6bc7a12fa666794f0f79266c9ac65686742b1f685a,1.79,2.05,True,2025-08-19T13:02:00+00:00,2025-08-19T13:02:00+00:00
te:2995105,2025-08-19,2025,2025-08-19,sanchez-martinez-d06a8,masur-d87d6,2025-08-19T08:40:00+00:00,2025-08-19T00:52:00+00:00,0.0,2025-08-21T22:00:00+00:00,2025-08-19,1.87,1.95,0.5104712041884817,0.041890941709160225,0.6149440827182013,0.42625183611973133,0.0,0.0,0.5466347972209934,0.5659389269718955,4.218484894735752e-08,53,134,False,False,False,0d1be146d02d49b1def188761b12e5d51fd1826ffa16423c64760295ba388b2a,e88db9d20e7f4426c5dbd96e855d0d353c40d58cfea6fcd605e811987ef7e80e,1.88,1.96,True,2025-08-19T06:54:00+00:00,2025-08-19T06:54:00+00:00
te:2997253,2025-08-22,2025,2025-08-22,molcan,dodig-b6156,2025-08-22T09:30:00+00:00,2025-08-21T18:04:00+00:00,0.0,2025-08-24T22:00:00+00:00,2025-08-22,1.91,1.94,0.5038961038961038,0.015584731016698041,0.5924738231684347,0.3586167924689275,0.7666666666666667,0.23333333333333334,0.5706040390830075,0.5000000000000001,0.020599769119676814,120,137,False,False,False,6bec4079c8056cb0a2d959d55c7df7cf28fcabb4f541f5a1800aec7da1b93867,a588a13aaf16b3b132ad9dde8a8c1b9045d66f67ab45ed7d884aabba231e719f,1.89,1.97,True,2025-08-22T09:02:00+00:00,2025-08-22T09:02:00+00:00
te:2997415,2025-08-22,2025,2025-08-22,stebe,kolar-d6d52,2025-08-22T10:40:00+00:00,2025-08-21T18:04:00+00:00,0.0,2025-08-24T22:00:00+00:00,2025-08-22,1.93,1.92,0.49870129870129865,-0.0051948168771042275,0.6100376497580604,0.45266529643222275,0.5166666666666667,0.5166666666666667,0.5000000000000001,0.5324083990188431,0.02402822914867546,56,189,False,False,False,5de44ce2fd04068e087b2ceb717cf49d8ad0728144129a47b046937d98493949,025b5a4deb2a75eba3dcfded7fa459d244de03ed0de0d57138cede226a8fb7b5,2.08,1.8,True,2025-08-22T09:02:00+00:00,2025-08-22T09:02:00+00:00
te:3000385,2025-08-26,2025,2025-08-26,engel-6e09f,ivanov-5f3c9,2025-08-26T15:15:00+00:00,2025-08-25T18:22:00+00:00,1.0,2025-08-28T22:00:00+00:00,2025-08-26,1.96,1.86,0.486910994764398,-0.0523679855173157,0.5806845952322328,0.37795233686306196,0.85,0.15,0.6803263901277419,0.5842817150588576,5.5659792053130985e-08,168,66,False,False,False,44aaf7992275f317bc61fa91c4331878e0f1a841a2048f7cc8e0b97ffd5b6c4c,bf43490df01978192a123e98f71d37d3050bf738f87abf77541a48f61502137a,2.02,1.81,True,2025-08-26T14:16:00+00:00,2025-08-26T14:16:00+00:00
te:3004137,2025-08-29,2025,2025-08-29,rodionov-f5e38,masur-d87d6,2025-08-29T14:05:00+00:00,2025-08-29T11:08:00+00:00,1.0,2025-08-31T22:00:00+00:00,2025-08-29,1.91,1.94,0.5038961038961038,0.015584731016698041,0.5810665080836404,0.3115683142152352,0.7166666666666667,0.7166666666666667,0.7603597359689098,0.6529612561023338,8.961079378533299e-10,173,137,False,False,False,ec2df630b47905a6dd782b76ff1ffd25525965805bc863969eefd2f692f741cf,55e42ff711ebd41ef5d909ed15411364485c34594cf23ccab072b3ee684866af,1.84,2.0,True,2025-08-29T12:36:00+00:00,2025-08-29T12:36:00+00:00
te:3004231,2025-08-29,2025,2025-08-29,rincon-d1dab,tobon-f2488,2025-08-29T18:25:00+00:00,2025-08-29T11:08:00+00:00,1.0,2025-08-31T22:00:00+00:00,2025-08-29,1.97,1.88,0.4883116883116883,-0.04676176590803932,0.565815874184033,0.3115617833946093,0.0,0.0,0.6947491889823995,0.5827627337499888,7.785533540083378e-08,158,84,False,False,False,75450db755a30f1cffd8f82c444819ef2c04af1a1d9daf9b32e5ea75386e2a70,b7afd0eab1282af6748a39cbe7d89d54a54ce8d225a7dbcafbca203af15aced0,1.94,1.93,True,2025-08-29T17:22:00+00:00,2025-08-29T17:22:00+00:00
te:3004825,2025-09-02,2025,2025-09-02,zeppieri,onclin-89017,2025-09-02T10:55:00+00:00,2025-09-01T14:44:00+00:00,0.0,2025-09-04T22:00:00+00:00,2025-09-02,1.78,2.05,0.5352480417754569,0.14122642884632308,0.6065322645762289,0.29153242544976055,0.0,0.0,0.6106797459125572,0.5591828552283252,4.804750569631366e-09,113,167,False,False,False,865fc3a9d3f785a61ba7789d1009eac2ec762b6d8fc94113cc7013b42a1e8edc,3b08a2459d8fc85542880a2c1591f2fe496e58ff2d627dce2a95aa98f8ac9784,1.76,2.09,True,2025-09-02T10:50:00+00:00,2025-09-02T10:50:00+00:00
te:3005119,2025-09-02,2025,2025-09-02,sanchez-izquierdo-99add,dodig-b6156,2025-09-02T10:40:00+00:00,2025-09-01T20:18:00+00:00,1.0,2025-09-04T22:00:00+00:00,2025-09-02,1.87,1.95,0.5104712041884817,0.041890941709160225,0.6140366609725463,0.42242130473839506,1.7166666666666666,0.21666666666666667,0.5128208264948049,0.5000000010632588,0.013885999876536742,184,149,False,False,False,f0dcf4aaa6f8c7d0e18d5559fff4f5e9924be6d0364f035291ff9f64c2d4a17e,a90d92f118f1113b191873b7d2b589838cb431a97977b19c504da0e92039159d,1.88,1.96,True,2025-09-02T10:06:00+00:00,2025-09-02T10:06:00+00:00
te:3010709,2025-09-05,2025,2025-09-05,mejia-a7d27,karol-5fc49,2025-09-05T08:10:00+00:00,2025-09-04T03:40:00+00:00,0.0,2025-09-07T22:00:00+00:00,2025-09-05,1.74,2.14,0.5515463917525772,0.2069207158073222,0.6375608415870213,0.3578723731074631,0.0,0.0,0.7306393977659077,0.6926267959555584,1.767748752934395e-09,150,176,False,False,False,4e0fd15c6b2e01314f6ed40990ec6daf6af130e17bc84d8f11353ba129149187,2c50a15f7e2e37a63fdc33fda38534c252e7edd30471c3dc8af30d25bbbb16d7,1.72,2.18,True,2025-09-05T07:40:00+00:00,2025-09-04T23:50:00+00:00
te:3011457,2025-09-05,2025,2025-09-05,harris-5a94c,malige-dbd0f,2025-09-05T14:00:00+00:00,2025-09-04T17:24:00+00:00,0.0,2025-09-07T22:00:00+00:00,2025-09-05,2.07,1.79,0.46373056994818657,-0.14533298742461392,0.5481376461974353,0.33848181555582113,0.0,0.0,0.6820987617052864,0.555576130571824,2.3120824838018805e-09,186,152,False,False,False,8235cb094ee5e2bcd823f5c46d79118c657f4bf63ed187277fbde67d4eb09c3e,7987ba93f29168bb3ead7a8407abe23ec724143d345ba4e77caa6252f47fb9b2,2.03,1.83,True,2025-09-05T12:22:00+00:00,2025-09-05T12:22:00+00:00
te:3011497,2025-09-05,2025,2025-09-05,glinka,fery,2025-09-05T09:05:00+00:00,2025-09-04T16:56:00+00:00,1.0,2025-09-07T22:00:00+00:00,2025-09-05,1.93,1.93,0.5,0.0,0.5562857138396751,0.22610118041645613,0.0,0.0,0.5635986896359383,0.683095758273583,2.9257896105860937e-10,142,85,False,False,False,82e0be40df30d6b2e5c4c98f1650a07b1bf031972f8a299f27ceb8ac600cd25e,1eb1b36d8e7b37189e0e6b9887f1b0f3711d8065fe8968ca434a1c0dd05824e1,1.95,1.92,True,2025-09-05T07:40:00+00:00,2025-09-04T17:06:00+00:00
te:3011809,2025-09-05,2025,2025-09-05,olivieri-ff875,lajovic,2025-09-05T20:15:00+00:00,2025-09-05T07:40:00+00:00,,,,2.09,1.77,0.45854922279792754,-0.16618451939098156,0.5503317049147876,0.3681955267474637,0.55,0.55,0.6264896257464131,0.7573509395143245,1.2447542996341099e-12,163,135,False,False,False,862ce0346dbc47b965e39d606737056df383672ff543f53d217530ffa8defc33,1cff1677ddc94cd12b0426c80997fcfc511c2997a6f48d3b5cb2f85e0ad095c3,2.16,1.74,True,2025-09-05T20:02:00+00:00,2025-09-05T20:02:00+00:00
te:3017569,2025-09-12,2025,2025-09-12,llamas-ruiz,kopriva,2025-09-12T15:45:00+00:00,2025-09-11T04:34:00+00:00,1.0,2025-09-14T22:00:00+00:00,2025-09-12,1.88,1.98,0.5129533678756476,0.051825067864585767,0.6147807333728836,0.4156279093911024,0.0,0.0,0.5007136077966992,0.5007136068599145,0.02279268857161415,96,176,False,False,False,630124fec7e6ae1aabeb564d90a4dfcd8fcdab3f7df7917c75b0af2389fe6caf,6cab725f175196db61407a9e0145881cffc5618c5e8be25b7b06dcbe643c1932,1.86,1.99,True,2025-09-12T14:48:00+00:00,2025-09-12T14:48:00+00:00
te:3017921,2025-09-12,2025,2025-09-12,harris-5a94c,onclin-89017,2025-09-12T10:15:00+00:00,2025-09-11T18:34:00+00:00,0.0,2025-09-14T22:00:00+00:00,2025-09-12,1.74,2.13,0.5503875968992248,0.202236866494896,0.6207352687881773,0.29043336581494095,1.75,1.75,0.5964038202893607,0.6029101973324664,1.5967198924160542e-07,199,169,False,False,False,de6061788ceabc83cecd8fccde452506247d2a5da5006fc219918115f800ac0a,455c49b0afa618bd92ad9e8dbc87a6fd8c840521098b9ef761852d8422efe8a9,1.75,2.14,True,2025-09-12T04:40:00+00:00,2025-09-12T09:10:00+00:00
te:3018393,2025-09-12,2025,2025-09-12,zahraj-42755,kingsley-84b50,2025-09-12T19:30:00+00:00,2025-09-12T09:10:00+00:00,1.0,2025-09-14T22:00:00+00:00,2025-09-12,1.68,2.23,0.5703324808184143,0.28320779205685953,0.6355846278694188,0.2730431078186323,1.2666666666666666,0.26666666666666666,0.6853624278208289,0.674189768434256,2.9460479333831557e-09,197,96,False,False,False,452aa6aa33d0d23bb386ab6ebe534cdbff3c53f45ff93ddbea78e857668d5e75,4f523f58d7d827ecb47759b42e70dbb8b4fe175d591300d0c2ffd5a94126062e,1.69,2.24,True,2025-09-12T18:48:00+00:00,2025-09-12T18:48:00+00:00
te:3019655,2025-09-16,2025,2025-09-16,butvilas,gigante-f720d,2025-09-16T11:35:00+00:00,2025-09-15T21:10:00+00:00,1.0,2025-09-18T22:00:00+00:00,2025-09-16,1.87,1.95,0.5104712041884817,0.041890941709160225,0.6109099690233173,0.40924789745869333,0.0,0.0,0.524936058391007,0.5572183151167244,7.750125541328146e-11,161,143,False,False,False,a2115c4bf0d8619f995eb4ec2ad038de55add5d9df8524ae68fe37015edc3157,5659cc7392e542e6a300be0245b45e37312183ac1ef503e648c537c8ef70086c,1.88,1.96,True,2025-09-16T10:44:00+00:00,2025-09-16T10:44:00+00:00
te:3026125,2025-09-23,2025,2025-09-23,trotter,colson,2025-09-23T02:55:00+00:00,2025-09-22T17:04:00+00:00,0.0,2025-09-25T22:00:00+00:00,2025-09-23,1.78,2.05,0.5352480417754569,0.14122642884632308,0.6021670802108265,0.273276402214066,1.1333333333333333,1.1333333333333333,0.8011220466185331,0.7023151063544854,1.6361911825413245e-13,148,131,False,False,False,a5f4282a250ac26b9e513253c629a6fb7e469ed9f45722896d91b7a91610f235,f541f030b47c1468c447a8ed9827da19e6e326f5d850b9aefddced56f04130a0,1.87,1.96,True,2025-09-23T01:18:00+00:00,2025-09-23T01:18:00+00:00
te:3030189,2025-09-26,2025,2025-09-26,rocha-0492a,llamas-ruiz,2025-09-26T12:05:00+00:00,2025-09-25T08:02:00+00:00,0.0,2025-09-28T22:00:00+00:00,2025-09-26,2.01,1.83,0.4765625,-0.09381875521765481,0.6130472302474651,0.5539580922989195,0.9333333333333333,0.3,0.634036883842672,0.6950487508871921,2.5621050531166034e-08,153,113,False,False,False,5335eab148edf9b34d6a1fb17bdbb2c1fe3e2ec2053147d2eacf156755a7f784,19125b22d30aeacd398624a6616eade817cbfc1d705c21cfc9bd698f64077af1,1.98,1.88,True,2025-09-26T11:28:00+00:00,2025-09-26T11:28:00+00:00
te:3031159,2025-09-26,2025,2025-09-26,shelbayh,rodionov-f5e38,2025-09-26T20:00:00+00:00,2025-09-26T04:06:00+00:00,1.0,2025-09-28T22:00:00+00:00,2025-09-26,1.72,2.17,0.557840616966581,0.2324028767270068,0.6075420552137764,0.2045891383406435,0.8666666666666667,0.23333333333333334,0.5909303532610257,0.6483199095334914,1.3024371747771823e-08,125,187,False,False,False,d15185c97210fc438af0cd05e30b1379bd8423b74e199b3c764b7e05ebdae2a9,c33ed356cc5c377fb48f104c56fd5eb1dc2ceb241a08c1dd3b0ae50db9bbae23,1.75,2.14,True,2025-09-26T18:20:00+00:00,2025-09-26T11:28:00+00:00
te:3032367,2025-09-30,2025,2025-09-30,diaz-acosta,kicker,2025-09-30T19:55:00+00:00,2025-09-30T10:08:00+00:00,1.0,2025-10-02T22:00:00+00:00,2025-09-30,1.93,1.88,0.4934383202099738,-0.026248226074936154,0.5894445086163965,0.3879177089144177,0.9,0.9,0.6249495184484914,0.5455454414300748,1.3578769211819441e-07,81,174,False,False,False,4912652be943a47450779400d7f05b03e635e50627cd88030181fd213780522c,f61631cce5e226148cf5b9f1575e0e125121d6ef12bb963c3f0e07c5c5c9354d,2.01,1.81,True,2025-09-30T18:24:00+00:00,2025-09-30T16:50:00+00:00
te:3034241,2025-09-30,2025,2025-09-30,oberleitner,gea,2025-09-30T11:40:00+00:00,2025-09-29T21:54:00+00:00,1.0,2025-10-02T22:00:00+00:00,2025-09-30,1.95,1.87,0.4895287958115184,-0.041890941709159774,0.5633928931189477,0.2968344610308634,0.0,0.0,0.5747502504794821,0.6883159541509727,8.721995348182077e-12,180,179,False,False,False,5046d26e36522b4fcf6c4ceb3156dc33a3b53b7cde2e66a9c073d810eea7b973,6d1013122c2fc0ff38da36033098745b571c90ca372a1a1476fdfecb5ab952d6,2.04,1.81,True,2025-09-30T10:08:00+00:00,2025-09-30T10:08:00+00:00
te:3036363,2025-10-03,2025,2025-10-03,vallejo-d7859,barrios-vera,2025-10-03T19:55:00+00:00,2025-10-02T16:38:00+00:00,0.0,2025-10-05T22:00:00+00:00,2025-10-03,1.93,1.92,0.49870129870129865,-0.0051948168771042275,0.5969207184122959,0.39784585036796705,0.95,0.35,0.5000000000000001,0.563102546905198,0.013250638227162076,150,188,False,False,False,ba450fa69a4eb7f90874981213c86bb8b7ec902b5e280db5f1c060a2e9088b81,2598733ef0c0af2d10a2e74475fa2d8a5caa5231723b8f40952013e733d644b4,1.96,1.91,True,2025-10-03T18:11:00+00:00,2025-10-03T18:11:00+00:00
te:3036889,2025-10-03,2025,2025-10-03,budkov-kjaer,passaro-5f6f1,2025-10-03T09:45:00+00:00,2025-10-02T16:38:00+00:00,0.0,2025-10-05T22:00:00+00:00,2025-10-03,1.63,2.34,0.5894206549118388,0.36157091455093915,0.6401212505643141,0.21431953027057238,0.8166666666666667,0.8166666666666667,0.7286678588759298,0.6963230928574542,4.426363164888869e-10,184,151,False,False,False,3f94c8d9d8bebcb8716d017c350116049d88f2333c580ca658216c198d7bc5f3,b36ec8de104c164873fba62fe44855ca79ecb380bd570a9baf6155a4da5ef114,1.64,2.36,True,2025-10-03T07:44:00+00:00,2025-10-03T07:44:00+00:00
te:3037062,2025-10-03,2025,2025-10-03,zink-30580,banerjee-3b4c6,2025-10-03T20:00:00+00:00,2025-10-03T14:08:00+00:00,1.0,2025-10-05T22:00:00+00:00,2025-10-03,1.91,1.94,0.5038961038961038,0.015584731016698041,0.5820692818961662,0.31568907806435414,0.48333333333333334,0.48333333333333334,0.5000000000000001,0.5857331052033764,0.013619396580146423,149,83,False,False,False,32fa4b5c7f16383c1e671ad4814d2a9e9367e30a759a7f40b9a62964774dbec2,accaef0766fbf88d13b5c1f7bff849e6924bb33a9a49deb38bba1e2fd8f3a696,1.9,1.97,True,2025-10-03T18:11:00+00:00,2025-10-03T18:11:00+00:00
te:3039682,2025-10-07,2025,2025-10-07,nagal,merida-aguilar,2025-10-07T14:55:00+00:00,2025-10-06T16:56:00+00:00,0.0,2025-10-09T22:00:00+00:00,2025-10-07,1.81,2.0,0.5249343832020998,0.09982033528221135,0.6123816071399382,0.3575139618974031,2.283333333333333,0.18333333333333332,0.5000000000000001,0.5230345633616794,0.010343046849419585,150,182,False,False,False,cc53d592469fb79707c0173c42c24b3146abdb599ba81ccd851f05bac97f150d,b7d3d4301ede67bf9c1ddf66ec347061b3334cc3eaeaff5aa0afddfb20fd7929,1.83,1.99,True,2025-10-07T06:04:00+00:00,2025-10-07T13:40:00+00:00
te:3041590,2025-10-10,2025,2025-10-10,taberner,trungelliti,2025-10-10T17:50:00+00:00,2025-10-09T00:02:00+00:00,0.0,2025-10-12T22:00:00+00:00,2025-10-10,1.88,1.98,0.5129533678756476,0.051825067864585767,0.6211822422005195,0.4427441974139461,1.2333333333333334,0.6333333333333333,0.6287515245791911,0.6674931374906298,2.1959859208831034e-08,160,191,False,False,False,419502b4036390e769bb71d8ec833f34ab83793d90a071029f3a853dec5ae95b,38f48f4e040a1ce7a71e886ebd16c01dfaaa3cbc1e3d8b6644c5c33125efff75,1.85,2.0,True,2025-10-10T17:14:00+00:00,2025-10-10T17:14:00+00:00
te:3044274,2025-10-14,2025,2025-10-14,jasika,uchiyama,2025-10-14T03:15:00+00:00,2025-10-13T18:36:00+00:00,,,,1.91,1.91,0.5,0.0,0.61812372904304,0.4815919881042371,0.85,0.25,0.6838929330232126,0.7570479142823837,2.1739058025938007e-08,178,122,False,False,False,dfee58172b125d706c2f2e70fa00fb022409141dd143cfb938b2635e9f6a24db,c957118da9cd593b6062d3e1e89989407c6bcf1cce8a39caf1b9c9da4f068d6a,1.92,1.92,True,2025-10-14T01:48:00+00:00,2025-10-14T01:48:00+00:00
te:3047088,2025-10-17,2025,2025-10-17,mrva,hussey-d2863,2025-10-17T07:10:00+00:00,2025-10-16T02:42:00+00:00,0.0,2025-10-19T22:00:00+00:00,2025-10-17,1.97,1.87,0.4869791666666667,-0.05209511188340181,0.6173742156328367,0.5305130130293164,0.0,0.0,0.5642088165468687,0.5672042899925279,2.2290032902771983e-08,133,180,False,False,False,f5e73f525c770dd2f684ab881451145e618de114c5367da1a0e64c1ec05a0307,130de8a44e0ae15f5663d69ec64146016843115bb142510dd9164d80f1a4a26d,1.98,1.89,True,2025-10-16T23:22:00+00:00,2025-10-16T23:22:00+00:00
te:3047090,2025-10-17,2025,2025-10-17,wendelken,andaloro,2025-10-17T07:10:00+00:00,2025-10-16T23:22:00+00:00,0.0,2025-10-19T22:00:00+00:00,2025-10-17,1.97,1.88,0.4883116883116883,-0.04676176590803932,0.6119154659848413,0.5021327243382518,2.1,1.4666666666666666,0.5000000000000001,0.5251763164376588,0.004965479839588144,164,183,False,False,False,4082cb312ef84c53091233c397a1fb706c1cb19fefd43f0699ece3b6dd7155df,f88a9a40e866569a34a2d32e6a50cb35896ccfb6527629c2bc84536f0211d6fb,1.98,1.89,True,2025-10-17T06:18:00+00:00,2025-10-17T06:18:00+00:00
te:3051802,2025-10-21,2025,2025-10-21,tabur,virtanen-7d161,2025-10-21T13:05:00+00:00,2025-10-21T05:00:00+00:00,1.0,2025-10-23T22:00:00+00:00,2025-10-21,1.88,1.94,0.5078534031413613,0.031416196233379066,0.6056677034249198,0.39772134909196916,0.36666666666666664,0.36666666666666664,0.7093100066428656,0.8068607723583447,1.5463741398491493e-12,149,120,False,False,False,fe0c698faa8ea82bb5f8e2513dc17ac405be63db108542162ceabe259ec79e45,502459ea0960a421628cc26660d9ed7fbace57f219c626e2de84171e12d550b1,1.76,2.08,True,2025-10-21T12:20:00+00:00,2025-10-21T12:20:00+00:00
te:3060906,2025-10-31,2025,2025-10-31,shimabukuro,samrej-f05ce,2025-10-31T02:10:00+00:00,2025-10-30T13:26:00+00:00,0.0,2025-11-02T23:00:00+00:00,2025-10-31,1.91,1.94,0.5038961038961038,0.015584731016698041,0.5909168136335269,0.35217199619821715,1.0833333333333333,0.05,0.7303957711849189,0.6367801883218686,2.4720202440597916e-08,124,186,False,False,False,f44b993c64b1adee78d01ba26630aff22167f6b58f166b4356042a3cd4e61324,340320fefb058e76fc18a030395f30ba1cc6e5560a52b450ecf318b42bce48ad,1.92,1.95,True,2025-10-30T22:42:00+00:00,2025-10-30T22:42:00+00:00
te:3061076,2025-10-31,2025,2025-10-31,brunclik-d09d6,alkaya,2025-10-31T12:00:00+00:00,2025-10-30T18:50:00+00:00,0.0,2025-11-02T23:00:00+00:00,2025-10-31,1.91,1.94,0.5038961038961038,0.015584731016698041,0.5912971682200389,0.3537456634279375,1.25,0.5166666666666667,0.5724645469209445,0.5000000000000001,0.013336221132962706,136,177,False,False,False,acd55124e7848c934f18c2768ef9ab02587e6dee33936e537709d2017ba66438,74552a9703b25a2633d89cde8fad74e86965b543aecda12115e4f19155916547,1.92,1.95,True,2025-10-31T08:42:00+00:00,2025-10-31T08:42:00+00:00
te:3061820,2025-10-31,2025,2025-10-31,giustino-1d545,added,2025-10-31T10:05:00+00:00,2025-10-30T17:30:00+00:00,0.0,2025-11-02T23:00:00+00:00,2025-10-31,1.78,2.09,0.5400516795865633,0.16055070167272584,0.6053247782399394,0.26715123255918266,0.9,0.9,0.5000000000000001,0.5458154407003262,0.0008909188286093384,202,225,False,False,False,0d2e5477ce5a5b88aa131e85c532600e73c4971bdbb7cd57d0e128f79376aa8c,f2dcba004d41cb1f3acbce9dba54aa33ea2201315b1e6e7e6ba505f8feb75318,1.79,2.11,True,2025-10-31T06:42:00+00:00,2025-10-31T06:42:00+00:00
te:3061964,2025-10-31,2025,2025-10-31,droguet,maestrelli,2025-10-31T14:45:00+00:00,2025-10-31T09:30:00+00:00,0.0,2025-11-02T23:00:00+00:00,2025-10-31,1.59,2.42,0.6034912718204488,0.4200335239364546,0.6107032607750358,0.030235777098175654,1.0333333333333334,0.03333333333333333,0.713051703075806,0.6441577476530749,3.5313075241738545e-09,162,196,False,False,False,6c4b1c4fe0ddc9aee0d539c9b18008ebd74cb4b5eb2e53850eeb0823d9ce1454,caaf58c8d49f513fc800bce9b3cdd34c30d12aa858954510d23646a522e9a5f5,1.6,2.43,True,2025-10-31T10:42:00+00:00,2025-10-31T11:54:00+00:00
te:3062000,2025-10-31,2025,2025-10-31,jodar,dietrich-fa350,2025-10-31T17:05:00+00:00,2025-10-31T09:30:00+00:00,0.0,2025-11-02T23:00:00+00:00,2025-10-31,2.21,1.69,0.4333333333333333,-0.26826398659467954,0.5151490726507921,0.32887882942988905,0.65,0.016666666666666666,0.6524145755099555,0.5000000000000001,0.015170978566301202,103,35,False,False,False,68998f2e43b63921d45a15e40864c4acb58cd4b325a9a12f05df7c6020d1d739,14d5fab0a5daf8a63ee520bcd70e0fcee49be48cafd44c691b02130a31413aac,2.16,1.74,True,2025-10-31T13:38:00+00:00,2025-10-31T13:38:00+00:00
te:3062048,2025-10-31,2025,2025-10-31,rosenkranz,tarvet,2025-10-31T18:15:00+00:00,2025-10-31T09:30:00+00:00,0.0,2025-11-02T23:00:00+00:00,2025-10-31,1.69,2.22,0.5677749360613811,0.27277866694920594,0.6053906339406433,0.1551989297720252,1.1666666666666667,0.5666666666666667,0.5885663210007812,0.6495571563115814,2.4076239141246347e-08,202,61,False,False,False,680a3040589b81aafb7126c56fb799fd899069df6c171d071bf5e641214a7023,667970b0f997f620aa6e490ce9c096ea166fd5c0bf3bcb8731afe2e9bba5af79,1.73,2.17,True,2025-10-31T16:51:00+00:00,2025-10-31T16:51:00+00:00
te:3062130,2025-10-31,2025,2025-10-31,monday,krueger-d6035,2025-10-31T19:15:00+00:00,2025-10-31T09:30:00+00:00,0.0,2025-11-02T23:00:00+00:00,2025-10-31,1.6,2.39,0.5989974937343359,0.40128973669768386,0.6330703134486757,0.14412151905485326,2.2666666666666666,1.0666666666666667,0.7858199510404468,0.7177949674527624,2.690731415455616e-09,157,134,False,False,False,4867818f232560c4420ff2daad2dd30d6671ffe15b259640b802c1c3010444cf,d21766b8eae770589360ee5e20337d0d7548ebcf8b221fc65e6b6f946dc2ae6d,1.59,2.44,True,2025-10-31T15:39:00+00:00,2025-10-31T16:11:00+00:00
te:3062912,2025-11-04,2025,2025-11-04,ruusuvuori,neumayer,2025-11-04T15:40:00+00:00,2025-11-03T17:24:00+00:00,1.0,2025-11-06T23:00:00+00:00,2025-11-04,1.72,2.12,0.5520833333333334,0.20909179785855955,0.5970475264655359,0.18408629786949351,0.0,0.0,0.7459857113215007,0.6550943966874186,4.1430206487724774e-10,57,186,False,False,False,2e94952d0237d7caf01c6ae6b00667744c647715c5e363f1e8c44e6fe701da03,4a731ee2158dd22aba26fa94399e9fe5325c9437db6a049d6d778629ffffa076,1.77,2.07,True,2025-11-04T15:17:00+00:00,2025-11-04T15:17:00+00:00
te:3063158,2025-11-04,2025,2025-11-04,burruchaga,cecchinato,2025-11-04T17:50:00+00:00,2025-11-04T11:33:00+00:00,1.0,2025-11-06T23:00:00+00:00,2025-11-04,2.06,1.76,0.46073298429319376,-0.15739217375142914,0.5680819168485853,0.43142185394891774,2.0166666666666666,0.65,0.7425195225245227,0.6270803113203705,1.119243586700236e-12,197,161,False,False,False,cd64fbc5398ae06c1c45d6a63f15dfcdca8ded165786f46e438a0b7da27f9a3a,678d30a704aec252c4f994a585581b7dfe9ae9cd76dc215edbe711f407a11482,2.14,1.71,True,2025-11-04T15:33:00+00:00,2025-11-04T15:33:00+00:00
te:3067042,2025-11-07,2025,2025-11-07,bueno-01b7e,barrena-f6642,2025-11-06T23:10:00+00:00,2025-11-06T09:48:00+00:00,1.0,2025-11-09T23:00:00+00:00,2025-11-07,1.88,1.93,0.5065616797900262,0.026248226074936154,0.615673416670106,0.44497576056831234,0.25,0.25,0.5563397699811615,0.5755920687236377,1.0269025074727267e-09,178,182,False,False,False,2a9955464e06e8d94b4f07edf2759789a0f0f4e1a07a54c1b4e4934a90699635,6482fe8c640fd7821af7f7c0df58c07e58d1899c593f66b472a299f947209a09,1.92,1.92,True,2025-11-06T19:06:00+00:00,2025-11-06T19:06:00+00:00
te:3067066,2025-11-07,2025,2025-11-07,reis-da-silva,buse,2025-11-07T02:00:00+00:00,2025-11-06T09:40:00+00:00,0.0,2025-11-09T23:00:00+00:00,2025-11-07,1.96,1.86,0.486910994764398,-0.0523679855173157,0.5587124994051407,0.2883064222140687,1.1666666666666667,0.43333333333333335,0.5000000000000001,0.6129486722108992,0.006180761721202077,198,171,False,False,False,9a932c1fecc8db6590c12503e5b3d628ccac8492b6b5dfee53fdd2d717207602,35a3d072ff14f98c0d24f19a21122b3a2e34b1e59637c039dc7d82f704aa20ab,2.08,1.77,True,2025-11-07T01:23:00+00:00,2025-11-07T01:23:00+00:00
te:3067174,2025-11-07,2025,2025-11-07,rocha-0492a,noguchi-08bde,2025-11-07T02:15:00+00:00,2025-11-06T10:04:00+00:00,1.0,2025-11-09T23:00:00+00:00,2025-11-07,1.89,1.96,0.5090909090909091,0.03636764417087508,0.6150275673356612,0.43212771931218635,0.48333333333333334,0.48333333333333334,0.6973022526067096,0.6383815361035142,1.0470144778951251e-08,154,141,False,False,False,b264e465e9dc4c9b0a542537487748cbedeb2542e49fb0b61f98ac52aaa3bde6,c859a6beec781d21fa2960f5f0c8739075c305e5b4a3000023d6364e5eaf3001,1.88,1.99,True,2025-11-06T22:42:00+00:00,2025-11-06T12:52:00+00:00
te:3067700,2025-11-07,2025,2025-11-07,barrios-vera,torres-dc0bf,2025-11-07T17:35:00+00:00,2025-11-06T16:10:00+00:00,1.0,2025-11-09T23:00:00+00:00,2025-11-07,1.97,1.87,0.4869791666666667,-0.05209511188340181,0.587366398838231,0.4051838908675001,1.2333333333333334,0.5333333333333333,0.6549489050063005,0.5694282196427934,7.416967040541067e-11,191,141,False,False,False,b966f329a6781ed93690886d035ef66581a7943aa99a12df70e35a3ef6681bd2,19f9c68eedac4efa84bc2ce675e66cfa93fb3c8c053fcc11803911f720135795,1.98,1.88,True,2025-11-07T10:11:00+00:00,2025-11-07T13:47:00+00:00
te:3067744,2025-11-07,2025,2025-11-07,blanch-748a3,clarke-60a59,2025-11-07T21:20:00+00:00,2025-11-06T16:10:00+00:00,1.0,2025-11-09T23:00:00+00:00,2025-11-07,1.69,2.22,0.5677749360613811,0.27277866694920594,0.6134905811805792,0.18923000723462335,0.0,0.0,0.5168860172421202,0.5000000000093432,0.014741372198933789,150,204,False,False,False,43214fdbd4a497075564fc9039980b2a37bb456f118b319f455637e3746911bc,6ba8243ca394e88a433ccca9a9d15d59538539c7f1c62f661ab99226fb69ac7e,1.71,2.19,True,2025-11-07T14:35:00+00:00,2025-11-07T20:03:00+00:00
te:3067766,2025-11-07,2025,2025-11-07,mccabe-b71c6,imamura-da963,2025-11-07T02:15:00+00:00,2025-11-06T14:44:00+00:00,1.0,2025-11-09T23:00:00+00:00,2025-11-07,1.82,2.03,0.5272727272727271,0.10919929196499134,0.6144730740915122,0.35695478121316193,0.5833333333333334,0.5833333333333334,0.7131501410599453,0.6488744976542264,1.1785454279156227e-09,159,125,False,False,False,c3904145cff557ddb1358eb4648b38a62ed60025b113ed24700eafb454d132cd,9ffb19158894196ad795053a87b14f5e0a28b7009ab93491a191eb678e419221,1.97,1.89,True,2025-11-07T01:38:00+00:00,2025-11-07T01:38:00+00:00
te:3067814,2025-11-07,2025,2025-11-07,wong-d3ead,janvier,2025-11-07T08:15:00+00:00,2025-11-06T14:44:00+00:00,0.0,2025-11-09T23:00:00+00:00,2025-11-07,1.74,2.14,0.5515463917525772,0.2069207158073222,0.622942045173775,0.29513387128691093,1.5833333333333333,0.7166666666666667,0.8342740994492279,0.7416083900729251,1.3528955733477233e-11,170,167,False,False,False,2883a400386a09bdd1c48c1300bc99df16aec26a48a500c022078d28c2a49358,b49704c2ea4344edea91096a23b8f0db9346dee82ce4de3c074a0c643fb4264a,1.77,2.12,True,2025-11-07T07:47:00+00:00,2025-11-07T07:47:00+00:00
te:3067818,2025-11-07,2025,2025-11-07,shimabukuro,grenier-baaf0,2025-11-07T04:35:00+00:00,2025-11-06T14:44:00+00:00,1.0,2025-11-09T23:00:00+00:00,2025-11-07,1.72,2.17,0.557840616966581,0.2324028767270068,0.615129788281373,0.2365242416365779,1.0666666666666667,1.0666666666666667,0.6694336280025244,0.6189438348115569,3.528011216502591e-12,131,184,False,False,False,84bf7b0abb735b6842fa152faa6b6247a8866c884a4a506e0d78664161ed0d53,55d0a03a00a4f00cceaeee3c804270bb4d4089cb19bceece0bef0d483152b391,1.74,2.16,True,2025-11-07T03:55:00+00:00,2025-11-07T03:55:00+00:00
te:3068742,2025-11-11,2025,2025-11-11,ellis-b4efc,bouzige,2025-11-11T06:15:00+00:00,2025-11-10T11:17:00+00:00,0.0,2025-11-13T23:00:00+00:00,2025-11-11,1.56,2.43,0.6090225563909775,0.4432054360910115,0.6227127026603403,0.057872865770214554,0.0,0.0,0.6126399517484468,0.6279091835761391,3.5938368031507295e-08,61,182,False,False,False,73ce80e9e9dd97b2b8c2a7226d2f82c5125268579b9861a793cc9a550e4680f9,ee9c41850dd7d10eebb258c64fa32ce84dce2434fc58f8a3dcc497c5684ef68e,1.63,2.3,True,2025-11-10T20:41:00+00:00,2025-11-10T18:01:00+00:00
te:3068756,2025-11-11,2025,2025-11-11,hewitt-d8622,mccabe-b71c6,2025-11-11T00:10:00+00:00,2025-11-10T10:53:00+00:00,0.0,2025-11-13T23:00:00+00:00,2025-11-11,2.01,1.81,0.47382198952879584,-0.10480787679324989,0.5794212785442515,0.4252060155299402,1.35,1.35,0.7207171549145638,0.8434572567025129,4.091703087460985e-10,74,162,False,False,False,8b628c0db0f461f22e60faa965104ef1d9c5b7304254cd562b1cc6ca5f04fb12,984d13a15e538757f48cb17adf6d26ef83015982a172b4659a851e1e2cdb0d06,1.99,1.83,True,2025-11-10T20:41:00+00:00,2025-11-10T20:41:00+00:00
te:3068758,2025-11-11,2025,2025-11-11,delaney,noguchi-08bde,2025-11-11T00:10:00+00:00,2025-11-10T11:33:00+00:00,0.0,2025-11-13T23:00:00+00:00,2025-11-11,1.99,1.82,0.47769028871391084,-0.08929813764769673,0.5626752582586257,0.3413247582013939,1.2333333333333334,1.2333333333333334,0.6476575221744862,0.7708139666474297,3.1212662454649376e-09,183,148,False,False,False,00148fb412678e12d712dd0f710fead34aa05c120a25279a3622dd78782e417e,d682fcd1653db8eb81cb7f9f526d8325abcf858570d43df52503061271c45a00,1.93,1.9,True,2025-11-10T22:09:00+00:00,2025-11-10T22:09:00+00:00
te:3068858,2025-11-11,2025,2025-11-11,ymer,peniston,2025-11-11T05:35:00+00:00,2025-11-10T17:37:00+00:00,,,,1.73,2.11,0.5494791666666667,0.19856653897828785,0.6137315338218938,0.2644584162740665,2.2666666666666666,0.13333333333333333,0.5152264012803484,0.5000000000833746,0.0026745283860806074,162,202,False,False,False,a6bbc9487e93aac511c0ff628af1289b0fbe996e6bdeb6258613de2acecb5f2d,2a161d057eb072bd47a07e56812f8dbbe62abbbda54291fde15b014fcfb6daa6,1.75,2.12,True,2025-11-11T02:41:00+00:00,2025-11-11T02:41:00+00:00
te:3069532,2025-11-11,2025,2025-11-11,maestrelli,gueymard-wayenburg,2025-11-11T10:10:00+00:00,2025-11-10T18:25:00+00:00,1.0,2025-11-13T23:00:00+00:00,2025-11-11,1.6,2.38,0.5979899497487436,0.3970968584376474,0.6322504362599284,0.14478654393793755,1.45,1.45,0.6709000923327818,0.70446768432184,9.423389712992503e-08,184,177,False,False,False,4cf92fa72776e0fa3efa3b234693299b5bbd09cab46a750f044ed983bc1d30fa,dcd2bf90b6401e944432a3cee9474c6c260a813a5a76b3bf386fcbe2fe239807,1.63,2.31,True,2025-11-11T06:49:00+00:00,2025-11-11T07:05:00+00:00
te:3070066,2025-11-11,2025,2025-11-11,braswell-7a1b7,monday,2025-11-11T16:05:00+00:00,2025-11-11T09:05:00+00:00,1.0,2025-11-13T23:00:00+00:00,2025-11-11,1.93,1.89,0.4947643979057591,-0.02094317384524342,0.5686035167284503,0.2970989759083768,0.0,0.0,0.619952918910662,0.7338897210965283,1.0918710380281027e-11,67,152,False,False,False,7b6865371567e620aea58a215ec0fd0ae010eaff26c7c3d2935ed939a04edea1,d15fcdfecc635473ea5ca3dab541b598c36d77e43424d3379d50febf2410633f,1.91,1.93,True,2025-11-11T14:41:00+00:00,2025-11-11T15:29:00+00:00
te:3071628,2025-11-11,2025,2025-11-11,lajal,blancaneaux,2025-11-11T13:35:00+00:00,2025-11-11T12:01:00+00:00,1.0,2025-11-13T23:00:00+00:00,2025-11-11,1.78,2.07,0.5376623376623377,0.1509352429732842,0.5834635803543784,0.1860728910498668,0.4666666666666667,0.4666666666666667,0.6888852993796456,0.5945600795659644,6.25697724188079e-09,174,147,False,False,False,ccb7938bf62e06d837ada29948550f0eab14a228fa2511351b1eca77efc90b3c,c33d38d76acb0134766fcb4a919ebad42d6aeeb12e4cc9a628cd6e3cfbb6140f,1.79,2.05,True,2025-11-11T12:17:00+00:00,2025-11-11T12:17:00+00:00
te:3074104,2025-11-14,2025,2025-11-14,cassone,rosenkranz,2025-11-14T17:10:00+00:00,2025-11-13T17:35:00+00:00,1.0,2025-11-16T23:00:00+00:00,2025-11-14,1.59,2.42,0.6034912718204488,0.4200335239364546,0.6648004240398894,0.26472725387872437,0.8666666666666667,0.8666666666666667,0.7578051736059302,0.7578051736059358,1.2007062011321068e-13,157,195,False,False,False,764e3ef8e1de914f83f62109e4b3ec1835cd1918a8672ca5bfa70e9c8ae897fb,7fe63da1ef05bcf494af9dfdc64874f46b5bd740c979850cae97335287b01a02,1.6,2.43,True,2025-11-14T11:35:00+00:00,2025-11-14T15:27:00+00:00
te:3074122,2025-11-14,2025,2025-11-14,buse,heide-17a3d,2025-11-14T16:40:00+00:00,2025-11-13T17:43:00+00:00,0.0,2025-11-16T23:00:00+00:00,2025-11-14,1.75,2.11,0.5466321243523315,0.18707215955255221,0.618995927553875,0.2982164701329524,0.8833333333333333,0.25,0.6396702938302635,0.6068831591220933,2.1367158042906453e-11,178,96,False,False,False,73b89e6780be387e32fd865950c8decb1b68b6a40b97eaa7c3ad5827ec4c1007,a7e0c6f2e7d4c0bff94e5092558e98c7b9406aaf8adaef1b6fbec518a2b25ab7,1.76,2.13,True,2025-11-14T11:43:00+00:00,2025-11-14T12:31:00+00:00
te:3074124,2025-11-14,2025,2025-11-14,burruchaga,navone,2025-11-14T18:30:00+00:00,2025-11-13T18:07:00+00:00,0.0,2025-11-16T23:00:00+00:00,2025-11-14,1.85,1.98,0.5169712793733681,0.06791120561621009,0.599208420688652,0.33425673985904303,0.55,0.55,0.5000000000000001,0.5588876485622859,0.008379173629635889,203,165,False,False,False,ff4ec5ae13b85d6dedf0709c723972138640330dd0b86460513592bc14c3f9b0,de3a6981c4b6b47d72679a70baa24223414a06a119e8da23a53e8ed66bcbb31a,1.96,1.91,True,2025-11-14T16:39:00+00:00,2025-11-14T16:39:00+00:00
te:3074214,2025-11-14,2025,2025-11-14,wu-f664e,overbeck,2025-11-14T02:30:00+00:00,2025-11-13T11:51:00+00:00,0.0,2025-11-16T23:00:00+00:00,2025-11-14,1.72,2.16,0.5567010309278351,0.22778393087071203,0.6154261623720957,0.24239523795298457,1.1333333333333333,0.03333333333333333,0.6114913292675572,0.5794088614724054,4.0833686210106634e-08,109,76,False,False,False,77bdc43cb96fac04788ca918be668eaedb3384bda33340484f2cf890ed445064,8630664f9f20ad2350c603f468315ec985f6556e7e93e145f04d5fddb2f706fc,1.73,2.19,True,2025-11-13T22:39:00+00:00,2025-11-13T22:39:00+00:00
te:3074216,2025-11-14,2025,2025-11-14,uchida-ea757,shimabukuro,2025-11-14T09:25:00+00:00,2025-11-13T18:15:00+00:00,,,,1.72,2.17,0.557840616966581,0.2324028767270068,0.5605846426968886,0.011132257262732564,2.1,0.8666666666666667,0.5969518686643995,0.7156076288621247,4.257352387293523e-09,161,141,False,False,False,a056a4fbeaf01cc1b6abbe287b21f4143c8ff3509d66ff417ab69c286c406e0d,6a4b9f1250885c2a81457dc8423296b1ef666e0eecb023329450eee6ba1d19a2,1.69,2.23,True,2025-11-14T08:47:00+00:00,2025-11-14T07:27:00+00:00
te:3074604,2025-11-14,2025,2025-11-14,kasnikowski,draxl,2025-11-14T18:10:00+00:00,2025-11-14T13:11:00+00:00,0.0,2025-11-16T23:00:00+00:00,2025-11-14,1.72,2.16,0.5567010309278351,0.22778393087071203,0.6289153125494774,0.2997823739101094,1.0166666666666666,1.0166666666666666,0.6610446312453905,0.6976858654959891,9.0253637896609e-12,101,200,False,False,False,69718a9f959a5ac7d0cf6f37a7025f4158e8fb0ecb5db699496bcfae33235700,965890ccc4a8d96aa0b2a8fa5b34b2d7a23ab7eef21e54855b87e96713c8d7c8,1.74,2.17,True,2025-11-14T16:47:00+00:00,2025-11-14T15:43:00+00:00
te:3074614,2025-11-14,2025,2025-11-14,miyoshi-1fb72,alazmeh-544a8,2025-11-14T21:35:00+00:00,2025-11-14T13:03:00+00:00,0.0,2025-11-16T23:00:00+00:00,2025-11-14,2.06,1.79,0.464935064935065,-0.1404903629488259,0.5559517880362546,0.36523879923350455,1.0,0.3,0.6157831898286904,0.5000000000000001,0.017527205656192466,69,76,False,False,False,338f74b4a20fb415c3c5a301cf5f80af74a9a38428f961af28180f5020160b1e,4e458b7871f38da238cf08e4621d2dea49ce9bd89e9b84687f15cc29ff6e79a6,2.05,1.82,True,2025-11-14T18:15:00+00:00,2025-11-14T19:43:00+00:00
te:3075182,2025-11-18,2025,2025-11-18,gengel,jones-44ce4,2025-11-18T04:15:00+00:00,2025-11-16T11:04:00+00:00,1.0,2025-11-20T23:00:00+00:00,2025-11-18,1.99,1.82,0.47769028871391084,-0.08929813764769673,0.6039771718155313,0.5113626833374274,1.6,0.13333333333333333,0.7732003563592351,0.6824541294967803,2.8555844522326623e-08,154,104,False,False,False,7a1b0d65f5e3023eabbfe4fb20c47418abb905ae7484d2553d71946ac4059246,c2ab2b6b297540838412f0452cabf1407d3e0933858e2de770c5c5fecd2e44ee,,,False,,
te:3075706,2025-11-18,2025,2025-11-18,robertson-52862,elsayed-8f65f,2025-11-18T10:50:00+00:00,2025-11-17T17:29:00+00:00,1.0,2025-11-20T23:00:00+00:00,2025-11-18,1.91,1.91,0.5,0.0,0.625516238592043,0.5130288492577173,0.0,0.0,0.6442561894472498,0.6291411530813059,1.070950078618793e-09,49,135,False,False,False,be1880ae3bfe76ccdf250f7bab5f14ed88ab921a4b55310c9f2886ddddb7bcac,4ed779c15727671c0db252aa4edbb322635c1e91551a162da5da7d286849ce61,1.88,1.94,True,2025-11-17T23:05:00+00:00,2025-11-18T09:05:00+00:00
te:3076588,2025-11-18,2025,2025-11-18,ambrogi,mccormick-1f674,2025-11-18T15:10:00+00:00,2025-11-18T09:05:00+00:00,0.0,2025-11-20T23:00:00+00:00,2025-11-18,2.0,1.81,0.4750656167979003,-0.09982033528221068,0.570930157502534,0.3854675126479103,2.4166666666666665,0.7166666666666667,0.7337385956182817,0.6217778023180534,6.155603804458565e-12,163,183,False,False,False,db9ca9fcdfe3127e45ac5c8b8b29087b4782875c4f0ad7b6e41b75efab8f18ee,fbab2d55acd2c73161307aa8956f8f6afdd5d7e35755115becd75ff8583fb851,1.96,1.86,True,2025-11-18T10:25:00+00:00,2025-11-18T10:25:00+00:00
te:3078722,2025-11-18,2025,2025-11-18,sels,ouakaa,2025-11-18T12:15:00+00:00,2025-11-17T17:45:00+00:00,0.0,2025-11-20T23:00:00+00:00,2025-11-18,1.97,1.85,0.48429319371727747,-0.06284790365966375,0.5538058951417413,0.2789080892036945,2.0833333333333335,0.25,0.7073882876082447,0.5837808054563688,5.935103830623234e-08,171,169,False,False,False,e37f034b5486ac1bf79b6c04bff1029bd9e1f9f32ff6e2e185bc0e32f4313097,d3ed588bbdfad69d54c192b183ffe61941f506212afdc02401c8a0360ca1bcf8,1.98,1.86,True,2025-11-18T09:37:00+00:00,2025-11-18T09:37:00+00:00
te:3080110,2025-11-21,2025,2025-11-21,mccabe-b71c6,hijikata,2025-11-21T00:15:00+00:00,2025-11-19T19:06:00+00:00,0.0,2025-11-23T23:00:00+00:00,2025-11-21,1.75,2.13,0.5489690721649485,0.19650619178591125,0.6121459695519372,0.259835515973573,0.0,0.0,0.675908604974683,0.7543035907336004,4.0878411766698264e-13,162,141,False,False,False,f85e221141003fd023a1050d08c0c244a3727f58bd608a6aaf2528450863a955,c5362ea0c83fafc822c68f8f0f9a894e6df882801622b9f9da3b0301da161de3,1.67,2.28,True,2025-11-20T22:19:00+00:00,2025-11-20T22:19:00+00:00
te:3080502,2025-11-21,2025,2025-11-21,matsuoka-5fe86,sach,2025-11-21T00:10:00+00:00,2025-11-19T19:06:00+00:00,1.0,2025-11-23T23:00:00+00:00,2025-11-21,1.93,1.92,0.49870129870129865,-0.0051948168771042275,0.5769584908241029,0.3154948364798801,1.9166666666666667,1.35,0.6082401065344667,0.5150371939197563,2.6723970258935026e-11,173,145,False,False,False,09176709622f6bb02a98b5573374a81c3ca352c737477c251fb8e5efcf8e827b,a2cd8f3b52b533d744e193ae869825e23f0cab22174971ff11a56533bc2b5639,1.88,1.99,True,2025-11-20T22:19:00+00:00,2025-11-20T22:19:00+00:00
te:3080930,2025-11-21,2025,2025-11-21,giustino-1d545,gakhov,2025-11-21T16:25:00+00:00,2025-11-20T10:51:00+00:00,1.0,2025-11-23T23:00:00+00:00,2025-11-21,1.88,1.97,0.5116883116883117,0.04676176590803954,0.5968461258049315,0.3455792576467714,0.3,0.3,0.6475206049617095,0.5748069823031928,1.735156462956411e-11,209,212,False,False,False,8b84e8fe03d6c3e2d5386054792357404a3fb148070994ece5ca13f6b759468a,63e55f2a1d35459212e02ef392151213e39c4cb89c8b7be2e865e7e5a9f22f17,1.74,2.17,True,2025-11-21T09:47:00+00:00,2025-11-21T09:47:00+00:00
te:3081212,2025-11-21,2025,2025-11-21,uchida-ea757,nishikori,2025-11-21T04:25:00+00:00,2025-11-20T10:59:00+00:00,0.0,2025-11-23T23:00:00+00:00,2025-11-21,1.97,1.88,0.4883116883116883,-0.04676176590803932,0.5472594896146616,0.2363657061084178,1.0166666666666666,1.0166666666666666,0.5590331280631193,0.686599238615615,8.457093497726831e-10,172,60,False,False,False,3cd36b216d54056689842c242f71adf8904b97fa6b769253357d27c5dc883892,16e3fa3a8e5764f468fc6f8cdc30fd98492c538e3a8185db273d904f670562b7,1.85,2.01,True,2025-11-21T02:59:00+00:00,2025-11-21T00:35:00+00:00
te:3081214,2025-11-21,2025,2025-11-21,marcondes,oberleitner,2025-11-21T02:05:00+00:00,2025-11-20T10:51:00+00:00,0.0,2025-11-23T23:00:00+00:00,2025-11-21,1.83,2.01,0.5234374999999999,0.09381875521765437,0.5952766894321003,0.292003916646145,0.65,0.65,0.6362332394172525,0.563102527919071,1.1101845553973533e-09,137,177,False,False,False,977fe864859efeb4e321942f4c90a335caaa04fd3590f21a0477c5f0c9fcc5e8,75a25b7302da7933d96d41eddd616e7e88fdbc973317bf707f1fbae313c9b7e0,1.73,2.17,True,2025-11-21T00:11:00+00:00,2025-11-21T00:11:00+00:00
te:3081554,2025-11-21,2025,2025-11-21,dutra-da-silva,justo,2025-11-21T15:45:00+00:00,2025-11-21T10:33:00+00:00,0.0,2025-11-23T23:00:00+00:00,2025-11-21,1.77,2.09,0.5414507772020726,0.166184519390982,0.6246675118034926,0.34322273934655356,0.85,0.21666666666666667,0.6231341662951331,0.6324337002026686,1.4799099723461495e-09,180,176,False,False,False,94db47ea9912e1a46b18bc24ac482aa90a0f9f52fca8e581679fdffe87ddbb1f,ea13685e9aa3d60f5a220d8bf2fb7587bbb825c9df7da81434fc4e9bf097b7fa,1.79,2.08,True,2025-11-21T12:49:00+00:00,2025-11-21T12:49:00+00:00
te:3081586,2025-11-21,2025,2025-11-21,guillen-meza,mena-99e7a,2025-11-21T22:40:00+00:00,2025-11-21T10:33:00+00:00,0.0,2025-11-23T23:00:00+00:00,2025-11-21,1.95,1.9,0.49350649350649356,-0.025975486403260445,0.5960632562839917,0.41506399179976916,0.35,0.35,0.7033852871280747,0.6199709679402414,5.069361597165312e-12,169,118,False,False,False,6abcae0b49b081e7b1d5626da64430a0f71463c22b0128f2ba36c15effbee8b9,274d2274978f149216ea2f812a3290cfc8ec572940d959cd5a02941e2a4c535f,2.01,1.85,True,2025-11-21T21:29:00+00:00,2025-11-21T21:29:00+00:00
te:3082400,2025-11-25,2025,2025-11-25,simakin,bakshi-c841e,2025-11-25T10:20:00+00:00,2025-11-24T18:17:00+00:00,0.0,2025-11-27T23:00:00+00:00,2025-11-25,2.16,1.69,0.43896103896103894,-0.24537969276109162,0.5467194125591498,0.432804074586163,0.3333333333333333,0.3333333333333333,0.7353932305737773,0.6037448832980417,7.470510321461177e-10,164,134,False,False,False,1efecf14d4414c699dc71479a61446240494636b9a00af87d65cf8b1ef35dc77,33d1a9a0f8d34b87c93a2a2e7823e83cd94bb204d8b38445ba0a1d16f3cd1db4,2.18,1.7,True,2025-11-25T09:30:00+00:00,2025-11-25T07:38:00+00:00
te:3082972,2025-11-25,2025,2025-11-25,silva-cb43c,bondioli,2025-11-25T15:50:00+00:00,2025-11-24T18:17:00+00:00,1.0,2025-11-27T23:00:00+00:00,2025-11-25,1.9,1.92,0.5026178010471204,0.010471299867295303,0.6009381491555915,0.39890429662935917,0.8333333333333334,0.8333333333333334,0.7001596641335912,0.6228153548901953,1.8778589794266054e-12,141,191,False,False,False,f1fc584372dd0b6826abe231dd52219764a245c97a7baabfcd6ca36610798cd4,036fd26551da391106cb8d4bd816b1822308bed500736050188bb9b598a5bbff,1.84,1.98,True,2025-11-25T15:14:00+00:00,2025-11-25T14:50:00+00:00
te:3083490,2025-11-25,2025,2025-11-25,ribeiro-a7963,milavsky,2025-11-25T18:55:00+00:00,2025-11-24T19:45:00+00:00,1.0,2025-11-27T23:00:00+00:00,2025-11-25,1.81,2.0,0.5249343832020998,0.09982033528221135,0.5904318795793692,0.26593069343182196,1.1,1.1,0.5000000000000001,0.5738042347780671,0.003297580448440862,102,155,False,False,False,ef1b73716860f9473095b99f1ac9225fa74821330fc1f0062a1a55c58c94213c,87c92d71dd2b152e87cc5a1d49c8044b5edeb5d1ccd3e24f666b9040340c5c24,1.87,1.97,True,2025-11-25T13:38:00+00:00,2025-11-25T13:38:00+00:00
te:3083492,2025-11-25,2025,2025-11-25,gomez-e101b,boscardin-dias-3afa8,2025-11-25T20:50:00+00:00,2025-11-24T18:49:00+00:00,0.0,2025-11-27T23:00:00+00:00,2025-11-25,1.85,1.98,0.5169712793733681,0.06791120561621009,0.5952892785611438,0.3179637203933524,0.8666666666666667,0.3,0.6751584138007197,0.5959459202772179,4.199117609182679e-09,124,204,False,False,False,9c1341148bb11ff879f8b3ba7915b83100fe71d8879644fc6a891289f624dce3,c6d53d50a5fda3cd2ef86df9689c6269b6ae211d48db787323381c4a945fa0d4,1.96,1.87,True,2025-11-25T19:46:00+00:00,2025-11-25T19:46:00+00:00
te:3084408,2025-11-25,2025,2025-11-25,mccabe-b71c6,bicknell-8dc8a,2025-11-25T07:30:00+00:00,2025-11-24T10:13:00+00:00,0.0,2025-11-27T23:00:00+00:00,2025-11-25,1.71,2.15,0.5569948186528497,0.2289744716250029,0.6172842650554945,0.2490626603047204,1.9833333333333334,0.08333333333333333,0.7338003444178249,0.666799971234943,8.078621105411798e-12,159,119,False,False,False,3858dd210954f5536708cd0c2280063ad9acebdafc8ecbb428cb3333f0bbbcd5,ac5882fb18e29a45fffb5bbad5643554135a0226470464e335b925a72a231062,1.84,2.0,True,2025-11-25T07:06:00+00:00,2025-11-25T07:06:00+00:00
te:3086586,2025-11-28,2025,2025-11-28,stephens-6e9bc,palan,2025-11-28T06:50:00+00:00,2025-11-27T09:23:00+00:00,0.0,2025-11-30T23:00:00+00:00,2025-11-28,2.03,1.81,0.47135416666666663,-0.11470894777596173,0.5755677128592052,0.41931334720635294,1.6166666666666667,0.9833333333333333,0.6416516510804298,0.7522976509130161,1.2304857077705122e-08,127,116,False,False,False,0622f33ef25f7318dd1e39c05a4b615940479d7d9ce59948730efda0518f4450,ce830ba06423251cfc314a652a810ebc88369959f3cddd0b20c116861d0edf3b,2.08,1.79,True,2025-11-27T21:07:00+00:00,2025-11-28T01:55:00+00:00
te:3086698,2025-11-28,2025,2025-11-28,barroso-campos,callejon-hernando,2025-11-28T11:45:00+00:00,2025-11-27T09:23:00+00:00,,,,1.9,1.95,0.5064935064935064,0.025975486403260445,0.6131026453950896,0.43439745887164327,0.31666666666666665,0.31666666666666665,0.5000000000000001,0.519260564258556,0.00507093865339181,179,167,False,False,False,1651856528a2feedb3315ee5e4846c40f2fba595eb94f8377a8909c231274b68,eafc54d77c0db4b6408e0659e7776decff89d1c98b29aa53b612022ce5287a12,1.93,1.94,True,2025-11-28T08:43:00+00:00,2025-11-28T08:43:00+00:00
te:3086966,2025-11-28,2025,2025-11-28,midon,la-serna,2025-11-28T21:15:00+00:00,2025-11-27T09:23:00+00:00,1.0,2025-11-30T23:00:00+00:00,2025-11-28,1.99,1.85,0.4817708333333334,-0.0729489996461672,0.5781695046595265,0.38821252244688254,0.2833333333333333,0.2833333333333333,0.5907935872319228,0.5000000000000001,0.006272998141079927,179,142,False,False,False,ddb3257c8fdba67c6022ddcf7fbfabaeb199497e7974b3cd8ef159c087341472,ae652490f28e35014a2f55221f1ba96e2dace25104a9e7cbac24d09ebeb89345,,,False,,
te:3087366,2025-11-28,2025,2025-11-28,yevseyev,nikles,2025-11-28T05:05:00+00:00,2025-11-27T16:51:00+00:00,1.0,2025-11-30T23:00:00+00:00,2025-11-28,2.14,1.74,0.4484536082474227,-0.20692071580732238,0.5805068923677226,0.5317752942184546,0.0,0.0,0.5877929853355194,0.5000000000000001,0.019794049706574335,173,141,False,False,False,1f58062ed3484b76371a54848f33e65599d6b42f0acb3a863c01799eda92503b,d73ff852c90143cc830ef5462bd06f801fe66eaaaadae83f90c6904ef1648d0c,2.18,1.72,True,2025-11-28T03:07:00+00:00,2025-11-28T03:07:00+00:00
