event_id,date,year,sample_date,player1,player2,start_at,opening_at,y,label_available_at,label_source_date,odds_a,odds_b,market_p,market_logit,kernel_p,structure_gap,workload_total,workload_difference,hold1,hold2,kernel_residual,history_sets_player1,history_sets_player2,history_missing_player1,history_missing_player2,current_event_history_inconsistency,source_sha256,history_feature_sha256,close_a,close_b,closing_valid,close_a_at,close_b_at,p_calibration,p_set_shape,p_workload
te:2524939,2024-01-02,2024,2024-01-02,kolar-d6d52,samrej-f05ce,2024-01-02T03:10:00+00:00,2023-12-31T09:41:00+00:00,1.0,2024-01-04T23:00:00+00:00,2024-01-02,1.99,1.83,0.4790575916230366,-0.08381867188307154,0.614260480081824,0.5490754219218171,0.0,0.0,0.5416093276254179,0.5631222804987749,2.6759113071206375e-07,164,112,False,False,False,cac2bfbe1c323506cd0cca35fd32064fd13cea1b06d84b555156e76099af2557,b1e7120019831a2f308d89800d6aba0b0ce9cc3daee26fbcf393882ca2148608,1.93,1.9,True,2024-01-02T02:50:00+00:00,2024-01-02T02:50:00+00:00,0.4939806103987189,0.49583550305198437,0.48753508967822445
te:2525291,2024-01-02,2024,2024-01-02,gigante-f720d,nava-337db,2024-01-01T23:10:00+00:00,2024-01-01T07:47:00+00:00,1.0,2024-01-04T23:00:00+00:00,2024-01-02,1.77,2.07,0.5390625,0.15656906069153992,0.6433439946687037,0.4333387576792758,0.0,0.0,0.7165780619397009,0.7632032897975498,6.558689499835957e-08,143,168,False,False,False,8841edc5d79013ef0c3612a591980a246efe2e7c1bb52e4be4c38709e2dc7ee7,766661f1ff65567487735a6f3ebd0bb9114c7deee6d075a05c40ffac74375e28,1.75,2.12,True,2024-01-01T12:24:00+00:00,2024-01-01T21:04:00+00:00,0.5505980104052847,0.5514880795522858,0.5432820204670863
te:2525363,2024-01-02,2024,2024-01-02,gakhov,weber-173d1,2024-01-02T06:30:00+00:00,2024-01-01T12:07:00+00:00,0.0,2024-01-04T23:00:00+00:00,2024-01-02,1.69,2.18,0.5633074935400517,0.2545963478660157,0.6298031126066049,0.27677591080447683,0.0,0.0,0.6884038970877607,0.6583920829727635,7.2405414996978834e-12,148,122,False,False,False,1d9aae817a30375f692d89497a8689dbe7ec79549b1e38ff1e128599ea160c4f,56204753233d70266ede836b1fb723a8e843c43b1d27a5913f5608106f19b085,1.81,2.05,True,2024-01-02T05:44:00+00:00,2024-01-02T02:33:00+00:00,0.573396582766344,0.572602929755231,0.5644701374597005
te:2526613,2024-01-05,2024,2024-01-05,pouille,hong-0ce56,2024-01-05T04:10:00+00:00,2024-01-04T09:57:00+00:00,0.0,2024-01-07T23:00:00+00:00,2024-01-05,1.66,2.29,0.579746835443038,0.3217342151976963,0.5943193661332743,0.06011637913900669,1.3666666666666667,0.3,0.5675877147103587,0.5000000000000001,0.010900791615988115,67,147,False,False,False,46417035bc635494ea68385cad363deb52cc8740cc881e4a19909d675069f3a4,312faf9abc93da16ae450e02ca135b8128c8b47067c9742721bdc46edb7a64d9,1.98,1.89,True,2024-01-05T02:24:00+00:00,2024-01-05T02:24:00+00:00,0.5888389970776757,0.5856357608369669,0.5883456831571579
te:2526615,2024-01-05,2024,2024-01-05,vacherot,hsu-b2ce0,2024-01-05T05:30:00+00:00,2024-01-04T09:57:00+00:00,1.0,2024-01-07T23:00:00+00:00,2024-01-05,1.81,2.06,0.5322997416020672,0.12937913752375527,0.6180468967129777,0.3518873668978316,0.9833333333333333,0.15,0.6133041742667383,0.5883317207329068,1.8128769596614802e-09,214,119,False,False,False,1404a43dfef185ebbe849ab88a8eaaa92e3b60239ec125e408ef55f86ed5e83c,50b7b5633a3a6c853df3845bfff903b25c7a2be4979088235512e473b2bdfda9,1.8,2.09,True,2024-01-05T02:20:00+00:00,2024-01-05T02:20:00+00:00,0.5442322609976341,0.5440991779839497,0.5432850005800363
te:2526643,2024-01-05,2024,2024-01-05,cazaux,mayot,2024-01-05T09:40:00+00:00,2024-01-04T13:36:00+00:00,1.0,2024-01-07T23:00:00+00:00,2024-01-05,1.75,2.15,0.5512820512820513,0.20585205420414893,0.6248636928318468,0.3043920345706052,0.23333333333333334,0.23333333333333334,0.6437338141783585,0.680359658621583,7.799770829208796e-10,189,161,False,False,False,6ac5ed4857230f64a76324e4893be1da83482ab548d78b55449fc2a245fa44e3,2c7e8ae3912b8ca03a7d8cdfc5290d7f266f466f0a79c8f92cc6357cea9022b9,1.78,2.12,True,2024-01-05T07:49:00+00:00,2024-01-05T07:49:00+00:00,0.562092695370307,0.561534290122103,0.5566269766190436
te:2526683,2024-01-05,2024,2024-01-05,mensik,nakashima-68876,2024-01-05T09:40:00+00:00,2024-01-04T14:50:00+00:00,1.0,2024-01-07T23:00:00+00:00,2024-01-05,1.73,2.17,0.5564102564102563,0.22660575904268024,0.6621654688029265,0.44635349559421766,0.9833333333333333,0.2833333333333333,0.7490930243887861,0.7574226566047119,3.3743563498944695e-11,151,125,False,False,False,4e2fb68a7af661e3f4f61385c712b0be9fdd5e7eac3c8cc6b843e9c81c0baa42,edab5626a48f46aa1a8accb932a7a55119469067f7c11249f3971fd9810950e5,1.79,2.1,True,2024-01-05T07:54:00+00:00,2024-01-05T07:54:00+00:00,0.5669141066309695,0.568077874458311,0.5683233435498185
te:2526705,2024-01-05,2024,2024-01-05,gerasimov,kwiatkowski,2024-01-05T12:05:00+00:00,2024-01-04T18:15:00+00:00,1.0,2024-01-07T23:00:00+00:00,2024-01-05,1.73,2.17,0.5564102564102563,0.22660575904268024,0.6196684860573708,0.2615355985775615,0.9833333333333333,0.9833333333333333,0.6385172846613465,0.6872486857576103,6.710653144281764e-09,122,141,False,False,False,911e01dfe7b5af3c89098fc61d69530e8e602499d5c99524541393c7ec4ff6b3,434eaf17fa06987db761db545cf535e86031abcb34c090531af3f9bd3e360eed,1.72,2.2,True,2024-01-05T08:35:00+00:00,2024-01-05T11:51:00+00:00,0.5669141066309695,0.5658861239609568,0.5714566418598722
te:2526707,2024-01-05,2024,2024-01-05,elias-3e14c,faria-4754c,2024-01-05T15:05:00+00:00,2024-01-04T18:19:00+00:00,1.0,2024-01-07T23:00:00+00:00,2024-01-05,1.77,2.11,0.5438144329896907,0.17570840090223716,0.588955831216766,0.18394211514429748,0.0,0.0,0.5789460693484851,0.6638132443768837,2.0480006579504106e-12,91,176,False,False,False,12f39b713db988867d2709b75007dd56c454252dcd99489d6c06846f61460edc,75de87201090fc4fa76a13aed350033ace99e334f7c290244add4a6bd6fa7025,1.83,2.05,True,2024-01-05T09:35:00+00:00,2024-01-05T11:34:00+00:00,0.5550691514093071,0.5530164089443321,0.5447795495847189
te:2526711,2024-01-05,2024,2024-01-05,kasnikowski,sousa-16efd,2024-01-05T17:25:00+00:00,2024-01-04T21:22:00+00:00,1.0,2024-01-07T23:00:00+00:00,2024-01-05,1.66,2.29,0.579746835443038,0.3217342151976963,0.6525007957365815,0.30831576840529173,0.5166666666666667,0.5166666666666667,0.726052117230916,0.7379116572736577,8.789189653857221e-10,160,153,False,False,False,0b25e67cf72e22c7f5d7ce7d754f82caf1c2bf6063a23692518bc5c77ad4c115,ea0097e54ec56f91a21d104c633504833a09f849e24d4189343217cfc6272af9,1.69,2.26,True,2024-01-05T16:40:00+00:00,2024-01-05T16:40:00+00:00,0.5888389970776757,0.5885420066855721,0.5876404356670605
te:2527999,2024-01-09,2024,2024-01-09,casanova-dbdaf,weis-6ba1c,2024-01-09T13:10:00+00:00,2024-01-08T14:58:00+00:00,0.0,2024-01-11T23:00:00+00:00,2024-01-09,1.91,1.91,0.5,0.0,0.62905606619592,0.5281694588092312,0.0,0.0,0.6474250519199193,0.6639251025901577,1.1063427951540916e-11,155,209,False,False,False,9100ec443591bb4acefc6155d74fb8e277cb84438e1cec6a3f69f6c15e50601e,03aaf09188f957ee4f39dc5e2f761e3b21cfa8aa8ba63f61e7038fd9b039149c,1.98,1.86,True,2024-01-09T08:59:00+00:00,2024-01-09T08:59:00+00:00,0.5137789481259278,0.515534172134329,0.5072465895297664
te:2528007,2024-01-09,2024,2024-01-09,sakamoto-b1d5b,taberner,2024-01-09T15:15:00+00:00,2024-01-07T20:28:00+00:00,1.0,2024-01-11T23:00:00+00:00,2024-01-09,2.0,1.83,0.47780678851174935,-0.08883121370661573,0.6102675419607736,0.5372681694113771,0.0,0.0,0.6007959393181852,0.5588190687051126,3.874468024189781e-09,139,113,False,False,False,98ef3a9a124c1d8223176f592ca8b31e40f2aab383937279634882831b61243a,da470de97e9bd38f945868c04c7e8e34093093711cc1c0cb725309cf960d4c6c,1.99,1.85,True,2024-01-08T22:54:00+00:00,2024-01-08T22:54:00+00:00,0.49279660756810445,0.49449962159684985,0.4861973077697673
te:2528587,2024-01-09,2024,2024-01-09,noguchi-08bde,uchida-ea757,2024-01-09T06:40:00+00:00,2024-01-08T12:38:00+00:00,1.0,2024-01-11T23:00:00+00:00,2024-01-09,1.85,1.96,0.5144356955380577,0.05775883415219216,0.5936346117054679,0.321252438090992,1.3666666666666667,0.43333333333333335,0.699283586563691,0.6139988024813563,3.361808054158644e-11,120,117,False,False,False,893ade75a3198514e9550c42022fa0a28dd72357ee817ca519e88bf756944842,0727fe28becd06327e6f5040168d8baa217ee8928703fc81bc7a77fc07b5a5ab,1.88,1.95,True,2024-01-08T23:15:00+00:00,2024-01-09T02:31:00+00:00,0.5274004540751843,0.5267665759470036,0.530584431913822
te:2528805,2024-01-09,2024,2024-01-09,giustino-1d545,vrbensky,2024-01-09T13:45:00+00:00,2024-01-09T00:23:00+00:00,1.0,2024-01-11T23:00:00+00:00,2024-01-09,1.72,2.15,0.5555555555555556,0.22314355131420988,0.5873926438955036,0.13005351507464152,0.3333333333333333,0.3333333333333333,0.6227686636140509,0.7175313585444358,3.1590008386928048e-12,160,198,False,False,False,31d82d4cd52848ace7bc85a5eef2df682f6d07baac1e3cb00e0ccd6043072dd6,14d545c799c2f99c1ded6635b854c98dd6bf602c576e73ab4f71697dbe2e1b88,1.74,2.14,True,2024-01-09T11:03:00+00:00,2024-01-09T11:03:00+00:00,0.5661106360295568,0.5635144678715083,0.559988799096512
te:2529281,2024-01-09,2024,2024-01-09,descotte,ficovich,2024-01-09T19:30:00+00:00,2024-01-09T06:19:00+00:00,1.0,2024-01-11T23:00:00+00:00,2024-01-09,2.03,1.8,0.4699738903394256,-0.12024912815157689,0.6243692782493677,0.6283845757599757,0.0,0.0,0.6300175107132306,0.6562878941814689,4.35789093700123e-09,149,147,False,False,False,9ce7d217713b0db5d3cd28f91492d330e3f0db8feafa8ef4b5fb51326a1b54ac,7f8a114fc1422378d229ceab39a9774486f1e2a9b17630b65af7d12d4224b47f,2.06,1.79,True,2024-01-09T16:58:00+00:00,2024-01-09T16:58:00+00:00,0.4853778135708646,0.48812170157925433,0.47983384255246075
te:2530325,2024-01-12,2024,2024-01-12,vacherot,fery,2024-01-12T05:00:00+00:00,2024-01-11T10:00:00+00:00,,,,1.72,2.18,0.558974358974359,0.237000585975636,0.6153554133340343,0.23287966636263163,0.95,0.95,0.5334047293415342,0.530430547802325,1.1373335981196275e-06,221,112,False,False,False,f4ad9512993853fe516c9c1a5e65e952cb8685538a98919e9a611d969bb843a1,4f6a472d0455c7dc6f1384bcd5c2d1aeacdaf8f20d60620af988d7ce36de326b,1.71,2.22,True,2024-01-12T00:34:00+00:00,2024-01-12T00:34:00+00:00,0.5693242926938185,0.5679768162349206,0.5730745336226757
te:2530327,2024-01-12,2024,2024-01-12,guinard,noguchi-08bde,2024-01-12T05:10:00+00:00,2024-01-11T13:10:00+00:00,0.0,2024-01-14T23:00:00+00:00,2024-01-12,1.88,1.97,0.5116883116883117,0.04676176590803954,0.6141416017997121,0.4179932993532231,0.75,0.75,0.5000000005296736,0.5118816624016616,0.008755955258224396,145,123,False,False,False,b0a4393c0d9b6643868c7bd753077285fe603da33b2065bd205614eed9abedc8,8118cb55c7065f0550681044dc314de0bddfc4a39d650cc3312c9b29bf5abd09,1.87,2.0,True,2024-01-12T01:32:00+00:00,2024-01-12T01:32:00+00:00,0.524809490194738,0.5253204554571765,0.527670079328506
te:2530423,2024-01-12,2024,2024-01-12,riedi-a3a3d,elias-3e14c,2024-01-12T15:40:00+00:00,2024-01-11T20:29:00+00:00,0.0,2024-01-14T23:00:00+00:00,2024-01-12,1.68,2.25,0.5725190839694657,0.2921364228011615,0.619568390226489,0.19558024465687018,1.75,1.75,0.5879350343749139,0.5993747692842972,2.8740518298597806e-10,91,101,False,False,False,7b5822f5a2e2484dc7184f74edaa2fade3db65ce2a7c01f366905db5736c9459,472fc716d722d56c034281ed7f998d99c7f26fdca377a9d84bd3771da45ceea6,1.69,2.27,True,2024-01-12T15:26:00+00:00,2024-01-12T14:29:00+00:00,0.5820508574354272,0.580373883613337,0.596427176924124
te:2530479,2024-01-12,2024,2024-01-12,bueno-01b7e,houkes,2024-01-12T15:05:00+00:00,2024-01-12T04:10:00+00:00,0.0,2024-01-14T23:00:00+00:00,2024-01-12,1.98,1.88,0.4870466321243523,-0.05182506786458622,0.6050002113014682,0.4781686451934389,1.7,1.0333333333333334,0.5000000000000001,0.5465990091092523,0.0156722435242114,156,174,False,False,False,7068684240670568fb214656bc035cca85f4e5a5466796de3c033cd72bdebc82,801cb79cc8834b759bb67ce940a0877ed626828090b3a575021aa6d6cb519a80,1.89,1.98,True,2024-01-12T11:31:00+00:00,2024-01-12T11:31:00+00:00,0.5015387872486115,0.5025964272864124,0.5132455271372791
te:2530903,2024-01-16,2024,2024-01-16,onclin-89017,tabur,2024-01-16T07:10:00+00:00,2024-01-13T17:51:00+00:00,0.0,2024-01-18T23:00:00+00:00,2024-01-16,1.96,1.86,0.486910994764398,-0.0523679855173157,0.6071000338488659,0.4875065229956523,0.95,0.21666666666666667,0.5000000000000001,0.5412724103119364,0.009529330271065645,166,215,False,False,False,7b510de5351c0035adb4fedf65533e313ecffac53eb21feccbb7058fc557e6a2,2a1e00e8f005969b8b6aaae0202e65ada8958ff98ec7c938005b8e55a9341971,1.95,1.88,True,2024-01-16T06:48:00+00:00,2024-01-15T02:51:00+00:00,0.5014105243481068,0.5025799270400971,0.5020560506511507
te:2530911,2024-01-16,2024,2024-01-16,dougaz,sachko,2024-01-16T03:10:00+00:00,2024-01-13T13:51:00+00:00,,,,1.72,2.14,0.5544041450777203,0.21848153820839877,0.628842060971128,0.3087709078408458,0.7,0.03333333333333333,0.6969170373526111,0.6605066231015729,1.0208445200277083e-11,193,205,False,False,False,3eac0c9e0268057c7b4c73701c7bd25cf31c7ff5c081d2b55a6160565ae01752,16e0bd65974d2f68f42f0f780f3b925f2783bac303a974e5ca2ce27595bd6e26,1.78,2.08,True,2024-01-16T02:50:00+00:00,2024-01-16T02:50:00+00:00,0.565028179458797,0.5645454479799363,0.5610620087484083
te:2531021,2024-01-16,2024,2024-01-16,virtanen-7d161,shelbayh,2024-01-16T13:30:00+00:00,2024-01-14T21:50:00+00:00,1.0,2024-01-18T23:00:00+00:00,2024-01-16,1.72,2.14,0.5544041450777203,0.21848153820839877,0.6421932460668681,0.36641467934605265,1.1166666666666667,0.6166666666666667,0.7065973592444198,0.7450933100941654,2.5463797737046434e-11,157,169,False,False,False,ff96332381300c349898d73bdbf25272bf58de37c8481ac9d8ded80532486245,0e2af1685bea316ff11ad9fc17d98c245c0356b56d2f037eb9fa6cb030c703d2,1.77,2.1,True,2024-01-16T12:59:00+00:00,2024-01-16T12:59:00+00:00,0.565028179458797,0.565229813998191,0.5688533928454711
te:2531023,2024-01-16,2024,2024-01-16,meligeni-rodrigues-alves,kuzmanov,2024-01-16T11:40:00+00:00,2024-01-15T23:16:00+00:00,1.0,2024-01-18T23:00:00+00:00,2024-01-16,1.74,2.12,0.5492227979274612,0.1975309754574837,0.6133806112465267,0.26401394956927016,0.9666666666666667,0.23333333333333334,0.7467141788410887,0.6716667564504741,1.7838230892408546e-12,153,137,False,False,False,949f246d463302d309edcf0958e4cc0e4b4503fd950b46f524ea855363166cc9,f9924d0216f3b15129356640c0222eada5ed4d2aeb9b234734d5bbfb42b60193,1.72,2.16,True,2024-01-16T09:22:00+00:00,2024-01-16T09:22:00+00:00,0.5601562266337659,0.559101479799454,0.5588252706631744
te:2531025,2024-01-16,2024,2024-01-16,kukushkin,damm-4f98a,2024-01-16T20:15:00+00:00,2024-01-14T21:50:00+00:00,1.0,2024-01-18T23:00:00+00:00,2024-01-16,1.67,2.24,0.5728900255754477,0.2936522394382851,0.5916207507946529,0.07701729147849823,1.2,1.2,0.7303307488475481,0.8462332862818341,1.5684329668363972e-09,101,190,False,False,False,b6c48befc011d897117916741dce1ab60b713b09bcceac7ed59a656744895d90,6174158a4b8e511637a86127b68b97d592be322f507f57a4cad08b23efdc1c7e,1.73,2.15,True,2024-01-16T18:51:00+00:00,2024-01-16T18:51:00+00:00,0.5823992836249876,0.579330362191899,0.5878248334390134
te:2531163,2024-01-16,2024,2024-01-16,kumar-5a863,gaio,2024-01-16T18:10:00+00:00,2024-01-15T00:59:00+00:00,0.0,2024-01-18T23:00:00+00:00,2024-01-16,1.74,2.12,0.5492227979274612,0.1975309754574837,0.5980608803135772,0.19986094627148307,0.4666666666666667,0.4666666666666667,0.5881959468758645,0.5250389823721215,1.0648396872592336e-07,185,181,False,False,False,b9e32b355c0fcb2834d68146ce2939206cb64a2df6da3b4e25e404eb7424a5e6,b51c9aeac239338b4d83ed74115294a3f09d7e73d3c49766b1304e08f5c2b2bb,1.85,1.99,True,2024-01-16T17:58:00+00:00,2024-01-16T17:58:00+00:00,0.5601562266337659,0.5583374714573582,0.5566807614908813
te:2531167,2024-01-16,2024,2024-01-16,lock-92b29,gerch-539c1,2024-01-15T23:05:00+00:00,2024-01-15T00:59:00+00:00,0.0,2024-01-18T23:00:00+00:00,2024-01-16,1.86,1.95,0.5118110236220472,0.047252884850545476,0.5732257555844893,0.2477715712610003,0.0,0.0,0.5000000000000001,0.59685728788655,0.013467649889197492,176,133,False,False,False,211bcffc30d50c7a434e35ec56c5b4aa089c551e759d3722d712f122aea32183,8decccb432ad8dc45469900212a3b2af0a07ed97232551d18ebfd058d1a2469b,1.78,2.08,True,2024-01-15T18:34:00+00:00,2024-01-15T18:34:00+00:00,0.5249252297956983,0.5233864384892282,0.5150707610326551
te:2532815,2024-01-16,2024,2024-01-16,andreev-8a7ee,royer,2024-01-16T10:20:00+00:00,2024-01-15T20:46:00+00:00,0.0,2024-01-18T23:00:00+00:00,2024-01-16,1.78,2.06,0.5364583333333334,0.14609261849749608,0.5677710775021257,0.12667032533830005,1.4333333333333333,0.3,0.650280797411669,0.7694454406660047,1.6791061596688195e-09,135,178,False,False,False,78c18f9e12afa6f35b62095c951a622e6f0f14a278b2512339ae181b829d4b99,45dbdb9a0033b5f0248fc573b00783a96be5f225b0346bc8f0898f180b69e876,1.89,1.94,True,2024-01-16T09:54:00+00:00,2024-01-16T09:54:00+00:00,0.5481470947151349,0.5453487231112589,0.5485235780566956
te:2533279,2024-01-16,2024,2024-01-16,moreno-de-alboran-a31d1,passaro-5f6f1,2024-01-16T08:55:00+00:00,2024-01-16T06:23:00+00:00,1.0,2024-01-18T23:00:00+00:00,2024-01-16,1.72,2.14,0.5544041450777203,0.21848153820839877,0.6271434358115483,0.3014999422361945,1.2166666666666666,0.45,0.6394499067663552,0.6589693729910607,1.7123616413705633e-10,171,160,False,False,False,58f3a51946ef0985f7b9a184ba19011578d49ef4c7c3f8b978da30b53701280d,2b307aae4a6ac2962c7d5b111376333498d15d29c83ca8acae44bbc5c4654196,1.85,1.97,True,2024-01-16T08:04:00+00:00,2024-01-16T08:04:00+00:00,0.565028179458797,0.5644591071331825,0.5674285938270451
te:2533287,2024-01-16,2024,2024-01-16,handel,tracy-d0c0b,2024-01-16T19:45:00+00:00,2024-01-16T06:39:00+00:00,0.0,2024-01-18T23:00:00+00:00,2024-01-16,1.81,2.02,0.5274151436031332,0.10977066613537934,0.5474420020818285,0.08056993055194331,0.0,0.0,0.6780558159468194,0.5511948349179931,7.281980032858293e-09,214,39,False,False,False,a5f43c44f7d5a6c0bd1c95a1741d3f50985a910519166a67c4ce220a5b27308e,c20ba642076417439d8a06ef6f804ccd9675bb965d37cd4f8554d2cf41a4a8fc,1.93,1.88,True,2024-01-16T16:52:00+00:00,2024-01-16T16:52:00+00:00,0.5396323848942498,0.5362056905730466,0.5278962313917007
te:2533891,2024-01-19,2024,2024-01-19,nakashima-68876,maestrelli,2024-01-19T12:50:00+00:00,2024-01-18T01:36:00+00:00,1.0,2024-01-21T23:00:00+00:00,2024-01-19,2.24,1.69,0.43002544529262077,-0.28174733693196674,0.540292525984822,0.44326768346006473,0.8,0.16666666666666666,0.8262920336520373,0.6821759239223687,1.0745431211489631e-09,127,152,False,False,False,6ce6c4c9d4ba78ba601979f8fb8ab4811d29a14e4bb146ffe3be9c0c5f355632,5c5dc9845cbf1457428b1d729837647cd628910c8894af3410cf99a8640644a9,2.2,1.73,True,2024-01-19T12:11:00+00:00,2024-01-19T12:11:00+00:00,0.44741494763402295,0.44762608331806614,0.445726449194813
te:2534019,2024-01-19,2024,2024-01-19,fonio,moreno-de-alboran-a31d1,2024-01-19T03:40:00+00:00,2024-01-18T12:59:00+00:00,0.0,2024-01-21T23:00:00+00:00,2024-01-19,1.73,2.17,0.5564102564102563,0.22660575904268024,0.6555571037432887,0.41695133676609053,1.8833333333333333,0.25,0.76499946964811,0.7352251104344385,5.5057513242973144e-08,207,175,False,False,False,7f88e64c2bc0e2d34266b282d9b7b865ef98b50c90ab41892cf77af9e461ce79,b082d33250a70859d224f8bfbca2fd5f891f0ce267aae51b535932ab4b6aeb33,1.78,2.13,True,2024-01-19T00:04:00+00:00,2024-01-19T00:32:00+00:00,0.5669141066309695,0.5677293709999159,0.5733739848883234
te:2534049,2024-01-19,2024,2024-01-19,gigante-f720d,ajdukovic,2024-01-19T04:50:00+00:00,2024-01-18T12:57:00+00:00,1.0,2024-01-21T23:00:00+00:00,2024-01-19,1.86,2.0,0.5181347150259067,0.07257069283483525,0.5954283842262791,0.3138816586680409,0.3,0.3,0.5996197342364903,0.6793975541025703,1.6768591237781294e-09,146,214,False,False,False,5312b52a9dff4ef0345f4af8807921749f0e0c9a57654e346265b67a7dc7cbaf,9b16b2597abc3e40529e9a01a88f08b3a29cb410529472651b1e3199a4ad3bc3,1.85,2.02,True,2024-01-18T17:35:00+00:00,2024-01-19T02:04:00+00:00,0.5308878447683548,0.530192928238868,0.5261553804730668
te:2534265,2024-01-19,2024,2024-01-19,lavagno,rodriguez-taverna,2024-01-19T16:15:00+00:00,2024-01-19T01:43:00+00:00,1.0,2024-01-21T23:00:00+00:00,2024-01-19,1.85,2.01,0.5207253886010362,0.08294908298075078,0.6127020812626438,0.37573552088339723,0.3,0.3,0.5893102178720433,0.6341798422008554,1.1005105965411488e-08,160,196,False,False,False,fcbcf199b4b7664f9372200876c884420fa9841d706379e9ed1aacba567ab065,1f5f7002bec322323f296fb3b3aa4653aaf62a648fed5df0c9c7bd52aebf0c2f,1.87,2.0,True,2024-01-19T12:03:00+00:00,2024-01-19T12:03:00+00:00,0.5333296178582887,0.5333978040419856,0.5293747782559566
te:2534309,2024-01-19,2024,2024-01-19,jubb,kumar-5a863,2024-01-19T19:50:00+00:00,2024-01-19T01:48:00+00:00,1.0,2024-01-21T23:00:00+00:00,2024-01-19,1.94,1.91,0.49610389610389616,-0.015584731016698041,0.6083587643261724,0.45600330625558155,0.5333333333333333,0.03333333333333333,0.5377269454350666,0.5000000000000001,0.007079571753927302,85,187,False,False,False,e76ded0e4cfae3c51d72c25d286123962cd9aaf8eaac6806394961cdb0a282dc,7fb40cdd976372fb0772a25d3d173373a3618486295470280eb424403ee5a497,1.95,1.92,True,2024-01-19T19:36:00+00:00,2024-01-19T19:36:00+00:00,0.5100991793573332,0.5109554243965113,0.5063320802753336
te:2535091,2024-01-23,2024,2024-01-23,svajda-cce6f,sandgren-fb235,2024-01-23T21:40:00+00:00,2024-01-22T08:46:00+00:00,1.0,2024-01-25T23:00:00+00:00,2024-01-23,2.07,1.78,0.4623376623376624,-0.15093524297328376,0.6051650991724322,0.577968850032403,1.4333333333333333,1.4333333333333333,0.6134291824151822,0.6816276201224472,4.0272368773131006e-11,57,120,False,False,False,dbfba1a1a2248b3deb03523f25fd1ae8969794e6736a764a1e82683e6278dbb2,88d51651567bd8afade24e8a79daf8126e8dd11fd0c18b0bf1ac41ceb64f3dd1,2.05,1.8,True,2024-01-23T01:20:00+00:00,2024-01-23T01:20:00+00:00,0.47813801190504995,0.48021500067160855,0.49226379500311945
te:2535093,2024-01-23,2024,2024-01-23,bicknell-8dc8a,mayo-58e8a,2024-01-23T21:00:00+00:00,2024-01-22T03:06:00+00:00,0.0,2024-01-25T23:00:00+00:00,2024-01-23,1.91,1.91,0.5,0.0,0.6249260663450678,0.5105101859404488,0.8166666666666667,0.11666666666666667,0.6270753713096769,0.6264270777249937,2.413454372740542e-07,131,183,False,False,False,29589142132759ad3f19f95afdc3ed5a98d74403508e0ba39de2830030c5ddf9,d66695004915a0ac767debe7360ab8da84a0583035b0dbdb86096496f532165e,1.88,1.96,True,2024-01-23T01:21:00+00:00,2024-01-23T17:27:00+00:00,0.5137789481259278,0.5153211269212525,0.5131765407517783
te:2535583,2024-01-23,2024,2024-01-23,soto-fec8d,fancutt,2024-01-23T18:55:00+00:00,2024-01-22T04:11:00+00:00,1.0,2024-01-25T23:00:00+00:00,2024-01-23,1.8,1.93,0.517426273458445,0.06973333801467523,0.6393911165528404,0.5029890594540452,0.8833333333333333,0.8833333333333333,0.7241779790561002,0.6932273001369024,8.592948574914772e-10,91,124,False,False,False,d532ef3815d6116cca99389f0d1587f47dbeac2d559f212520f9f5ef6717b606,e180533d729349f3f9668120a5d36af4481718eb7c78549399de11b3ded153d9,1.76,2.0,True,2024-01-23T10:35:00+00:00,2024-01-23T10:35:00+00:00,0.5302200243524602,0.5317948136516618,0.5360433278024291
te:2535663,2024-01-23,2024,2024-01-23,berankis,durasovic,2024-01-23T09:10:00+00:00,2024-01-22T16:54:00+00:00,1.0,2024-01-25T23:00:00+00:00,2024-01-23,1.69,2.03,0.5456989247311828,0.18330726411871368,0.6222803585488719,0.31593123313651217,1.2833333333333334,0.21666666666666667,0.7232733680816463,0.6658699798402105,1.0726530774718412e-11,112,155,False,False,False,3be69dc257492161b0a20bfb7b306df63a9c399566877334126592e1acc5108c,256db069d8011626d8cc90f488f9473495d8df9924e9075214dedcdf0139272d,1.77,1.98,True,2024-01-23T08:52:00+00:00,2024-01-23T08:52:00+00:00,0.5568418933927259,0.5563787304499965,0.557984669679271
te:2535851,2024-01-23,2024,2024-01-23,kasnikowski,kukushkin,2024-01-23T09:10:00+00:00,2024-01-22T16:56:00+00:00,1.0,2024-01-25T23:00:00+00:00,2024-01-23,1.75,1.99,0.5320855614973262,0.1285188508009784,0.6556248366417488,0.5153382249167993,1.05,1.05,0.7701095955465223,0.736745461814907,4.2357783947011285e-13,174,107,False,False,False,010ca322b7495d1e909b77a2a0ee4e8d545688ba5ae90fa17198c1f16ad595fd,1af8f0c618fd146e9bc664fa587ad837029e2db59b63a72bee056d23f46ecb98,1.78,2.01,True,2024-01-22T22:21:00+00:00,2024-01-23T06:40:00+00:00,0.5440306020287737,0.5458538235199661,0.5524379025532794
te:2536017,2024-01-23,2024,2024-01-23,riedi-a3a3d,squire,2024-01-23T11:30:00+00:00,2024-01-22T18:15:00+00:00,1.0,2024-01-25T23:00:00+00:00,2024-01-23,1.94,1.78,0.47849462365591405,-0.08607460877124268,0.5603436525158981,0.3286314761864383,0.43333333333333335,0.43333333333333335,0.6303082231289373,0.5181449379289125,2.5879109327719974e-08,97,202,False,False,False,7b3578de8df7ade2e6ffd3785ddbcd7528ada39a40931cbd17af584aa492339c,8a0fd2c787b1f18d44c5f45455e1c59eda83d307ca0bb405a2eab0760ff2598c,1.85,1.92,True,2024-01-23T10:12:00+00:00,2024-01-23T10:12:00+00:00,0.49344773074995263,0.49263681064582476,0.49045733238016137
te:2536265,2024-01-23,2024,2024-01-23,kachmazov,geerts,2024-01-23T13:00:00+00:00,2024-01-22T23:48:00+00:00,1.0,2024-01-25T23:00:00+00:00,2024-01-23,1.67,2.11,0.5582010582010583,0.2338643210593116,0.634418590287456,0.3173556629841117,0.43333333333333335,0.43333333333333335,0.7422224585936534,0.6937065229999186,1.901697660455781e-09,170,180,False,False,False,ffd4909b77146c82ecde6a5f614344f3fe8a706d8fb0ed7248dd4f6d271f7dbb,17343496ed0b8b14af3ebaf48047f47764d2cf7b0f92f6dc611bbc85e8681020,1.61,2.28,True,2024-01-23T12:23:00+00:00,2024-01-23T12:23:00+00:00,0.5685974463372154,0.5682451433715101,0.5661555665531751
te:2536685,2024-01-26,2024,2024-01-26,monteiro-f1500,bagnis,2024-01-25T23:25:00+00:00,2024-01-24T21:12:00+00:00,0.0,2024-01-28T23:00:00+00:00,2024-01-26,1.71,2.16,0.5581395348837209,0.23361485118150513,0.6208417049476112,0.2595075118620179,1.75,1.75,0.6634365622217999,0.6255818712052886,3.663103295692416e-08,162,147,False,False,False,e69678b892208a499c1a8510a78eeb4530e37af59e956f56ff48b2857ad941c0,226c983f4856cec6b1e90056b04c05cfb24b553287e26471f29f0c6ce016912d,1.76,2.11,True,2024-01-25T22:52:00+00:00,2024-01-25T23:11:00+00:00,0.5685396176121758,0.5675011571480076,0.5836938554959495
te:2537063,2024-01-26,2024,2024-01-26,cecchinato,albot,2024-01-26T21:10:00+00:00,2024-01-25T00:56:00+00:00,1.0,2024-01-28T23:00:00+00:00,2024-01-26,1.87,1.99,0.5155440414507771,0.06219620786990554,0.5466157927300714,0.12481005218600771,0.3,0.3,0.6658421856051976,0.803828703352249,2.02965422246848e-12,88,177,False,False,False,555a2ec4c5a9f9dc0b89d10a65f8672b84dbc5faf8352d6e5f58a9ac95e5e9bc,7b55007c6dd715b1b12a70c93f9bd36156b166dbe99b00e261cd7ab659d01c1c,1.85,2.02,True,2024-01-26T20:31:00+00:00,2024-01-26T20:31:00+00:00,0.5284455114593323,0.525454469059323,0.5213815553510641
te:2537141,2024-01-26,2024,2024-01-26,nakashima-68876,choinski,2024-01-26T13:30:00+00:00,2024-01-25T23:24:00+00:00,1.0,2024-01-28T23:00:00+00:00,2024-01-26,1.98,1.88,0.4870466321243523,-0.05182506786458622,0.5980501772182779,0.44917246480932743,1.4166666666666667,0.6833333333333333,0.7763274748412948,0.6798626798364167,6.200595592531499e-14,135,206,False,False,False,93a2fab7b764dfdff9a889f5beb5f68dd1aa06641ef93a0f653615a5c5a25719,859ed6299f6cfe68eb0fce8acad7a5f34f4c4f7a950f64db76f2077eff8b7e22,2.04,1.84,True,2024-01-26T12:25:00+00:00,2024-01-26T12:25:00+00:00,0.5015387872486115,0.5022462860777999,0.508347202350102
te:2537273,2024-01-26,2024,2024-01-26,mayot,virtanen-7d161,2024-01-26T17:45:00+00:00,2024-01-26T10:48:00+00:00,,,,1.62,2.37,0.5939849624060151,0.3804638059027472,0.6084167388228148,0.060198101914802016,0.8166666666666667,0.08333333333333333,0.7668816046456386,0.6816277212657015,3.7742298619747316e-08,172,161,False,False,False,5b9f0406e7a59b5def8455f3e00b59a632741bebacad8ff2be8ddb3ecb98574c,40f71261de55bef30c812b3f7e250488cdf19a5a6c1ecc4b76e89fa3d0378446,1.63,2.38,True,2024-01-26T15:37:00+00:00,2024-01-26T15:37:00+00:00,0.6022064721250324,0.5991411466199674,0.5968209157885642
te:2537275,2024-01-26,2024,2024-01-26,bicknell-8dc8a,holt-669c7,2024-01-26T20:05:00+00:00,2024-01-25T23:18:00+00:00,,,,2.11,1.78,0.4575835475578406,-0.17007458318398147,0.6204851767614721,0.661682642369589,2.05,1.4166666666666667,0.660436584561203,0.7186379992585856,5.441866401945106e-11,133,119,False,False,False,baecfe670f95c6ea6ed99cf00167fb7dc0a2d4d3a97b5b01b5a84700bec1c01f,8f148bff62a7e909159fe124ad0a445109dd5a737873c00e1d9481ce5a6606cb,2.24,1.7,True,2024-01-26T18:53:00+00:00,2024-01-26T18:53:00+00:00,0.47362690375654476,0.4766756614142292,0.49255384312625
te:2537277,2024-01-26,2024,2024-01-26,fanselow-fef29,tien,2024-01-26T18:10:00+00:00,2024-01-25T23:18:00+00:00,1.0,2024-01-28T23:00:00+00:00,2024-01-26,1.97,1.88,0.4883116883116883,-0.04676176590803932,0.6110871949047667,0.49864625634955734,1.0,0.3333333333333333,0.5000000011912638,0.5285909121361618,0.00101827898190128,218,87,False,False,False,a7ad16c4bb14ae50df15b4ae7509e90302a79e14ecf4f0085c6b76ab2a3cb2e0,782dac41ef2126b1fae7ff2c6c30ca39a7edb04bbbb93cd97aecbe01a84af69b,1.98,1.89,True,2024-01-26T16:45:00+00:00,2024-01-26T16:45:00+00:00,0.5027349673188558,0.504049155256123,0.5047581007638959
te:2537283,2024-01-26,2024,2024-01-26,coric,shelbayh,2024-01-26T20:35:00+00:00,2024-01-25T23:30:00+00:00,0.0,2024-01-28T23:00:00+00:00,2024-01-26,1.89,1.96,0.5090909090909091,0.03636764417087508,0.6371161927415461,0.5265017081270202,0.5333333333333333,0.5333333333333333,0.7343245297494073,0.69363142584546,1.5796316199523375e-09,110,164,False,False,False,757deed6c3084874918c4f4aaf02194da86cc0b4043baa053f10cfae6e5e2844,719ecd3f170082e27a70c15c811fbf50907a2ce9200dcbdd45d10850204aad9c,1.81,2.08,True,2024-01-26T19:35:00+00:00,2024-01-26T19:35:00+00:00,0.5223593527018402,0.5241589068921294,0.5234531484872578
te:2537549,2024-01-30,2024,2024-01-30,sekulic-13abc,ellis-b4efc,2024-01-30T00:45:00+00:00,2024-01-27T10:56:00+00:00,0.0,2024-02-01T23:00:00+00:00,2024-01-30,1.71,2.16,0.5581395348837209,0.23361485118150513,0.6350666919553032,0.3204005496957142,0.0,0.0,0.6765424292361194,0.703599163935861,1.9687325131245714e-08,149,171,False,False,False,7fdf23dcbc08ab48070fe3f372573d43cb3078994c2913749fdef80942ccd30f,5e5f0c9ad7567f5a380282c9bec502ca2e3758092799382104745dfe38337e75,1.68,2.22,True,2024-01-30T00:10:00+00:00,2024-01-30T00:10:00+00:00,0.5685396176121758,0.5682229381384457,0.5600741103784288
te:2538231,2024-01-30,2024,2024-01-30,cecchinato,andreozzi,2024-01-30T15:55:00+00:00,2024-01-28T01:41:00+00:00,0.0,2024-02-01T23:00:00+00:00,2024-01-30,1.97,1.85,0.48429319371727747,-0.06284790365966375,0.5874795831846675,0.41640369718823417,0.6166666666666667,0.6166666666666667,0.5997675351280763,0.6900958525727735,1.72578867863038e-09,92,136,False,False,False,ea08727a9f4abec3f1d233f8f3c6e19b5c9409d95c1c9ad76998fb5b5c507ec3,cc8b04554c0c989af9be67db98b1a06a5707eab5f5271bdb1fb897245c955cc5,2.05,1.81,True,2024-01-30T14:40:00+00:00,2024-01-30T14:39:00+00:00,0.49893465441785667,0.49922619068265367,0.49966902011920705
te:2538239,2024-01-30,2024,2024-01-30,stodder,ficovich,2024-01-30T14:20:00+00:00,2024-01-28T01:40:00+00:00,1.0,2024-02-01T23:00:00+00:00,2024-01-30,1.86,1.96,0.5130890052356021,0.052367985517315925,0.637450742495217,0.5119486740205558,0.31666666666666665,0.31666666666666665,0.6841376682416176,0.7098494252872736,3.744133947325423e-09,185,148,False,False,False,c86a0bfdd833443339707106cf996c85950afa2f5d86d87dc54bfb89bb4ff315,65f871060b61501a87601eda7870bb7ae9c7a7761a3c2253f6718b9d58ab3063,1.85,1.99,True,2024-01-29T21:55:00+00:00,2024-01-30T10:00:00+00:00,0.5261305190849326,0.5277828383591404,0.5240071457834672
te:2539155,2024-01-30,2024,2024-01-30,royer,michalski-8906f,2024-01-30T15:45:00+00:00,2024-01-29T22:48:00+00:00,1.0,2024-02-01T23:00:00+00:00,2024-01-30,1.88,1.93,0.5065616797900262,0.026248226074936154,0.5890326963257786,0.33371980939706314,0.0,0.0,0.5759230228576605,0.5000000000000001,0.020495565039744854,182,137,False,False,False,e4b9de528200baf577ee1c3326213e4e2e15dd337eb39cc687fc2901ae59dd4c,976490ed6f09687b0307de7200aea877a89d7dfe92cae94a093a81ec26511222,1.96,1.88,True,2024-01-30T14:04:00+00:00,2024-01-30T14:04:00+00:00,0.5199729341409098,0.5194306533494657,0.5111203932351354
te:2539157,2024-01-30,2024,2024-01-30,molleker,klizan,2024-01-30T14:30:00+00:00,2024-01-30T00:46:00+00:00,0.0,2024-02-01T23:00:00+00:00,2024-01-30,1.72,2.15,0.5555555555555556,0.22314355131420988,0.43605748250574716,-0.4803218030133723,0.23333333333333334,0.23333333333333334,0.880997587987254,0.6789377890104709,2.2950974454261086e-11,203,10,False,False,False,cb32c897f5b81817d6ba69f5edadcc52195ee37250cc863217ddefb5ab98b0a3,598c97b43644156d4e4a591e796f04f3e519478638e1126b9405b8172e03f84b,1.82,2.03,True,2024-01-30T13:11:00+00:00,2024-01-30T13:11:00+00:00,0.5661106360295568,0.556249611774803,0.5512112657949003
te:2539445,2024-01-30,2024,2024-01-30,maloney-d0a78,clark-0707b,2024-01-30T15:10:00+00:00,2024-01-30T00:54:00+00:00,0.0,2024-02-01T23:00:00+00:00,2024-01-30,1.85,1.96,0.5144356955380577,0.05775883415219216,0.5288176175230601,0.05763952686529031,1.4,0.7666666666666667,0.6755820801203795,0.5333677426077947,6.0073057639442595e-12,61,129,False,False,False,64fb52d2cacfffce37e19408d19b626bba9b3c883db791957c8b00b17ce30c61,823314188012317549bb43601b066b5f207e145a83b7757ea77e24d15d0ba088,1.96,1.87,True,2024-01-30T14:51:00+00:00,2024-01-30T14:51:00+00:00,0.5274004540751843,0.5235913465938736,0.5301734359670462
te:2539455,2024-01-30,2024,2024-01-30,kozlov,kirchheimer,2024-01-30T17:10:00+00:00,2024-01-30T00:59:00+00:00,1.0,2024-02-01T23:00:00+00:00,2024-01-30,1.94,1.88,0.4921465968586388,-0.03141619623337862,0.6286237380228809,0.5577333513058994,0.9666666666666667,0.2,0.6567149918519724,0.6902831373471898,1.9807433471186187e-11,50,140,False,False,False,2ee1b17091ebedb31967684ae949a842b458ceacffac697c56435344039b2076,028886740e795e739dea082c8304867c40f942b2e60bf0243744a93c0b6f82c2,1.88,1.95,True,2024-01-30T01:04:00+00:00,2024-01-30T13:31:00+00:00,0.5063600345071075,0.5084155636577614,0.5078833818433102
te:2539801,2024-02-02,2024,2024-02-02,nava-337db,brady-beba3,2024-02-01T23:50:00+00:00,2024-01-31T03:02:00+00:00,0.0,2024-02-04T23:00:00+00:00,2024-02-02,2.03,1.8,0.4699738903394256,-0.12024912815157689,0.6142236491670575,0.5853504398742996,0.31666666666666665,0.31666666666666665,0.799252189792442,0.7103199306085239,7.666089985036706e-14,160,117,False,False,False,ecbe77a673000eabca67fc6834e46fb6952170736fea1b0dd044e7738139e583,3370fd99f2a110dfdd57bc38db3f06faa21ee291df2eef53df491ed9b6fc5214,2.04,1.81,True,2024-02-01T20:46:00+00:00,2024-02-01T20:46:00+00:00,0.4853778135708646,0.48760234017849324,0.483802081198939
te:2539803,2024-02-02,2024,2024-02-02,bolt-fa7eb,moriya,2024-02-02T02:05:00+00:00,2024-01-31T02:46:00+00:00,1.0,2024-02-04T23:00:00+00:00,2024-02-02,1.93,1.92,0.49870129870129865,-0.0051948168771042275,0.6397020664714544,0.5792660813852336,0.0,0.0,0.6938463997076124,0.6908208712168422,1.1376544356567209e-07,114,148,False,False,False,894152a5bce34e072e3f531dfdd0725df063549881f8829d225e248dc05158c8,4283cd39bb0027d6677f0c0652924d54a75507ded5b079ef687ed441ceef2a38,1.92,1.95,True,2024-02-01T18:21:00+00:00,2024-02-01T18:21:00+00:00,0.512552526846428,0.5149149511924563,0.5066340675750493
te:2539819,2024-02-02,2024,2024-02-02,uchiyama,polmans,2024-02-02T00:40:00+00:00,2024-01-31T13:39:00+00:00,1.0,2024-02-04T23:00:00+00:00,2024-02-02,1.68,2.25,0.5725190839694657,0.2921364228011615,0.6408240967764088,0.28680632684291185,0.0,0.0,0.720019786801644,0.6948401235895753,2.78406186993152e-10,120,189,False,False,False,1bf5e958906228b1d0772085303eaed0991b56f0370bd7e27bf4d89b889f662a,f541263864106800f4f05d1fa2a35fdaa6caf5003ed2111cd99e4821c0aba318,1.72,2.2,True,2024-02-02T00:29:00+00:00,2024-02-01T23:53:00+00:00,0.5820508574354272,0.5814466558743857,0.5733644858579166
te:2540129,2024-02-02,2024,2024-02-02,kudla,sandgren-fb235,2024-02-02T16:05:00+00:00,2024-02-01T00:33:00+00:00,1.0,2024-02-04T23:00:00+00:00,2024-02-02,1.65,2.3,0.5822784810126582,0.33213383502261473,0.6366455445968824,0.22870040177139828,0.5833333333333334,0.5833333333333334,0.7045810003500996,0.6806019386101986,6.199223023806155e-09,128,123,False,False,False,bb6e1141b2149741728a205741dc874df977b1272a97de5c93e840593d1af320,2673d194b06345d7f9c01085d7e2c47e0bb84210eb820be04916aefbc300d8ab,1.66,2.32,True,2024-02-01T21:40:00+00:00,2024-02-02T15:55:00+00:00,0.5912162440924752,0.5900083320449564,0.590014275663667
te:2540153,2024-02-02,2024,2024-02-02,jasika,sweeny,2024-02-02T04:35:00+00:00,2024-02-01T08:45:00+00:00,0.0,2024-02-04T23:00:00+00:00,2024-02-02,1.92,1.93,0.5012987012987012,0.005194816877103783,0.595807483298961,0.38283149246255466,0.0,0.0,0.565058307240469,0.5000000000000001,0.0076060723910539585,164,154,False,False,False,d9190c7f9eb34af0f7138da5c62595c0edad1d0a204ed715b51661cb59d05680,2f0a3e981326d1b562aeff7e3eacb92ce4e7dabfc6dc676f23114e11159f8683,1.79,2.11,True,2024-02-02T02:34:00+00:00,2024-02-02T03:46:00+00:00,0.5150052035015262,0.5150164204971858,0.506706493330488
te:2540367,2024-02-02,2024,2024-02-02,pucinelli-de-almeida,weis-6ba1c,2024-02-02T16:35:00+00:00,2024-02-01T18:39:00+00:00,1.0,2024-02-04T23:00:00+00:00,2024-02-02,1.83,2.03,0.5259067357512953,0.10371982620036632,0.6081246266203256,0.3357161485649106,0.0,0.0,0.6059376557495206,0.6666183127375519,3.102372525543018e-10,96,215,False,False,False,1eccb83317de199faaedba3ed61f2eaee6b5f6012ff892379914ad2cdfe7306a,6e3a2f159f42726b03b581647818e7d9d3e96993b82c26f5dd41ab0002775ea5,1.88,2.0,True,2024-02-02T15:04:00+00:00,2024-02-02T07:11:00+00:00,0.5382115404048053,0.5378371346744266,0.5295702012285105
te:2540449,2024-02-02,2024,2024-02-02,quinn-d0193,kwiatkowski,2024-02-02T18:15:00+00:00,2024-02-01T22:58:00+00:00,1.0,2024-02-04T23:00:00+00:00,2024-02-02,1.69,2.23,0.5688775510204082,0.27727305653704526,0.6081830421410743,0.1624080497732755,1.3,0.7,0.6864218142272906,0.773598425901956,1.0298040142853182e-08,95,158,False,False,False,221759ecc8e1f2fe8a5bf253688002a859f71c1d84a8af6337e9f95cd4690c47,58a56f73545127a226346c35cfcd80926bb5e1dab6e9b21dfe2c3d72e71af804,1.7,2.25,True,2024-02-02T14:33:00+00:00,2024-02-02T14:33:00+00:00,0.578630070138915,0.576531522394116,0.5818870851010155
te:2540469,2024-02-02,2024,2024-02-02,kypson,nava-337db,2024-02-02T21:15:00+00:00,2024-02-02T02:42:00+00:00,1.0,2024-02-04T23:00:00+00:00,2024-02-02,1.62,2.38,0.595,0.3846743384390905,0.6651347395361288,0.3015870541893756,0.2833333333333333,0.2833333333333333,0.7740006434229129,0.7536775792461411,1.3558598688234724e-13,142,158,False,False,False,4b27d34e5a4bcd826f0ee4c437b31b268d46ee82d154d467bbd745aee5b301d6,0c341ffe5e7118cdb6aae6ce772b0e113792ce13dc86489dae02a643a8e56bfe,1.63,2.39,True,2024-02-02T19:49:00+00:00,2024-02-02T19:49:00+00:00,0.6031592548438717,0.6028986357063596,0.598834415323876
te:2540931,2024-02-06,2024,2024-02-06,shimizu-38ca9,bolt-fa7eb,2024-02-06T02:50:00+00:00,2024-02-04T13:42:00+00:00,0.0,2024-02-08T23:00:00+00:00,2024-02-06,1.84,1.98,0.518324607329843,0.0733312730855498,0.6317503675708376,0.4664019978256266,0.5333333333333333,0.5333333333333333,0.6857827011629561,0.7346818675455522,1.361712434477802e-08,129,118,False,False,False,12768625af5ec3351c6f492df186971ab0fc94e9fc15283e8221bebb3147c8cd,bc5fd962018039c8c9fb7beaf414bf340ab2df3d82770bb9ff8f4dfc3ad8cf3d,1.94,1.89,True,2024-02-06T01:24:00+00:00,2024-02-06T01:24:00+00:00,0.5310668417540253,0.5322079249081813,0.5315002244038621
te:2541339,2024-02-06,2024,2024-02-06,echargui,hsu-b2ce0,2024-02-06T13:55:00+00:00,2024-02-03T19:50:00+00:00,1.0,2024-02-08T23:00:00+00:00,2024-02-06,2.07,1.78,0.4623376623376624,-0.15093524297328376,0.6106256781958846,0.6008782286431568,0.0,0.0,0.5000000000000001,0.5303283161279215,0.00434956585078447,174,114,False,False,False,f844d1079fa9543bcec7bc106f77aefd841793dc90dadcad74019a640ed415f7,2c0874d16c9a435f6fa1e930f0991c1993760d3fced575dda3177299e8346411,2.01,1.83,True,2024-02-06T00:51:00+00:00,2024-02-06T00:51:00+00:00,0.47813801190504995,0.48049122050930326,0.4722039418360342
te:2541343,2024-02-06,2024,2024-02-06,donskoy,wu-f664e,2024-02-06T12:40:00+00:00,2024-02-03T19:48:00+00:00,,,,1.82,2.01,0.5248041775456919,0.09929822098228022,0.6174756337991483,0.37954903358317016,0.0,0.0,0.5855806196734961,0.611778729123431,4.417453625116252e-09,168,132,False,False,False,1f036263cae5f806f1c84e3fad7ac6fcbec0d107e0b10bffdc8d15721d4d5f34,ede51f48fa98ceb7d8d169ec997be5700d4af3a051f48b8d81189c12ac444e6c,1.88,1.94,True,2024-02-06T12:06:00+00:00,2024-02-06T09:40:00+00:00,0.5371728750994372,0.5373166730167078,0.5290547052857613
te:2541345,2024-02-06,2024,2024-02-06,vincent-ruggeri,dougaz,2024-02-06T11:10:00+00:00,2024-02-03T19:42:00+00:00,0.0,2024-02-08T23:00:00+00:00,2024-02-06,1.66,2.24,0.5743589743589743,0.29965826349849645,0.6278389502414826,0.22329873137645462,0.0,0.0,0.7120891114648612,0.6670388772524701,3.89160925706733e-12,205,203,False,False,False,c082003f4e1952d51730e991701da04002b39c831735bbf2674e86eea42491b9,b1c01984d4039eda40fd2d583a1a92c002bdd27d05dd36062e8ee26365d67e1a,1.74,2.14,True,2024-02-06T04:49:00+00:00,2024-02-06T06:15:00+00:00,0.5837790189225701,0.5824431128930281,0.5743575775017217
te:2542661,2024-02-06,2024,2024-02-06,hulme-b1bd8,mochizuki-7f854,2024-02-05T23:10:00+00:00,2024-02-05T04:40:00+00:00,1.0,2024-02-08T23:00:00+00:00,2024-02-06,2.09,1.76,0.4571428571428572,-0.17185025692665906,0.6311541972725399,0.7090217813840471,1.6,0.2,0.6561057405528264,0.6677216492204995,8.99426466638431e-08,153,134,False,False,False,916316e29aa715c524a29a1db585f13db179fd577ed257179489fe9dc0acdead,9a6fffe9b2b037fac3a4be965193c272e4666c53db7df50e23435bfa21bd5f55,2.0,1.84,True,2024-02-05T19:34:00+00:00,2024-02-05T19:34:00+00:00,0.4732085874783691,0.476824226518973,0.480348512100716
te:2542717,2024-02-06,2024,2024-02-06,dalla-valle,zakharov-faf08,2024-02-06T12:50:00+00:00,2024-02-05T17:19:00+00:00,1.0,2024-02-08T23:00:00+00:00,2024-02-06,1.74,2.12,0.5492227979274612,0.1975309754574837,0.6139787247578339,0.26653681670416707,0.0,0.0,0.538804459659687,0.5609401638600997,2.088152983859004e-10,178,80,False,False,False,7cc01961304d6e5433f3fe8da5cd71c074fd9605f1c192831041f712df460536,90eee4a39e53fb4fe709e157b5f6b85238789bb079d75c74ae5a401d1e888c6f,1.83,2.02,True,2024-02-06T10:59:00+00:00,2024-02-06T10:59:00+00:00,0.5601562266337659,0.5591315193314129,0.5509323189570537
te:2543963,2024-02-09,2024,2024-02-09,schoolkate,tu-41622,2024-02-09T01:50:00+00:00,2024-02-07T09:19:00+00:00,1.0,2024-02-11T23:00:00+00:00,2024-02-09,1.69,2.24,0.5699745547073791,0.2817473369319663,0.6461089107669538,0.3202315368952997,0.0,0.0,0.7126425395310326,0.7436734842192545,1.4243606294428446e-12,175,159,False,False,False,a31d5931361f3668ffba0dbde5f6eb8e17d40a06ea466ca9ff9eed5c3a610653,291350c1b9b4935ac3262ea2da5f5a409a0a296521448f7b5dddcb0ee46d7ba9,1.71,2.23,True,2024-02-08T21:25:00+00:00,2024-02-08T21:25:00+00:00,0.5796606308751885,0.5794303468252884,0.5713413788780155
te:2544131,2024-02-09,2024,2024-02-09,blockx,shelbayh,2024-02-09T11:10:00+00:00,2024-02-07T23:50:00+00:00,1.0,2024-02-11T23:00:00+00:00,2024-02-09,1.75,2.14,0.5501285347043702,0.20119004109833744,0.6294542624237668,0.32868626738880785,0.5833333333333334,0.5833333333333334,0.6998505403394052,0.6631915984241307,4.807265696626928e-12,137,151,False,False,False,1806db6711fa2accfeb956bfbc5a69d7b8c61779dcbe979a1efec14114c9d418,721341098854080092151fb9fa4447109f7b5eb0b23ae87e4da9a9e9ae28a3a6,1.71,2.23,True,2024-02-08T17:51:00+00:00,2024-02-08T18:39:00+00:00,0.5610079879686718,0.5607298979370007,0.5607297141088968
te:2544221,2024-02-09,2024,2024-02-09,sweeny,mccabe-b71c6,2024-02-09T03:40:00+00:00,2024-02-08T08:33:00+00:00,1.0,2024-02-11T23:00:00+00:00,2024-02-09,1.82,2.05,0.5297157622739017,0.11900329206161245,0.6290651969034636,0.40920529667101935,1.2833333333333334,0.6166666666666667,0.7065395028474459,0.665999922414183,3.3832381340914708e-12,162,132,False,False,False,f920dcf90b49e655764a0a5eb59c0a6888390d2a99fb3f8020ae3e87b144ffd1,1ce8d053253d9180c6de6074c13bb2b0e965c1964c6ebb2930aa882a1d58b4a9,1.79,2.1,True,2024-02-09T01:12:00+00:00,2024-02-09T01:12:00+00:00,0.5417991207732626,0.5423342546768273,0.5470453940820382
te:2544223,2024-02-09,2024,2024-02-09,uchiyama,langmo,2024-02-09T03:55:00+00:00,2024-02-08T08:37:00+00:00,0.0,2024-02-11T23:00:00+00:00,2024-02-09,1.78,2.1,0.5412371134020618,0.16532398042538338,0.5799147631376641,0.15709951661070626,1.05,1.05,0.8407610701640155,0.7187976020758374,3.093265643627774e-10,130,155,False,False,False,c0475628b0ea2057552bc9b55dba8ac4b9cdb64c2d0222ee38d023650024c3d7,c862ebcc0eceb71d0121d607559efa0365810c900e54582a5eca48a36c09e2fd,1.79,2.11,True,2024-02-09T02:39:00+00:00,2024-02-09T02:39:00+00:00,0.5526443062464362,0.5502496890737811,0.5567723237241302
te:2544291,2024-02-09,2024,2024-02-09,tseng-5c1bc,dalla-valle,2024-02-09T10:55:00+00:00,2024-02-08T15:26:00+00:00,0.0,2024-02-11T23:00:00+00:00,2024-02-09,1.85,2.01,0.5207253886010362,0.08294908298075078,0.6068732313751098,0.3512387154142059,0.36666666666666664,0.36666666666666664,0.5394098547607864,0.5861285545171423,4.989909874186793e-10,120,176,False,False,False,9c01e33e1f37a4d484074dbf49de58ffb18a444a173d82ff900b8108ecf779a5,3d69a537515543296f00b43a3441aa4d569b52e1d79efd14100fed922bfae27e,1.9,1.97,True,2024-02-09T10:02:00+00:00,2024-02-09T10:02:00+00:00,0.5333296178582887,0.5331032959748543,0.5300201839648034
te:2544325,2024-02-09,2024,2024-02-09,svrcina,mukund,2024-02-09T11:25:00+00:00,2024-02-08T15:29:00+00:00,1.0,2024-02-11T23:00:00+00:00,2024-02-09,1.99,1.87,0.4844559585492228,-0.06219620786990577,0.5889664974347046,0.4218907835557826,0.0,0.0,0.6746780404006841,0.5882648951604181,2.20179945942256e-08,156,137,False,False,False,facb1e2cf16ffd4894eba2c6c7bd2d1fbdcb48bfea23b9b7a226371557b03bc8,8a6e53684eb56e5f9835c1ec290577b2da6853d3f72b9a8a8367c7bcf1d1e90c,1.89,1.98,True,2024-02-09T07:33:00+00:00,2024-02-09T07:33:00+00:00,0.49908861661100434,0.49944761170039476,0.4911292942152398
te:2544405,2024-02-09,2024,2024-02-09,kukushkin,kuzmanov,2024-02-09T14:55:00+00:00,2024-02-08T21:27:00+00:00,0.0,2024-02-11T23:00:00+00:00,2024-02-09,1.76,2.12,0.5463917525773196,0.1861022796338609,0.6252146918886315,0.3256394678193308,0.4666666666666667,0.4666666666666667,0.720766865919756,0.6682846753676722,4.267031172844327e-12,115,143,False,False,False,2d52474b70ae8bdab06cc90d2b6368d635e0f7dbd6b2188585da17af49149de8,18e33b45f60be9bf4a9fcbdfbd0abc840fae3e805b9fd890644b1e9e125e0a97,1.79,2.1,True,2024-02-09T06:59:00+00:00,2024-02-09T11:04:00+00:00,0.5574935821630175,0.557151335585093,0.5555113414682975
te:2545105,2024-02-13,2024,2024-02-13,fatic-cddef,oliveira-43505,2024-02-13T12:10:00+00:00,2024-02-11T01:16:00+00:00,1.0,2024-02-15T23:00:00+00:00,2024-02-13,1.68,2.22,0.5692307692307692,0.27871340246902043,0.614490547674307,0.1875144319232982,0.0,0.0,0.5080030555994381,0.5000000001571028,0.007696312203773384,160,239,False,False,False,55465829b4681f729d7c78b1ca4f90022c774a671fecc8c51be37f7d43cb8e79,ed8a6401be4b6ec97c8c0dc03602583080fd7dd98df3cee2df00d7e2f91bb56e,1.75,2.12,True,2024-02-13T08:04:00+00:00,2024-02-13T11:27:00+00:00,0.5789619001563079,0.5771623665533322,0.5690412594582349
te:2545109,2024-02-13,2024,2024-02-13,ritschard,ymer,2024-02-13T13:15:00+00:00,2024-02-11T01:12:00+00:00,0.0,2024-02-15T23:00:00+00:00,2024-02-13,1.72,2.14,0.5544041450777203,0.21848153820839877,0.6270596199193439,0.3011415175522856,0.85,0.85,0.7090228134259888,0.6640126329679807,9.712952664386876e-12,157,183,False,False,False,ccbd179a9352b8490007f8aa76a02f7d71d5ae954762d3214955f0fea67f90a4,b30e09ec9742aa20aada5874ec45f9189c3b4c477573bff0c767aaf81cc2d3f5,1.84,2.0,True,2024-02-11T23:47:00+00:00,2024-02-13T12:12:00+00:00,0.565028179458797,0.5644548508310857,0.5681760232175379
te:2545129,2024-02-13,2024,2024-02-13,dalla-valle,donskoy,2024-02-13T11:20:00+00:00,2024-02-11T01:27:00+00:00,0.0,2024-02-15T23:00:00+00:00,2024-02-13,1.71,2.16,0.5581395348837209,0.23361485118150513,0.5888730407997829,0.12569368885191232,1.2833333333333334,0.55,0.64907613706132,0.5660883900440282,2.715355440496836e-10,181,169,False,False,False,cd328d5a42fb615d25b50ef2d859d13639533be518fc79c3f99821261d041f5f,43dcf9ba83f447ad45847a36246313b5ceb49139c1844353fc485675ec993a7c,1.78,2.08,True,2024-02-11T23:54:00+00:00,2024-02-11T23:54:00+00:00,0.5685396176121758,0.565914024158277,0.5700404668273373
te:2545137,2024-02-13,2024,2024-02-13,nagal,blancaneaux,2024-02-13T13:05:00+00:00,2024-02-11T01:25:00+00:00,0.0,2024-02-15T23:00:00+00:00,2024-02-13,2.16,1.71,0.441860465116279,-0.23361485118150538,0.5180627957557223,0.3058974895088664,0.5833333333333334,0.5833333333333334,0.7199609246686411,0.5676442483369736,3.3535479948554325e-11,187,151,False,False,False,0dd29ec0ccfd8997ef07e5a03275cdecce3af7a72cefc04838fc6c56b5c519c9,3ec6767ce294ed257bbdd8c153b942f05505b545a951ea7043e7ae1dcd767df5,2.06,1.79,True,2024-02-13T10:30:00+00:00,2024-02-13T09:02:00+00:00,0.45868546202423405,0.4573381691991484,0.45726176939228086
te:2545733,2024-02-13,2024,2024-02-13,gerasimov,safwat,2024-02-13T10:45:00+00:00,2024-02-11T14:40:00+00:00,0.0,2024-02-15T23:00:00+00:00,2024-02-13,1.85,1.98,0.5169712793733681,0.06791120561621009,0.629993868019537,0.46427930199856626,1.2333333333333334,0.26666666666666666,0.6765882814368068,0.7229530043606023,7.820647948686421e-08,126,202,False,False,False,f2812f62b1be8f65ec0fc773abaa0a465f5f6ca1065c3e9621d17f81e15b93c1,bef59e904b6fa1ef3698cc10181331ae8fab1c41a10817f529f2bb9610ad55ce,1.88,1.95,True,2024-02-12T12:29:00+00:00,2024-02-13T08:33:00+00:00,0.5297910968297616,0.5308970805189381,0.5325903347056654
te:2546289,2024-02-13,2024,2024-02-13,kukushkin,svrcina,2024-02-13T11:25:00+00:00,2024-02-11T18:16:00+00:00,0.0,2024-02-15T23:00:00+00:00,2024-02-13,1.94,1.88,0.4921465968586388,-0.03141619623337862,0.6278624584313656,0.5544738021401467,1.5,0.06666666666666667,0.6792181459186794,0.6497036949946725,7.122061274067448e-11,116,162,False,False,False,ef27114a5f3b1b6e06e0e5e2eb33b686506fe54d56bec9d970fb671569b88afc,c9bdff9fed530dbb040f490a5c471ade280f89ade36401cd3356b13d5be3f145,1.93,1.9,True,2024-02-13T07:09:00+00:00,2024-02-13T07:09:00+00:00,0.5063600345071075,0.5083762133892722,0.5102248266061025
te:2547019,2024-02-13,2024,2024-02-13,elias-3e14c,ilkel,2024-02-13T14:35:00+00:00,2024-02-12T21:00:00+00:00,1.0,2024-02-15T23:00:00+00:00,2024-02-13,1.84,1.98,0.518324607329843,0.0733312730855498,0.5564383320165733,0.15338823697939297,0.0,0.0,0.6954178418346523,0.57505920014601,6.7255645497255045e-12,108,110,False,False,False,608aba6c2c200e36668e9f100de1c4b396bdcf0b1d784d564a980339694088bb,688fa17ed86267759a59a8315eefe7b71052a8d9ecb3613241d9dcb134ccc7a5,1.88,1.94,True,2024-02-13T12:44:00+00:00,2024-02-13T13:16:00+00:00,0.5310668417540253,0.5284419838637042,0.5201232149140472
te:2547025,2024-02-13,2024,2024-02-13,rincon-d1dab,durasovic,2024-02-13T17:20:00+00:00,2024-02-12T21:07:00+00:00,1.0,2024-02-15T23:00:00+00:00,2024-02-13,1.62,2.33,0.589873417721519,0.36344211833331663,0.6172957447511598,0.11464360632933634,0.0,0.0,0.6126326419239274,0.5855453285885792,4.8823489695593025e-09,161,155,False,False,False,b42b2a18eb07ac72e90f88bea7436e709ff9a8bb8655141788ba731a3caf47f7,4809f36f22866d8ea759b83a2966c9b0a39ee45aabdbcf524dbbb9c0c63a6eed,1.65,2.3,True,2024-02-13T15:29:00+00:00,2024-02-13T15:29:00+00:00,0.5983468764015019,0.5958750926317925,0.5878594674515834
te:2547963,2024-02-16,2024,2024-02-16,hong-0ce56,ramanathan-8ace3,2024-02-16T08:40:00+00:00,2024-02-14T16:44:00+00:00,1.0,2024-02-18T23:00:00+00:00,2024-02-16,1.63,2.37,0.5925,0.37430994032836895,0.6187456349877014,0.1099175418956504,0.0,0.0,0.6308856870549998,0.6008907566311132,8.92527163287582e-11,166,105,False,False,False,67a9637b6e607fb899472b11b53449cb3462f38c4dfcec84fc6edc17b64898ad,e5d88e790b84142d9e58b537be3801b584f2eb3d9475008022a43dce0a61ace8,1.68,2.29,True,2024-02-16T01:58:00+00:00,2024-02-16T01:58:00+00:00,0.600812548476742,0.5983100972892745,0.5903106141048936
te:2548279,2024-02-16,2024,2024-02-16,kukushkin,mensik,2024-02-16T11:40:00+00:00,2024-02-15T14:23:00+00:00,0.0,2024-02-18T23:00:00+00:00,2024-02-16,1.8,2.07,0.5348837209302325,0.1397619423751585,0.5982354987818383,0.25835644562895105,1.0166666666666666,1.0166666666666666,0.6990914105555824,0.8007809633495253,6.231126725708691e-14,120,150,False,False,False,3dd4e9a875dad7381f6266cfb4ea011794fc80f7f29c3de3299073a4b033dbd0,146bb7f68aa6517ac76cb2b39af35af36065e20b9b8838cd88c489bb9729d784,1.85,2.02,True,2024-02-16T07:38:00+00:00,2024-02-16T08:04:00+00:00,0.5466649214595224,0.5454309847508706,0.5515094805540938
te:2548287,2024-02-16,2024,2024-02-16,chidekh,stewart-a929c,2024-02-16T11:10:00+00:00,2024-02-15T14:29:00+00:00,1.0,2024-02-18T23:00:00+00:00,2024-02-16,1.85,2.01,0.5207253886010362,0.08294908298075078,0.6211225136389931,0.41136636609741317,2.033333333333333,0.5,0.6469123093913985,0.6965922055314392,1.1579581460363642e-09,117,164,False,False,False,3c3d24a89418bd9bff3ee812a13c4d6f71d4e3640fad22eb06af00f291665726,9f3ca3f418ea12163ef2ed4653c65fa45450ada86be621964fd4d4e84a37bcf3,1.74,2.19,True,2024-02-16T07:36:00+00:00,2024-02-16T07:36:00+00:00,0.5333296178582887,0.5338261273268428,0.542421005208043
te:2548289,2024-02-16,2024,2024-02-16,piros,vylegzhanin,2024-02-16T20:10:00+00:00,2024-02-15T16:15:00+00:00,1.0,2024-02-18T23:00:00+00:00,2024-02-16,2.07,1.8,0.4651162790697674,-0.13976194237515893,0.6121280179099545,0.5960280404907228,0.7666666666666667,0.7666666666666667,0.5242230889152398,0.5000000000000001,0.004230935924902965,203,119,False,False,False,e4937f09ccce915c1efc39028b8747862e058249a2e5483dbbc2ce0bc3f24b1c,35a7de5f9c7d4d4ca3019e16fc066ab131c3ccc32014c1427483fd278139d03d,2.01,1.87,True,2024-02-16T18:03:00+00:00,2024-02-16T18:03:00+00:00,0.48077323574233605,0.48308942329263094,0.48567655526966524
te:2548321,2024-02-16,2024,2024-02-16,guinard,kuhn-c28ab,2024-02-16T12:05:00+00:00,2024-02-15T14:29:00+00:00,1.0,2024-02-18T23:00:00+00:00,2024-02-16,1.84,2.02,0.5233160621761658,0.09333193979221903,0.6064744456740027,0.33918464675666643,0.9166666666666666,0.9166666666666666,0.5000000000000001,0.5429272771188476,0.009932698292740572,155,90,False,False,False,6b506ff206a95131fd42b6b36e70426c1ed11243c64b70537ef0ea877b236ceb,a3044f627092de386d051b3da1e87fd36a89493d85f148f918c4ee32fdc4e9df,1.82,2.07,True,2024-02-16T08:32:00+00:00,2024-02-16T09:47:00+00:00,0.5357708449852523,0.5354188405712719,0.5401119682647175
te:2548377,2024-02-16,2024,2024-02-16,nagal,walton,2024-02-16T15:05:00+00:00,2024-02-15T19:34:00+00:00,0.0,2024-02-18T23:00:00+00:00,2024-02-16,1.86,2.0,0.5181347150259067,0.07257069283483525,0.5832346574216769,0.2634955766217058,2.05,0.25,0.6004781970621113,0.5153393394829692,9.135786571690119e-11,187,201,False,False,False,18206803294e6b8bf8072c4787260a63372f7538acce56fde3943c6d85dd2662,c346a0cd1ad1e80b83fafa3b47a66a1de76499b6ba2a9b66104a7fbe42f994fd,1.88,1.98,True,2024-02-16T13:22:00+00:00,2024-02-16T11:48:00+00:00,0.5308878447683548,0.5295866550009471,0.5363355974269259
te:2548407,2024-02-16,2024,2024-02-16,jubb,searle-78f04,2024-02-16T14:00:00+00:00,2024-02-15T18:49:00+00:00,1.0,2024-02-18T23:00:00+00:00,2024-02-16,1.83,2.03,0.5259067357512953,0.10371982620036632,0.5023749382537831,-0.09422000174192259,1.0833333333333333,0.31666666666666665,0.815480014748644,0.6490949494182953,4.970579225993532e-10,106,53,False,False,False,7473592c63f243e6592fedf8aedfe0ec8099cc6c209c57802b7299424ff64d6c,f43bf0e630c7bd5c2cc773435fa4f6feb395b86cd2c8641012582aeeb7b84efa,1.84,2.04,True,2024-02-16T09:34:00+00:00,2024-02-16T09:34:00+00:00,0.5382115404048053,0.5326712085409295,0.5337124412009576
te:2548525,2024-02-16,2024,2024-02-16,halys,droguet,2024-02-16T17:40:00+00:00,2024-02-16T11:02:00+00:00,1.0,2024-02-18T23:00:00+00:00,2024-02-16,1.56,2.53,0.6185819070904646,0.48353348147798325,0.6418941100837834,0.10006114648934727,0.38333333333333336,0.38333333333333336,0.7077178446104142,0.7486686070866033,1.6810913772147273e-11,132,164,False,False,False,8a87609c1d27d27c011c47626d4f35a1a72851d9553395950a8b7d42958daa6c,d6684167599187393c8adcf803246c0b7231941c325d106aa1f3c77ec896eed5,1.63,2.39,True,2024-02-16T15:43:00+00:00,2024-02-16T15:43:00+00:00,0.6252911129821608,0.6229226328810119,0.6202593813426879
te:2549197,2024-02-20,2024,2024-02-20,kasnikowski,hong-0ce56,2024-02-20T06:00:00+00:00,2024-02-18T01:55:00+00:00,0.0,2024-02-22T23:00:00+00:00,2024-02-20,1.6,2.38,0.5979899497487436,0.3970968584376474,0.629891012026451,0.13465242484480244,1.3333333333333333,0.03333333333333333,0.6767238667566002,0.6538746874000332,6.909278704725352e-12,183,168,False,False,False,0a1b60c21164ebb3925cd0bbec96c80f48bc2e9ea3b71bf20d77cc9aee665139,d0afa6e5bdadedb0d394c4aa9068ffa60bc53f4fb8b3622267dc57ba0a1e4ecd,1.61,2.37,True,2024-02-19T22:04:00+00:00,2024-02-20T03:19:00+00:00,0.6059657107484195,0.6038001966543259,0.6043037739279412
te:2549199,2024-02-20,2024,2024-02-20,sweeny,janvier,2024-02-20T04:40:00+00:00,2024-02-17T18:46:00+00:00,1.0,2024-02-22T23:00:00+00:00,2024-02-20,1.74,2.13,0.5503875968992248,0.202236866494896,0.6430403964957299,0.38634806087469853,1.2333333333333334,0.06666666666666667,0.714202996909951,0.6995779215492735,8.307549093089506e-12,169,163,False,False,False,c27068cb8c7d806676360ab22e9ecbf26df181a9e1f9f66f60e8ed187ef43c80,e270084f513a4ec0ee395b9d9f959b5ee92d6823613fae16baea3ab2f985b164,1.76,2.1,True,2024-02-19T22:54:00+00:00,2024-02-20T04:15:00+00:00,0.5612516032536045,0.5616612773911902,0.5618104124659631
te:2549209,2024-02-20,2024,2024-02-20,ramanathan-8ace3,napolitano,2024-02-20T12:00:00+00:00,2024-02-18T00:49:00+00:00,1.0,2024-02-22T23:00:00+00:00,2024-02-20,1.76,2.08,0.5416666666666667,0.16705408466316649,0.5980901962453008,0.23045979308025036,1.8333333333333333,0.23333333333333334,0.6098492108840805,0.6880914317181529,1.0864503741103704e-10,109,207,False,False,False,0bd1520ae8486ca9ab771481678826f25a9ceac6a50099efed166cd1f2b5216b,0ceec0f600fa84807fb6b9d9c74ffff4fdc54916140c3b7ce34f9f25b380deb7,1.7,2.19,True,2024-02-20T11:43:00+00:00,2024-02-20T07:37:00+00:00,0.5530484764837557,0.5515340376939057,0.5567415496931781
te:2551031,2024-02-20,2024,2024-02-20,ajdukovic,fanselow-fef29,2024-02-20T11:10:00+00:00,2024-02-19T20:49:00+00:00,1.0,2024-02-22T23:00:00+00:00,2024-02-20,1.85,1.96,0.5144356955380577,0.05775883415219216,0.6037543012818669,0.3633740249030333,0.3,0.3,0.5494940811772951,0.5000000000000001,0.008169517317354269,239,215,False,False,False,4b798ca91c7e4297135f333be49d7ce6980dc789dcda91853252b9fa006f2a79,6f00908f6324cf9c958b4d906d9741a3ebf888b165aa6da7bc5b6e5b37095f5c,1.81,2.04,True,2024-02-20T05:08:00+00:00,2024-02-20T07:37:00+00:00,0.5274004540751843,0.5272737384920672,0.5232389358599052
te:2551223,2024-02-20,2024,2024-02-20,de-jong-57322,holmgren-a5794,2024-02-20T10:10:00+00:00,2024-02-19T20:44:00+00:00,1.0,2024-02-22T23:00:00+00:00,2024-02-20,1.86,1.96,0.5130890052356021,0.052367985517315925,0.6270146084299741,0.4670625995903278,0.38333333333333336,0.38333333333333336,0.7166550309759842,0.6684193575352118,3.2246982861749984e-12,177,171,False,False,False,37ba9c6b93294e26140964a3030c04d0619fed3bfe13f693e40dbf6f910e961a,b16d958a144cddf7be788592632ca44e4ba3018a3aa6ca26449b74feb114edd0,1.79,2.07,True,2024-02-20T09:59:00+00:00,2024-02-20T09:59:00+00:00,0.5261305190849326,0.5272424483947494,0.5244044838934618
te:2551535,2024-02-20,2024,2024-02-20,riedi-a3a3d,celikbilek,2024-02-20T10:10:00+00:00,2024-02-19T20:35:00+00:00,0.0,2024-02-22T23:00:00+00:00,2024-02-20,1.92,1.9,0.4973821989528796,-0.010471299867295303,0.5130454386825137,0.06266490006537699,0.3,0.3,0.7943786596391897,0.6354029400254785,2.6764525762335012e-08,117,110,False,False,False,64fba592a73334835bba7f15b8a6d71fb1c86efcdcc77782bce673cc6217b492,b8201f72e81ea079cdfd20f3eb7c762b517ae3fac0ae438bab17ef0988eca304,2.09,1.77,True,2024-02-20T09:53:00+00:00,2024-02-20T09:53:00+00:00,0.5113066707156244,0.50742423891728,0.5033208462925559
te:2551543,2024-02-20,2024,2024-02-20,virtanen-7d161,lamasine,2024-02-20T11:45:00+00:00,2024-02-19T20:47:00+00:00,1.0,2024-02-22T23:00:00+00:00,2024-02-20,1.73,2.13,0.5518134715025906,0.208000571211646,0.6254673699716647,0.3048196622789417,1.5833333333333333,1.0833333333333333,0.6670728914677346,0.7182187089836259,5.86589110618263e-12,153,218,False,False,False,214d1e59b272f0630b0d03cb0aeffc7adef9bbcb5679bc37bd2640007f282ec7,6e9c89416b02c102f3f1648f42bb879ed3009458c742917bb0057228690c80f0,1.72,2.16,True,2024-02-20T10:03:00+00:00,2024-02-20T10:03:00+00:00,0.5625923902453941,0.5620430994004592,0.5721670023119517
te:2552495,2024-02-23,2024,2024-02-23,walton,mukund,2024-02-23T06:30:00+00:00,2024-02-21T12:42:00+00:00,,,,1.78,2.1,0.5412371134020618,0.16532398042538338,0.5673008650123619,0.10552316056950412,0.85,0.85,0.7832076873666649,0.6618431327217233,5.047998130613962e-11,198,136,False,False,False,c905ffb4b0bf0c0fb546538020ae53a749e32634b533f1c9d5db65f5db565822,f27d3186afcac1caddcea777f4ada8ca40c8ae24ca3a8e91d5dcbd15cada2350,1.76,2.15,True,2024-02-23T05:49:00+00:00,2024-02-23T05:49:00+00:00,0.5526443062464362,0.549633081708977,0.5533414514083664
te:2552751,2024-02-23,2024,2024-02-23,travaglia,kovalik,2024-02-23T10:40:00+00:00,2024-02-21T18:24:00+00:00,,,,1.74,2.16,0.5538461538461539,0.2162231084696361,0.6353053133756509,0.3388220547970141,0.0,0.0,0.6883034994649652,0.6732775554506127,6.239208538705299e-09,180,161,False,False,False,3579df43d3bc71cd80b83691788f74b727054e79e7fda00a3a1ca3e0a2ba3576,b790cd0900b25d039122c3e23d88309623b90a5df70689e481ae5386282d028e,1.8,2.09,True,2024-02-23T10:09:00+00:00,2024-02-23T10:09:00+00:00,0.564503578848218,0.5643735373086404,0.5562087683990076
te:2552753,2024-02-23,2024,2024-02-23,gigante-f720d,caruso-7cfdb,2024-02-23T15:20:00+00:00,2024-02-22T02:25:00+00:00,1.0,2024-02-25T23:00:00+00:00,2024-02-23,2.0,1.85,0.4805194805194806,-0.07796154146971143,0.5940530818099843,0.45870781247643777,0.7333333333333333,0.7333333333333333,0.6861852453134559,0.6036519723841363,5.548995984927529e-10,132,172,False,False,False,6e5acaadf808557884d0cb9a4933303c2c9db3999395772b11ea6e16a4526f59,3ec80e15c6f5402f0954682cb88ee7885be10c71a4e72e2e2b24b470a33a1fcb,2.07,1.82,True,2024-02-23T07:42:00+00:00,2024-02-23T07:42:00+00:00,0.49536419646959867,0.4961387430772528,0.4982434820260524
te:2552909,2024-02-23,2024,2024-02-23,ajdukovic,zakharov-faf08,2024-02-23T08:40:00+00:00,2024-02-22T10:47:00+00:00,0.0,2024-02-25T23:00:00+00:00,2024-02-23,1.73,2.17,0.5564102564102563,0.22660575904268024,0.6143841053992168,0.2391727700131154,1.0333333333333334,1.0333333333333334,0.509358000392484,0.500000000510031,0.004964931844902723,239,102,False,False,False,d19afc2d17894ce625a2981589dc69adc31b1538fe86059e2d3011473b69f1c7,d9aaf7b800bc8061d117ac81969b7d6fc7573646e9b01c253aac4639dcca943c,1.74,2.19,True,2024-02-23T07:36:00+00:00,2024-02-23T04:48:00+00:00,0.5669141066309695,0.565620747167409,0.5718846199690494
te:2553059,2024-02-23,2024,2024-02-23,nakashima-68876,bellucci-47e7e,2024-02-23T15:10:00+00:00,2024-02-22T17:58:00+00:00,1.0,2024-02-25T23:00:00+00:00,2024-02-23,1.75,2.14,0.5501285347043702,0.20119004109833744,0.5522995006784249,0.008775951181430597,0.3333333333333333,0.3333333333333333,0.8414071798890681,0.7028757606484257,1.7009878505724885e-08,161,163,False,False,False,c61fcb716878f5157ac942c4d9d4cf5682eb348ab5047c2aedbff5aad4df9765,d52f31e0b5a098ff2b2fbad63aebb97cf8208a0122df32ba15b6a26b13402777,1.88,2.0,True,2024-02-23T14:57:00+00:00,2024-02-23T14:57:00+00:00,0.5610079879686718,0.5569202457346202,0.5533610319961575
te:2553085,2024-02-23,2024,2024-02-23,marie,rocha-0492a,2024-02-23T10:40:00+00:00,2024-02-23T01:09:00+00:00,0.0,2024-02-25T23:00:00+00:00,2024-02-23,1.83,2.03,0.5259067357512953,0.10371982620036632,0.6110844792587834,0.34815323763715655,0.8666666666666667,0.8666666666666667,0.500000000002817,0.5286014402792144,0.024118192570560942,206,189,False,False,False,a828fbf6eec0d8cc7f60c0f5a43b77d4ba3883005f10ce71c5e81932a3708056,e811e7dd12ba3362172e8889017a6a935349bd737b7d000d549794afae18f2a9,1.84,2.04,True,2024-02-23T07:39:00+00:00,2024-02-23T07:39:00+00:00,0.5382115404048053,0.5379864578851646,0.5419735116172273
te:2553731,2024-02-27,2024,2024-02-27,svrcina,tomic-4ca3d,2024-02-27T11:50:00+00:00,2024-02-25T02:03:00+00:00,0.0,2024-02-29T23:00:00+00:00,2024-02-27,1.94,1.87,0.49081364829396334,-0.036749542208741146,0.6159860041206788,0.509294785374903,1.15,0.5166666666666667,0.6179818767746794,0.6659469002819111,3.915368029794308e-12,166,158,False,False,False,1f10756d7400b1c504195b96f2e802e9dbc71da6b738557f3e2c1ccff549b969,54b6feeb7fbefacd2e256de8c0fe72836ed5c5933762eeb5f4465ba139aee371,1.96,1.88,True,2024-02-26T23:06:00+00:00,2024-02-25T03:09:00+00:00,0.505100200408387,0.506561246064813,0.5096641694084372
te:2553925,2024-02-27,2024,2024-02-27,denolly,casanova-dbdaf,2024-02-27T08:05:00+00:00,2024-02-26T01:29:00+00:00,1.0,2024-02-29T23:00:00+00:00,2024-02-27,2.06,1.78,0.46354166666666663,-0.14609261849749608,0.6146302687464174,0.612910302113357,0.0,0.0,0.5000000082753596,0.5057597861182058,0.005782865452271996,145,147,False,False,False,0e5211b63e5410b965e16b1d635637245ec8fc49c3b1a5936e3547035dbf5fd4,2ea9974a928a60277407851afe68fa8700560a57b8a361753e45a0cea6c61557,2.02,1.82,True,2024-02-27T01:03:00+00:00,2024-02-26T19:25:00+00:00,0.47928000449965724,0.48178763913027145,0.473501078619178
te:2554917,2024-02-27,2024,2024-02-27,merida-aguilar,demin,2024-02-27T13:30:00+00:00,2024-02-25T20:22:00+00:00,0.0,2024-02-29T23:00:00+00:00,2024-02-27,1.89,1.93,0.5052356020942408,0.020943173845242972,0.5551197367232544,0.20043548380411422,1.9833333333333334,0.45,0.6894548566676363,0.5684349012462321,6.138285713053193e-11,168,62,False,False,False,ecf1e48210e81fe6f7deab95fe4be820be64c11c947d7e2822d45db5950cb52d,b4cb6273d6fbdd3dfcf32e57330b8f4186563d25700bc9c5f76cad19faf43251,1.88,1.95,True,2024-02-27T12:21:00+00:00,2024-02-27T12:21:00+00:00,0.5187214954699992,0.5165618105224478,0.5244396325247317
te:2554923,2024-02-27,2024,2024-02-27,neumayer,travaglia,2024-02-27T14:45:00+00:00,2024-02-25T20:26:00+00:00,0.0,2024-02-29T23:00:00+00:00,2024-02-27,1.82,2.01,0.5248041775456919,0.09929822098228022,0.6021971448273294,0.31533011001599853,1.1833333333333333,0.18333333333333332,0.5000000000000001,0.5528948260422468,0.005418642935628465,182,183,False,False,False,09c259d6e57dc1d2c8b8cfeb8579cfaebf9ddc024edb4e4fd0d5f9937704c28a,e329b93fe6c71dde9d55d7fbadec8a9af043db4cea989393f01cde3189fd2203,1.84,2.0,True,2024-02-27T14:29:00+00:00,2024-02-27T14:29:00+00:00,0.5371728750994372,0.5365454149088225,0.5372531672319555
te:2555895,2024-02-27,2024,2024-02-27,blancaneaux,echargui,2024-02-27T11:25:00+00:00,2024-02-26T16:58:00+00:00,1.0,2024-02-29T23:00:00+00:00,2024-02-27,1.86,1.96,0.5130890052356021,0.052367985517315925,0.5950615801274809,0.33256190483721565,0.36666666666666664,0.36666666666666664,0.5635571911141158,0.6370991240161797,9.429910463598645e-10,148,163,False,False,False,9ccd8da07e1eab30150dab5397e87afe8642a0500b6214f3355671c96fb86e57,6e9f2230c75f770764344990af38d020609ba4a883abb2175821b893ff130dfb,1.78,2.09,True,2024-02-27T08:37:00+00:00,2024-02-27T08:37:00+00:00,0.5261305190849326,0.5256227977722272,0.5225264637946999
te:2556139,2024-02-27,2024,2024-02-27,yunchaokete,habib,2024-02-27T10:10:00+00:00,2024-02-26T18:38:00+00:00,1.0,2024-02-29T23:00:00+00:00,2024-02-27,1.7,2.17,0.5607235142118864,0.24409891649019808,0.6261781389907385,0.27175660472399366,0.0,0.0,0.6443822907557863,0.632025450899892,3.5842229184623875e-10,107,199,False,False,False,e5e67c65892aaeee9eebe30ab6f6bcf8aa127f8565f369a752dd3cc94ddc27cc,da91856e572ac6e6fa8e7bd17563e786dd3186269f8e7284c21de88d7378f882,1.71,2.19,True,2024-02-27T06:48:00+00:00,2024-02-27T09:44:00+00:00,0.5709682617423241,0.5700951384227941,0.5619486159234289
te:2556895,2024-02-27,2024,2024-02-27,bouquet,lock-92b29,2024-02-27T13:00:00+00:00,2024-02-27T10:34:00+00:00,1.0,2024-02-29T23:00:00+00:00,2024-02-27,1.87,1.95,0.5104712041884817,0.041890941709160225,0.6147755029177638,0.4255399498993347,0.0,0.0,0.5010428843593698,0.5000000000823831,0.023514207686447686,111,173,False,False,False,3974259f8e3a33659fbc9484fd2c37610a129c9098a344c4255092439f3e02f9,6107c37c000f6cf7b5ff120dcddb53604d66a6441d237445932a4f75f317484d,1.86,1.96,True,2024-02-27T12:19:00+00:00,2024-02-27T12:19:00+00:00,0.5236614645500048,0.5242545283486376,0.5159669959142356
te:2556897,2024-02-27,2024,2024-02-27,brown-8a1cb,dev,2024-02-27T14:20:00+00:00,2024-02-27T10:34:00+00:00,0.0,2024-02-29T23:00:00+00:00,2024-02-27,1.96,1.86,0.486910994764398,-0.0523679855173157,0.5135505768911486,0.10658356896830301,0.0,0.0,0.5320774102524966,0.6866196262201059,5.846087502980879e-12,98,135,False,False,False,fbb2a33c34bd9ee74e53f020b53c9675cc055a6b92396ba58e23326ee4a84c39,8ad14563f74f562719d3b5205a935285a63ebc146d9d2c042f465d892c3e8c34,2.13,1.73,True,2024-02-27T13:22:00+00:00,2024-02-27T13:22:00+00:00,0.5014105243481068,0.4979800462057759,0.48961438354004566
te:2557623,2024-03-01,2024,2024-03-01,wong-d3ead,schoolkate,2024-03-01T05:45:00+00:00,2024-02-28T13:52:00+00:00,1.0,2024-03-03T23:00:00+00:00,2024-03-01,1.74,2.16,0.5538461538461539,0.2162231084696361,0.6337852416423939,0.33226712021674465,0.25,0.25,0.7086877514786245,0.6758615017437642,3.858302294323934e-08,181,169,False,False,False,4ffdf171e7ff64828ded121feaf535f0f7996f887abe62bf0621327e3cf2843c,eed173c133a2cd5a62e5c3341f53ffa3c5dc3787453e215420b7439cf3f3cbb6,1.73,2.2,True,2024-03-01T04:34:00+00:00,2024-03-01T04:34:00+00:00,0.564503578848218,0.5642956923067304,0.5596345578498177
te:2558061,2024-03-01,2024,2024-03-01,boyer-64ede,svrcina,2024-03-01T07:30:00+00:00,2024-02-29T11:30:00+00:00,1.0,2024-03-03T23:00:00+00:00,2024-03-01,1.88,1.98,0.5129533678756476,0.051825067864585767,0.6128122126085437,0.4073236654775507,0.25,0.25,0.5000000000000001,0.5208626591086708,0.005679367470185492,163,164,False,False,False,8d5cda5138f139f49cccc8e65fcc444a4ae0c8accbbdd24dd44e5a89ca7c4514,55565a40b10167d68ffb506795682100b1f783f7fbca8bfe7babdea73a08707d,1.85,2.03,True,2024-03-01T06:50:00+00:00,2024-03-01T06:50:00+00:00,0.526002603672695,0.5263942436744556,0.5216554900024212
te:2558215,2024-03-01,2024,2024-03-01,landaluce-84126,neumayer,2024-03-01T14:45:00+00:00,2024-02-29T20:40:00+00:00,0.0,2024-03-03T23:00:00+00:00,2024-03-01,1.79,2.09,0.538659793814433,0.1549484461240559,0.5920139470540103,0.2173487578313219,0.0,0.0,0.6476079669449353,0.5686597270557918,1.3421894151655067e-10,143,180,False,False,False,66f99306364011dc194645b369289a2af9ccec1e7a41a484e345bf9b1b090ad0,ba27d1177859c72165db312ee7494019182acecb8624e708c136e6c6ad005575,1.81,2.08,True,2024-03-01T14:36:00+00:00,2024-03-01T14:36:00+00:00,0.5502190325776152,0.5485239554285416,0.5402748747998081
te:2558375,2024-03-01,2024,2024-03-01,trungelliti,kozlov,2024-03-01T11:35:00+00:00,2024-03-01T09:04:00+00:00,1.0,2024-03-03T23:00:00+00:00,2024-03-01,1.88,1.97,0.5116883116883117,0.04676176590803954,0.5339820659529404,0.08937636966575735,0.7166666666666667,0.05,0.6365207833850041,0.5000000000000001,0.0014313303618886386,175,53,False,False,False,4d2b12ad7fb0932c87c969d307dc28024a8cd0c6c1d088e9bc5243ca95c0b5b6,a673f97355e6027961712fa0e702fa8449c27908ec6a74944bcdeeb6be8960c8,2.12,1.76,True,2024-03-01T11:19:00+00:00,2024-03-01T11:19:00+00:00,0.524809490194738,0.5213608414396554,0.5180002279092475
te:2559295,2024-03-05,2024,2024-03-05,safwat,houkes,2024-03-05T08:10:00+00:00,2024-03-02T20:08:00+00:00,0.0,2024-03-07T23:00:00+00:00,2024-03-05,1.99,1.84,0.4804177545691906,-0.07836906711550673,0.6248593233690333,0.5885945156010283,1.1166666666666667,0.45,0.6501466893105717,0.6916306852385997,2.878180194176849e-10,197,180,False,False,False,5fe2aa04d2a3ebef020cc4c7e1304b9dfc353e8450145fc43a95481fefe0e473,af9f44273a993adc1890793f708860b24eb68b892be78f64aa8e64bd6aa2aca0,2.04,1.81,True,2024-03-05T07:10:00+00:00,2024-03-05T07:10:00+00:00,0.49526792719421925,0.49761013156819367,0.4999858034911065
te:2559573,2024-03-05,2024,2024-03-05,escoffier,yunchaokete,2024-03-05T14:50:00+00:00,2024-03-03T05:10:00+00:00,0.0,2024-03-07T23:00:00+00:00,2024-03-05,1.79,2.05,0.5338541666666666,0.13562417329765303,0.6243165985749682,0.37228666470711874,1.2,0.36666666666666664,0.6421466583640867,0.6795049897244894,1.214394751425374e-09,158,105,False,False,False,a7ec51789d9af448c67522cc3642bd85e63c75b507c27775b9b1ce975588526d,5ebb16700c923b3e5680dd614e8d235cceafade4ac615c90a4d63f9d05b12c41,1.74,2.14,True,2024-03-05T11:56:00+00:00,2024-03-05T11:56:00+00:00,0.5456957148966023,0.5458183670946257,0.548061145096963
te:2559843,2024-03-05,2024,2024-03-05,sakamoto-b1d5b,cecchinato,2024-03-05T21:30:00+00:00,2024-03-03T22:08:00+00:00,0.0,2024-03-07T23:00:00+00:00,2024-03-05,1.96,1.86,0.486910994764398,-0.0523679855173157,0.5908103671725502,0.4196843851707651,0.5166666666666667,0.5166666666666667,0.7004518470542416,0.6119684857863744,6.707898125846157e-11,157,96,False,False,False,0310ea1622cfb60582c7b38681f0f88dbb1b8808b31e4eca2c77f66ee45a125f,4356da0ffeaf29f4768f00b31e0f066432326ea73ac4cfd8988dd82debe9334a,1.99,1.85,True,2024-03-05T19:43:00+00:00,2024-03-05T19:43:00+00:00,0.5014105243481068,0.501760942259955,0.5007850234570235
te:2559855,2024-03-05,2024,2024-03-05,draxl,bicknell-8dc8a,2024-03-05T19:45:00+00:00,2024-03-03T22:04:00+00:00,1.0,2024-03-07T23:00:00+00:00,2024-03-05,1.84,1.98,0.518324607329843,0.0733312730855498,0.6157050872423281,0.3980265615334898,0.6,0.6,0.6937436489360774,0.6368437353185786,1.3423405581525216e-08,111,145,False,False,False,237ca5a8d4385cd5182592c02e9f8d43d0bed7c05e5f7a2ad376542c12a03a0c,28a8b0ca6e8508ff05408f83bec946e520348e303e29fe7ab3b9781dbeb058f5,1.83,2.01,True,2024-03-05T18:35:00+00:00,2024-03-05T18:35:00+00:00,0.5310668417540253,0.5313855823985228,0.5316107119701955
te:2560827,2024-03-05,2024,2024-03-05,kozlov,schachter,2024-03-05T10:05:00+00:00,2024-03-04T15:41:00+00:00,0.0,2024-03-07T23:00:00+00:00,2024-03-05,2.21,1.68,0.4318766066838046,-0.2741987221144939,0.5792067658904825,0.5937166619013639,2.6333333333333333,1.2,0.5894735033672714,0.5000000000000001,0.007418416437120837,62,114,False,False,False,1038fc9c082d0a6a2b6c170a8f9395a1912995c35bdccedfcc693bb9af717c1b,d8aeb3c74ae896c224f971030b187832560ef36c1d3f3585cdb6ae3b5b276475,2.15,1.73,True,2024-03-05T09:37:00+00:00,2024-03-05T09:37:00+00:00,0.44917923307344343,0.4512030886518766,0.4690066803187915
te:2560829,2024-03-05,2024,2024-03-05,fancutt,dev,2024-03-05T10:10:00+00:00,2024-03-04T15:43:00+00:00,0.0,2024-03-07T23:00:00+00:00,2024-03-05,1.77,2.08,0.5402597402597403,0.16138834712748912,0.6207996267271033,0.331555265714286,0.2833333333333333,0.2833333333333333,0.6139815847514023,0.643926995702139,1.317714350690391e-07,101,137,False,False,False,05fd95d1549047eee7733e345b0328248f2b130544bbbb0084be3fcbd1bee83e,d2d757bdb9de8bca4612fd3aeb67de3c4ed6a6ebd0db3eec1a0cdae4a31f0f1e,1.83,2.01,True,2024-03-05T09:14:00+00:00,2024-03-05T09:56:00+00:00,0.5517246432760923,0.5514072509661481,0.5471792330982667
te:2562899,2024-03-08,2024,2024-03-08,trungelliti,safwat,2024-03-08T11:40:00+00:00,2024-03-06T20:40:00+00:00,1.0,2024-03-10T23:00:00+00:00,2024-03-08,2.07,1.8,0.4651162790697674,-0.13976194237515893,0.5806061097122699,0.4650239663943583,1.4,1.4,0.7105026756383298,0.6103248730035099,1.418662409768956e-10,184,194,False,False,False,f469ec7a647a2106aa66931a0b40a0c3088aca0232212bcdda58f400b6a66969,15242f4fa1be857fe4eb58bfef88327cb63211b2ed7bc2223f16fb855f172634,2.21,1.72,True,2024-03-08T11:11:00+00:00,2024-03-08T07:57:00+00:00,0.48077323574233605,0.48150944013251423,0.49307041332333384
te:2563579,2024-03-08,2024,2024-03-08,wenger-18fed,cukierman,2024-03-08T08:40:00+00:00,2024-03-07T13:29:00+00:00,1.0,2024-03-10T23:00:00+00:00,2024-03-08,1.93,1.93,0.5,0.0,0.6251188158373658,0.5113326034761266,0.0,0.0,0.6853663305262113,0.6470434230544239,4.3661377291392967e-10,192,123,False,False,False,f91c0147e6208d17d1d9d203d56b77de6c309813fea12460c5dcfc8746d6d7a2,b78922c25804aeed66635e1e83bbf729c61f417bf6f8fb6e25807734ca519de9,2.04,1.84,True,2024-03-08T08:24:00+00:00,2024-03-08T08:24:00+00:00,0.5137789481259278,0.5153310488650495,0.5070406686221707
te:2563597,2024-03-08,2024,2024-03-08,masur-d87d6,albot,2024-03-08T11:15:00+00:00,2024-03-07T16:38:00+00:00,1.0,2024-03-10T23:00:00+00:00,2024-03-08,1.71,2.21,0.5637755102040817,0.25649914501509313,0.6214258542180358,0.23910551004360253,1.4333333333333333,0.26666666666666666,0.6730253593402177,0.6326111898930659,1.2069489907506892e-08,179,183,False,False,False,c57e22c646db7196f9dfa04d30ee595f0fd0e5ceaaf8aeb187093c651595095d,4554fc0b24bb48ee8d83cde6ebe28083471bc2f567ed8ee326b08c47cf0a2748,1.7,2.24,True,2024-03-08T08:06:00+00:00,2024-03-08T08:06:00+00:00,0.5738363727738679,0.5726011054372263,0.5755152390820948
te:2563629,2024-03-08,2024,2024-03-08,bergs,kukushkin,2024-03-08T13:35:00+00:00,2024-03-07T15:00:00+00:00,0.0,2024-03-10T23:00:00+00:00,2024-03-08,1.62,2.38,0.595,0.3846743384390905,0.6265376620925056,0.13271738526244614,1.45,0.8833333333333333,0.6694895433654678,0.7196281865723604,2.569305879163153e-12,152,142,False,False,False,093a91cfb163b3ebd8b3a38ec2a13b0b89931d0a4ead10d27e15345c525de514,8c66738d5a5aa588f488d9df568ab8c3741d262bfd7bdde54e41792651bd9a6d,1.7,2.24,True,2024-03-08T12:09:00+00:00,2024-03-08T12:23:00+00:00,0.6031592548438717,0.6009441512518392,0.6084958062824388
te:2563671,2024-03-08,2024,2024-03-08,molleker,brouwer-44152,2024-03-08T15:00:00+00:00,2024-03-07T18:30:00+00:00,1.0,2024-03-10T23:00:00+00:00,2024-03-08,1.61,2.39,0.5975,0.3950591869470478,0.6385097208835122,0.1738425621462676,0.36666666666666664,0.36666666666666664,0.6905012635971405,0.6862226626410673,6.569411681311976e-12,196,139,False,False,False,3ceace4281e6ee36a24f17d32cc06a9584d5ed6682b13fede962b78636ba90a6,fc16a71adc7417614f9b6a1e40d04b4d6786861035e0c2866115aaa0b6064de1,1.65,2.34,True,2024-03-08T14:09:00+00:00,2024-03-08T14:09:00+00:00,0.6055058402052254,0.6037888128541536,0.6008466194400525
te:2564725,2024-03-12,2024,2024-03-12,kolar-d6d52,misolic,2024-03-12T11:55:00+00:00,2024-03-10T12:09:00+00:00,1.0,2024-03-14T23:00:00+00:00,2024-03-12,1.98,1.84,0.48167539267015713,-0.07333127308554936,0.5771601947087244,0.3844577384492615,0.0,0.0,0.5309454582344271,0.6251120607841656,8.656820399410847e-10,139,141,False,False,False,d351ef67c6f90f04ec999eaed575aefe0229e56033878197fd78d9b88278ab0c,0d2876aa0fe6bed56f2311d7cf5e5aee9711f30b18af9fbddcc3f6be48879d75,2.06,1.79,True,2024-03-12T00:27:00+00:00,2024-03-11T17:53:00+00:00,0.4964580214076508,0.4963445205442349,0.48801974350455274
te:2565601,2024-03-12,2024,2024-03-12,passaro-5f6f1,dellien-e101c,2024-03-12T17:20:00+00:00,2024-03-11T01:56:00+00:00,0.0,2024-03-14T23:00:00+00:00,2024-03-12,1.84,1.98,0.518324607329843,0.0733312730855498,0.5181702801989212,-0.0006181318040395095,1.0833333333333333,0.55,0.5096906277808196,0.6598952296851103,1.830156218241008e-08,134,196,False,False,False,c11718ced9238969ac12fed03490bfc0b83692574ea8fbd16e2663ad3c1d6300,9f136227a78c9af69065cfb7b92adb5d8ccac8e7ee8db8598220cca0ccfe5ded,1.85,1.99,True,2024-03-11T20:01:00+00:00,2024-03-11T20:01:00+00:00,0.5310668417540253,0.5265878817498508,0.5294531503146439
te:2567805,2024-03-12,2024,2024-03-12,paul-b9a07,bertola-e4bb8,2024-03-12T09:40:00+00:00,2024-03-11T20:18:00+00:00,0.0,2024-03-14T23:00:00+00:00,2024-03-12,1.91,1.91,0.5,0.0,0.6140497118794276,0.4643673149241085,0.35,0.35,0.5127078012981768,0.5000000000153318,0.007936879099298522,143,196,False,False,False,446f74a09b5484510af30c6377e1242d715276eff88ebc8628c032a163b965ef,4ecc315aa496c91b42cbb746c238f1f758fae3459168ada5137799f55bf3c22a,1.92,1.92,True,2024-03-12T08:21:00+00:00,2024-03-12T08:21:00+00:00,0.5137789481259278,0.514764423450476,0.5114382411717487
te:2567811,2024-03-12,2024,2024-03-12,chidekh,andreev-8a7ee,2024-03-12T09:45:00+00:00,2024-03-11T20:58:00+00:00,1.0,2024-03-14T23:00:00+00:00,2024-03-12,1.86,1.96,0.5130890052356021,0.052367985517315925,0.585256062507626,0.29202016792806573,0.0,0.0,0.5979560205924206,0.5155638477112614,1.313437969496789e-10,125,160,False,False,False,d13cae6614fee0b4f73829f69883671277da51510e498e782cbf6537da0c11e2,a5fc4018fbabfa2f58d2cd1f515bb91fbcfe1b1c7f81094f0ea8f0a81c9ae725,1.91,1.93,True,2024-03-12T09:06:00+00:00,2024-03-12T09:06:00+00:00,0.5261305190849326,0.5251344888776498,0.5168289604860151
te:2567813,2024-03-12,2024,2024-03-12,topo-77408,edmund,2024-03-12T17:00:00+00:00,2024-03-11T23:18:00+00:00,1.0,2024-03-14T23:00:00+00:00,2024-03-12,2.12,1.74,0.45077720207253885,-0.19753097545748347,0.6003043997634185,0.604264576970417,0.0,0.0,0.6329328337911365,0.7138475083607942,3.58172702330517e-08,125,99,False,False,False,4eb4c8f8f7bd8c805910b905a631188b326d56d55de8f1851b1cf43b5db9d24e,4c9538343eb67486c43c3bcd02a9b34e0c576c519bde1cf179ff08b67b265dc3,2.2,1.7,True,2024-03-12T16:47:00+00:00,2024-03-12T16:25:00+00:00,0.46716317744786134,0.46946635962304656,0.46119315556116935
te:2567815,2024-03-12,2024,2024-03-12,rodriguez-taverna,melzer-a5987,2024-03-12T09:10:00+00:00,2024-03-11T17:46:00+00:00,1.0,2024-03-14T23:00:00+00:00,2024-03-12,1.76,2.09,0.5428571428571429,0.1718502569266595,0.6377553989145129,0.3937848883711654,0.0,0.0,0.6821468916722616,0.6938985703326799,5.421537385696951e-10,187,117,False,False,False,42b8f250e65805786e6035bada1e295e60ac13de3a8acc89830bb97b7746811e,2a23c9c66754bffbf99ac293f3aa316e955673c787779527d100b63b005818a6,1.83,2.02,True,2024-03-12T05:33:00+00:00,2024-03-12T05:33:00+00:00,0.5541685437630461,0.5546131167033699,0.5464135957802223
te:2567903,2024-03-12,2024,2024-03-12,aboian-f7ddc,pucinelli-de-almeida,2024-03-12T20:30:00+00:00,2024-03-12T07:34:00+00:00,0.0,2024-03-14T23:00:00+00:00,2024-03-12,2.07,1.77,0.4609375,-0.15656906069153992,0.6115452072445755,0.6103811420589067,1.2666666666666666,0.3333333333333333,0.5000000000000001,0.5267562827818376,0.01164938303024568,189,114,False,False,False,58c16b9284d7b59d8cb8013a13530f257819d49ec1a74925aface62d62c71f32,319fd41da234971b28551cfe13383be12a33005f2da20ea420a0ac7216a3e007,2.06,1.79,True,2024-03-12T16:44:00+00:00,2024-03-12T16:44:00+00:00,0.47680972766037516,0.47926661747918137,0.4816817214910414
te:2567907,2024-03-12,2024,2024-03-12,boitan,kestelboim,2024-03-12T16:55:00+00:00,2024-03-11T21:37:00+00:00,0.0,2024-03-14T23:00:00+00:00,2024-03-12,1.97,1.85,0.48429319371727747,-0.06284790365966375,0.6130977129596807,0.5232000552507872,1.1,0.5,0.5000000000023105,0.5192888793836681,0.023013754329448022,124,112,False,False,False,6d0ab6cb7eb056126305ffc2b3adb5042ba71e2b6b6b3af2e101183e1769646a,1483769dd1f5a0695086e344a9b4c97422730b4dca936cc007d94276f3ae51a6,1.96,1.88,True,2024-03-12T15:30:00+00:00,2024-03-12T07:40:00+00:00,0.49893465441785667,0.5005158316172789,0.5031666524675443
te:2569803,2024-03-15,2024,2024-03-15,varillas,passaro-5f6f1,2024-03-15T14:10:00+00:00,2024-03-14T04:25:00+00:00,1.0,2024-03-17T23:00:00+00:00,2024-03-15,1.89,1.96,0.5090909090909091,0.03636764417087508,0.6127075958452806,0.42234019879129486,0.5166666666666667,0.5166666666666667,0.5630708770955816,0.5356238074547542,1.8182221700469015e-09,136,134,False,False,False,1a48ff7871f196a627feaadaeb930848974da6f8794f268eae003201779d3baa,59f7f4846245e9ad01f0d0c891e714da89e89b36ba25957e72f37589f985b670,1.88,1.99,True,2024-03-15T11:34:00+00:00,2024-03-15T11:34:00+00:00,0.5223593527018402,0.5229038694500123,0.5219452311816172
te:2569975,2024-03-15,2024,2024-03-15,maestrelli,michalski-8906f,2024-03-15T13:50:00+00:00,2024-03-14T19:09:00+00:00,0.0,2024-03-17T23:00:00+00:00,2024-03-15,1.89,1.96,0.5090909090909091,0.03636764417087508,0.6111834147662345,0.41592172861608007,1.4833333333333334,0.85,0.5000000000000001,0.5282153195288217,0.017844415475158054,147,144,False,False,False,b9c375ab096075b416828f05be273ccfc542357c9210ddafeed225efb714bc2e,1ad4fa2bbffaa85c5b997226c29a2c2dce8fc8f2abe919646ae66d5afff9de1c,1.9,1.97,True,2024-03-15T09:35:00+00:00,2024-03-15T09:35:00+00:00,0.5223593527018402,0.5228265239617012,0.5306421225504993
te:2569977,2024-03-15,2024,2024-03-15,droguet,piros,2024-03-15T11:10:00+00:00,2024-03-14T13:35:00+00:00,1.0,2024-03-17T23:00:00+00:00,2024-03-15,1.83,2.02,0.5246753246753246,0.09878154455978364,0.628697094973647,0.42784984504535417,0.2833333333333333,0.2833333333333333,0.6588226164643192,0.6450667354555717,1.4223344724229037e-11,168,208,False,False,False,07f6a57a84036f4c4b120aa34e99437571a42effbe53da9ae9b77177f15fe19a,84b1f28f8ac82c43027d62b521827b7e4a03938a15524751631dada973ff2de5,1.85,2.03,True,2024-03-15T06:34:00+00:00,2024-03-15T06:34:00+00:00,0.5370514830450419,0.5377743298594342,0.5335310938849487
te:2569997,2024-03-15,2024,2024-03-15,blockx,ritschard,2024-03-15T11:10:00+00:00,2024-03-14T13:30:00+00:00,0.0,2024-03-17T23:00:00+00:00,2024-03-15,1.72,2.19,0.5601023017902813,0.2415772530030477,0.6344193492712629,0.30964600348794824,0.38333333333333336,0.38333333333333336,0.7052436051457283,0.675729331134528,2.94007459489265e-08,146,146,False,False,False,ad204b86e44082e62e00b419f23615560b9691abe9ceb71080505b82c94f0ff4,2ba614a534bd69f3bf30a6ad3732af92d46a7a59172bbf68f85217c1b2118e21,1.75,2.16,True,2024-03-15T07:30:00+00:00,2024-03-15T07:30:00+00:00,0.5703844233762192,0.5699551035414804,0.5671700331247016
te:2570125,2024-03-15,2024,2024-03-15,shimizu-38ca9,bellucci-47e7e,2024-03-15T10:15:00+00:00,2024-03-14T18:40:00+00:00,1.0,2024-03-17T23:00:00+00:00,2024-03-15,1.86,2.0,0.5181347150259067,0.07257069283483525,0.6352893231351897,0.48240545614317304,0.0,0.0,0.6731176272653298,0.6871075664733033,5.536427816199563e-09,118,166,False,False,False,9a22df7fd6c51a320329d9157bb63e728af46c4af0051e4692597f97f45407e7,c823e75fd38b634ae1f6b988e8497d830de606f7b2aeae9645d35458e4b0ad99,1.88,1.99,True,2024-03-15T06:34:00+00:00,2024-03-15T09:44:00+00:00,0.5308878447683548,0.5322200424661921,0.5239593363936552
te:2570273,2024-03-15,2024,2024-03-15,bagnis,dellien,2024-03-15T21:30:00+00:00,2024-03-15T07:30:00+00:00,1.0,2024-03-17T23:00:00+00:00,2024-03-15,1.84,2.02,0.5233160621761658,0.09333193979221903,0.6020385275918384,0.3206343051865669,0.7,0.06666666666666667,0.656797222020361,0.5895212938307511,2.0529258626389435e-08,156,133,False,False,False,989726e785dcd62ae6eb2917e0157a30d6eb02b128c5bf01cbbb12f9096c54f9,ccd883fb59fb1d612e0c3530d4e31e224f758d01f30f98790dd075ff4cf93ceb,1.86,2.01,True,2024-03-15T20:14:00+00:00,2024-03-15T20:59:00+00:00,0.5357708449852523,0.5351959490565652,0.5319121573150783
te:2571021,2024-03-19,2024,2024-03-19,trungelliti,barranco-cosano,2024-03-19T10:10:00+00:00,2024-03-17T23:37:00+00:00,1.0,2024-03-21T23:00:00+00:00,2024-03-19,1.86,1.96,0.5130890052356021,0.052367985517315925,0.5841681155976842,0.28753977051040247,0.0,0.0,0.5828910995884781,0.5000000000000001,0.01484350229675964,193,160,False,False,False,6c6665a6ecc6f38c592bc1d0834cc4a764f56f6f82a67f092dff8a02eb8c73fb,926a57cdabe464c9be10936f460bc111edf26b21ed2ec04087df45c8e0282c55,1.88,1.95,True,2024-03-19T06:22:00+00:00,2024-03-19T08:26:00+00:00,0.5261305190849326,0.525080521328298,0.5167742142839246
te:2571043,2024-03-19,2024,2024-03-19,kolar-d6d52,bonadio,2024-03-19T09:25:00+00:00,2024-03-18T01:37:00+00:00,1.0,2024-03-21T23:00:00+00:00,2024-03-19,1.82,2.01,0.5248041775456919,0.09929822098228022,0.6235028655608043,0.4051447038950514,1.3666666666666667,1.3666666666666667,0.6597647700434199,0.6295097074922616,7.726212780667652e-09,147,116,False,False,False,0573bf2c9556d228aad0d87709d5930935be6e21e6d6d77094b9ed202876a4b4,42875a5d23a98e51494a9d96819e6012d4767420223a3736aede3b872f5e2de0,1.93,1.9,True,2024-03-19T06:25:00+00:00,2024-03-19T06:25:00+00:00,0.5371728750994372,0.537624023011898,0.5486668301476072
te:2571925,2024-03-19,2024,2024-03-19,pucinelli-de-almeida,blancaneaux,2024-03-19T00:10:00+00:00,2024-03-17T23:30:00+00:00,1.0,2024-03-21T23:00:00+00:00,2024-03-19,1.88,1.93,0.5065616797900262,0.026248226074936154,0.6111371200017726,0.42584633900649566,0.3333333333333333,0.3333333333333333,0.5720740122735768,0.6154249876071396,2.7929353274558366e-11,116,151,False,False,False,84dc771595747f9a7ebffec218dbd6b4daac0f900a7819eaa13c8800f915f268,11e28098a9641cd8a52d569dd92a08b3847427d164ffc5ac14aa5ab736858ffa,1.89,1.94,True,2024-03-18T17:29:00+00:00,2024-03-18T17:29:00+00:00,0.5199729341409098,0.5205413685460365,0.5169794510341253
te:2571927,2024-03-19,2024,2024-03-19,luz-2f442,draxl,2024-03-19T19:10:00+00:00,2024-03-17T23:30:00+00:00,1.0,2024-03-21T23:00:00+00:00,2024-03-19,1.71,2.17,0.5592783505154639,0.23823379703779973,0.6137397770682496,0.2248259304253411,2.316666666666667,0.8166666666666667,0.6588542373182458,0.7283524774976684,8.864708966882517e-11,154,131,False,False,False,c1c85c20e5bf915bd53078e1920ccc84d9ef7054eb032714b7e46b7b3ab2f133,0ae3db266b0e9363b2a04d07d6296dc1a100a62e0b62af01d54645aae077918b,1.72,2.16,True,2024-03-19T00:41:00+00:00,2024-03-19T10:56:00+00:00,0.5696100143994275,0.5681695347655649,0.5808101264683743
te:2571933,2024-03-19,2024,2024-03-19,mager,sekulic-13abc,2024-03-19T19:15:00+00:00,2024-03-17T23:29:00+00:00,0.0,2024-03-21T23:00:00+00:00,2024-03-19,1.96,1.85,0.4855643044619423,-0.05775883415219216,0.6420116869187261,0.6418650007562481,1.5,0.3,0.7734660712948022,0.7201369031057762,2.6017618615092886e-09,101,154,False,False,False,3e9b93b055bd1678f5c4be983398bdbf55e73cd301e838c651e9b15ff34b73e5,2feb73ecbc088cb42c06e14677699704a8d5390bb6c1bb61e9923549fcb2b963,2.04,1.81,True,2024-03-19T12:54:00+00:00,2024-03-19T12:54:00+00:00,0.5001369428623718,0.5031603994790913,0.5068374372288802
te:2573327,2024-03-19,2024,2024-03-19,dalla-valle,gea,2024-03-19T13:35:00+00:00,2024-03-19T01:19:00+00:00,1.0,2024-03-21T23:00:00+00:00,2024-03-19,1.9,1.92,0.5026178010471204,0.010471299867295303,0.614707184450495,0.4566711266344899,0.25,0.25,0.5000000043355414,0.5040225674554139,0.015191385343531136,186,116,False,False,False,36ffa98f295824cfaf984bc9e2f79b49fae3b18fcecfb6f30420857e79949655,4c0d3a84afeb3677ab7e0aabcff344a364e153f2911d14978bd46c875834dfa5,1.89,1.94,True,2024-03-19T09:32:00+00:00,2024-03-19T09:32:00+00:00,0.5162505514554124,0.5171621263492663,0.5124173553804509
te:2575103,2024-03-22,2024,2024-03-22,heide-17a3d,sakamoto-b1d5b,2024-03-21T23:05:00+00:00,2024-03-20T13:37:00+00:00,0.0,2024-03-24T23:00:00+00:00,2024-03-22,1.98,1.84,0.48167539267015713,-0.07333127308554936,0.6148331076826562,0.541005407544778,1.2833333333333334,0.8166666666666667,0.5919543618741084,0.5642069360528462,1.125738113838537e-10,144,166,False,False,False,27bd2ef67d360d455c6ea6ab32eb5b796790f38a6ff770ea39f58b8d4c2e9199,343118749a61f843169a39da4f439fd7e0ff102f81fbac15b929b66ebf657da2,2.09,1.78,True,2024-03-21T19:27:00+00:00,2024-03-20T14:56:00+00:00,0.4964580214076508,0.498234886832823,0.5045312357551552
te:2575389,2024-03-22,2024,2024-03-22,skatov,kopp-0e635,2024-03-22T13:10:00+00:00,2024-03-20T19:35:00+00:00,1.0,2024-03-24T23:00:00+00:00,2024-03-22,1.96,1.89,0.49090909090909085,-0.03636764417087508,0.5789420984716336,0.3547997565565306,1.2166666666666666,1.2166666666666666,0.6563565670339213,0.7664392629015369,3.556141492389031e-10,132,195,False,False,False,88edb1b476676ebd6936b2bb656713f23723cac05c07980f34d68978b0a04a69,0457173c1121285102160331f8503978976e25837b38440596dbfb62693d917d,1.97,1.9,True,2024-03-22T03:44:00+00:00,2024-03-22T03:44:00+00:00,0.5051904140693042,0.5047867648144432,0.5137472626316754
te:2575475,2024-03-22,2024,2024-03-22,rocha-0492a,albot,2024-03-22T10:10:00+00:00,2024-03-20T21:29:00+00:00,0.0,2024-03-24T23:00:00+00:00,2024-03-22,1.85,2.01,0.5207253886010362,0.08294908298075078,0.6101598100990877,0.3650349379834529,0.0,0.0,0.5000000000000001,0.5319873030743074,0.007309238616030098,190,181,False,False,False,e9698d2f7679d232bac6b1bb0f10c4893cb629252f30fd4a3fa86717294808cd,826d80a5f57e865c8ce46d864b59844b167df894a19d845d8ef7213eecdb9f2b,1.88,1.99,True,2024-03-22T09:16:00+00:00,2024-03-22T09:16:00+00:00,0.5333296178582887,0.5332691612216385,0.5249937908596922
te:2575499,2024-03-22,2024,2024-03-22,forejtek,neumayer,2024-03-22T12:50:00+00:00,2024-03-20T19:34:00+00:00,1.0,2024-03-24T23:00:00+00:00,2024-03-22,1.83,2.03,0.5259067357512953,0.10371982620036632,0.59834557309957,0.2948565579332061,0.25,0.25,0.5605106743594068,0.5000000000000001,0.010653146536383551,146,182,False,False,False,1d743881c345ecd5464272de3b7b52de53307a043617da4b3b32eed77301bdbd,625e57733e464d82b6d50a7b8fe5a02cb59dc07aba34d660bca19a507a035065,1.84,2.04,True,2024-03-22T00:37:00+00:00,2024-03-21T17:22:00+00:00,0.5382115404048053,0.5373465152229419,0.5326111462362366
te:2575801,2024-03-22,2024,2024-03-22,boyer-64ede,popko,2024-03-22T00:35:00+00:00,2024-03-21T05:51:00+00:00,1.0,2024-03-24T23:00:00+00:00,2024-03-22,1.81,2.05,0.5310880829015544,0.12451294787258244,0.5462737881868138,0.061113387308384726,1.8833333333333333,1.3833333333333333,0.6070746006469168,0.7393968498090556,3.2280744743928835e-10,156,253,False,False,False,d4c7e9fc39f871de6b794f5d5d7e5269856c262de9aeaaa154d5c3b45e609a02,dfe993a1b10177072cd31fe2008db5da1731b369f41f72e05761f3906a3d76e5,1.82,2.07,True,2024-03-21T21:04:00+00:00,2024-03-21T23:30:00+00:00,0.543091393152253,0.5394619363240997,0.5538551905662837
te:2575983,2024-03-22,2024,2024-03-22,basilashvili,trungelliti,2024-03-22T13:50:00+00:00,2024-03-21T20:05:00+00:00,1.0,2024-03-24T23:00:00+00:00,2024-03-22,1.88,1.98,0.5129533678756476,0.051825067864585767,0.4890782729677956,-0.09551892618916219,1.2333333333333334,1.2333333333333334,0.5000000000000001,0.6725156576061754,0.0027477637955689166,65,190,False,False,False,5e64f9eafaa82f857186298294effeb6a083d157d990475e8bcd67c5b92a4720,fd39838343742d5f7a579013c013128d1f433d91f3ca1b582532001e4f8fb828,1.86,2.02,True,2024-03-22T13:35:00+00:00,2024-03-22T13:17:00+00:00,0.526002603672695,0.5203353974247464,0.5294572014556558
te:2576129,2024-03-22,2024,2024-03-22,ramos-vinolas,yunchaokete,2024-03-22T15:00:00+00:00,2024-03-21T22:50:00+00:00,1.0,2024-03-24T23:00:00+00:00,2024-03-22,1.94,1.91,0.49610389610389616,-0.015584731016698041,0.6213813754972447,0.5110003250319334,0.0,0.0,0.6326746988378803,0.6732696707074216,1.2103931135154511e-08,165,112,False,False,False,a4f5015a576375ef03f70da109de4d1b9260256a7a02854de955bb9b4cd5f90b,04c1b280188b58b18145bd4d4fd3f9e99bf14828627b4443e8739dc0fe775340,1.93,1.94,True,2024-03-22T12:31:00+00:00,2024-03-22T12:31:00+00:00,0.5100991793573332,0.5116192138407625,0.5033238593066633
te:2577483,2024-03-26,2024,2024-03-26,taberner,rincon-d1dab,2024-03-26T18:45:00+00:00,2024-03-25T05:57:00+00:00,1.0,2024-03-28T23:00:00+00:00,2024-03-26,1.8,2.03,0.5300261096605744,0.12024912815157689,0.6008981417423669,0.2889596425619525,0.8166666666666667,0.8166666666666667,0.5000000000000001,0.5555766630855744,0.0008348715066276019,127,166,False,False,False,9372deb7948d8cf442a6e2d1de64539f50a5b3365a5dc972da6b0e94683c154d,e416772c2c0459501cd72c8caee1c4d75788f1ad83abe3f1a4af80f2128b0a72,1.85,1.99,True,2024-03-25T13:01:00+00:00,2024-03-25T13:01:00+00:00,0.542091377533383,0.5411868823581507,0.544458389642858
te:2577499,2024-03-26,2024,2024-03-26,de-jong-57322,choinski,2024-03-26T13:05:00+00:00,2024-03-25T06:41:00+00:00,0.0,2024-03-28T23:00:00+00:00,2024-03-26,1.88,1.93,0.5065616797900262,0.026248226074936154,0.5941126578129604,0.35474509612391114,0.7166666666666667,0.15,0.6054986509125817,0.5345324033405917,1.506115301919131e-09,163,189,False,False,False,5494ddbfe9fc273efb2da56e4131bbefef418ee7bb3c40242ed4aa1babf06b94,5a7bc80a2ca63f3f55cc645c8607dbd2f62db39a58544440624bb93d8c9502e2,1.85,1.98,True,2024-03-26T12:06:00+00:00,2024-03-26T12:06:00+00:00,0.5199729341409098,0.5196841601350513,0.5171395451305054
te:2577501,2024-03-26,2024,2024-03-26,pellegrino-fd654,molleker,2024-03-26T15:40:00+00:00,2024-03-26T01:18:00+00:00,0.0,2024-03-28T23:00:00+00:00,2024-03-26,1.85,1.98,0.5169712793733681,0.06791120561621009,0.621978817924191,0.4300446004716827,1.0333333333333334,1.0333333333333334,0.6422542039291723,0.6870026536282215,2.345248745205808e-09,134,192,False,False,False,faea7ee5ef4e9941c64753b0c53ebf89070da71aff74d9e087b8d4ca4405dbe7,e1739e72b9a79c173ec072f37718f5988730bf371dd38019243486398a626293,1.83,2.01,True,2024-03-26T03:28:00+00:00,2024-03-26T07:51:00+00:00,0.5297910968297616,0.5304852298863173,0.536844149004683
te:2579053,2024-03-26,2024,2024-03-26,sakamoto-b1d5b,kuzuhara,2024-03-26T21:30:00+00:00,2024-03-26T01:49:00+00:00,0.0,2024-03-28T23:00:00+00:00,2024-03-26,2.09,1.76,0.4571428571428572,-0.17185025692665906,0.6071611572311771,0.6072450521801763,0.5833333333333334,0.5833333333333334,0.5995415705182109,0.5512333257570808,5.349772946861009e-08,168,162,False,False,False,7141088d8263b555e22320bd30c0a2fc1cad1306d9822320ebc75942f9de90df,c251fdb9c557e5c27668be3db5b051fb132f08b410b063907ad27408d606c50f,2.05,1.8,True,2024-03-26T17:34:00+00:00,2024-03-26T17:34:00+00:00,0.4732085874783691,0.4755979830625473,0.47557882306906235
te:2580001,2024-03-29,2024,2024-03-29,varillas,oliveira-43505,2024-03-29T14:35:00+00:00,2024-03-28T03:57:00+00:00,1.0,2024-03-31T23:00:00+00:00,2024-03-29,2.07,1.8,0.4651162790697674,-0.13976194237515893,0.5973557865881537,0.5342215088122408,0.9166666666666666,0.9166666666666666,0.5623221659526924,0.5000000000000001,0.0016116735406922489,150,225,False,False,False,c4117d68c592787cf23c59004f6cb7f45ba3d6c992ca27deb6bda1ed224d481e,d85ca88729aadb659d26c2da97e37970fb2ec92ca75c7e1f583a28302c10c4ac,2.03,1.85,True,2024-03-29T11:31:00+00:00,2024-03-29T11:31:00+00:00,0.48077323574233605,0.48234395753098475,0.487051013217796
te:2580113,2024-03-29,2024,2024-03-29,coria-df292,krajinovic-96172,2024-03-29T09:10:00+00:00,2024-03-28T19:00:00+00:00,1.0,2024-03-31T23:00:00+00:00,2024-03-29,1.92,1.9,0.4973821989528796,-0.010471299867295303,0.5131715649471204,0.06316975212710131,0.0,0.0,0.7333861440534984,0.576998835374466,1.4532125502952908e-12,162,53,False,False,False,d33dbd8b302c04daca268dbe90c20ab1cdb2cf3b4f98473c62524dba6383c600,ecd664d5c95aab4f15baba0d62f537e9754ce489026fabf997d085eb2df56f6d,1.97,1.87,True,2024-03-29T08:04:00+00:00,2024-03-29T08:45:00+00:00,0.5113066707156244,0.5074303340186014,0.49906396651342283
te:2580165,2024-03-29,2024,2024-03-29,albot,barranco-cosano,2024-03-29T10:10:00+00:00,2024-03-28T19:49:00+00:00,1.0,2024-03-31T23:00:00+00:00,2024-03-29,1.87,1.99,0.5155440414507771,0.06219620786990554,0.6192126241514603,0.42401135132985285,1.1333333333333333,0.6,0.5963764434001751,0.5848912868165971,7.519363465213758e-10,186,168,False,False,False,122e568e71dc5aa5c74bc9a1ab7a39e3b661fd39f9cbcde9ae815338f7daa4ac,784a089cf99d395eaf5106da27bffcc833c02d197dd8a5ef64eb62efbdf02d5c,1.89,1.98,True,2024-03-29T09:28:00+00:00,2024-03-29T09:28:00+00:00,0.5284455114593323,0.5290567848990578,0.5326925315937832
te:2580237,2024-03-29,2024,2024-03-29,hassan-1d510,garin,2024-03-29T15:15:00+00:00,2024-03-28T19:49:00+00:00,0.0,2024-03-31T23:00:00+00:00,2024-03-29,1.88,1.97,0.5116883116883117,0.04676176590803954,0.6482415578026777,0.5645569391005112,0.3,0.3,0.7181947719116837,0.7188112746231924,3.3721081482696036e-12,217,131,False,False,False,9abf8d8561456c66ce36bc5dc9b18f3ba6cab3af42781a57eccc8c1662f519bb,127e373a273537532ff4834be333920627d8c1959db760c0b938793570abc708,1.83,2.05,True,2024-03-29T14:09:00+00:00,2024-03-29T14:09:00+00:00,0.524809490194738,0.5270854527470151,0.5230801990037524
te:2580273,2024-03-29,2024,2024-03-29,herbert-fa5ad,gea,2024-03-29T15:00:00+00:00,2024-03-28T18:38:00+00:00,1.0,2024-03-31T23:00:00+00:00,2024-03-29,1.88,1.97,0.5116883116883117,0.04676176590803954,0.6079519167302964,0.39194953493515383,0.45,0.45,0.7297258351515625,0.653417566418565,3.988540331345547e-10,129,115,False,False,False,383da54cd2be50c7db6b64660a20d385512da10949cc63b7fda580dcc06237c3,23327750cf80a2bff8f1f996d8192072d3fc7ab37e755fe0cc2a8d308ea02575,1.85,2.03,True,2024-03-29T10:25:00+00:00,2024-03-29T12:19:00+00:00,0.524809490194738,0.5250067551155201,0.5231002261349079
te:2580319,2024-03-29,2024,2024-03-29,vallejo-d7859,luz-2f442,2024-03-29T19:15:00+00:00,2024-03-29T01:39:00+00:00,0.0,2024-03-31T23:00:00+00:00,2024-03-29,1.88,1.98,0.5129533678756476,0.051825067864585767,0.6083761568501929,0.3886665065348587,1.0333333333333334,0.03333333333333333,0.6000953375376917,0.658495281444412,1.398840515642874e-09,156,162,False,False,False,8145663cdd2b8e290a9a734360c0e8bf2b00532f9b5f5bc3a27dfec320b9c763,edd741d2976d45407aa570af5042516d23116b1467e8d8f2d9ee7b40c013f070,1.85,2.03,True,2024-03-29T15:05:00+00:00,2024-03-29T15:05:00+00:00,0.526002603672695,0.5261695677465528,0.5247568512243449
te:2580331,2024-03-29,2024,2024-03-29,couacaud,ugo-carabelli,2024-03-29T17:05:00+00:00,2024-03-29T08:27:00+00:00,1.0,2024-03-31T23:00:00+00:00,2024-03-29,2.02,1.84,0.4766839378238342,-0.09333193979221903,0.577498091432617,0.405843113197846,0.85,0.08333333333333333,0.6905008432850492,0.8084816410225063,3.2365776725384876e-12,104,163,False,False,False,605e0c5e70d72781cf254234d6990125a7a9404084640f7d17fcad32bf9ace17,87b22a40fc9ab5813c133cb3c3a5bd5c372ebe3aa26e8605721d73871cd6f520,2.03,1.85,True,2024-03-29T15:09:00+00:00,2024-03-29T15:09:00+00:00,0.4917335682032094,0.49184150423051154,0.48961778208399714
te:2580927,2024-04-02,2024,2024-04-02,barranco-cosano,erhard,2024-04-02T08:10:00+00:00,2024-03-31T21:22:00+00:00,1.0,2024-04-04T22:00:00+00:00,2024-04-02,2.0,1.83,0.47780678851174935,-0.08883121370661573,0.5767029207564377,0.3980842313828501,1.5666666666666667,1.5666666666666667,0.5926304059056414,0.5000000000000001,0.010290562588164867,173,219,False,False,False,dc6464ed1c1089bb1c21b4373ee38ba4bdfac30ea8b7b4a6f10a87caa5117543,f46a6d0fbace5049ef935c30e3488be58c1e8174778e5161e533205b3f100009,2.08,1.78,True,2024-04-02T07:52:00+00:00,2024-04-02T07:52:00+00:00,0.49279660756810445,0.4928191487423485,0.5067536553569058
te:2580935,2024-04-02,2024,2024-04-02,harris-5a94c,mccormick-1f674,2024-04-02T08:10:00+00:00,2024-03-31T16:16:00+00:00,0.0,2024-04-04T22:00:00+00:00,2024-04-02,1.84,1.99,0.5195822454308094,0.07836906711550695,0.6328878997570647,0.4662569940876441,1.3333333333333333,0.7333333333333333,0.8056365217994478,0.7300943382680048,9.129143957453678e-08,230,94,False,False,False,727144f9d6a7c6b56abb9e9877ccfbcaeef78b22a3e4cb04e4566981675a955d,a67c94a6c2e283a676e5f30d6a532a041b0c9e066bc0be7851665a3b20ad53d5,1.88,1.96,True,2024-04-02T01:28:00+00:00,2024-04-02T01:28:00+00:00,0.5322522456606449,0.5334004562600969,0.5393501612324796
te:2581763,2024-04-02,2024,2024-04-02,pacheco-mendez,bellier,2024-04-02T21:40:00+00:00,2024-03-31T21:27:00+00:00,1.0,2024-04-04T22:00:00+00:00,2024-04-02,1.63,2.31,0.5862944162436549,0.34866750971503135,0.6318053451759104,0.19130208720251196,0.9333333333333333,0.03333333333333333,0.7302104821490527,0.8072467194123668,4.04121180963557e-14,61,127,False,False,False,c75613dab8bfe63b8fff094a662b5f20d15e21d5b3e8954c296354c9b58df5bf,59f560d4b6def709800c1cdacb7c9068fff2412cc9f30bf04eb6ddb8f2db6893,1.61,2.37,True,2024-04-02T13:07:00+00:00,2024-04-02T13:07:00+00:00,0.5949868653207873,0.5933759804446106,0.5914066438543722
te:2581765,2024-04-02,2024,2024-04-02,mejia-a7d27,fonio,2024-04-02T19:45:00+00:00,2024-03-31T21:19:00+00:00,0.0,2024-04-04T22:00:00+00:00,2024-04-02,1.72,2.14,0.5544041450777203,0.21848153820839877,0.6450127018639095,0.378706462268772,1.3333333333333333,1.3333333333333333,0.7223641383217858,0.705570035765204,2.014555189333578e-12,137,190,False,False,False,c55d83a8a7b0ffb1f64281d9c4084306b7411cbd53bb5e14f3edf318100bd2a2,4df42242a3e75be10c08c2aa839d42fb072cca094d8ed3d8280bdfc4d5d59672,1.83,2.01,True,2024-04-02T19:40:00+00:00,2024-04-02T19:40:00+00:00,0.565028179458797,0.5653757140661115,0.5758309229524742
te:2583141,2024-04-02,2024,2024-04-02,taberner,squire,2024-04-02T13:45:00+00:00,2024-04-01T21:40:00+00:00,0.0,2024-04-04T22:00:00+00:00,2024-04-02,1.87,1.94,0.5091863517060368,0.03674954220874159,0.5351032406033222,0.10389480102687322,1.8833333333333333,0.31666666666666665,0.629185741445884,0.7722111187094378,4.2560399649005376e-13,132,205,False,False,False,d5ce5a62b6db5a16a6e390edf18c9857862bf5d7a700f46fc59beca22b96e847,205bf09fb0f7632b68a0d043b8d46ed78a4590365c8f4f2b4147eb2617a488fd,1.99,1.85,True,2024-04-02T13:33:00+00:00,2024-04-02T13:33:00+00:00,0.5224493947647775,0.5191560004456204,0.5253415169202832
te:2583143,2024-04-02,2024,2024-04-02,giustino-1d545,novak-77d05,2024-04-02T11:45:00+00:00,2024-04-01T21:39:00+00:00,,,,1.96,1.86,0.486910994764398,-0.0523679855173157,0.6170746129465576,0.5295177723805684,2.0,0.4,0.567400965861808,0.5607400476606835,2.0051130661391525e-07,160,160,False,False,False,891625a1bf851ed472a2258d31e9004981c11b453fb32e162f9f70e06eb2b82a,a6720590585d1ccb2c89e182f510b212792b16a72373910ae7017481c288a0ce,1.95,1.88,True,2024-04-02T11:06:00+00:00,2024-04-02T11:06:00+00:00,0.5014105243481068,0.5030872263229279,0.5107334075823904
te:2584163,2024-04-05,2024,2024-04-05,berrettini,jianu-c67fb,2024-04-05T11:05:00+00:00,2024-04-03T23:00:00+00:00,1.0,2024-04-07T22:00:00+00:00,2024-04-05,2.19,1.72,0.43989769820971864,-0.2415772530030479,0.40985041150493534,-0.12300654844663117,0.4166666666666667,0.4166666666666667,0.608004512943805,0.8283252134400659,3.655200309093942e-10,41,243,False,False,False,fbf0f1c6f8cd2a5fdd8dbc92e868245876c48a2f70fdd5c1b640e4a4f6636279,be991ca0fb111cfd1768e1b3a1c70a8005100da36b23beac469b6c01f043968b,2.06,1.83,True,2024-04-05T10:55:00+00:00,2024-04-05T10:55:00+00:00,0.45681778151773544,0.4503235411320809,0.44783552407769867
te:2584259,2024-04-05,2024,2024-04-05,giustino-1d545,de-jong-57322,2024-04-05T09:05:00+00:00,2024-04-03T15:00:00+00:00,1.0,2024-04-07T22:00:00+00:00,2024-04-05,2.08,1.79,0.46253229974160204,-0.1501522738605631,0.597065155491656,0.5434036467572769,2.35,1.35,0.5000000000000001,0.5628445056709453,0.002781633511172374,164,151,False,False,False,bb4517a8fc7eaae3194342db297d95e5ad6eae4b814c2bcc50d4c945be75b8a6,e1f5630407437e73b7aeea95999d69a0cbaff3f662f3fba67d05c007bd8638e8,2.15,1.76,True,2024-04-05T08:15:00+00:00,2024-04-05T08:04:00+00:00,0.47832263729960933,0.4799843827975157,0.49725793141797187
te:2584323,2024-04-05,2024,2024-04-05,mayot,kasnikowski,2024-04-05T09:10:00+00:00,2024-04-03T22:57:00+00:00,0.0,2024-04-07T22:00:00+00:00,2024-04-05,1.88,1.97,0.5116883116883117,0.04676176590803954,0.6404563940226603,0.5305838059728629,0.36666666666666664,0.36666666666666664,0.7121806632426385,0.6920987908967895,2.4407378895752174e-10,175,169,False,False,False,d9ddf5948f74b454d0486802c45c471b59f681666ecc5cbbe95bc4f0902a7fd5,04b667f6050e0a4f99f4ba5680872224f1463d88f373a58f7082dc53aae9e214,1.86,2.01,True,2024-04-05T08:45:00+00:00,2024-04-05T08:45:00+00:00,0.524809490194738,0.5266763888620832,0.5236108077481336
te:2584369,2024-04-05,2024,2024-04-05,hardt-79c77,ionel,2024-04-05T11:40:00+00:00,2024-04-03T22:57:00+00:00,0.0,2024-04-07T22:00:00+00:00,2024-04-05,2.03,1.83,0.47409326424870474,-0.1037198262003661,0.6138519356984169,0.5672526960079405,1.7166666666666666,0.11666666666666667,0.5143254151537847,0.5000000000000001,0.007052335249025321,161,206,False,False,False,f7e3caf3aa0dbca08b421543c5792806d318c27e36f39bda3b6c545e0869acc7,cd847e3519bc0620d483b5d4c8a23f72b4a02067566bf71772126d6cf91d3d42,1.99,1.88,True,2024-04-05T04:20:00+00:00,2024-04-05T01:34:00+00:00,0.4892803249461781,0.49131755687240136,0.49493566800321254
te:2584547,2024-04-05,2024,2024-04-05,mager,cukierman,2024-04-05T18:10:00+00:00,2024-04-04T05:56:00+00:00,0.0,2024-04-07T22:00:00+00:00,2024-04-05,2.16,1.74,0.4461538461538462,-0.21622310846963588,0.636869016861216,0.7780235136038433,1.0166666666666666,0.45,0.7402480335763133,0.696178523699481,8.915386484620313e-10,107,134,False,False,False,38afb4688f169da7641bb6bfeb74d3ce415064c778343faa5fd4949be3fcd69f,142aacaf514848c729ba5d1898995d028bf392dc3610fb705f4e4310d1268d0e,2.17,1.75,True,2024-04-05T16:05:00+00:00,2024-04-04T08:51:00+00:00,0.4627688800579934,0.46712371102096756,0.46885730834193984
te:2584565,2024-04-05,2024,2024-04-05,ugo-carabelli,luz-2f442,2024-04-05T14:45:00+00:00,2024-04-04T16:59:00+00:00,1.0,2024-04-07T22:00:00+00:00,2024-04-05,1.92,1.93,0.5012987012987012,0.005194816877103783,0.6064330437845102,0.427148298746187,2.033333333333333,0.5,0.7631324113252452,0.6770093313787443,2.874922522266843e-13,172,165,False,False,False,575fe39cf16cacc741e1453f45b9fe4de716142ffc2973c2d918c0bf7a834a60,b1b44b0524468613df422db93e2d065c1e42e6c5d40da580561359ed5395e21f,1.88,1.99,True,2024-04-05T14:08:00+00:00,2024-04-05T14:08:00+00:00,0.5150052035015262,0.5155510772641333,0.5241719850403186
te:2584673,2024-04-05,2024,2024-04-05,zapata-miralles,harris-5a94c,2024-04-05T09:10:00+00:00,2024-04-04T16:56:00+00:00,1.0,2024-04-07T22:00:00+00:00,2024-04-05,2.02,1.84,0.4766839378238342,-0.09333193979221903,0.576545512051435,0.40194017999056314,0.2833333333333333,0.2833333333333333,0.6401069883683184,0.7495450293099906,1.6725013096685615e-08,123,228,False,False,False,5f822288ebf9a6219216ba7ed22f2fd99fbaf41858fe4e00549287b976505c2f,03eb5915809b51aa5767a95555637a44041a4aeb686b7ac0540307be6df2ab8e,2.06,1.83,True,2024-04-05T07:08:00+00:00,2024-04-05T07:08:00+00:00,0.4917335682032094,0.4917943861659848,0.48749489928463313
te:2584893,2024-04-05,2024,2024-04-05,reis-da-silva,prado-angelo,2024-04-05T17:20:00+00:00,2024-04-05T07:09:00+00:00,0.0,2024-04-07T22:00:00+00:00,2024-04-05,1.92,1.93,0.5012987012987012,0.005194816877103783,0.6077903165986063,0.4328385281757807,1.1666666666666667,0.36666666666666664,0.6216973542993853,0.6879104193783425,2.8451685452068887e-12,141,125,False,False,False,56a33038f311f166cdf9e5627cf462869e956d796fe873ca05156df8b78d6924,ad8c72c01ce1b8401339345f0c76a9c3ef2dbfbeddef4698b47dba0f3afac06f,1.93,1.94,True,2024-04-05T15:42:00+00:00,2024-04-05T15:42:00+00:00,0.5150052035015262,0.5156197240550124,0.5176539106358568
te:2585609,2024-04-09,2024,2024-04-09,dodig-b6156,molcan,2024-04-09T10:05:00+00:00,2024-04-08T02:58:00+00:00,0.0,2024-04-11T22:00:00+00:00,2024-04-09,1.92,1.9,0.4973821989528796,-0.010471299867295303,0.6086780546038038,0.45223017087780654,0.0,0.0,0.6787778144164409,0.6159766606134869,1.699076990213655e-11,157,138,False,False,False,9765708cee7b3d00811eecc6453e4254a0b4c9e0a69148a938d7c35af0e9ad57,f39394eddcfb0fe3184a2359f05a7480d02959e34e9d1ef637cd3c2b92721ebd,1.85,1.99,True,2024-04-09T07:30:00+00:00,2024-04-09T08:13:00+00:00,0.5113066707156244,0.5121266828549544,0.5038232138966243
te:2586193,2024-04-09,2024,2024-04-09,bergs,crawford-71058,2024-04-08T23:20:00+00:00,2024-04-07T20:56:00+00:00,0.0,2024-04-11T22:00:00+00:00,2024-04-09,1.93,1.89,0.4947643979057591,-0.02094317384524342,0.5872161035001785,0.37341187199710973,1.5166666666666666,0.15,0.672680881829412,0.584609081693381,4.814834070332452e-08,161,194,False,False,False,d98ee9aeee1beeba7ea80c2bf37fa7efdb30f21d7234b1744cfd16cdf05e6a12,b682e80faa9e762cdf1e5c7b6d71dbc339887ce6a0b8f78a3f11f557917d4908,2.12,1.75,True,2024-04-08T22:17:00+00:00,2024-04-08T22:17:00+00:00,0.508833704442617,0.5086831738995661,0.5112612212605568
te:2586225,2024-04-09,2024,2024-04-09,janvier,mchugh,2024-04-09T19:55:00+00:00,2024-04-08T02:51:00+00:00,1.0,2024-04-11T22:00:00+00:00,2024-04-09,1.69,2.2,0.5655526992287918,0.2637288314292882,0.6170010675025506,0.2131097206607679,0.95,0.95,0.7402630135093026,0.6709842986316078,1.7985890554683692e-12,171,183,False,False,False,8ce2c142d44bc709d0bdee3653708d4936cf1ecee3b0ca85fcd08195d3db11f3,6be90bb6571db2b5e8b3a26fd0cd30ed3bcc8ba2c60b4aa948e760312407c567,1.75,2.12,True,2024-04-09T02:12:00+00:00,2024-04-09T02:12:00+00:00,0.5755062866142159,0.5739782501649804,0.5790589930207495
te:2586831,2024-04-09,2024,2024-04-09,kachmazov,celikbilek,2024-04-09T01:10:00+00:00,2024-04-08T06:01:00+00:00,1.0,2024-04-11T22:00:00+00:00,2024-04-09,1.81,2.02,0.5274151436031332,0.10977066613537934,0.628180779785608,0.41464955582081,0.0,0.0,0.7438990082533602,0.6865128771103284,1.1920779557916816e-08,160,122,False,False,False,75bb4bba1f3c49b6bbed4d8f8b741ef199489a81a433874df1b5d039bbe383ee,e1818bf34e852b41628f4a0d14cf5bb8fd1b0c07fec73adfd808ccc45e4e59dd,1.79,2.06,True,2024-04-08T23:37:00+00:00,2024-04-08T23:37:00+00:00,0.5396323848942498,0.5402163554121805,0.5319683129801005
te:2587647,2024-04-09,2024,2024-04-09,kozlov,kudla,2024-04-09T17:45:00+00:00,2024-04-09T01:18:00+00:00,1.0,2024-04-11T22:00:00+00:00,2024-04-09,2.13,1.73,0.4481865284974093,-0.20800057121164622,0.560924368034406,0.4529149706898169,0.5,0.5,0.5489778419713902,0.6626804707919558,2.0135853859293285e-08,85,142,False,False,False,6b050f34e61c6efee46bb501ad3580f522e103cd5e3207729af348ede44c9982,2205c17b454f0488b85cafada5df0919ce7e6c851d88420ddfb5fde26983a8d6,2.04,1.81,True,2024-04-09T15:44:00+00:00,2024-04-09T15:44:00+00:00,0.46470122874157777,0.46516450907374607,0.4639369704231661
te:2587657,2024-04-09,2024,2024-04-09,blancaneaux,campana-lee,2024-04-09T15:10:00+00:00,2024-04-09T01:53:00+00:00,1.0,2024-04-11T22:00:00+00:00,2024-04-09,1.97,1.85,0.48429319371727747,-0.06284790365966375,0.6101198324219755,0.5106638588389066,1.4166666666666667,0.2833333333333333,0.5321257109433207,0.5000000000000001,0.008300900830190056,156,136,False,False,False,a0541bf7776209535f5a60b26918d97182d6d3f0387745a24f0d2a4909ea7ba5,fc44000753db5b33b637ca04b41dbf97b2e4fd0087380213045e0872f62afc1c,2.03,1.82,True,2024-04-09T14:41:00+00:00,2024-04-09T14:41:00+00:00,0.49893465441785667,0.5003644482767029,0.5033558247168376
te:2587879,2024-04-09,2024,2024-04-09,sachko,passaro-5f6f1,2024-04-09T10:40:00+00:00,2024-04-08T21:43:00+00:00,1.0,2024-04-11T22:00:00+00:00,2024-04-09,1.88,1.93,0.5065616797900262,0.026248226074936154,0.6389800198514878,0.544691656502613,1.1166666666666667,0.55,0.6892425975891739,0.6901073905193328,2.1710325537327435e-08,170,150,False,False,False,0e5481e9267a24a6072f269fadda8c17d1156911b8e08880018f6f4a4ed23e11,2859abdcdfca9b755f58bf7635342e60d4617ec47c1cb8a9b1731237fe272a1f,1.89,1.94,True,2024-04-09T07:30:00+00:00,2024-04-09T07:30:00+00:00,0.5199729341409098,0.5219739149307356,0.5251327949385864
te:2588275,2024-04-12,2024,2024-04-12,diallo-dd116,boyer-64ede,2024-04-12T00:30:00+00:00,2024-04-10T03:17:00+00:00,1.0,2024-04-14T22:00:00+00:00,2024-04-12,1.81,2.03,0.5286458333333333,0.11470894777596129,0.6453138458866334,0.48379450791439826,0.0,0.0,0.707774778951036,0.7134668713927206,2.6145363790641696e-08,144,159,False,False,False,046e820534604f88c3519d3455311c9e0477b5d7f1d7c8a1a1b113dbf0192994,4d322a2f819bb563aeb3af4721ffa22069e4ac717b4fcd239a10f02e208db53d,1.83,2.02,True,2024-04-11T15:19:00+00:00,2024-04-11T15:22:00+00:00,0.5407915048607401,0.5422134104533082,0.533981931516323
te:2588685,2024-04-12,2024,2024-04-12,napolitano,huesler,2024-04-12T09:10:00+00:00,2024-04-11T14:17:00+00:00,0.0,2024-04-14T22:00:00+00:00,2024-04-12,1.63,2.35,0.5904522613065327,0.3658353133373969,0.6099669075119983,0.08133780432078891,1.15,0.5833333333333334,0.7378584498538413,0.6616220414362037,4.4822978662040214e-11,197,133,False,False,False,a6647951686cb8a5a654aa06a6cb9afbdbfa514c446df58829c757f24b72559d,8b87d24236394a7476e57594c200f29fa90858d021e258a32ac3e2e3b3ce7e01,1.67,2.3,True,2024-04-12T05:33:00+00:00,2024-04-12T08:43:00+00:00,0.5988902723057924,0.5960365197781589,0.5995218528850784
te:2588719,2024-04-12,2024,2024-04-12,sandgren-fb235,kozlov,2024-04-12T15:15:00+00:00,2024-04-10T22:09:00+00:00,0.0,2024-04-14T22:00:00+00:00,2024-04-12,1.72,2.18,0.558974358974359,0.237000585975636,0.6197192721313742,0.2513562651172765,1.2,0.3,0.7407201978016488,0.6743703935279999,5.431211036466266e-13,120,89,False,False,False,57ebc1654ce5984b5d2a9507a9d9128df0b3a344c49de0ed7820ea51dda3b22d,b4d78cf42a1f91f7c4b8d69c26ecaef3d1a119a7e2f0dcab3d4ef6720530f6ad,1.87,2.0,True,2024-04-12T14:59:00+00:00,2024-04-12T14:59:00+00:00,0.5693242926938185,0.568195796986503,0.5699036979557862
te:2588747,2024-04-12,2024,2024-04-12,bergs,krueger-d6035,2024-04-12T15:15:00+00:00,2024-04-11T01:02:00+00:00,1.0,2024-04-14T22:00:00+00:00,2024-04-12,1.94,1.91,0.49610389610389616,-0.015584731016698041,0.608133703208091,0.45505879340210503,0.9666666666666667,0.03333333333333333,0.7407706858695019,0.6618772600601822,4.5899062328658147e-11,159,140,False,False,False,e2ac15a5fdda9f88b588e075201c711dea5347f816ec096879a3e8e850d3c602,48cc1682b238b21cdfa58d6ca457aea7833c2e0ef18beb8964337a0035a1cad3,2.04,1.85,True,2024-04-12T14:38:00+00:00,2024-04-12T14:38:00+00:00,0.5100991793573332,0.5109440242042008,0.5090997825994287
te:2588749,2024-04-12,2024,2024-04-12,mejia-a7d27,pospisil-9e7de,2024-04-12T20:20:00+00:00,2024-04-11T06:38:00+00:00,0.0,2024-04-14T22:00:00+00:00,2024-04-12,1.68,2.27,0.5746835443037974,0.3009860380781436,0.6079212359723217,0.13759654114900488,1.0,1.0,0.7439861851323921,0.6640659370144314,2.4944823984185405e-11,148,60,False,False,False,c9f452213b2d8ea4bfa99e7f33b5cefe0c7105ce3f453466f029a0abfc558e4a,6bc162d882fe4f810d35cdd2253372c7535494fff4638b1c93e5f4e437f45e7d,1.67,2.3,True,2024-04-12T20:05:00+00:00,2024-04-12T20:05:00+00:00,0.5840838659453178,0.5817437021021865,0.587482014605004
te:2588993,2024-04-12,2024,2024-04-12,bonzi-a38fa,squire,2024-04-12T10:15:00+00:00,2024-04-12T00:08:00+00:00,1.0,2024-04-14T22:00:00+00:00,2024-04-12,1.75,2.14,0.5501285347043702,0.20119004109833744,0.5956881652772484,0.1863408280716895,0.6166666666666667,0.08333333333333333,0.6627810495430827,0.7572228407131126,5.1932097511198094e-11,125,203,False,False,False,b940ae6df9c3611f91157c09759cc30bdea4279370d21743b6c0638accda4ac5,2327954c562163014e96180e6a8b9202af56e3fc8ac9db34aa901bf2d729ac00,1.76,2.15,True,2024-04-12T09:45:00+00:00,2024-04-12T09:45:00+00:00,0.5610079879686718,0.5590356334285301,0.5553778786035963
te:2589017,2024-04-12,2024,2024-04-12,riedi-a3a3d,fonseca-57dc1,2024-04-12T15:25:00+00:00,2024-04-12T00:07:00+00:00,1.0,2024-04-14T22:00:00+00:00,2024-04-12,1.76,2.12,0.5463917525773196,0.1861022796338609,0.5650343168527808,0.07551704880062671,0.8166666666666667,0.11666666666666667,0.679846870387876,0.5685694858835515,7.441192106938388e-11,120,82,False,False,False,3055450e35d800df563bde88063f97ea8c68bc83a7da7c7ab6c8e1f895f695de,f6b3db3e9a07d2c0a7704fb0c2320bef6a0a3813dd6fdadc4c2f77f4f6f76e62,1.77,2.14,True,2024-04-12T11:35:00+00:00,2024-04-12T12:51:00+00:00,0.5574935821630175,0.5541683685593444,0.5520096208120991
te:2589057,2024-04-12,2024,2024-04-12,kokkinakis-7b2e6,diallo-dd116,2024-04-12T17:45:00+00:00,2024-04-12T07:30:00+00:00,1.0,2024-04-14T22:00:00+00:00,2024-04-12,1.67,2.29,0.5782828282828284,0.315728191137485,0.6609987398928158,0.35201991784362757,0.8,0.06666666666666667,0.768627684000015,0.7454933184356705,8.604228440844963e-14,143,141,False,False,False,a8126a399ab67b74dda86273903c76d3ca62c9e0a5d1a8b18aff7bb3eea4ffb2,9b99d6a99744156e6daeaef626c00a671dcfcb5757daef343e572535e2fa1d23,1.7,2.24,True,2024-04-12T16:45:00+00:00,2024-04-12T16:45:00+00:00,0.5874641820089431,0.5876678165605648,0.5851311294179865
te:2590179,2024-04-16,2024,2024-04-16,nam-ad0c4,virtanen-7d161,2024-04-16T02:05:00+00:00,2024-04-13T17:11:00+00:00,0.0,2024-04-18T22:00:00+00:00,2024-04-16,2.13,1.73,0.4481865284974093,-0.20800057121164622,0.46824955693582493,0.08082767902358279,0.55,0.016666666666666666,0.6971938682457811,0.8828153583499116,6.263767282632671e-12,67,156,False,False,False,0490ddb608b11c8d84bc65d71614178d50c13e1f69ee1de7d335f554aabd1694,d51074cf4b9feb3cd728c1dd29f9ef87b898f3c0c9e4832350daffd4f6c0cf55,2.19,1.7,True,2024-04-15T23:25:00+00:00,2024-04-15T23:25:00+00:00,0.46470122874157777,0.4606960195042144,0.4559898415528691
te:2590851,2024-04-16,2024,2024-04-16,blanchet,rocha-0492a,2024-04-16T10:55:00+00:00,2024-04-15T11:22:00+00:00,1.0,2024-04-18T22:00:00+00:00,2024-04-16,1.93,1.89,0.4947643979057591,-0.02094317384524342,0.5937457125375546,0.40041502083667263,0.0,0.0,0.5000000000000001,0.5685388721480149,0.019582121521588572,176,201,False,False,False,d402d2f00f36689f15cff1ca9db2abad1d21d6f6971e4a88bc78275b07cf1199,75f219adfdb4e699995c877e9d1159f2d0fcf163ff0d8b80469636717344cf43,1.97,1.87,True,2024-04-16T10:33:00+00:00,2024-04-16T10:33:00+00:00,0.508833704442617,0.5090091539840124,0.5006944498942407
te:2592323,2024-04-16,2024,2024-04-16,harris-9f62b,saville,2024-04-16T06:55:00+00:00,2024-04-15T14:19:00+00:00,0.0,2024-04-18T22:00:00+00:00,2024-04-16,1.83,1.99,0.5209424083769634,0.08381867188307154,0.6685193069188226,0.6176770383500668,1.0666666666666667,1.0666666666666667,0.769866190527356,0.7619936731183504,5.691349336256479e-10,122,160,False,False,False,d091b87fd66777a1b1a5d0da3fca3b1d7ac6b73b29f201b96ff0d753bd9b8895,31c4b7dd431c86150b530458d704c66f1c07643c8c21810132411e18af331c56,1.88,1.95,True,2024-04-16T04:45:00+00:00,2024-04-16T05:38:00+00:00,0.5335341393143435,0.5365111572147906,0.5433608757635321
te:2593203,2024-04-16,2024,2024-04-16,villanueva-55ff0,lingua-lavallen,2024-04-16T17:25:00+00:00,2024-04-16T04:19:00+00:00,1.0,2024-04-18T22:00:00+00:00,2024-04-16,1.9,1.92,0.5026178010471204,0.010471299867295303,0.5995314645187632,0.3930419574956477,0.0,0.0,0.5000000000000001,0.5582687540917163,0.0008936052806946121,199,95,False,False,False,06334d9c170f4246feeb77bc68e191f41cefc3410d4e3bb91fd22f8313b08962,5b55757cfa32022e1118835a7c1c1518dbea7a4248303658f00e6d1a96aa8804,1.97,1.87,True,2024-04-16T13:32:00+00:00,2024-04-16T13:32:00+00:00,0.5162505514554124,0.5163946243987083,0.5080882487125447
te:2593205,2024-04-16,2024,2024-04-16,corwin-48373,brumm,2024-04-16T13:10:00+00:00,2024-04-16T04:17:00+00:00,0.0,2024-04-18T22:00:00+00:00,2024-04-16,2.15,1.71,0.4430051813471503,-0.2289744716250029,0.5483013800120791,0.4227843834201277,0.5333333333333333,0.5333333333333333,0.6233407058182796,0.5000000000000001,0.015954755318304398,149,122,False,False,False,5efdfb12430652c4d3ad263d3edf8579b3a0c1f8f24afe50350c95f5454c67cf,41004a42d7c7c20017219447aa053509e47f5bc0c91b0c0f3872ab7151b191f9,2.12,1.75,True,2024-04-16T10:55:00+00:00,2024-04-16T10:49:00+00:00,0.4597744598909102,0.45983721296973235,0.45907393695905985
te:2594275,2024-04-19,2024,2024-04-19,royer,novak-77d05,2024-04-19T11:20:00+00:00,2024-04-18T02:07:00+00:00,1.0,2024-04-21T22:00:00+00:00,2024-04-19,1.75,2.15,0.5512820512820513,0.20585205420414893,0.5959843605724015,0.1829087832002429,1.3666666666666667,0.8,0.7037059247880295,0.6201457982948186,4.829692201724356e-12,184,163,False,False,False,4600990db60ad2c0af1bb01a959660b674d902f97789dbcbdd3b0c8f3e3d16e3,5f47556f7d088677f4d6ab97362f6e8c42f19e2d684e353f1d0dbc374b7fb2f0,1.83,2.05,True,2024-04-18T20:57:00+00:00,2024-04-18T20:57:00+00:00,0.562092695370307,0.5600889949590746,0.566673244070178
te:2594463,2024-04-19,2024,2024-04-19,harris-9f62b,shimabukuro,2024-04-19T02:05:00+00:00,2024-04-18T11:57:00+00:00,0.0,2024-04-21T22:00:00+00:00,2024-04-19,1.85,2.0,0.5194805194805195,0.0779615414697121,0.6822487403267455,0.6861638973506293,0.4166666666666667,0.4166666666666667,0.8000796264200961,0.7837031104462278,5.265232694284805e-14,122,149,False,False,False,10822c879ae9ccbda16d1a1ae39433279a4448a2d552e53fb702702ed33510bc,d5ff7c6151a272d31af718f5b64aea2f0bd9d3eaaf179575f32380c3c6eb0195,1.83,2.05,True,2024-04-19T01:47:00+00:00,2024-04-19T01:47:00+00:00,0.532156367341411,0.5359466515073861,0.5336248056011962
te:2594465,2024-04-19,2024,2024-04-19,galarneau-32e1f,hijikata,2024-04-18T23:55:00+00:00,2024-04-18T14:49:00+00:00,0.0,2024-04-21T22:00:00+00:00,2024-04-19,1.88,1.98,0.5129533678756476,0.051825067864585767,0.6616370150227193,0.6187727827222319,0.7166666666666667,0.7166666666666667,0.757398825541148,0.747593805869639,1.375424218963417e-10,128,189,False,False,False,66102433abe5b33d0058d20a6683ede4e74e8a37499f4bbdec4cc94b468e1edb,9bb56d05c3e0fed85f2073b116c3a72fb4e5bc69d98023d67bbc08ebfcfe4803,1.81,2.08,True,2024-04-18T23:25:00+00:00,2024-04-18T23:25:00+00:00,0.526002603672695,0.5289398179430443,0.5308479423117396
te:2594679,2024-04-19,2024,2024-04-19,comesana-c17e0,vincent-ruggeri,2024-04-19T13:40:00+00:00,2024-04-18T17:09:00+00:00,0.0,2024-04-21T22:00:00+00:00,2024-04-19,1.84,2.02,0.5233160621761658,0.09333193979221903,0.5987259668207308,0.3068275007813575,0.38333333333333336,0.38333333333333336,0.5841214723366408,0.6556857790290322,6.505155331071322e-08,175,212,False,False,False,1de7cb575d31c7024b0fcb16b96705eb859ebd5cd37f66862c7628aa5d96db13,a142e4f0890249cdfe3b928981fb11f280dc9ba5c9f11f30908f9ebfce7868eb,1.8,2.09,True,2024-04-19T09:04:00+00:00,2024-04-19T09:04:00+00:00,0.5357708449852523,0.5350300443524512,0.5321791399951601
te:2594743,2024-04-19,2024,2024-04-19,blanchet,napolitano,2024-04-19T15:25:00+00:00,2024-04-18T20:49:00+00:00,1.0,2024-04-21T22:00:00+00:00,2024-04-19,1.97,1.88,0.4883116883116883,-0.04676176590803932,0.537512982961987,0.19709619467671513,0.65,0.65,0.5786631771296471,0.7160551269556318,9.387213228961855e-13,176,194,False,False,False,e04b443eb65b8ec06f7894a5b14094b88f92582a603e910c6d71f72f2a2110b1,d7c07ba3889b2ece6df0c9009596b686e3ef34b530021470622b3853f513b458,1.95,1.92,True,2024-04-19T12:34:00+00:00,2024-04-19T12:34:00+00:00,0.5027349673188558,0.5004078129127766,0.5012925612156683
te:2596201,2024-04-23,2024,2024-04-23,jasika,tomic-4ca3d,2024-04-23T16:15:00+00:00,2024-04-21T02:13:00+00:00,,,,1.92,1.9,0.4973821989528796,-0.010471299867295303,0.6233421182911058,0.5142295145940956,0.8,0.1,0.6176157303194292,0.6161980143484377,8.734304945967608e-11,185,173,False,False,False,fcf6b3534a9c43bdd45d29be91d16a1bf3e8122fa8421954d2ba607a4bc54699,9cbd52bdb08027787f9b9d3d45b3c60a68c1ef6556895c6aba29a8dccac25e31,1.93,1.91,True,2024-04-21T20:17:00+00:00,2024-04-21T20:17:00+00:00,0.5113066707156244,0.5128749007558009,0.5104918572257245
te:2596203,2024-04-23,2024,2024-04-23,ritschard,kozlov,2024-04-23T14:10:00+00:00,2024-04-21T02:12:00+00:00,0.0,2024-04-25T22:00:00+00:00,2024-04-23,1.95,1.87,0.4895287958115184,-0.041890941709159774,0.6188888741743513,0.5267256720851966,1.6666666666666667,0.1,0.6535667807875041,0.6153225508225245,3.0417335317167726e-12,152,103,False,False,False,4df337f9666a3802a5e80c272486e202cb727852969f6caf936073314fb10c59,93af305709b4440c29befe84d12f2f44ba741042bdf68065cb8ea003d7c8ea51,1.96,1.88,True,2024-04-21T20:17:00+00:00,2024-04-21T20:17:00+00:00,0.5038856460894328,0.5055477797819662,0.508719293830205
te:2596213,2024-04-23,2024,2024-04-23,krueger-d6035,tabur,2024-04-23T20:35:00+00:00,2024-04-21T02:11:00+00:00,0.0,2024-04-25T22:00:00+00:00,2024-04-23,1.85,1.97,0.5157068062827225,0.06284790365966353,0.6150713925668035,0.40583256102984056,1.4833333333333334,0.11666666666666667,0.7364711544777648,0.6661590590799542,9.258371846954105e-12,141,219,False,False,False,a823685609363f148d55eb1f86f1fff4605b5bd995e8df1cc040702f4def01e5,6f6ba885449b17f8e4182397b45acf91633ca337a535616bdd7c00586b187d0c,1.86,1.98,True,2024-04-23T20:09:00+00:00,2024-04-23T19:08:00+00:00,0.5285989732478615,0.5289926409505705,0.5311095637710793
te:2596223,2024-04-23,2024,2024-04-23,casanova-dbdaf,soto-fec8d,2024-04-23T19:10:00+00:00,2024-04-21T06:27:00+00:00,0.0,2024-04-25T22:00:00+00:00,2024-04-23,1.92,1.9,0.4973821989528796,-0.010471299867295303,0.6343581050596542,0.5614305040221209,1.2166666666666666,0.65,0.6817467986372804,0.6694371657501039,9.342830731284835e-09,162,122,False,False,False,0df15afcae9a1708e8e7c40876582caec6cf341eadc670400300bb30729d3485,b2253ec5fab832868c72b6db2cd255e02541e693f78bcb967783caa31cff21e9,1.91,1.93,True,2024-04-23T18:39:00+00:00,2024-04-23T18:39:00+00:00,0.5113066707156244,0.5134444912690084,0.5180233209984582
te:2597599,2024-04-23,2024,2024-04-23,berankis,ellis-b4efc,2024-04-23T04:30:00+00:00,2024-04-22T15:39:00+00:00,,,,1.68,2.08,0.5531914893617021,0.21357410029805912,0.6490493657788642,0.40128910755744607,1.8666666666666667,0.6666666666666666,0.7302629927779521,0.7169032844741084,1.8059734707698283e-08,121,180,False,False,False,2b594eea2eb01ee68572e13c38655c321a7139916702013779e7f9d180a3eb29,07858300fbc3fc5badfacc3e44f7fb64b60f310f68baab08f921a64bb95ff58f,1.72,2.09,True,2024-04-22T20:12:00+00:00,2024-04-23T03:50:00+00:00,0.5638880685002402,0.5644951209207784,0.5732219125524212
te:2597869,2024-04-23,2024,2024-04-23,guinard,gadamauri-10965,2024-04-23T12:00:00+00:00,2024-04-22T20:51:00+00:00,1.0,2024-04-25T22:00:00+00:00,2024-04-23,2.12,1.74,0.45077720207253885,-0.19753097545748347,0.5729647446105777,0.4914885874139807,0.7833333333333333,0.25,0.6631293508703427,0.5611222912292191,9.148757307286814e-10,170,171,False,False,False,d97399f33b1573ce300025a278fc214151944c279c40acd31c169bb3e3389339,d709a25e2a1f7ba073df176dabffdbb7582a02ae18fb824a845d369a7270bdf4,2.15,1.73,True,2024-04-23T06:30:00+00:00,2024-04-23T06:30:00+00:00,0.46716317744786134,0.46810981721347766,0.4667585140003146
te:2599469,2024-04-26,2024,2024-04-26,dellien,harris-5a94c,2024-04-26T13:45:00+00:00,2024-04-25T01:00:00+00:00,1.0,2024-04-28T22:00:00+00:00,2024-04-26,1.77,2.11,0.5438144329896907,0.17570840090223716,0.6429097235162358,0.41230728947570294,0.9166666666666666,0.016666666666666666,0.7021752747661272,0.7032727248905786,9.358926134073187e-10,149,220,False,False,False,27a78873ac1efcf52cb2156d34b85388c8926c62c847d9d932f05e6227874e0b,3a18dfeec08d043b902196253ec44b34e25645ca75f266216731453da8e91d65,1.78,2.12,True,2024-04-25T19:02:00+00:00,2024-04-25T19:02:00+00:00,0.5550691514093071,0.5557414546782548,0.5534983680348009
te:2599741,2024-04-26,2024,2024-04-26,travaglia,maestrelli,2024-04-26T10:50:00+00:00,2024-04-25T01:00:00+00:00,1.0,2024-04-28T22:00:00+00:00,2024-04-26,1.83,2.03,0.5259067357512953,0.10371982620036632,0.6135433002421855,0.35851118442490104,0.0,0.0,0.500000001498926,0.5165371106059903,0.0026577437718377644,173,151,False,False,False,813b276ea8ddd33cb2c013a5d6515eb81f9bdd3cface53d313910b58e468f555,080ea5c4c3617395ca64c1f859b790ede274f698fc00382dea065d328a25d9a9,1.84,2.04,True,2024-04-25T19:03:00+00:00,2024-04-25T19:03:00+00:00,0.5382115404048053,0.5381108131250985,0.5298480652997789
te:2599743,2024-04-26,2024,2024-04-26,bueno-01b7e,olivieri-ff875,2024-04-26T15:25:00+00:00,2024-04-25T01:00:00+00:00,1.0,2024-04-28T22:00:00+00:00,2024-04-26,1.96,1.89,0.49090909090909085,-0.03636764417087508,0.6072475529915958,0.4721246748251707,0.45,0.45,0.5408725765500627,0.5000000000000001,0.025934418127013664,141,113,False,False,False,00213183352f9a59616b59846e63175ca17dadf81e510234d1432840275871d6,6a76129530dc2680c2e3b11522f98041b9829d9a01c8ee5c16efdd0d92b9686b,1.93,1.93,True,2024-04-25T01:04:00+00:00,2024-04-25T01:04:00+00:00,0.5051904140693042,0.506203374306897,0.5042912397022228
te:2599797,2024-04-26,2024,2024-04-26,ficovich,prado-angelo,2024-04-26T18:25:00+00:00,2024-04-25T16:39:00+00:00,1.0,2024-04-28T22:00:00+00:00,2024-04-26,1.99,1.86,0.4831168831168831,-0.06755815101129117,0.6245763596889234,0.5765766505957977,1.0166666666666666,0.5166666666666667,0.6602181414297522,0.6324718613456399,3.1339870421032145e-09,158,125,False,False,False,1b404f35a117023783a41acc75fa2b9c70bdab0a36c4d3374f0e3569be6bf4a3,e1519d97c90e2996a6a9727e16afac5dd591bad5b0bf955d44b53201fe48e289,2.0,1.88,True,2024-04-26T10:39:00+00:00,2024-04-26T15:36:00+00:00,0.49782187306375436,0.5000389386167987,0.5022926995840724
te:2599899,2024-04-26,2024,2024-04-26,popko,brouwer-44152,2024-04-26T18:05:00+00:00,2024-04-25T16:08:00+00:00,1.0,2024-04-28T22:00:00+00:00,2024-04-26,1.88,1.97,0.5116883116883117,0.04676176590803954,0.5612681455744465,0.19954858678049658,0.7166666666666667,0.08333333333333333,0.7801585215369645,0.6548294712786654,4.3791120729608224e-10,247,142,False,False,False,11dc269f4271fbf29b770d0a2cf1a915f41fbd3c8636e7a014075089acc7de87,026fbfc9dc45d6f3c9b508a16fc7daa2659fb3096e2079aeee1efe636dd0f5fa,1.91,1.96,True,2024-04-26T15:28:00+00:00,2024-04-26T15:28:00+00:00,0.524809490194738,0.5226886668097822,0.5196055129900563
te:2599943,2024-04-26,2024,2024-04-26,duckworth,bellucci-47e7e,2024-04-26T05:10:00+00:00,2024-04-25T06:55:00+00:00,1.0,2024-04-28T22:00:00+00:00,2024-04-26,1.65,2.33,0.5854271356783919,0.34509297966511965,0.6095444395351257,0.10030471688131282,0.0,0.0,0.789848852737016,0.6996454798731403,6.950939823724411e-12,166,167,False,False,False,2fa0eab64f004ed419406304e34e30e40fb2cc9a6b0d769709085c727b7386d0,771db40982a2500a6c55a894b141e5104938c0e738e99f6230ff0636f54172ac,1.6,2.44,True,2024-04-25T23:42:00+00:00,2024-04-26T04:53:00+00:00,0.5941726012720984,0.5914927135638332,0.5834457360335417
te:2600281,2024-04-26,2024,2024-04-26,sakellaridis-6aacb,mena-99e7a,2024-04-26T21:10:00+00:00,2024-04-26T06:18:00+00:00,1.0,2024-04-28T22:00:00+00:00,2024-04-26,2.1,1.78,0.45876288659793807,-0.16532398042538382,0.5849889912893887,0.5086119622790521,1.9833333333333334,0.6833333333333333,0.5617251725174024,0.6493079049615376,9.017432356372979e-10,250,164,False,False,False,1e39324d452c12a7c26c4184d8d4ecf7c1e8c3f77b51a2fafca33da5a3604ac0,0aa7ea0fb3e31dbb45223abb48931ddbb634a31b866a94af3e8c980c427825d4,2.05,1.83,True,2024-04-26T18:42:00+00:00,2024-04-26T15:33:00+00:00,0.4747462393714552,0.4759598954628776,0.4856724642551782
te:2600309,2024-04-26,2024,2024-04-26,andrade-58258,gomez-e101b,2024-04-26T15:10:00+00:00,2024-04-26T03:05:00+00:00,0.0,2024-04-28T22:00:00+00:00,2024-04-26,1.9,1.95,0.5064935064935064,0.025975486403260445,0.6191944018994312,0.46015479126779235,2.15,0.55,0.5834958891401771,0.5912846080249099,4.537911713065057e-10,148,202,False,False,False,e0f4f958ed72d53fbe9716bd7cdd1990c5dd3bb574dfad9738d76ec764436e30,f51a43828c9783f8278a0ae0b444a49bdd6b4fcbf4f1b14e6290fbb52a494830,1.91,1.96,True,2024-04-26T11:47:00+00:00,2024-04-26T11:47:00+00:00,0.5199086020191219,0.5208901316645013,0.5306454700979341
te:2600847,2024-04-30,2024,2024-04-30,duckworth,sweeny,2024-04-30T03:05:00+00:00,2024-04-28T09:36:00+00:00,1.0,2024-05-02T22:00:00+00:00,2024-04-30,1.88,1.93,0.5065616797900262,0.026248226074936154,0.5600905872392983,0.2152814818725879,0.9166666666666666,0.38333333333333336,0.7588415032049737,0.6351581730520126,4.345383974868611e-08,165,149,False,False,False,11bcab2a72f81f3746a269300d4d35e15349ee2c5a71471dda368bf1f47eb6dc,84a036ef8ed3e19c060fff04ea6fc4859316836f61b494c4c660851992f13363,1.84,2.0,True,2024-04-30T02:31:00+00:00,2024-04-30T02:31:00+00:00,0.5199729341409098,0.5180024316423301,0.5185336370195321
te:2601711,2024-04-30,2024,2024-04-30,bueno-01b7e,guillen-meza,2024-04-30T19:00:00+00:00,2024-04-28T07:02:00+00:00,1.0,2024-05-02T22:00:00+00:00,2024-04-30,1.95,1.87,0.4895287958115184,-0.041890941709159774,0.6082135563117764,0.4817001011067198,1.2166666666666666,0.21666666666666667,0.5251055467357272,0.5659344135594486,5.035163952449295e-11,143,191,False,False,False,6015cfb73bcd2b738eedd5e1f2da1a45347a888c5684037bb7713c235c9bd7e6,ecd6111ec5cf58d68dbb93f83a1ac37c1ef62768dcc3f12177b7dd781ac5d753,1.98,1.85,True,2024-04-30T18:41:00+00:00,2024-04-30T18:41:00+00:00,0.5038856460894328,0.5050041246844965,0.5061916604124269
te:2602171,2024-04-30,2024,2024-04-30,darderi,tirante,2024-04-30T13:00:00+00:00,2024-04-29T09:39:00+00:00,1.0,2024-05-02T22:00:00+00:00,2024-04-30,1.83,2.0,0.5221932114882506,0.08883121370661551,0.636538712745076,0.471541232406272,1.3333333333333333,0.03333333333333333,0.6956728076835083,0.6782106399105614,3.662509684421167e-09,206,156,False,False,False,757eb207c912231f485c52dd3318ad8e2b86727b84bfcfdfb9e6a27719b08237,9278f81452094d9cf376eb404202619e3111e0b100c21bf0708938803c2fcd15,1.93,1.9,True,2024-04-30T10:42:00+00:00,2024-04-30T12:36:00+00:00,0.534712833552804,0.5359428888402274,0.5364675479818607
te:2602217,2024-04-30,2024,2024-04-30,gasquet,mayot,2024-04-30T12:15:00+00:00,2024-04-29T10:40:00+00:00,1.0,2024-05-02T22:00:00+00:00,2024-04-30,1.8,2.03,0.5300261096605744,0.12024912815157689,0.6216584168169472,0.37634419785459866,0.9833333333333333,0.9833333333333333,0.6150835039363822,0.6416481030117076,7.924413833459987e-08,154,192,False,False,False,82c1996e4f87f1b9f70171a5f041bbacbd5f5670c8f844c5f4a0148e749a3024,d3a5d358156e4de6e67413fcc5cb0a0af16bb9897114afa84c22e1a411bf1df8,1.81,2.04,True,2024-04-30T04:43:00+00:00,2024-04-30T04:43:00+00:00,0.542091377533383,0.5422347688862001,0.5478664315734262
te:2602227,2024-04-30,2024,2024-04-30,munar-d1298,giron-49e97,2024-04-30T11:00:00+00:00,2024-04-29T10:46:00+00:00,0.0,2024-05-02T22:00:00+00:00,2024-04-30,1.83,1.99,0.5209424083769634,0.08381867188307154,0.6220115543276757,0.4142763686251112,1.2333333333333334,0.13333333333333333,0.6188495498871411,0.6469188501200077,4.6999145991710733e-08,155,149,False,False,False,14e99942e9a0726f8417c8bb920bb21d7b9530f6b6be0b26996921163c56d6aa,5b7e942c02cd197bbd557ed67ec3ff67a59a8cdc146f48ffafb0929a5285ca3f,1.89,1.94,True,2024-04-30T05:00:00+00:00,2024-04-30T05:00:00+00:00,0.5335341393143435,0.5340671900309311,0.5347196632821939
te:2602715,2024-04-30,2024,2024-04-30,lajal,cui-f99f9,2024-04-30T07:05:00+00:00,2024-04-29T16:09:00+00:00,1.0,2024-05-02T22:00:00+00:00,2024-04-30,2.15,1.71,0.4430051813471503,-0.2289744716250029,0.6156269763957019,0.7000021972300736,1.1666666666666667,1.1666666666666667,0.6373782760359323,0.5976227911065837,8.446055521638129e-10,162,121,False,False,False,bcacb1e7c932fbd2545b0ec9f4c3b87abdc3aa8937b8f6fc0a56039760fe70d2,5759b97e1446e06bf60123b4f978f11557004886328da97d396a49b273df7716,2.13,1.75,True,2024-04-30T05:35:00+00:00,2024-04-30T05:35:00+00:00,0.4597744598909102,0.46316495513710054,0.47140446467630903
te:2602735,2024-04-30,2024,2024-04-30,meligeni-rodrigues-alves,kuzmanov,2024-04-30T09:10:00+00:00,2024-04-30T00:34:00+00:00,0.0,2024-05-02T22:00:00+00:00,2024-04-30,1.8,1.93,0.517426273458445,0.06973333801467523,0.6360383371469716,0.4884769617840758,0.4166666666666667,0.4166666666666667,0.7183602256263925,0.6844478907659856,8.255907180121369e-09,160,141,False,False,False,bb16a47f063cc4c67266753630c3f3d0c17d211fbb0bdd8a68a450be3f9428dc,054d04f41cf677fa8b8cb0d8183f1114bed12f39e3c48f4e84390ede31475297,1.82,1.96,True,2024-04-30T04:09:00+00:00,2024-04-30T08:48:00+00:00,0.5302200243524602,0.5316202745245054,0.5292634522939329
te:2602961,2024-04-30,2024,2024-04-30,kukushkin,llamas-ruiz,2024-04-30T09:10:00+00:00,2024-04-29T20:47:00+00:00,,,,1.9,1.82,0.489247311827957,-0.043017385083690754,0.6712422808929402,0.7568264678499252,1.6333333333333333,0.7666666666666667,0.7749808045866293,0.76706873998589,3.177915319785285e-09,151,169,False,False,False,dd4d9b1085ec6d0d492767b55e36e66149b437e04aaf1f6430806c8edb12f463,e081d369deec966353bf74301de7e55b05014375c8434ab447e1677948c69080,1.96,1.81,True,2024-04-30T08:49:00+00:00,2024-04-30T08:49:00+00:00,0.5036195394164734,0.5080577473737831,0.5162437920645349
te:2602963,2024-04-30,2024,2024-04-30,diallo-dd116,dellien,2024-04-30T08:10:00+00:00,2024-04-29T20:58:00+00:00,0.0,2024-05-02T22:00:00+00:00,2024-04-30,1.76,1.98,0.5294117647058824,0.11778303565638348,0.645185071357402,0.48015784654971805,1.7166666666666666,0.7166666666666667,0.7250265720715856,0.7062612624630339,2.5535407122134757e-12,145,154,False,False,False,fe30a8be23f07e6df18d76c40e376bb02957c754650a178ed54da47eeff31ba0,2c685204ae02b3ef1a437760179fab9731e43229a862816ccd7fb20af8f15af5,1.74,2.06,True,2024-04-30T07:53:00+00:00,2024-04-30T07:53:00+00:00,0.5415128367835917,0.5428964149733337,0.5511421457059434
te:2603403,2024-04-30,2024,2024-04-30,de-jong-57322,passaro-5f6f1,2024-04-30T09:50:00+00:00,2024-04-30T00:37:00+00:00,1.0,2024-05-02T22:00:00+00:00,2024-04-30,1.79,1.94,0.520107238605898,0.08047235322257275,0.6032852320154645,0.33870019933752604,1.1,0.26666666666666666,0.6418688477307698,0.5792096156785854,1.7567348714608855e-07,143,151,False,False,False,042d430e1f7fd0c40fd2ad4a7de8b7b3b0e17fa88148f0a162b5c0b8a3d614f7,fac336e495a469a64ddd86a75c98343a6e010237503a935735f9ef1c0a766a24,1.81,1.96,True,2024-04-30T00:54:00+00:00,2024-04-30T04:10:00+00:00,0.5327470465251831,0.5323653814106839,0.5331889534444868
te:2604691,2024-05-03,2024,2024-05-03,nakashima-68876,comesana-c17e0,2024-05-03T08:10:00+00:00,2024-05-01T21:42:00+00:00,1.0,2024-05-05T22:00:00+00:00,2024-05-03,1.69,2.24,0.5699745547073791,0.2817473369319663,0.6193250180450391,0.20493692216744464,0.36666666666666664,0.36666666666666664,0.7671964046282218,0.6921418665826267,2.2855889958428577e-09,186,182,False,False,False,ed4439da19bcadfd212f35862fc3bf1fe6f8863641a06cea5263dd4a2302595e,de36446c192f6cd60830f404697a2d9341cfcc5dc7f034d0726f3a35cc4dc21c,1.71,2.22,True,2024-05-02T10:30:00+00:00,2024-05-03T02:39:00+00:00,0.5796606308751885,0.5780726217144191,0.5750599903459122
te:2604831,2024-05-03,2024,2024-05-03,etcheverry-7101a,rinderknech,2024-05-03T08:20:00+00:00,2024-05-01T19:59:00+00:00,1.0,2024-05-05T22:00:00+00:00,2024-05-03,1.74,2.16,0.5538461538461539,0.2162231084696361,0.6584339895112211,0.44010020791743765,0.8833333333333333,0.15,0.7891911569338206,0.747123873563233,9.023601310609308e-10,158,189,False,False,False,5305182ec96fa0ce7cabeaa60155873c3d0f416c5f8bb34e6f57aa9907d458f1,2e81ab18ff536a0504c5c80a1b0f071b5e3bd2293f1adc362c80d7a287bda62d,1.83,2.05,True,2024-05-03T03:23:00+00:00,2024-05-03T06:08:00+00:00,0.564503578848218,0.5655758894627816,0.5641665392666605
te:2604959,2024-05-03,2024,2024-05-03,bagnis,shevchenko-3bd40,2024-05-03T09:50:00+00:00,2024-05-01T19:48:00+00:00,1.0,2024-05-05T22:00:00+00:00,2024-05-03,1.85,2.01,0.5207253886010362,0.08294908298075078,0.6050400498664725,0.3435612032919126,1.4166666666666667,0.11666666666666667,0.6995785317351337,0.6271777930517297,9.767735767440833e-08,160,174,False,False,False,b42261759c45e660db8771a7461a282d224e90a5a4804c6ab14c537895b6df46,4ff130f0cbb3fb111c1e3dd851876707a3201d00198e892ac1ad9156167126ea,1.84,2.04,True,2024-05-02T13:53:00+00:00,2024-05-02T13:53:00+00:00,0.5333296178582887,0.5330109898240742,0.5346937567539519
te:2605245,2024-05-03,2024,2024-05-03,galan-e4b30,fucsovics,2024-05-03T10:05:00+00:00,2024-05-02T20:17:00+00:00,,,,2.14,1.75,0.4498714652956298,-0.20119004109833744,0.514449639555831,0.2590046978979549,0.5,0.5,0.6563056012893488,0.81537230793556,3.5287023303354204e-11,170,137,False,False,False,bb732ab6a424fd9db848566729e837f00b044d8579592151d362c758ab68e7d0,f9b964a1147ee3cc8fe08991a29e139b99eac6858786436e03c337e2db1b0c86,2.19,1.74,True,2024-05-03T09:50:00+00:00,2024-05-03T09:50:00+00:00,0.46630255205048216,0.46444797839604357,0.46319152432086197
te:2605341,2024-05-03,2024,2024-05-03,musetti,borges-8d823,2024-05-03T12:10:00+00:00,2024-05-02T20:19:00+00:00,1.0,2024-05-05T22:00:00+00:00,2024-05-03,1.92,1.93,0.5012987012987012,0.005194816877103783,0.6367962959779278,0.5562911560447842,0.3333333333333333,0.3333333333333333,0.6952170139671484,0.7385551508609601,1.143114519708277e-09,155,157,False,False,False,9ad84faf479d26c36045a8308afee63518932f007c7119f4f479a16739964148,4365ccbe873aaf2d278fabf99a0d8d20a092b8465cfed50c7d8e99bdc7a45077,1.85,2.02,True,2024-05-03T11:52:00+00:00,2024-05-03T11:52:00+00:00,0.5150052035015262,0.517108904083456,0.5135622602549605
te:2605389,2024-05-03,2024,2024-05-03,darderi,coria-df292,2024-05-03T17:50:00+00:00,2024-05-02T20:19:00+00:00,,,,1.93,1.92,0.49870129870129865,-0.0051948168771042275,0.6146259276669904,0.4719941729065748,0.38333333333333336,0.38333333333333336,0.5955008326822552,0.5660458125643902,6.78836986622855e-11,204,188,False,False,False,32ad9dc544f14f4011e6f0e161df08e61a4e2e0ceb5c0e0fb1c8a4313c8c97ee,cf57cfbe5ac2f927927d5d717fb1ecb0d3dd7d8e83f036103552085bfd9bfc0b,1.94,1.93,True,2024-05-03T15:24:00+00:00,2024-05-03T15:24:00+00:00,0.512552526846428,0.5136206223785799,0.5107678506334903
te:2605409,2024-05-03,2024,2024-05-03,kirkin,torres-dc0bf,2024-05-03T15:50:00+00:00,2024-05-03T02:24:00+00:00,1.0,2024-05-05T22:00:00+00:00,2024-05-03,1.96,1.89,0.49090909090909085,-0.03636764417087508,0.6127170317689168,0.49511525150433006,0.0,0.0,0.5213616706590999,0.5000000000000001,0.009753139682235984,199,102,False,False,False,171429bf393da96eafbd8b773401989c8fb5e8bd1066a003988f08b0c10c1262,769d10f12f4c7780a2b0b7e89150709647a24e98011b5b2925c138f307b3ac22,1.93,1.93,True,2024-05-03T12:58:00+00:00,2024-05-03T12:35:00+00:00,0.5051904140693042,0.506480957143898,0.49817793548606043
te:2605807,2024-05-07,2024,2024-05-07,bolt-fa7eb,escoffier,2024-05-07T03:10:00+00:00,2024-05-04T18:40:00+00:00,1.0,2024-05-09T22:00:00+00:00,2024-05-07,1.65,2.26,0.578005115089514,0.31458952537170504,0.6487770649721363,0.2990784625072912,1.3833333333333333,0.18333333333333332,0.7653723497401248,0.7249559953579494,1.4633726175272699e-09,142,157,False,False,False,0fc732dbf1434f4e2871e212f4c2b0b8d6ef2c5e9bbc4559597e086b721e9be6,cf79760fcf8341418b6e9051669399eb0ff46d8e8fe956ef7006d0427ed59594,1.7,2.2,True,2024-05-06T23:49:00+00:00,2024-05-07T01:26:00+00:00,0.5872033799493128,0.5867851157630745,0.5887509698220317
te:2605897,2024-05-07,2024,2024-05-07,kovalik,gaubas,2024-05-07T08:10:00+00:00,2024-05-05T10:53:00+00:00,0.0,2024-05-09T22:00:00+00:00,2024-05-07,1.74,2.11,0.548051948051948,0.19280283426153733,0.6305771289662767,0.34189066365087784,1.05,0.35,0.6551411752703282,0.6573939120522619,1.1799481947072366e-09,180,191,False,False,False,7a696926d4f654c7d4c28a360c6c80641b2d52c68e6c3b7f9e5e45515de56e2d,8084ccb00f014787bcaac10e26be45f5244c00bd4e25770a87e51dcaceb9ff8a,1.75,2.12,True,2024-05-06T04:53:00+00:00,2024-05-06T04:53:00+00:00,0.5590550805390863,0.5589187635746315,0.560077492049051
te:2606035,2024-05-07,2024,2024-05-07,guillen-meza,aboian-f7ddc,2024-05-07T13:10:00+00:00,2024-05-06T16:17:00+00:00,1.0,2024-05-09T22:00:00+00:00,2024-05-07,1.93,1.88,0.4934383202099738,-0.026248226074936154,0.6108529862923916,0.4771473451713214,0.9666666666666667,0.0,0.5294852965494968,0.5000000000000001,0.0009016269874798366,197,207,False,False,False,63ce28c602d1b45c1e974fc280e253c7b133fd8a20bbae6a1576c3bda1a241d5,f79deda7328e6e20bdf6fc1389c755918497343ef85c69f221650ed34c49c1ab,1.9,1.93,True,2024-05-07T12:51:00+00:00,2024-05-07T12:51:00+00:00,0.5075807269171357,0.5086727870879096,0.5065701320138741
te:2606345,2024-05-07,2024,2024-05-07,walton,mccabe-b71c6,2024-05-07T05:25:00+00:00,2024-05-06T14:48:00+00:00,0.0,2024-05-09T22:00:00+00:00,2024-05-07,1.79,2.05,0.5338541666666666,0.13562417329765303,0.6096951192168739,0.31040667504575176,0.85,0.85,0.8348012847714535,0.7330154005752083,1.2815837280300002e-10,205,132,False,False,False,38e8239d6940703b3953c268eb8f7eb4e77dd8773379ab9d57d301c91b78cbea,272cfb3ff162920edffaae4d5bb438a0cd7d2d9175233349c37d4766bf6ea356,1.88,1.95,True,2024-05-07T04:48:00+00:00,2024-05-07T04:48:00+00:00,0.5456957148966023,0.545077296244071,0.5488193232369352
te:2606349,2024-05-07,2024,2024-05-07,bertola-e4bb8,cressy,2024-05-07T05:00:00+00:00,2024-05-06T14:49:00+00:00,0.0,2024-05-09T22:00:00+00:00,2024-05-07,1.79,2.04,0.5326370757180157,0.13073418800346137,0.6598553556853977,0.5319155133483532,0.75,0.75,0.7479529664832721,0.7863849529668866,3.3635144669474926e-10,207,135,False,False,False,5d7bc3fd4a3efbc315329e3088cd4843c6847319452a014ce4fce8700f422da5,35e8754153077f20a8a86bb702dcba42d9476a5652a07f718e84a40825e3f31a,1.72,2.17,True,2024-05-07T04:38:00+00:00,2024-05-07T04:38:00+00:00,0.5445498676173507,0.5465752349038231,0.5489417243302328
te:2609293,2024-05-07,2024,2024-05-07,habib,gimenez-62441,2024-05-07T17:00:00+00:00,2024-05-07T02:16:00+00:00,0.0,2024-05-09T22:00:00+00:00,2024-05-07,2.09,1.76,0.4571428571428572,-0.17185025692665906,0.5872594380382405,0.5244977356170277,0.7333333333333333,0.1,0.6125550156395451,0.5315751742992262,2.1762557311788555e-09,221,157,False,False,False,dcd6610a139faab54465b2b450eaa5b2651c283207b26f34aa06db7733175e8e,4767aa9de6828033eaed90eb7b96cfe4a0351fa0bfaa8e3d1bce90859ab69f7d,2.03,1.82,True,2024-05-07T13:32:00+00:00,2024-05-07T13:32:00+00:00,0.4732085874783691,0.4746012291016834,0.471771814746541
te:2609299,2024-05-07,2024,2024-05-07,lingua-lavallen,dutra-da-silva,2024-05-07T20:40:00+00:00,2024-05-07T01:44:00+00:00,1.0,2024-05-09T22:00:00+00:00,2024-05-07,1.89,1.93,0.5052356020942408,0.020943173845242972,0.6105032113658438,0.4284847594790842,1.5666666666666667,1.5666666666666667,0.5000000000000001,0.5307730173596741,0.004656154118035355,95,141,False,False,False,0158135452675973df845b40f72659f8622a875f49ba79f0b6f00c75e8e81eac,5960b621e4ebbb2fad00a4142965e5b927c4b43d070383d64007fba41817d6bf,1.93,1.91,True,2024-05-07T20:28:00+00:00,2024-05-07T20:28:00+00:00,0.5187214954699992,0.5193121161747711,0.5332313350577025
te:2609865,2024-05-10,2024,2024-05-10,lingua-lavallen,olivo,2024-05-10T16:55:00+00:00,2024-05-08T15:17:00+00:00,0.0,2024-05-12T22:00:00+00:00,2024-05-10,1.92,1.9,0.4973821989528796,-0.010471299867295303,0.6146597148196901,0.4774133037786467,0.23333333333333334,0.23333333333333334,0.5051642074920867,0.5000000072044424,0.007901389926662922,97,148,False,False,False,3f7057703ea86464871b05b3b9b30e20c6ca76e9cc27ebf8d412956ce42062dc,a524fdb3d6cf7a07560f74f912ab3b7b49114662203a2eeaeb0664f7e1bdd037,1.91,1.93,True,2024-05-09T09:18:00+00:00,2024-05-09T09:18:00+00:00,0.5113066707156244,0.5124306036354176,0.5074465483202569
te:2610357,2024-05-10,2024,2024-05-10,agamenone,nijboer,2024-05-10T14:20:00+00:00,2024-05-09T08:12:00+00:00,0.0,2024-05-12T22:00:00+00:00,2024-05-10,1.91,1.94,0.5038961038961038,0.015584731016698041,0.6030589333022602,0.4026423713750858,1.05,0.48333333333333334,0.5458023404370851,0.6021992794708678,1.507058366989611e-11,119,214,False,False,False,0c2a3eab05bd04186e4a6b218743a10360436ade8457db4945c7a9e22f12c35f,1a698b16cab1d7a36ea8ac5fd11915f253aca299f2bd9380979603c839d1a462,1.94,1.93,True,2024-05-10T13:42:00+00:00,2024-05-10T13:02:00+00:00,0.5174572237536093,0.5177264496679516,0.5199177768400837
te:2610479,2024-05-10,2024,2024-05-10,torres-dc0bf,casanova-dbdaf,2024-05-10T17:25:00+00:00,2024-05-10T06:08:00+00:00,0.0,2024-05-12T22:00:00+00:00,2024-05-10,2.0,1.85,0.4805194805194806,-0.07796154146971143,0.613940132141915,0.5418665046917965,1.2166666666666666,0.55,0.5000000005282982,0.5136277573414014,0.005734348105349132,111,167,False,False,False,46beac6cdb699c008b1535703d93794b689894003a6e1e6681540a685f48380d,52aaa446aeefea086ced9c68780d9df759a4f7616cf801a85b9236c5dda219d2,1.97,1.9,True,2024-05-10T13:31:00+00:00,2024-05-10T13:31:00+00:00,0.49536419646959867,0.49714289757645524,0.500932315766073
te:2610749,2024-05-10,2024,2024-05-10,vesely,fonio,2024-05-10T12:50:00+00:00,2024-05-09T17:28:00+00:00,1.0,2024-05-12T22:00:00+00:00,2024-05-10,1.67,2.27,0.5761421319796954,0.3069562050646476,0.6234877576264618,0.19742236196551965,1.1333333333333333,0.06666666666666667,0.6781085427084299,0.739697063524759,1.3666845433135677e-13,98,183,False,False,False,0139d94c8882789a1059c4fcbbee52a990ce9ac4952e03c30b6951a575176153,45e635d1b652be0917ef07274cd3d18270cf153a48efca9add2c2a8d37a7ff01,1.69,2.26,True,2024-05-10T09:30:00+00:00,2024-05-10T11:14:00+00:00,0.5854537732979849,0.5838287905794605,0.5833406839267455
te:2610753,2024-05-10,2024,2024-05-10,onclin-89017,barranco-cosano,2024-05-10T11:10:00+00:00,2024-05-09T17:30:00+00:00,1.0,2024-05-12T22:00:00+00:00,2024-05-10,1.91,1.94,0.5038961038961038,0.015584731016698041,0.6144385432236609,0.4504235807130413,0.26666666666666666,0.26666666666666666,0.5227149592134491,0.5363241403591098,5.371038634544023e-07,150,189,False,False,False,22c61815926892ec172d219fb1252e5f3bdceb0b24966c97717b4f3f09b0d6c1,a526cce4677e6443540bd094132357d34cbc9d484c7546e6cfc124776b3e0c3d,1.9,1.97,True,2024-05-10T08:19:00+00:00,2024-05-10T08:19:00+00:00,0.5174572237536093,0.518302692587584,0.5137951284247115
te:2611855,2024-05-14,2024,2024-05-14,marchenko,moriya,2024-05-14T13:15:00+00:00,2024-05-12T00:21:00+00:00,1.0,2024-05-16T22:00:00+00:00,2024-05-14,1.88,1.93,0.5065616797900262,0.026248226074936154,0.6375050315551949,0.5383033495159607,0.65,0.05,0.7025741408797922,0.6822940552822663,2.5213076071395335e-09,135,168,False,False,False,c42f3a14b33ceb64ef285ff80ddc3265b671628329cf63549a506536a3d3b0d9,06eaed30372d5c3c1456c2b299059967388520a1f7b8974d65cc92c832c4cee6,1.86,1.97,True,2024-05-14T11:32:00+00:00,2024-05-14T11:32:00+00:00,0.5199729341409098,0.5218969200690565,0.5181764979345996
te:2611859,2024-05-14,2024,2024-05-14,hsu-b2ce0,uchiyama,2024-05-14T07:45:00+00:00,2024-05-12T00:27:00+00:00,1.0,2024-05-16T22:00:00+00:00,2024-05-14,1.72,2.14,0.5544041450777203,0.21848153820839877,0.6277364613180012,0.3040368518332246,0.0,0.0,0.6435684966820557,0.6654301767162603,9.333139816547487e-11,125,115,False,False,False,497ec076cc914f812e7c17f43f1eb803355b64ac63769d75d2c10dddc5cadef1,4c29a9ff1231010e522717725568c8e73fb6fb3472b6b5e9c2f61a918d6a6447,1.76,2.1,True,2024-05-12T18:24:00+00:00,2024-05-14T06:55:00+00:00,0.565028179458797,0.5644892327265614,0.5563199056265526
te:2611867,2024-05-14,2024,2024-05-14,walton,shimizu-38ca9,2024-05-14T07:25:00+00:00,2024-05-12T00:24:00+00:00,0.0,2024-05-16T22:00:00+00:00,2024-05-14,1.95,1.87,0.4895287958115184,-0.041890941709159774,0.6214375904770856,0.5375454843032343,1.4833333333333334,1.4833333333333334,0.7931509700239597,0.7120030421676523,2.4424906541753444e-15,218,111,False,False,False,4081583ef21be79d35fec554da08cd82b9f93c828a0969daa45737056e9a3fc0,02e54f867e597ff5d046b20ec100a2155a7e7292e12e0dc1414f0d2ec4cbce45,1.93,1.9,True,2024-05-12T00:34:00+00:00,2024-05-14T06:12:00+00:00,0.5038856460894328,0.5056784202179415,0.518451315698636
te:2612265,2024-05-14,2024,2024-05-14,landaluce-84126,hemery,2024-05-14T09:10:00+00:00,2024-05-12T09:39:00+00:00,1.0,2024-05-16T22:00:00+00:00,2024-05-14,1.78,2.06,0.5364583333333334,0.14609261849749608,0.6286721229660407,0.3804317972446395,0.3,0.3,0.651685347207272,0.6792780833114384,3.1212588069706726e-11,138,191,False,False,False,ae5c21fbb684c0364efa4eaa0f71cb5867884bd3126721f75a36c114972296c7,e6cb0cc495637382880cac5637b0c59135c4b62ba0878666214105b1b3348d42,1.79,2.07,True,2024-05-13T22:44:00+00:00,2024-05-14T06:25:00+00:00,0.5481470947151349,0.5483861389635193,0.5443932350135963
te:2614373,2024-05-14,2024,2024-05-14,tabur,cecchinato,2024-05-14T09:05:00+00:00,2024-05-13T16:49:00+00:00,1.0,2024-05-16T22:00:00+00:00,2024-05-14,1.93,1.89,0.4947643979057591,-0.02094317384524342,0.5941415338955108,0.40205624420616853,0.85,0.85,0.6054185299938696,0.5345024037467783,1.5317928037106299e-09,200,94,False,False,False,097d1a8f5c0eec46aa56ed2bc738bcdbd8b5e980ace1aca65f4362a2b06aaf71,13d6ba7863739c33beda912b95f9dc558e99e1c101121c0a0fae5a07625c5a5d,2.04,1.81,True,2024-05-14T07:17:00+00:00,2024-05-14T07:17:00+00:00,0.508833704442617,0.509028966471157,0.5127905349905412
te:2614387,2024-05-14,2024,2024-05-14,novak-77d05,added,2024-05-14T11:40:00+00:00,2024-05-14T01:47:00+00:00,,,,2.17,1.7,0.43927648578811374,-0.24409891649019763,0.5960395355687282,0.6330889033484658,0.4666666666666667,0.4666666666666667,0.7301022538609313,0.6414778076634271,8.707540688490667e-09,167,175,False,False,False,f332a77546c51b7050392d93ebd5846b447af7214dc3627d1573e7aa99863cc1,83abd2700dc461ac46dcd9d203892b69e79b1251fcc467ef4894eebb970580f4,2.1,1.76,True,2024-05-14T11:30:00+00:00,2024-05-14T11:19:00+00:00,0.4562265444595548,0.45878286972628524,0.45710961176115283
te:2614393,2024-05-14,2024,2024-05-14,burruchaga,andreev-8a7ee,2024-05-14T10:10:00+00:00,2024-05-14T01:46:00+00:00,1.0,2024-05-16T22:00:00+00:00,2024-05-14,1.88,1.93,0.5065616797900262,0.026248226074936154,0.6135380517169876,0.43596064900956333,1.3166666666666667,0.2833333333333333,0.5165721735337802,0.5000000000270137,0.020881086854938724,203,171,False,False,False,ebca8cbd45c6bdf11f7dd66ee807effd1fae9a2a2a20b9085cadbe82774b407d,78eb06bf86530daa55c4a8bcc5924bcef34d6150acdfda8bef2dc4835c9f6e90,1.87,1.97,True,2024-05-14T09:01:00+00:00,2024-05-14T09:01:00+00:00,0.5199729341409098,0.5206632986411255,0.5230119697845091
te:2614397,2024-05-14,2024,2024-05-14,harris-9f62b,silva-cb43c,2024-05-14T10:10:00+00:00,2024-05-14T01:49:00+00:00,1.0,2024-05-16T22:00:00+00:00,2024-05-14,1.88,1.93,0.5065616797900262,0.026248226074936154,0.48611120306528055,-0.08181770912904272,0.9166666666666666,0.9166666666666666,0.8700656054888506,0.6934975094402439,5.510036871214652e-13,137,112,False,False,False,c4cce81633dc2e39fb850e74530bb32345f79a2a74610e21e452e20ca4df048f,0fea88186dffcf6231a49ea4b1c33c54cb555cc679f2dc4d4c72afa60c299963,1.82,2.03,True,2024-05-14T09:56:00+00:00,2024-05-14T09:56:00+00:00,0.5199729341409098,0.5144185347941076,0.5190559348920902
te:2613865,2024-05-17,2024,2024-05-17,goffin,varillas,2024-05-17T09:35:00+00:00,2024-05-13T15:48:00+00:00,1.0,2024-05-19T22:00:00+00:00,2024-05-17,1.9,1.95,0.5064935064935064,0.025975486403260445,0.6202572236505267,0.4646646632802015,0.36666666666666664,0.36666666666666664,0.7002152959419989,0.6479367576423514,1.0508696968170028e-09,182,150,False,False,False,8393d5ff40ab6e2ff28a19335242975a9152144c48eebb4c5ebc258ab460b9eb,433a55b8ea15cb9f2338a0baa71b4a0c35456738bca3be3cd9999ea761ca096b,1.93,1.93,True,2024-05-17T07:47:00+00:00,2024-05-17T04:42:00+00:00,0.5199086020191219,0.5209444962539693,0.5178619339281547
te:2613871,2024-05-17,2024,2024-05-17,wolf-e839f,nardi-e2cda,2024-05-17T09:45:00+00:00,2024-05-13T15:39:00+00:00,1.0,2024-05-19T22:00:00+00:00,2024-05-17,2.04,1.83,0.4728682170542636,-0.10863384100279541,0.51276364543296,0.1596995168523675,1.4666666666666666,0.8,0.6095194038192069,0.7675333567924728,1.5696727251324205e-10,119,179,False,False,False,7730a7cfe07d91a9e959d1cf0a373d151474f0ccd6bac6e055c7af6c6a03f3c3,795c3742ba2c8c7033a47f559c5895de253829634fa1301a9dcb72ea6d3bf7d9,2.23,1.71,True,2024-05-16T15:53:00+00:00,2024-05-16T14:18:00+00:00,0.48811998493452763,0.48522952127493374,0.4925026001928058
te:2616431,2024-05-17,2024,2024-05-17,marchenko,hsu-b2ce0,2024-05-17T08:35:00+00:00,2024-05-16T13:15:00+00:00,1.0,2024-05-19T22:00:00+00:00,2024-05-17,1.78,2.11,0.5424164524421594,0.17007458318398147,0.6191455406432099,0.31584847835739505,0.0,0.0,0.6563652340429825,0.7152223622197738,1.6739665209541954e-10,135,125,False,False,False,06d90df5c17637cec482828dbe594453d2d9b896ea9ff672c147f506031b9514,cb5a107964c54715022507a9a9b40b93f9ee3625120c4c91d48694d3d80911a0,1.76,2.15,True,2024-05-17T04:33:00+00:00,2024-05-17T04:33:00+00:00,0.5537539278264837,0.5532650862549504,0.5450486601511202
te:2616671,2024-05-17,2024,2024-05-17,roca-batalla,dzumhur,2024-05-17T11:10:00+00:00,2024-05-17T03:55:00+00:00,1.0,2024-05-19T22:00:00+00:00,2024-05-17,1.93,1.93,0.5,0.0,0.6021634821108428,0.414487811582555,0.8666666666666667,0.16666666666666666,0.6239911264215445,0.6998552164928628,1.2847223285206155e-12,208,176,False,False,False,6fe968333f22a587d2ea868cba2aa83a46f178d3fcd13b698379ebe4dffa4ef0,03cac7cf5f750476bb37394563d2e92fee94bace71e9c58e59ca2e2b7bdeb872,1.85,2.03,True,2024-05-17T10:40:00+00:00,2024-05-17T10:40:00+00:00,0.5137789481259278,0.514162597172698,0.512712740842232
te:2616731,2024-05-17,2024,2024-05-17,royer,vacherot,2024-05-17T13:25:00+00:00,2024-05-16T23:15:00+00:00,1.0,2024-05-19T22:00:00+00:00,2024-05-17,1.76,2.13,0.5475578406169666,0.1908081706712732,0.6225212074722024,0.3094551369390339,0.8,0.23333333333333334,0.6783549079668659,0.7418190865605923,6.733534499425708e-08,209,246,False,False,False,94831694737d8fb2875b19602c15803e578299227fdea5efbf8d308f38e80a7e,8ee5553fde8b75bbf0aa559a8b893c3cf1d98a7ee88fb20634cb16219b9546b9,1.81,2.08,True,2024-05-17T11:59:00+00:00,2024-05-17T12:25:00+00:00,0.5585903644748876,0.5580640355632279,0.5567384445693753
te:2616743,2024-05-17,2024,2024-05-17,nakashima-68876,navone,2024-05-17T12:20:00+00:00,2024-05-16T23:10:00+00:00,1.0,2024-05-19T22:00:00+00:00,2024-05-17,1.78,2.1,0.5412371134020618,0.16532398042538338,0.6383933743652536,0.4030737357007202,0.2833333333333333,0.2833333333333333,0.6918475451222237,0.7254843798896103,1.5533279107415865e-09,196,181,False,False,False,1c19b6c2b86585de58c564758dcab29f2db42951403f43d7cf374553a9c0235d,7b457c5a37c568f1e57a35d335f5ec35c850403a19c1071da51134ed49139e40,1.81,2.08,True,2024-05-17T11:10:00+00:00,2024-05-17T11:10:00+00:00,0.5526443062464362,0.5531882126637135,0.5489750380266948
te:2616761,2024-05-17,2024,2024-05-17,martinez-c0caf,bautista-agut,2024-05-17T12:40:00+00:00,2024-05-16T23:27:00+00:00,1.0,2024-05-19T22:00:00+00:00,2024-05-17,1.84,2.02,0.5233160621761658,0.09333193979221903,0.6368872480742493,0.46854729811893575,0.0,0.0,0.7275205463283667,0.6900550763380573,3.1616138596035626e-09,209,124,False,False,False,d86fa5460a40d93f539d24e7be762dcddeefda9f63d5a2a3e4626466126010b5,ff8abec772f353df0735a98bdf6a89818a4afdaacebca19285700af2c1c6b87c,1.85,2.03,True,2024-05-17T08:03:00+00:00,2024-05-17T08:03:00+00:00,0.5357708449852523,0.5369727985105814,0.5287230155497782
te:2616871,2024-05-17,2024,2024-05-17,wolf-e839f,hanfmann,2024-05-17T13:25:00+00:00,2024-05-17T11:40:00+00:00,0.0,2024-05-19T22:00:00+00:00,2024-05-17,1.94,1.91,0.49610389610389616,-0.015584731016698041,0.6216871936054966,0.5123004095364457,0.36666666666666664,0.36666666666666664,0.6473946510903457,0.6959449022293773,9.683332746757145e-10,117,154,False,False,False,3464b80d6e49fdc13b51387ee10d511a5e24e122ed754174321cfb812be8bfe3,750a5ee8ef1de07b21315b001d439f46d5ac3aa70b9400eb29bb416c3de256fe,1.97,1.88,True,2024-05-17T13:18:00+00:00,2024-05-17T13:18:00+00:00,0.5100991793573332,0.5116349047932937,0.5085494409414927
te:2618139,2024-05-21,2024,2024-05-21,basic,vincent-ruggeri,2024-05-21T11:10:00+00:00,2024-05-19T14:49:00+00:00,0.0,2024-05-23T22:00:00+00:00,2024-05-21,1.93,1.89,0.4947643979057591,-0.02094317384524342,0.6090670414058806,0.4643354360185435,1.1,0.16666666666666666,0.6843122755753286,0.7697010115902838,1.9167152615073846e-08,86,202,False,False,False,34c0b0c4565b71fb374952281aae6809ed10cd4ef5585d5a7157effc3277dd5a,cc1aa416d17a0c15eadc150176e9e9ffa39c7b169a1df3ae73059827854fba4b,2.05,1.8,True,2024-05-21T06:28:00+00:00,2024-05-21T06:28:00+00:00,0.508833704442617,0.5097807656371163,0.5098310307671194
te:2618141,2024-05-21,2024,2024-05-21,paulson-c9bf3,vesely,2024-05-21T12:00:00+00:00,2024-05-19T14:47:00+00:00,1.0,2024-05-23T22:00:00+00:00,2024-05-21,1.86,1.96,0.5130890052356021,0.052367985517315925,0.6075167845977768,0.3845180452815994,0.5,0.5,0.736643438298434,0.6581471083775265,1.2784828751222221e-10,126,107,False,False,False,0e20bccac14bae147ba15c5e8c1e425b29ac57b8535022a69bac52a334e5f5b1,e693ff23d950b0547d971fe6d7056ad4e1a05b4b27080ca9f6db1dd1163c3462,1.98,1.85,True,2024-05-21T10:49:00+00:00,2024-05-21T10:49:00+00:00,0.5261305190849326,0.5262485167961534,0.5250510166976248
te:2618153,2024-05-21,2024,2024-05-21,soto-fec8d,tkemaladze,2024-05-21T07:45:00+00:00,2024-05-19T01:49:00+00:00,0.0,2024-05-23T22:00:00+00:00,2024-05-21,2.06,1.78,0.46354166666666663,-0.14609261849749608,0.5591212168781466,0.383688944621532,1.2666666666666666,0.5,0.6125237118004007,0.5000000000000001,0.0023377044599773994,135,145,False,False,False,507e5017de0bf6a58336be9834df96d0d71a399534d2f0dcb5f86a3b0ab9e403,7efb03cfcb03602ca455c15663ab7fec223848355c529942645316900a1c1d8d,2.0,1.84,True,2024-05-21T06:54:00+00:00,2024-05-21T06:54:00+00:00,0.47928000449965724,0.4790238867608511,0.48270259952022504
te:2618173,2024-05-21,2024,2024-05-21,masur-d87d6,geerts,2024-05-21T09:15:00+00:00,2024-05-19T14:48:00+00:00,1.0,2024-05-23T22:00:00+00:00,2024-05-21,1.66,2.24,0.5743589743589743,0.29965826349849645,0.5653591453672561,-0.03671714731977538,0.3333333333333333,0.3333333333333333,0.8053687159212213,0.6796213448387929,5.0414886987315555e-09,188,178,False,False,False,8a56212433ac457080caf8c0055a39bdea2437f3c9309a3db4e46d3fd3a2f5d6,f921e31758df42e9795072b13dd20ecddd7ab139c11c4f6472fa459c63f55afd,1.8,2.06,True,2024-05-21T07:36:00+00:00,2024-05-21T06:22:00+00:00,0.5837790189225701,0.5793854762809485,0.5758785000139305
te:2620025,2024-05-21,2024,2024-05-21,strombachs,ayeni-bd31c,2024-05-21T08:50:00+00:00,2024-05-20T20:18:00+00:00,1.0,2024-05-23T22:00:00+00:00,2024-05-21,1.76,2.08,0.5416666666666667,0.16705408466316649,0.6041552717388256,0.2557551186370026,1.2833333333333334,0.18333333333333332,0.7212469353165303,0.6428685400104164,4.7614787945793324e-09,175,146,False,False,False,e0e392174c5b555e6bdd4df06cb384459a6e6a6669d949c4978e55e24b004ccf,e09bf8d82b8374eb86ff1b8244f6cecedea80b21c2c2d78f2e846f8b87a8bf90,1.73,2.16,True,2024-05-21T07:41:00+00:00,2024-05-21T07:41:00+00:00,0.5530484764837557,0.5518362327176869,0.5531764792783107
te:2620029,2024-05-21,2024,2024-05-21,sekulic-13abc,stewart-a929c,2024-05-21T11:15:00+00:00,2024-05-20T20:18:00+00:00,0.0,2024-05-23T22:00:00+00:00,2024-05-21,1.83,1.99,0.5209424083769634,0.08381867188307154,0.6373192443222002,0.47992904025731775,1.0166666666666666,0.35,0.6842632892905237,0.6832139050159298,7.088298953350503e-08,184,149,False,False,False,825d0c3555fafa2176901dc6fbb83d7501188e1254c667ca89bb21656180434f,480b3ee818ff731b876bf9e8b54f9b1322c19f9f8dafb717b68b4b781327c8e8,1.79,2.06,True,2024-05-21T07:46:00+00:00,2024-05-21T07:46:00+00:00,0.5335341393143435,0.5348562262579518,0.5358162864246805
te:2620501,2024-05-21,2024,2024-05-21,weis-6ba1c,nikles,2024-05-21T10:10:00+00:00,2024-05-21T01:43:00+00:00,1.0,2024-05-23T22:00:00+00:00,2024-05-21,2.18,1.7,0.43814432989690716,-0.2486966257388275,0.604907622074886,0.6746527756028607,0.3,0.3,0.5468201812411827,0.5000000000000001,0.0011288511153624836,183,71,False,False,False,606ae656a8c8d32d2d4d1f1e424f00c684cc90b986a8d61fa429a5b0e0710ca1,dc8d61f39b6088ce6132f14a9bd69676a8de2b8970b7ff17c78011471aacd5b1,2.16,1.72,True,2024-05-21T08:16:00+00:00,2024-05-21T07:10:00+00:00,0.45514886985230923,0.45819420926464144,0.45417749911045524
te:2620503,2024-05-21,2024,2024-05-21,forejtek,basilashvili,2024-05-21T10:30:00+00:00,2024-05-21T01:41:00+00:00,0.0,2024-05-23T22:00:00+00:00,2024-05-21,1.86,1.96,0.5130890052356021,0.052367985517315925,0.6139167782431101,0.4114384464898857,0.2833333333333333,0.2833333333333333,0.500000000012609,0.5138159160756828,0.010625860390675798,176,96,False,False,False,1fce10987a6b293b9a0eaeb5b83632fab9cc8595fa9d3092f5d2e8b75d723145,f51149bdfe0b1668d4ebec03815873f5bbc9bd24aca9f8a56ca1d963162ac4a7,1.87,1.97,True,2024-05-21T08:12:00+00:00,2024-05-21T08:12:00+00:00,0.5261305190849326,0.5265726927066419,0.5223075946286332
te:2620515,2024-05-21,2024,2024-05-21,dedura-palomero-d612d,dutra-da-silva,2024-05-21T09:10:00+00:00,2024-05-20T20:17:00+00:00,1.0,2024-05-23T22:00:00+00:00,2024-05-21,1.9,1.92,0.5026178010471204,0.010471299867295303,0.4860766968174304,-0.06617891475961811,1.2833333333333334,1.2833333333333334,0.5000000000000001,0.6747205324414336,0.007823498236571663,23,146,False,False,False,269038933dec48b18c42b9503a853a515f0da46225096991a4f70dba3e679b96,1d2cd270343c065ca0e02e708223de4035a8fac75aa5d466a0f27b23dadce838,1.93,1.91,True,2024-05-21T04:35:00+00:00,2024-05-21T04:35:00+00:00,0.5162505514554124,0.5108533809514232,0.5206961541215703
te:2623809,2024-05-28,2024,2024-05-28,cecchinato,neumayer,2024-05-28T15:50:00+00:00,2024-05-26T09:36:00+00:00,0.0,2024-05-30T22:00:00+00:00,2024-05-28,1.93,1.89,0.4947643979057591,-0.02094317384524342,0.6122566985154173,0.477751283873599,1.2,0.6333333333333333,0.5000000000000001,0.5236274211698829,0.009244508296518877,97,170,False,False,False,3d3474b62476bbce7ad9bb98882a9f7514628ba0cfec39429af9404d559c9075,5d7dbd2d26423c9339085bb34810f92b9807b8cdc21cce8960bdeddfda5eff7d,1.92,1.92,True,2024-05-28T07:44:00+00:00,2024-05-28T07:44:00+00:00,0.508833704442617,0.5099427084867443,0.5142717894604734
te:2623823,2024-05-28,2024,2024-05-28,fatic-cddef,skatov,2024-05-28T14:10:00+00:00,2024-05-26T16:12:00+00:00,0.0,2024-05-30T22:00:00+00:00,2024-05-28,1.93,1.89,0.4947643979057591,-0.02094317384524342,0.5786581564090779,0.3382105893920611,1.4333333333333333,0.8,0.5428169399101966,0.6362390610760016,4.183223212272935e-12,154,145,False,False,False,ccac990f94e0898ab59a394b5bc3025698c508201a0046639b3d248e4b0eb4df,b1b005ed1797a02dc7b9276efc8b6c172a58815059c5e81abc8f2c3fd960d230,1.92,1.92,True,2024-05-28T12:51:00+00:00,2024-05-28T12:51:00+00:00,0.508833704442617,0.5082582154848853,0.515359922863566
te:2624347,2024-05-28,2024,2024-05-28,hong-0ce56,cassone,2024-05-28T15:05:00+00:00,2024-05-26T15:49:00+00:00,1.0,2024-05-30T22:00:00+00:00,2024-05-28,2.18,1.7,0.43814432989690716,-0.2486966257388275,0.5593803165515263,0.48734411161123914,0.4666666666666667,0.4666666666666667,0.6820078296873043,0.5653631257277077,1.8397670886738382e-10,174,34,False,False,False,cfe70dfbedd8711b7821057e31b339650a35b249c3fcddf348ebe64c3486ed3b,539ddc5da2184870df838f72d0d31571e695a7feef136a38bac984251254eec3,2.12,1.75,True,2024-05-28T11:18:00+00:00,2024-05-28T11:18:00+00:00,0.45514886985230923,0.4559490015024705,0.45425392351048544
te:2625883,2024-05-28,2024,2024-05-28,andreev-8a7ee,kachmazov,2024-05-28T16:00:00+00:00,2024-05-27T16:03:00+00:00,1.0,2024-05-30T22:00:00+00:00,2024-05-28,1.88,1.94,0.5078534031413613,0.031416196233379066,0.6227389357949333,0.46977376526962106,1.05,1.05,0.6184865896836513,0.6420107467907702,3.053877439818109e-08,175,160,False,False,False,c718d1854575d04d0f5a24d3a686d8bc3b9e85c5449022ba44052c4ff995ffa6,63a045f90597e79ad1ebd736823eea18ca6837df0e9e32aafd0993420a2e6ead,1.93,1.9,True,2024-05-28T06:39:00+00:00,2024-05-28T11:28:00+00:00,0.5211917949215891,0.5222990215043581,0.528906457975266
te:2626855,2024-05-28,2024,2024-05-28,martin-e6e6e,hsu-b2ce0,2024-05-28T19:30:00+00:00,2024-05-27T23:38:00+00:00,0.0,2024-05-30T22:00:00+00:00,2024-05-28,2.1,1.75,0.4545454545454546,-0.18232155679395445,0.5720229202410267,0.47243097553957925,0.0,0.0,0.5000000000000001,0.5982807361446401,0.006269825020594685,80,132,False,False,False,c553ce6dc7eec7e4f1d10354815661973e64c672202ebe2ae4b7c99874d243cd,b50bb67e317013442c4a10391a16d7bfe11f0d9fab3afe11cc18034e1a938e98,2.02,1.83,True,2024-05-28T15:30:00+00:00,2024-05-28T15:30:00+00:00,0.4707425248462857,0.4714884783746899,0.46319269275150926
te:2626857,2024-05-28,2024,2024-05-28,shimizu-38ca9,smith-8b3b8,2024-05-28T19:10:00+00:00,2024-05-27T23:38:00+00:00,0.0,2024-05-30T22:00:00+00:00,2024-05-28,1.94,1.88,0.4921465968586388,-0.03141619623337862,0.6045512306746619,0.4558813666647612,0.0,0.0,0.7463189351905112,0.662487814730348,4.502154204999442e-11,113,172,False,False,False,9f324cee32929b51f9e3cac712e3c197b451dd75780b3b8e2c4df778f9cce7be,d44bb4ac2e9729cd7e65adc48a829567010cf8ed336fcde2c89cb8b3fa952db3,1.89,1.94,True,2024-05-28T15:30:00+00:00,2024-05-28T15:30:00+00:00,0.5063600345071075,0.5071859287313762,0.49887770043312474
te:2627595,2024-05-31,2024,2024-05-31,shimizu-38ca9,tomic-4ca3d,2024-05-30T23:10:00+00:00,2024-05-29T08:40:00+00:00,,,,1.81,2.03,0.5286458333333333,0.11470894777596129,0.6438267996795101,0.47730366726444917,0.0,0.0,0.7072387910800232,0.7398370310503022,1.466576859954216e-11,113,176,False,False,False,79dd360b319aa7ecfee821dbb624a74ee0df5558c22b594a01150d257a42bfeb,7f70d68ed08f11b0d21c9e810f251ac9bb66b4b2538c86138cc047c6cf55b981,1.79,2.06,True,2024-05-30T06:50:00+00:00,2024-05-30T06:50:00+00:00,0.5407915048607401,0.5421355866160839,0.5339028958590979
te:2627903,2024-05-31,2024,2024-05-31,tseng-5c1bc,prado-angelo,2024-05-31T13:35:00+00:00,2024-05-29T15:49:00+00:00,0.0,2024-06-02T22:00:00+00:00,2024-05-31,1.96,1.86,0.486910994764398,-0.0523679855173157,0.6167549663851931,0.5281652343403822,0.0,0.0,0.5566011808766321,0.5573720665800481,1.3925138020454142e-07,133,141,False,False,False,96a1baf9aab910b9ca036f96cf77e07cb79dd517ee0107a85598e1e2ce4ef589,291683b467c9241114b34507d5af00afc5c7b8d8fd1f1094866a8baabefdd93b,1.94,1.89,True,2024-05-30T09:52:00+00:00,2024-05-30T09:52:00+00:00,0.5014105243481068,0.5030708940866127,0.49477023123839636
te:2628593,2024-05-31,2024,2024-05-31,basavareddy,svajda-cce6f,2024-05-31T17:10:00+00:00,2024-05-31T01:10:00+00:00,0.0,2024-06-02T22:00:00+00:00,2024-05-31,1.97,1.88,0.4883116883116883,-0.04676176590803932,0.6113079987489274,0.4995754282348099,0.6833333333333333,0.05,0.5000000000015246,0.527721506945543,0.024916607888410477,57,50,False,False,False,624ea702209a4673c786627deb0db077738a50708c0ef95f931a75910607a4a9,654875c034384c485b00101d5b4cb46232321e469914497814893f0c16dba086,1.96,1.91,True,2024-05-31T16:57:00+00:00,2024-05-31T16:57:00+00:00,0.5027349673188558,0.5040603749274563,0.5005295041260874
te:2628639,2024-05-31,2024,2024-05-31,shimizu-38ca9,quan,2024-05-31T18:30:00+00:00,2024-05-31T10:36:00+00:00,0.0,2024-06-02T22:00:00+00:00,2024-05-31,2.22,1.7,0.4336734693877551,-0.26687894482201774,0.591224941514358,0.6359104760172498,1.4333333333333333,0.7333333333333333,0.7507060419006814,0.6536095384738946,6.873064894996617e-10,113,67,False,False,False,524079ed63898525bb5bb5b8a6bd845ca44f736a0c9a2a1f97e9e627a20be621,36671c21325205cc90cab3b615db780b0bbd734f611020bcfc6acf5bd2f2c441,2.23,1.71,True,2024-05-31T15:33:00+00:00,2024-05-31T15:33:00+00:00,0.4508912563800619,0.45343487422174716,0.45997685701134605
te:2629379,2024-06-04,2024,2024-06-04,choinski,hanfmann,2024-06-04T14:00:00+00:00,2024-06-02T15:25:00+00:00,0.0,2024-06-06T22:00:00+00:00,2024-06-04,1.96,1.86,0.486910994764398,-0.0523679855173157,0.6353922919412587,0.6077885730869466,0.0,0.0,0.6794897469488602,0.6744609937179018,2.6612462233899237e-10,172,148,False,False,False,5cea5d92fbf4ca4c35e4815f1570efa4199b54105211c2139f6278ec46707bc9,4f9d473a72c52429da5234cce9cb80b270454470f9ab1b26d58a0c116ff8eaa4,2.01,1.83,True,2024-06-04T07:49:00+00:00,2024-06-04T07:49:00+00:00,0.5014105243481068,0.504032353539536,0.49574416472441357
te:2630121,2024-06-04,2024,2024-06-04,sachko,blanchet,2024-06-04T10:05:00+00:00,2024-06-02T12:57:00+00:00,1.0,2024-06-06T22:00:00+00:00,2024-06-04,1.83,2.0,0.5221932114882506,0.08883121370661551,0.6180754221565373,0.3925561297166773,0.31666666666666665,0.31666666666666665,0.6669089343947042,0.7326218754243998,7.948836033833118e-12,145,165,False,False,False,2162a56f93639bc171c31283e695c6590821025448766b68d38603e2bc896f39,c8556c0f22d512c307dc8d689c2035ae1788c1890986a82133abe9b8460723e9,1.85,1.99,True,2024-06-03T05:31:00+00:00,2024-06-03T05:31:00+00:00,0.534712833552804,0.5349938875741915,0.5312120654139743
te:2631811,2024-06-04,2024,2024-06-04,jubb,michelsen-a98bb,2024-06-04T11:40:00+00:00,2024-06-03T18:30:00+00:00,1.0,2024-06-06T22:00:00+00:00,2024-06-04,1.8,2.07,0.5348837209302325,0.1397619423751585,0.6210738468720113,0.3543467090769976,0.0,0.0,0.6351251337903918,0.6099505894906634,1.6706333311189425e-07,174,208,False,False,False,9af2250cdc598aa052738e96002a5e10a1d989f8ace34502ce5877f5ec2e3d4c,937a22d8804055372f577b2a05659a323b11dead9fd38a617cb2859e6cb66fb1,1.7,2.23,True,2024-06-04T09:00:00+00:00,2024-06-04T08:31:00+00:00,0.5466649214595224,0.5465803212439402,0.5383444796431146
te:2631829,2024-06-04,2024,2024-06-04,vrbensky,safwat,2024-06-04T11:50:00+00:00,2024-06-03T19:27:00+00:00,0.0,2024-06-06T22:00:00+00:00,2024-06-04,1.81,2.01,0.5261780104712042,0.10480787679324989,0.6299623735573278,0.4272475227403887,0.0,0.0,0.6517591271646955,0.6555045704109017,1.0999947647194475e-08,195,174,False,False,False,20d2da33574eb2f4db69a60547f0b139338a7b27837dd1443d50af383f8109e6,9810fb7b201169433a47bc7b19fecfb523727cf250015085f5ce47d47b2e8652,1.83,2.02,True,2024-06-04T08:43:00+00:00,2024-06-04T04:13:00+00:00,0.5384670804312265,0.5391933961551792,0.5309440765145401
te:2632435,2024-06-04,2024,2024-06-04,sanchez-izquierdo-99add,dutra-da-silva,2024-06-04T09:40:00+00:00,2024-06-03T18:04:00+00:00,0.0,2024-06-06T22:00:00+00:00,2024-06-04,1.87,1.95,0.5104712041884817,0.041890941709160225,0.6128795099175331,0.4175414284058718,1.0666666666666667,1.0666666666666667,0.5000000000000001,0.5205025364514347,0.00802386358315843,180,155,False,False,False,d84a2a4efc50137f75524b752d2bcbebd081bbf275fc584f6ff79c2d035adb90,0c5e5edd52e89660c679c15c3e458b4cf5a327b5e367ed1f309539d148a14bc8,1.88,1.96,True,2024-06-04T07:26:00+00:00,2024-06-04T08:30:00+00:00,0.5236614645500048,0.5241581669129337,0.5309925061436962
te:2632437,2024-06-04,2024,2024-06-04,moro-canas,gill-59a09,2024-06-04T09:40:00+00:00,2024-06-03T19:08:00+00:00,1.0,2024-06-06T22:00:00+00:00,2024-06-04,1.89,1.93,0.5052356020942408,0.020943173845242972,0.6212026246630503,0.47371271017096445,0.0,0.0,0.6553012332349714,0.6215193716284572,5.2309116982396375e-08,181,185,False,False,False,e516d4c2d90987a473eb7f6c3c67aabc03d601b79fcd313d970e7b4132799018,4e7e061bbb8034c125802d02ffadbe55b27cfb2d411f2ded17ad8f04a3c5a102,1.87,1.97,True,2024-06-04T09:11:00+00:00,2024-06-04T06:04:00+00:00,0.5187214954699992,0.5198574377411637,0.5115687139858346
te:2632443,2024-06-04,2024,2024-06-04,marterer,masur-d87d6,2024-06-04T12:40:00+00:00,2024-06-03T18:03:00+00:00,0.0,2024-06-06T22:00:00+00:00,2024-06-04,1.79,2.04,0.5326370757180157,0.13073418800346137,0.6438810000314324,0.46151479389557304,0.0,0.0,0.7061702741269703,0.7364737191572668,1.7486734282812222e-11,176,195,False,False,False,d4b121cdb59204e947fc38771c0bcecc1a72f0db912d3c3e0e5e6500e2b59147,57565d7485329b26ece3390486bb977dc992b70077faf09bff33e894823aa421,1.91,1.93,True,2024-06-04T09:00:00+00:00,2024-06-04T09:00:00+00:00,0.5445498676173507,0.545732340281172,0.5375093655329821
te:2634407,2024-06-07,2024,2024-06-07,mikrut,pacheco-mendez,2024-06-07T12:40:00+00:00,2024-06-06T17:25:00+00:00,1.0,2024-06-09T22:00:00+00:00,2024-06-07,1.84,1.99,0.5195822454308094,0.07836906711550695,0.6262224696706856,0.43767584197544485,1.4666666666666666,1.4666666666666666,0.6461414751187522,0.6325273549232898,3.912060952959706e-10,130,92,False,False,False,716a66c8f763dacf6204c4d02d9444b67205bc58d5bc4c8b875ab2bcf813ac60,94de64ea3d846af9ca47dcc4826c6626171604bfae0b7b7ec2b7285c0e40da71,1.83,2.02,True,2024-06-07T09:55:00+00:00,2024-06-07T09:55:00+00:00,0.5322522456606449,0.5330568429255496,0.5455274253694192
te:2634449,2024-06-07,2024,2024-06-07,kym,cachin,2024-06-07T09:10:00+00:00,2024-06-06T17:20:00+00:00,1.0,2024-06-09T22:00:00+00:00,2024-06-07,1.79,2.05,0.5338541666666666,0.13562417329765303,0.5478595312128773,0.05640184768307949,1.35,0.6166666666666667,0.7585026116331945,0.6257066049474491,1.6170120797909249e-12,100,129,False,False,False,8a0ab941fa40e50fb6f8959a21b48c08584e8f253d064e2381e7a336a630eecb,d8fa8d518f4de66ed1957d6f3abbc6b78866bc1284fa642ff8658dae0acde66a,1.77,2.1,True,2024-06-07T06:11:00+00:00,2024-06-07T05:06:00+00:00,0.5456957148966023,0.5420332930095189,0.5471166708530184
te:2634537,2024-06-07,2024,2024-06-07,tseng-5c1bc,djere,2024-06-07T11:25:00+00:00,2024-06-06T22:43:00+00:00,0.0,2024-06-09T22:00:00+00:00,2024-06-07,1.83,2.01,0.5234374999999999,0.09381875521765437,0.6336056069019795,0.45389760451770844,1.7833333333333334,1.1833333333333333,0.6923327762851329,0.6691518394707165,4.631429414980737e-08,142,122,False,False,False,a25784f4d26969ae4cb565abd01e158cbd99a36111fe62383757f95799033684,f8d5595c6471be887e0cf13a36e07bb0e7564295270098dda88a90de9db30482,1.81,2.03,True,2024-06-07T09:55:00+00:00,2024-06-07T06:25:00+00:00,0.5358852643496559,0.5369121309908015,0.5491964713391624
te:2634589,2024-06-07,2024,2024-06-07,draxl,hong-0ce56,2024-06-07T17:40:00+00:00,2024-06-06T22:48:00+00:00,0.0,2024-06-09T22:00:00+00:00,2024-06-07,1.65,2.27,0.5790816326530612,0.3190045435808221,0.6224390324112594,0.1809090808649056,0.48333333333333334,0.48333333333333334,0.6193020803121183,0.6455009407416066,3.564063749683655e-08,144,174,False,False,False,76a3c972ec580e7c9f00c6a4b0bf2b18fe4814992378f4eaf4308de98150fe52,9e92d220dcaa8a59694914a11320ee10fd5b2092fb70efab0f0b85a58903c768,1.69,2.22,True,2024-06-07T14:04:00+00:00,2024-06-07T14:04:00+00:00,0.5882143293848616,0.5864205741822361,0.5850378427410233
te:2634591,2024-06-07,2024,2024-06-07,villanueva-55ff0,farjat,2024-06-07T14:10:00+00:00,2024-06-06T22:45:00+00:00,1.0,2024-06-09T22:00:00+00:00,2024-06-07,2.0,1.83,0.47780678851174935,-0.08883121370661573,0.5993456299580976,0.491570521486204,1.1,0.5666666666666667,0.6025235783778119,0.5398561940738179,2.3674943949725247e-10,197,158,False,False,False,8876edbac6cbee7a1a3e908e2d62cbc45872ff721aa08213795dd823a18386da,c76e06ee8624d32989d32a1a8c10b25723e97eee8667736cef7b3c00b9ae5e1a,1.97,1.87,True,2024-06-07T10:31:00+00:00,2024-06-07T10:31:00+00:00,0.49279660756810445,0.4939478638052198,0.4971087951462326
te:2634675,2024-06-07,2024,2024-06-07,holt-669c7,galarneau-32e1f,2024-06-07T19:20:00+00:00,2024-06-07T03:40:00+00:00,1.0,2024-06-09T22:00:00+00:00,2024-06-07,1.83,2.0,0.5221932114882506,0.08883121370661551,0.635769967375112,0.4682199718958382,0.8166666666666667,0.2833333333333333,0.6842181068393165,0.6750583958198788,1.5406059761247093e-09,126,143,False,False,False,9e9a2f2bfe748e335773342af362087a1283770606e79b689f067f15c0ee3e80,c63e816e4a925c5dd86469c5e88e340bbe9cc800ac19fdd18acf01336e8d0662,1.74,2.14,True,2024-06-07T18:56:00+00:00,2024-06-07T18:56:00+00:00,0.534712833552804,0.535902989288355,0.535068380332704
te:2635803,2024-06-11,2024,2024-06-11,neumayer,marchenko,2024-06-11T08:05:00+00:00,2024-06-09T16:30:00+00:00,1.0,2024-06-13T22:00:00+00:00,2024-06-11,1.9,1.9,0.5,0.0,0.6384303605101798,0.5685579387897595,0.8833333333333333,0.8833333333333333,0.6845664692509339,0.6995073303729421,5.37420496993235e-10,169,141,False,False,False,8cf37d555133cf015295236be0ef3203212c3aec8751fb713e8b272032f01281,130cae58d17deaceaf3212813bc789e2a79466c3e04e43312f5767bd3da2a540,2.03,1.8,True,2024-06-11T07:52:00+00:00,2024-06-11T07:52:00+00:00,0.5137789481259278,0.5160214059752851,0.5202825049333853
te:2635943,2024-06-11,2024,2024-06-11,mayot,polmans,2024-06-11T16:50:00+00:00,2024-06-09T15:49:00+00:00,0.0,2024-06-13T22:00:00+00:00,2024-06-11,1.78,2.04,0.5340314136125655,0.13633644355213126,0.5783555267782273,0.17968985582436814,0.43333333333333335,0.43333333333333335,0.7130560436678623,0.6104126643157218,1.4488571453696864e-10,190,141,False,False,False,569a49a95d158c8ea505664607bd2371a2be5633a4db8d2daea8afc48b9815ec,8cdc54ac0f3e876d50d93d41aa62fd9b91c33b3aa8496f43e4bb0cbef9dfb2d5,1.9,1.92,True,2024-06-11T13:35:00+00:00,2024-06-11T13:35:00+00:00,0.5458625777538669,0.5436794810394517,0.5415291392994247
te:2636465,2024-06-11,2024,2024-06-11,pucinelli-de-almeida,guillen-meza,2024-06-11T15:10:00+00:00,2024-06-09T14:59:00+00:00,0.0,2024-06-13T22:00:00+00:00,2024-06-11,1.99,1.82,0.47769028871391084,-0.08929813764769673,0.6101601804213177,0.5372837154722186,0.7333333333333333,0.23333333333333334,0.605958386317168,0.5626480161931798,1.0765933700085384e-09,101,186,False,False,False,fb19bcc45c2c657c62c49882fd36790910297a781f0e2e71ebfa34f2a650802b,e651727958883b779798bd104b765c5a70e352d9b35d4cf883826a4add6fe513,2.09,1.75,True,2024-06-11T03:00:00+00:00,2024-06-11T03:00:00+00:00,0.492686320274472,0.49438865403853116,0.49260663341952127
te:2638149,2024-06-11,2024,2024-06-11,pellegrino-fd654,fonio,2024-06-11T11:35:00+00:00,2024-06-10T18:14:00+00:00,0.0,2024-06-13T22:00:00+00:00,2024-06-11,1.85,1.95,0.513157894736842,0.0526437334854217,0.6319708461583208,0.48803737267423974,0.0,0.0,0.6601995994159905,0.6662192021385136,9.537270195814074e-09,134,203,False,False,False,206cbdc2201782d6893e11a155a734ffdc9a8e8f95b64b90d7281b9f65407aaf,84fa75ae9f7cf9007bb386e87b826526945eb4ce89ccccf37145dfbb58702264,1.78,2.06,True,2024-06-10T18:25:00+00:00,2024-06-11T08:30:00+00:00,0.5261954860322485,0.5275604280405495,0.5192892921280523
te:2638159,2024-06-11,2024,2024-06-11,de-jong-57322,bonadio,2024-06-11T08:05:00+00:00,2024-06-10T18:13:00+00:00,1.0,2024-06-13T22:00:00+00:00,2024-06-11,1.98,1.83,0.48031496062992135,-0.07878087785311394,0.5701155229412707,0.3611033753837134,0.4666666666666667,0.4666666666666667,0.7510959845450683,0.6361985274408485,3.6722862362115194e-08,150,115,False,False,False,8d28a5f06d05638ea505f0f2fdea87df5854bebf113affd68bc53f8ef6e64108,8c8b5462b41a9849f20be425877083951ee0e1cd8b907a933a29f434f13ed08d,1.89,1.93,True,2024-06-11T07:28:00+00:00,2024-06-10T18:35:00+00:00,0.4951706460133972,0.49476514066066113,0.4930652985565987
te:2638861,2024-06-11,2024,2024-06-11,bolt-fa7eb,choinski,2024-06-11T11:50:00+00:00,2024-06-11T08:02:00+00:00,1.0,2024-06-13T22:00:00+00:00,2024-06-11,1.65,2.24,0.5758354755784061,0.30570057795445893,0.6700610007896789,0.40276038974518413,1.75,1.1166666666666667,0.7684109487795174,0.7677358946727016,2.0813906154160122e-13,141,181,False,False,False,a3abc029548e5b6a7c850627007ae829ad6cf72dae22062a719c8c85fe2fb6b3,27e0867633a79e7513f4eb55664927a27128caefafdf423fc84f405eb109f2d1,1.68,2.21,True,2024-06-11T11:29:00+00:00,2024-06-11T11:38:00+00:00,0.5851657675785698,0.5859465850051123,0.5972253067617309
te:2639891,2024-06-14,2024,2024-06-14,barreto-sanchez,rodriguez-taverna,2024-06-14T00:35:00+00:00,2024-06-12T14:59:00+00:00,1.0,2024-06-16T22:00:00+00:00,2024-06-14,1.78,2.04,0.5340314136125655,0.13633644355213126,0.615097982495154,0.33245633078470127,0.5333333333333333,0.5333333333333333,0.6194428183659941,0.5840333766682035,1.8701292042733186e-08,160,179,False,False,False,cb649442c0904ec1ca0f85eb76d5e2eb68a19cc2a3474c88b4c7a816562f3d17,4c996e83f9a8580fc7d90453a177205454d074ac06624ae98c051afedd5830cf,1.82,2.03,True,2024-06-13T20:15:00+00:00,2024-06-13T09:01:00+00:00,0.5458625777538669,0.5455095678856255,0.544794419014853
te:2640343,2024-06-14,2024,2024-06-14,harris-5a94c,fonseca-57dc1,2024-06-14T17:50:00+00:00,2024-06-12T20:37:00+00:00,1.0,2024-06-16T22:00:00+00:00,2024-06-14,1.64,2.29,0.5826972010178116,0.333855575730041,0.6519075238285545,0.2935789609206225,2.05,0.65,0.7268307598744166,0.7301474510107084,2.372499419145413e-11,227,88,False,False,False,efe28a3ecf90e41fb93d660d7d70dc26917c0190a08e32674c8d8b34e39f923a,6b676a26a54e5eb66a8162f361485959eba07c4111748b49f4d46f5244f7c0a5,1.65,2.3,True,2024-06-13T11:31:00+00:00,2024-06-13T19:29:00+00:00,0.5916094083732267,0.5911625416675975,0.6007412100475136
te:2640657,2024-06-14,2024,2024-06-14,gaston-e1fa4,basilashvili,2024-06-14T13:55:00+00:00,2024-06-13T07:11:00+00:00,1.0,2024-06-16T22:00:00+00:00,2024-06-14,2.01,1.85,0.4792746113989638,-0.08294908298075057,0.6133247133512895,0.5442583022575354,1.05,0.4166666666666667,0.517939679290583,0.5000000000000001,0.004090433820437098,200,114,False,False,False,ca2446b99d312fb496138568a16553be129c1ac9d1b87eab639b2e958ff95a34,a604f92914f94ff7e09380f3756000fee169c03198949fac58e191521889a203,1.99,1.88,True,2024-06-14T10:09:00+00:00,2024-06-14T05:25:00+00:00,0.4941860215603788,0.4959843616446349,0.49766472518885363
te:2641089,2024-06-14,2024,2024-06-14,rocha-0492a,gombos,2024-06-14T10:55:00+00:00,2024-06-13T18:46:00+00:00,0.0,2024-06-16T22:00:00+00:00,2024-06-14,1.69,2.23,0.5688775510204082,0.27727305653704526,0.6046040976001611,0.14741325565320174,0.2833333333333333,0.2833333333333333,0.6442866618240349,0.5831628251271955,7.762677786682382e-08,195,86,False,False,False,099c2b9897971e5a463de8e336228380e65029257f9e1913a1e4013fdfa75c90,3066f0dbe8447e30b4fc5711467e7af7857dea471e0158294ee2b740efb209ce,1.68,2.28,True,2024-06-14T09:19:00+00:00,2024-06-14T09:19:00+00:00,0.578630070138915,0.5763546820564187,0.5721701293236273
te:2641103,2024-06-14,2024,2024-06-14,jacquet-d2059,halys,2024-06-14T12:10:00+00:00,2024-06-13T16:18:00+00:00,,,,1.76,2.12,0.5463917525773196,0.1861022796338609,0.5955357028593418,0.20079559336138247,0.3333333333333333,0.3333333333333333,0.5655272523507033,0.5000000000000001,0.006068886073373275,112,125,False,False,False,3cae58d2559f7eba0fa85e20acd79d6c1c4068676571768f94a00b06ef7712a3,26c160e7f8a4e892055551884cd3b766ffffe6dc02205b7d8cb045f808ce4bef,1.75,2.16,True,2024-06-14T08:23:00+00:00,2024-06-14T08:33:00+00:00,0.5574935821630175,0.555662945507712,0.5521290913556433
te:2641163,2024-06-14,2024,2024-06-14,kovalik,landaluce-84126,2024-06-14T13:05:00+00:00,2024-06-13T18:45:00+00:00,0.0,2024-06-16T22:00:00+00:00,2024-06-14,1.81,2.06,0.5322997416020672,0.12937913752375527,0.5987596306599099,0.27092042316992027,0.0,0.0,0.7913488059874726,0.6921521734081775,3.501640644110182e-10,193,131,False,False,False,fa50692d3e33c379b7b56e3e4dabeaefb53b660c25dd81bf73daaf009df90ce0,8e10f21ee6aa3f5b69ccc52b3ba4aea4638967c5d78850bbd80fe6d2edcf16aa,1.92,1.95,True,2024-06-14T09:34:00+00:00,2024-06-14T09:34:00+00:00,0.5442322609976341,0.5431288843673084,0.5348689127323246
te:2641255,2024-06-14,2024,2024-06-14,darderi,fognini,2024-06-14T18:40:00+00:00,2024-06-13T21:10:00+00:00,0.0,2024-06-16T22:00:00+00:00,2024-06-14,1.88,1.98,0.5129533678756476,0.051825067864585767,0.6179945431752938,0.42921966635470443,0.0,0.0,0.7481452477671502,0.6775655995286937,1.66644475996236e-13,228,146,False,False,False,42e668adc7894b981254a71c5b4c972b10e5ae6c607ac48ce5574bafcca9d885,b2fc6adad6b4901924c3852872a933ce78879df953ad33a8961b7e3bdc6e24f8,2.11,1.79,True,2024-06-14T18:12:00+00:00,2024-06-14T18:12:00+00:00,0.526002603672695,0.5266579092123488,0.5183760286000323
te:2642469,2024-06-18,2024,2024-06-18,buse,vesely,2024-06-18T13:30:00+00:00,2024-06-16T14:04:00+00:00,0.0,2024-06-20T22:00:00+00:00,2024-06-18,1.78,2.06,0.5364583333333334,0.14609261849749608,0.5506892450411979,0.057363295031926304,0.5666666666666667,0.5666666666666667,0.768624773414166,0.6369327893651291,3.06946188188828e-08,159,108,False,False,False,d701b414f7a895f257a46376dbfe755d209636bf3fd53ee6a0896f85ce9c52ab,953653fea6dbd92bb274196e4be15dd9652703ae5e0d21e1989bc562e8934a6d,1.81,2.05,True,2024-06-18T10:44:00+00:00,2024-06-18T03:36:00+00:00,0.5481470947151349,0.5445185509498122,0.544231886562553
te:2645559,2024-06-18,2024,2024-06-18,weis-6ba1c,royer,2024-06-18T10:55:00+00:00,2024-06-17T16:44:00+00:00,1.0,2024-06-20T22:00:00+00:00,2024-06-18,1.81,2.03,0.5286458333333333,0.11470894777596129,0.5788333138464914,0.20327691764547873,1.1333333333333333,0.06666666666666667,0.6671027650599896,0.779340305015482,1.0218104140591322e-11,183,205,False,False,False,bdca451e9e91a14885a23cc11e6d15a86fe945292fd244ceec798c2f888b3e75,d9701b39e7153bc38d65086cbf1a5cd8ebc6f1c605df0b0fd03c6ca8b9ad6521,1.84,2.0,True,2024-06-18T08:35:00+00:00,2024-06-18T08:35:00+00:00,0.5407915048607401,0.5388482336995448,0.5383178297232237
te:2646005,2024-06-18,2024,2024-06-18,barton-61a23,pieczkowski,2024-06-18T08:40:00+00:00,2024-06-17T23:03:00+00:00,0.0,2024-06-20T22:00:00+00:00,2024-06-18,2.01,1.82,0.47519582245430814,-0.09929822098228022,0.6069643174599407,0.5338678222246888,0.26666666666666666,0.26666666666666666,0.690053436809746,0.622255628075486,2.3982760222196475e-12,139,152,False,False,False,bbe8bfb731b17248eff474302cbfe32ca849b3aa92b9f67c2015aa7b6b42bcca,f9dfd025b5a107bca0ddfda13b5d94eb26ef2027e9195dce6f92ba21ab37c63f,2.12,1.75,True,2024-06-18T08:24:00+00:00,2024-06-18T08:24:00+00:00,0.4903244920138256,0.4919669604454048,0.48745043651081293
te:2646009,2024-06-18,2024,2024-06-18,elias-3e14c,michalski-8906f,2024-06-18T10:30:00+00:00,2024-06-17T22:59:00+00:00,1.0,2024-06-20T22:00:00+00:00,2024-06-18,1.93,1.88,0.4934383202099738,-0.026248226074936154,0.608162966733367,0.4658450876283968,0.8166666666666667,0.8166666666666667,0.5382996995095404,0.5000000000000001,0.01658380875004875,140,148,False,False,False,584a087d42086ad114b7f54fd87a575d801470f61b952b7e5c91ec03d51151dd,b6df99a3525f3bf8cf23ab8aa89800804f0e2f68ffe6a6052782bc2fa5756d01,2.04,1.81,True,2024-06-18T07:04:00+00:00,2024-06-18T07:04:00+00:00,0.5075807269171357,0.5085363447362948,0.5118337952366316
te:2646293,2024-06-18,2024,2024-06-18,pereira-9b0a8,boscardin-dias-3afa8,2024-06-18T21:40:00+00:00,2024-06-18T06:55:00+00:00,0.0,2024-06-20T22:00:00+00:00,2024-06-18,1.89,1.93,0.5052356020942408,0.020943173845242972,0.614771169869934,0.4464694215117972,0.9666666666666667,0.9666666666666667,0.5000000011039872,0.5014299887101963,0.029679943039694415,89,108,False,False,False,641da08b1302ac86cd2ef372389263fa98a241903fbc637b9b8f8932a9c86c6b,017c94eb27bc503c2c33b59c3972bbfd04ff3f7d77e7fd88d04c1d1478932000,1.94,1.89,True,2024-06-18T16:45:00+00:00,2024-06-18T16:45:00+00:00,0.5187214954699992,0.5195289660748845,0.5249534406975356
te:2647643,2024-06-21,2024,2024-06-21,habib,prado-angelo,2024-06-20T22:55:00+00:00,2024-06-20T05:12:00+00:00,1.0,2024-06-23T22:00:00+00:00,2024-06-21,1.78,2.1,0.5412371134020618,0.16532398042538338,0.6254492547959418,0.34741892377576905,0.0,0.0,0.6811266047387162,0.6453561064092673,4.828836774883882e-10,201,144,False,False,False,2d5ddcaf109b68aaabcdab77e9e3fed60ee9895ef8df86acf26043bf2919624a,76026151ab40da4a3ef4c308355940642ad6fd1cdab9ae9a666243f1b4939e64,1.83,2.04,True,2024-06-20T22:20:00+00:00,2024-06-20T22:49:00+00:00,0.5526443062464362,0.552523651853157,0.5443089499607594
te:2648113,2024-06-21,2024,2024-06-21,kasnikowski,majchrzak-905d8,2024-06-21T13:10:00+00:00,2024-06-20T20:37:00+00:00,1.0,2024-06-23T22:00:00+00:00,2024-06-21,1.79,2.09,0.538659793814433,0.1549484461240559,0.5944271400062963,0.227349168928613,2.1666666666666665,0.7,0.5330062865945229,0.6032857232814687,3.038324244974966e-09,175,119,False,False,False,47b6cb5886ad136510ba8af3be19a7bce125d801311536524b75f6961e06c302,d24c7bcd139555918141499bee26a1a85228f3aa08f4113270ece30ceeb408c8,1.78,2.12,True,2024-06-21T09:15:00+00:00,2024-06-21T12:35:00+00:00,0.5502190325776152,0.5486435773031159,0.559556782251786
te:2648115,2024-06-21,2024,2024-06-21,ugo-carabelli,olivieri-ff875,2024-06-21T11:10:00+00:00,2024-06-20T20:32:00+00:00,0.0,2024-06-23T22:00:00+00:00,2024-06-21,2.01,1.85,0.4792746113989638,-0.08294908298075057,0.5838693867343066,0.42162720276467547,0.0,0.0,0.6336065384151094,0.5464260116320107,7.506369867349427e-08,172,115,False,False,False,9b4bb0e509d9b2a8b8550e7704be0a87d8ce04fe77621f41425e2dcf620def40,bb432f2e3b5b7d35b243767b823449b68b5fae29f27d34f247cc83f5a177fb02,2.06,1.83,True,2024-06-21T10:31:00+00:00,2024-06-21T10:31:00+00:00,0.4941860215603788,0.4945036392485016,0.486184152617493
te:2648119,2024-06-21,2024,2024-06-21,hemery,kachmazov,2024-06-21T11:30:00+00:00,2024-06-20T20:30:00+00:00,0.0,2024-06-23T22:00:00+00:00,2024-06-21,1.73,2.18,0.5575447570332481,0.23120346829131025,0.623513785319897,0.2732859739850344,0.0,0.0,0.6601813560328113,0.7117251785690242,4.5651038504956887e-11,187,156,False,False,False,328a1d6aafdef548cf76d4bb8ddab634cb44c7230b67a46707ba04ec0c943f4d,7b12944db4bfd599991439324657085a5670397b2eeeadc9736d58584d5d1ad8,1.68,2.27,True,2024-06-21T09:36:00+00:00,2024-06-21T09:23:00+00:00,0.5679805474105121,0.5671008077647054,0.5589395387129593
te:2648203,2024-06-21,2024,2024-06-21,cerundolo-08df6,habib,2024-06-21T21:00:00+00:00,2024-06-21T06:59:00+00:00,1.0,2024-06-23T22:00:00+00:00,2024-06-21,1.97,1.88,0.4883116883116883,-0.04676176590803932,0.6131518450311403,0.5073421276007828,1.8,1.0666666666666667,0.6445607364419208,0.5977397131998715,1.4808631543239414e-09,159,203,False,False,False,d6c6e0f948cdbbba76934a98905333b3004f5554968ce0f029058fc590646c27,0d477f51591860d623e1a31ef1e1eb097eef466bd340fe93cbaff605a0af7905,1.89,1.97,True,2024-06-21T19:48:00+00:00,2024-06-21T20:41:00+00:00,0.5027349673188558,0.5041541569994166,0.5157080538973985
te:2652525,2024-06-25,2024,2024-06-25,aboian-f7ddc,hernandez-serrano,2024-06-25T18:15:00+00:00,2024-06-25T08:02:00+00:00,0.0,2024-06-27T22:00:00+00:00,2024-06-25,1.67,2.23,0.5717948717948719,0.28917795904336396,0.6146290718368724,0.17763467133704375,0.6,0.6,0.5057826906938871,0.5000000014065743,0.010612782289275549,212,35,False,False,False,637d7cbb93dc8f823e3117a9b32a049c9efc0ffdc6d044e3ec3d981ffeadc380,4c188d6a43238e2554f4d7788bd463624cfda222190815f5ca66cd374a4802d0,1.68,2.24,True,2024-06-25T14:05:00+00:00,2024-06-25T14:05:00+00:00,0.5813705881804602,0.5794763391506323,0.5796982950297759
te:2652527,2024-06-25,2024,2024-06-25,schachter,blanch-5d667,2024-06-25T17:40:00+00:00,2024-06-25T06:58:00+00:00,1.0,2024-06-27T22:00:00+00:00,2024-06-25,1.95,1.87,0.4895287958115184,-0.041890941709159774,0.6087052710314579,0.48376407809913335,0.9333333333333333,0.03333333333333333,0.5000000000000001,0.5366917187192222,0.026294406806293455,135,140,False,False,False,75f9cfa561f48748b2baf2016ae519e15d2c0614dcb4b200881eb416571ba33b,d83ccf3ae4597a296027d4f8ccfad060ab6809ce76bd5c7f77c70443f2f7fbe5,2.0,1.85,True,2024-06-25T15:56:00+00:00,2024-06-25T15:56:00+00:00,0.5038856460894328,0.505029046160942,0.502970438563173
te:2654319,2024-06-28,2024,2024-06-28,jianu-c67fb,dalla-valle,2024-06-28T13:45:00+00:00,2024-06-27T19:21:00+00:00,1.0,2024-06-30T22:00:00+00:00,2024-06-28,1.88,1.97,0.5116883116883117,0.04676176590803954,0.6037464817830368,0.37433840783423716,0.9166666666666666,0.05,0.5495117279200183,0.5000000000000001,0.021570715984355768,244,186,False,False,False,2ffed8649c83cd23c1a46741f2b1b30a9d92e3827ddb172b39e22025d475cfdc,5c70ccc7d834ad1c0e84cac62dd5b1e1981c0726582fb278defc7814f5ba7835,1.86,2.01,True,2024-06-28T09:33:00+00:00,2024-06-28T09:33:00+00:00,0.524809490194738,0.5247946157251502,0.522761211049173
te:2654321,2024-06-28,2024,2024-06-28,gomez-e101b,vincent-ruggeri,2024-06-28T16:45:00+00:00,2024-06-27T19:48:00+00:00,1.0,2024-06-30T22:00:00+00:00,2024-06-28,1.8,2.07,0.5348837209302325,0.1397619423751585,0.6167544017976708,0.33603291785596145,1.5666666666666667,0.26666666666666666,0.6460284413174656,0.6058891636109304,8.06079369919388e-11,218,202,False,False,False,8092ac0235634e38b7aceed8e69efdc9d9040b2a4d25796aa8c380f4aad0bd97,32ade09ebad7568b443286e48fe7ff766a51f683745817234247e910f4b83f5a,1.82,2.06,True,2024-06-28T11:32:00+00:00,2024-06-28T11:32:00+00:00,0.5466649214595224,0.5463610795693804,0.550155828916564
te:2654339,2024-06-28,2024,2024-06-28,mena-99e7a,soto-fec8d,2024-06-28T17:10:00+00:00,2024-06-27T20:08:00+00:00,1.0,2024-06-30T22:00:00+00:00,2024-06-28,1.87,1.99,0.5155440414507771,0.06219620786990554,0.5845030313823094,0.27909044078833234,1.0666666666666667,1.0666666666666667,0.6986674813451612,0.603999000362457,6.6247635155392e-10,197,142,False,False,False,9394477366dae3ef55b1b57fc4901556f0691b7a8b65aa9980b6ae8437b2979b,55ef8ce814318e231a269ef1f47a761bbaab937dffc926c53cb91601958b87cb,1.88,2.0,True,2024-06-28T13:32:00+00:00,2024-06-28T14:46:00+00:00,0.5284455114593323,0.5273123246185263,0.5341233704729947
te:2654351,2024-06-28,2024,2024-06-28,guillen-meza,mejia-a7d27,2024-06-28T20:05:00+00:00,2024-06-28T10:20:00+00:00,0.0,2024-06-30T22:00:00+00:00,2024-06-28,1.83,2.03,0.5259067357512953,0.10371982620036632,0.6121255274355444,0.35253578250896134,1.35,0.85,0.5789738613358208,0.6217934464597481,1.030867242679534e-07,184,151,False,False,False,d8081b9f09d6fe2c7df2f06dbab4824833d80b5b5d5b8ceba906ed1318f3d54a,2f4f9b34349da677d5ef6153a06c250d9711e043f06c11b5491048b6d44c6cea,1.81,2.08,True,2024-06-28T19:46:00+00:00,2024-06-28T19:46:00+00:00,0.5382115404048053,0.538039074336552,0.5449750129104114
te:2655589,2024-07-02,2024,2024-07-02,jianu-c67fb,echargui,2024-07-02T12:40:00+00:00,2024-06-30T17:37:00+00:00,1.0,2024-07-04T22:00:00+00:00,2024-07-02,2.17,1.7,0.43927648578811374,-0.24409891649019763,0.5414249542668215,0.41017942978605365,1.0,0.36666666666666664,0.6630517021358957,0.5318603802371482,3.349556743081905e-11,250,168,False,False,False,5e1cff4ede97992a21fb9ca83a5bcb575e34e0a175c8910f0962c9c9ff5e8fe9,c44c0ff7baec59886074bbac8be2e135859c2c80eeb40ca14cbc66f78f7b538a,2.18,1.71,True,2024-07-02T12:26:00+00:00,2024-07-02T12:26:00+00:00,0.4562265444595548,0.4561105833679334,0.4570253453693593
te:2655607,2024-07-02,2024,2024-07-02,tabur,kodat,2024-07-02T08:35:00+00:00,2024-06-30T17:11:00+00:00,0.0,2024-07-04T22:00:00+00:00,2024-07-02,1.95,1.86,0.48818897637795283,-0.04725288485054525,0.6146148037503704,0.5140052772110696,0.31666666666666665,0.31666666666666665,0.500000003801891,0.5060491432480148,0.00661450501084708,195,164,False,False,False,e18346d63fbacddc666f95ace0b9ff6dc2ad808afd27b673eca0a0854a2b23f7,34b3c147e97c71ce0a546f36c99889ac524059e7829cd27911103e6a6fe52ced,1.96,1.88,True,2024-07-01T11:05:00+00:00,2024-07-02T02:21:00+00:00,0.5026189440470149,0.5041176922188492,0.5003154735160024
te:2655617,2024-07-02,2024,2024-07-02,furness,dedura-palomero-d612d,2024-07-02T08:35:00+00:00,2024-07-01T02:36:00+00:00,0.0,2024-07-04T22:00:00+00:00,2024-07-02,1.91,1.91,0.5,0.0,0.6193800988740489,0.48691789502162824,0.8333333333333334,0.3,0.6343650580734186,0.6046836904475188,2.5403512626809288e-11,67,38,False,False,False,c5401e19ac38a7a9995632f995b7099186259f2dfd0d3fb001f91bbcc0ac05fc,6b2349efedff6bcc08cd52228fa1acf1876d0babd0b96e83232cfc2c91fb06b1,1.99,1.85,True,2024-07-02T06:23:00+00:00,2024-07-01T20:38:00+00:00,0.5137789481259278,0.5150364958444759,0.5144230186889667
te:2656263,2024-07-02,2024,2024-07-02,yunchaokete,peniston,2024-07-02T14:10:00+00:00,2024-06-30T16:18:00+00:00,0.0,2024-07-04T22:00:00+00:00,2024-07-02,1.87,1.95,0.5104712041884817,0.041890941709160225,0.5329042127658956,0.08991640443481946,1.5,0.8,0.6672151693839857,0.5286746546155601,5.690325988183531e-11,112,106,False,False,False,1ed8c1c5a208a122144d580c0bfb786358a5d2907ea69374aa1f373f38ecc02f,4c6df33cb679c50331a744999bd9da26eaedca0f8f8327f0d7d60efeaaad90e5,1.96,1.88,True,2024-07-02T06:15:00+00:00,2024-07-01T08:14:00+00:00,0.5236614645500048,0.5202096712112095,0.5276973329313009
te:2658379,2024-07-02,2024,2024-07-02,pieczkowski,denolly,2024-07-02T10:45:00+00:00,2024-07-02T00:07:00+00:00,0.0,2024-07-04T22:00:00+00:00,2024-07-02,1.99,1.83,0.4790575916230366,-0.08381867188307154,0.49243672418847845,0.053563260890111215,0.3333333333333333,0.3333333333333333,0.5458433775355005,0.7165084922078638,7.3155854568573986e-09,149,173,False,False,False,67c1c37a55fc123015023118250e4d1eeed448ebe778adf14bae0370425dc88b,86837683cc038388c90d6938339717639cf8c5741966b9095f13f059af981e0e,2.21,1.69,True,2024-07-02T10:21:00+00:00,2024-07-02T10:21:00+00:00,0.4939806103987189,0.4898531394057524,0.4862112547987002
te:2658399,2024-07-02,2024,2024-07-02,vandecasteele-87d37,schoolkate,2024-07-02T17:45:00+00:00,2024-07-02T02:17:00+00:00,1.0,2024-07-04T22:00:00+00:00,2024-07-02,2.02,1.81,0.47258485639686687,-0.10977066613537889,0.5827251122187813,0.4437410277319653,0.0,0.0,0.6447350938392136,0.7488812697939321,6.060614815561749e-09,86,168,False,False,False,1508b312172e3858514e9e2da6c45cf6ceb4737a32d1e5ce3cd7d4e404a19ccd,7df61e534386bb4fa81b9a3e71adb75bcbe1db5d787317bb033c365b3241ab66,1.93,1.91,True,2024-07-02T16:53:00+00:00,2024-07-02T16:53:00+00:00,0.48785156565248927,0.4883866496922274,0.4800713009339171
te:2658405,2024-07-02,2024,2024-07-02,brouwer-44152,langmo,2024-07-02T16:05:00+00:00,2024-07-02T02:13:00+00:00,0.0,2024-07-04T22:00:00+00:00,2024-07-02,1.94,1.88,0.4921465968586388,-0.03141619623337862,0.6085631902356403,0.47269285222979446,0.0,0.0,0.7683158179213764,0.6828280422453654,2.8074971708536012e-08,165,145,False,False,False,f57583a3c54d1bca258c282ac48401a1a53bd784ece2d9cf4231c5f5405f823b,868fa8220f1c6b2bb038aea41c435be141a0c95cce8999cc62f9a51231a8fb4b,1.89,1.94,True,2024-07-02T15:44:00+00:00,2024-07-02T15:44:00+00:00,0.5063600345071075,0.5073888962104223,0.49908335218320576
te:2658477,2024-07-02,2024,2024-07-02,papoe,orlov-d8e3f,2024-07-02T11:40:00+00:00,2024-07-01T19:35:00+00:00,1.0,2024-07-04T22:00:00+00:00,2024-07-02,2.02,1.81,0.47258485639686687,-0.10977066613537889,0.5916065082382905,0.4803812477678686,0.9,0.9,0.571979860884872,0.5000000000000001,0.01412825947667476,77,165,False,False,False,ab6b0962dd6705502d55bf417ac4105aeb153f381bd4587a2c194267a5336d14,de5e8387bdb1c34b03116f88c26d054270afa5933cea2c3dd25e9850bd354595,2.12,1.75,True,2024-07-02T08:01:00+00:00,2024-07-02T08:01:00+00:00,0.48785156565248927,0.4888288766023366,0.4932986704517852
te:2657573,2024-07-05,2024,2024-07-05,moreno-de-alboran-a31d1,barranco-cosano,2024-07-05T13:05:00+00:00,2024-07-02T11:50:00+00:00,0.0,2024-07-07T22:00:00+00:00,2024-07-05,1.71,2.16,0.5581395348837209,0.23361485118150513,0.6426405228441557,0.3532284403029581,0.75,0.016666666666666666,0.711891635380239,0.6983447661819403,8.91786644530157e-12,172,200,False,False,False,f06401d18832c244e9e6efd06d8071723092d751bee6f2e66569e208d0d61501,db4eabbcf5d5a262308131043d284b78f9397553665e0ee88db958bba937abbb,1.8,2.05,True,2024-07-05T07:58:00+00:00,2024-07-05T07:58:00+00:00,0.5685396176121758,0.5686119356859815,0.5653329335067705
te:2658841,2024-07-05,2024,2024-07-05,dodig-b6156,kirkin,2024-07-05T13:55:00+00:00,2024-07-02T15:59:00+00:00,0.0,2024-07-07T22:00:00+00:00,2024-07-05,1.77,2.07,0.5390625,0.15656906069153992,0.6221684678870415,0.3421934300348584,1.2,1.2,0.609315063936668,0.608393887787072,8.662916772816942e-10,190,200,False,False,False,7c9cffacd903cc8e64b3933d095613722ac4bf197d2ca9e1b3cfa2427abce8e2,d40913d2d631919944442d9ddfaac8b39001f6165a05198d45523ea6581a0e09,1.78,2.08,True,2024-07-03T10:00:00+00:00,2024-07-05T07:04:00+00:00,0.5505980104052847,0.5503988612918412,0.5590511985985962
te:2659957,2024-07-05,2024,2024-07-05,tien,sekulic-13abc,2024-07-05T15:50:00+00:00,2024-07-05T00:20:00+00:00,1.0,2024-07-07T22:00:00+00:00,2024-07-05,1.81,2.06,0.5322997416020672,0.12937913752375527,0.5835916799657459,0.208156105213433,0.9,0.03333333333333333,0.7915274190162634,0.6807875113406266,1.9976768156348967e-08,112,166,False,False,False,ce1fed1ae9556fe1899a3be7bc1edb0ac5b8d40e1dd153de2367bf51dbcf7220,85f3557a2b70e08fc962238fbd9570e255f95f2cb566803a521bb24e4cf013d3,1.78,2.12,True,2024-07-05T15:04:00+00:00,2024-07-05T15:04:00+00:00,0.5442322609976341,0.5423765021887091,0.5401050009325847
te:2660245,2024-07-05,2024,2024-07-05,masur-d87d6,hassan-1d510,2024-07-05T10:50:00+00:00,2024-07-04T17:30:00+00:00,0.0,2024-07-07T22:00:00+00:00,2024-07-05,1.74,2.16,0.5538461538461539,0.2162231084696361,0.6517869928344778,0.41068031989276976,0.0,0.0,0.7465488379833292,0.7244068552658337,6.701312005308324e-09,203,206,False,False,False,e82ab9cdd88271bcfbec28674eb72c70a74f4995fbf9b79e7c446bb328d9bacb,f9409eeaa81fd7b8cc4337e6235281d17702a55901278e17e076bfb92d8c436c,1.76,2.15,True,2024-07-05T10:26:00+00:00,2024-07-05T10:26:00+00:00,0.564503578848218,0.5652267018325121,0.5570765194030369
te:2660383,2024-07-05,2024,2024-07-05,seggerman,brouwer-44152,2024-07-05T16:10:00+00:00,2024-07-05T02:19:00+00:00,0.0,2024-07-07T22:00:00+00:00,2024-07-05,1.69,2.24,0.5699745547073791,0.2817473369319663,0.6484816789093113,0.33062458245309156,1.4,0.8333333333333334,0.722941385381227,0.761418807708182,7.681861868835682e-09,139,167,False,False,False,b5e2150fea6eb7eb207e48be1e8af929897c7e03ac6701b6b04cf965d742b992,3a8cc5024fc8b1076a1e0840ea42a7223a9bb6ce9a8feb3a010922d9d581370c,1.62,2.4,True,2024-07-05T15:11:00+00:00,2024-07-05T15:11:00+00:00,0.5796606308751885,0.5795526780438762,0.5865553927925432
te:2660493,2024-07-05,2024,2024-07-05,basavareddy,tomic-4ca3d,2024-07-05T20:25:00+00:00,2024-07-04T23:20:00+00:00,,,,1.97,1.88,0.4883116883116883,-0.04676176590803932,0.5965521585716124,0.43788123065124024,0.8333333333333334,0.23333333333333334,0.5000000000000001,0.5637564324046451,0.010555948348512159,62,178,False,False,False,04fadb2097cec157588bab2a080454f9def9add6beeec9e61fdf6106af2f22db,2c4f407c534a9b5474429c74bfd1dbb9765029d8d6af10d37f6f5ed4bd803ad3,2.04,1.83,True,2024-07-05T20:15:00+00:00,2024-07-05T20:15:00+00:00,0.5027349673188558,0.5033154144219789,0.5021661849945178
te:2661403,2024-07-09,2024,2024-07-09,kukushkin,rodionov-f5e38,2024-07-09T08:45:00+00:00,2024-07-07T10:29:00+00:00,1.0,2024-07-11T22:00:00+00:00,2024-07-09,1.83,1.99,0.5209424083769634,0.08381867188307154,0.6228474224315498,0.4178330884863909,0.0,0.0,0.8110352914182992,0.7254754453865836,1.4150902671872245e-12,165,156,False,False,False,2b92c028bb6926a895c2f494c6a3f655c63f9893c9943df6843ed6470406886e,f3a6035ea6079417083fdeed865199bba7c4ad137eb68d801931877816f1ce2b,1.8,2.05,True,2024-07-09T07:21:00+00:00,2024-07-09T08:20:00+00:00,0.5335341393143435,0.5341099403083165,0.525844643525147
te:2662229,2024-07-09,2024,2024-07-09,wolf-e839f,gea,2024-07-09T16:10:00+00:00,2024-07-07T15:30:00+00:00,0.0,2024-07-11T22:00:00+00:00,2024-07-09,1.88,1.94,0.5078534031413613,0.031416196233379066,0.6143135647569633,0.43406459793693275,0.65,0.65,0.5101569223298585,0.5000000157156026,0.007741360277426626,109,141,False,False,False,1f28c496f8ed01b63899024079b0fdff31af80aeedc734942fc38024365e8f63,f0387cc661924389bcdd64644d1e64ad118c7fd180e672ffc5a74fb8c669c378,1.97,1.86,True,2024-07-09T15:25:00+00:00,2024-07-09T15:25:00+00:00,0.5211917949215891,0.5218686492241682,0.5228019347828997
te:2662233,2024-07-09,2024,2024-07-09,draxl,brouwer-44152,2024-07-08T23:05:00+00:00,2024-07-07T15:20:00+00:00,1.0,2024-07-11T22:00:00+00:00,2024-07-09,1.88,1.93,0.5065616797900262,0.026248226074936154,0.6255160073774371,0.4867796361225999,1.4,0.16666666666666666,0.6288302258018481,0.6322440745594282,3.698414119679416e-07,136,167,False,False,False,66e0ab95c467fb35074b5ad0654be049dc053e34f70df3020b81a18d81849592,70c2cba13aa20b7e8adf042f3e7a50601ddaeec694e7c47070671b039be0d3e5,1.86,1.98,True,2024-07-08T22:40:00+00:00,2024-07-08T21:58:00+00:00,0.5199729341409098,0.5212758944696588,0.5232582699849504
te:2662237,2024-07-09,2024,2024-07-09,shimabukuro,marchenko,2024-07-09T16:05:00+00:00,2024-07-07T15:19:00+00:00,0.0,2024-07-11T22:00:00+00:00,2024-07-09,1.81,2.03,0.5286458333333333,0.11470894777596129,0.6628433079973651,0.5612818928920723,0.0,0.0,0.7752912659429858,0.7496347319566129,2.065320137134563e-12,123,137,False,False,False,531ddd8fa6b4026555cc4e1c17d463c8f7de607fefa66c2b11eddf91b567044a,d212816507ca4f47d13d08dfa9c966f09e294add39bbd44da2893e2a2ab31338,1.82,2.02,True,2024-07-09T11:08:00+00:00,2024-07-09T15:58:00+00:00,0.5407915048607401,0.5431423080387563,0.5349253230393184
te:2663839,2024-07-09,2024,2024-07-09,obradovic-71e10,faria-4754c,2024-07-09T08:10:00+00:00,2024-07-08T16:58:00+00:00,0.0,2024-07-11T22:00:00+00:00,2024-07-09,2.2,1.69,0.43444730077120824,-0.263728831429288,0.5523700501931973,0.47398014769689895,0.8,0.8,0.5596819804933132,0.6825813171098486,8.361590031480404e-10,142,214,False,False,False,9319876253199a5026102ab7e63f920c43c92d33d64fa972773e05bbbd63d256,32856b47d7888a08fb5ab9be6b9337e52db23ad4bbe85a281e85a34b141790fb,2.13,1.75,True,2024-07-09T05:53:00+00:00,2024-07-08T19:52:00+00:00,0.451628397093042,0.4522401803790316,0.45523758463604364
te:2665665,2024-07-12,2024,2024-07-12,holt-669c7,atmane,2024-07-11T23:05:00+00:00,2024-07-10T20:08:00+00:00,0.0,2024-07-14T22:00:00+00:00,2024-07-12,1.78,2.06,0.5364583333333334,0.14609261849749608,0.6469676336667476,0.4596439074480919,0.0,0.0,0.7135176942079033,0.7165913106075558,1.27462959631508e-09,139,193,False,False,False,8d58b870ed4732c2e62a3db2c947a433c46f447522a8f2cfa6591bee6a221c58,d5a1a6354992bebcaa06f21613ee9b4bd6ed0525c0db6fd573d5da7414c9e71b,1.68,2.24,True,2024-07-11T22:59:00+00:00,2024-07-11T22:59:00+00:00,0.5481470947151349,0.5493335468990328,0.5411232226138581
te:2666371,2024-07-12,2024,2024-07-12,dellien,royer,2024-07-12T10:45:00+00:00,2024-07-11T13:07:00+00:00,1.0,2024-07-14T22:00:00+00:00,2024-07-12,1.77,2.12,0.544987146529563,0.18043654209818355,0.6212324307733963,0.31434601132282786,0.38333333333333336,0.38333333333333336,0.6357200517304276,0.6786470445506997,7.98677146640614e-09,159,203,False,False,False,c2a0ed7dd91f3bb01e43426a706d241e39d5efc0f94ebbe7c572401e0309f31b,955a4a26bb43fa71f2d1fd9ca2843235aa965dfcb0129ed5da306e790ae1219b,1.78,2.13,True,2024-07-12T07:05:00+00:00,2024-07-12T09:00:00+00:00,0.5561723490981182,0.5556849271786309,0.5528704926351824
te:2666391,2024-07-12,2024,2024-07-12,bonzi-a38fa,shimizu-38ca9,2024-07-12T16:10:00+00:00,2024-07-11T14:29:00+00:00,0.0,2024-07-14T22:00:00+00:00,2024-07-12,1.88,1.98,0.5129533678756476,0.051825067864585767,0.6492978039820613,0.5641289905728355,0.6666666666666666,0.0,0.7216689550223171,0.7211512014203079,8.39578406797159e-13,173,116,False,False,False,5d19ae9d0000262b79b2363517db25c7cf2679e19c79c0cc930caf715a5f8900,093aeb07187c68e2b860bb0ec010eb91af40c88fa8073ba2bed59bae47612697,1.9,1.97,True,2024-07-12T15:47:00+00:00,2024-07-12T15:47:00+00:00,0.526002603672695,0.5282821161309689,0.5242922996823571
te:2666591,2024-07-12,2024,2024-07-12,monteiro-f1500,moro-canas,2024-07-12T15:10:00+00:00,2024-07-11T13:10:00+00:00,0.0,2024-07-14T22:00:00+00:00,2024-07-12,1.64,2.34,0.5879396984924623,0.35545468753350296,0.6355760746825442,0.20075928434829327,0.55,0.55,0.6985617515556323,0.6761591309603696,1.1947407341228455e-08,177,188,False,False,False,191ad104ccea4685f9cdbb8fac8337b2d59a1f8b963cd22171d4b0727e5ab8db,7ecab17cbd5d376c584e86847e7d8f9f5b0c5c417cffaf233165995937a47ae3,1.69,2.26,True,2024-07-12T14:42:00+00:00,2024-07-12T14:42:00+00:00,0.5965315170860849,0.5950447022876776,0.59459353184718
te:2666739,2024-07-12,2024,2024-07-12,vallejo-d7859,landaluce-84126,2024-07-12T13:30:00+00:00,2024-07-11T16:16:00+00:00,0.0,2024-07-14T22:00:00+00:00,2024-07-12,1.98,1.88,0.4870466321243523,-0.05182506786458622,0.6088453773689414,0.4942864712782368,0.8833333333333333,0.8833333333333333,0.6207101148305871,0.6847435960616118,3.809841331303687e-12,140,136,False,False,False,e5bb4ed53640ed640f7d97f13de0dc48d11ea00979f198cb41411856a14f38a8,9d28b1ca3d56cc89249b5acccb58d5df12357808a5ce488df541da616ed914ba,1.94,1.93,True,2024-07-12T09:12:00+00:00,2024-07-12T09:02:00+00:00,0.5015387872486115,0.5027910558111885,0.5070369724047231
te:2666769,2024-07-12,2024,2024-07-12,buse,medjedovic,2024-07-12T13:10:00+00:00,2024-07-12T00:00:00+00:00,1.0,2024-07-14T22:00:00+00:00,2024-07-12,2.01,1.85,0.4792746113989638,-0.08294908298075057,0.6335689429522375,0.6305075135816601,0.9,0.9,0.6759950192924785,0.7099404668978021,4.1191796973372163e-08,181,115,False,False,False,68cf93707fcba824a5c5c9aa8c6881ede072007ab4f025bea4f69562d68110c3,5e4eb0ad3fe04a1a1c9b549de3c740cd7bfc57998d2dbfd0c12e0fe6489a3813,2.15,1.76,True,2024-07-12T10:44:00+00:00,2024-07-12T09:21:00+00:00,0.4941860215603788,0.4970258307539446,0.5015251508915677
te:2666785,2024-07-12,2024,2024-07-12,van-de-zandschulp,cachin,2024-07-12T14:40:00+00:00,2024-07-11T23:50:00+00:00,1.0,2024-07-14T22:00:00+00:00,2024-07-12,1.81,2.06,0.5322997416020672,0.12937913752375527,0.6426566962510808,0.4575345798703455,1.4666666666666666,0.0,0.7428591999131834,0.7064053118259215,2.5415280990870315e-11,140,138,False,False,False,9e998648c5a55842d3e69cca63e58e2b922651ad69e2c57077aa02900d8443a6,1ccc54fb53a9d029e4e9bdec77a2aa25813e39162a148963d4311edcd5145b9c,1.74,2.18,True,2024-07-12T07:46:00+00:00,2024-07-12T10:31:00+00:00,0.5442322609976341,0.5453647313181949,0.546482790421347
te:2666827,2024-07-12,2024,2024-07-12,jacquet-d2059,neumayer,2024-07-12T15:40:00+00:00,2024-07-11T23:58:00+00:00,1.0,2024-07-14T22:00:00+00:00,2024-07-12,1.85,2.0,0.5194805194805195,0.0779615414697121,0.5972899468647574,0.3162242952874691,0.6166666666666667,0.05,0.5624408659579284,0.5000000000000001,0.004977075634651898,106,156,False,False,False,319cdfe0d8e05c486f3b135f093a1eb921187a72504f4faef4e00b153f6317ca,88be5956d2b404b808efb7dfdd41e245b7355e1d522266374d00e7513931b13d,1.83,2.05,True,2024-07-12T12:01:00+00:00,2024-07-12T12:01:00+00:00,0.532156367341411,0.5314997202629753,0.5275471110050608
te:2666829,2024-07-12,2024,2024-07-12,barrios-vera,andreev-8a7ee,2024-07-12T15:15:00+00:00,2024-07-12T00:00:00+00:00,,,,1.81,2.05,0.5310880829015544,0.12451294787258244,0.6201488588115066,0.36566715394742083,0.45,0.45,0.6050543065447989,0.5929768488872933,6.388414797164899e-11,132,178,False,False,False,3cdecd011e5f8ce7ee7e1db58caf8307655fdd57da7fb638345b6937ed6ac062,1df79f067d3b95741242c32260255134ea761449a1a193941eaee6ca0435d23d,1.82,2.06,True,2024-07-12T14:42:00+00:00,2024-07-12T14:42:00+00:00,0.543091393152253,0.5431145443656462,0.5412260803327328
te:2666911,2024-07-12,2024,2024-07-12,shimabukuro,schoolkate,2024-07-12T20:45:00+00:00,2024-07-12T11:29:00+00:00,0.0,2024-07-14T22:00:00+00:00,2024-07-12,1.71,2.2,0.5626598465473145,0.25196398984970136,0.6558775429790468,0.3930125356411823,0.31666666666666665,0.31666666666666665,0.7396829494911795,0.7368707354193827,6.310576708412619e-08,125,151,False,False,False,ad6d57b2350c545f260b997f6bf5572feecc16f5fc9974296d01e9e0ec2a9bbb,ab110739aa2f5cc98c46af347b2de73668c418b7dfe3c0bfebdbdb9f14b6975f,1.72,2.21,True,2024-07-12T18:02:00+00:00,2024-07-12T18:02:00+00:00,0.5727879794315142,0.5733632834823867,0.5696694922748406
te:2667857,2024-07-16,2024,2024-07-16,oberleitner,basic,2024-07-16T05:10:00+00:00,2024-07-14T13:03:00+00:00,0.0,2024-07-18T22:00:00+00:00,2024-07-16,1.78,2.06,0.5364583333333334,0.14609261849749608,0.6448888071842217,0.45055433184272864,0.35,0.35,0.7656291637740553,0.7197690420645427,1.716085304415138e-08,178,98,False,False,False,bd254b7e96cd51a90eabf434eb052a38880b91f2ea1f6a4a137ff080ecc017ca,ae254522d12cc41586a58010a384678eba14eff34f36f46b78a34b9755522c1a,1.88,1.96,True,2024-07-16T00:25:00+00:00,2024-07-16T00:25:00+00:00,0.5481470947151349,0.5492248500419672,0.5459487505894232
te:2667861,2024-07-16,2024,2024-07-16,simakin,vishwakarma,2024-07-16T10:15:00+00:00,2024-07-15T07:05:00+00:00,1.0,2024-07-18T22:00:00+00:00,2024-07-16,2.08,1.77,0.4597402597402597,-0.1613883471274889,0.608360318164077,0.6018134440216208,0.0,0.0,0.7634001105681768,0.678983119913069,1.2090328738167955e-13,145,85,False,False,False,375b7e250e3063b03dd73dec0d7cd84600a0a192a730a55351250dd14cad3398,1715680cb63a23df2b039e82a3a996f6be3d732b08b8afa6f44c9a92b11614be,2.17,1.71,True,2024-07-16T01:05:00+00:00,2024-07-16T03:22:00+00:00,0.4756737448569911,0.47801802514428443,0.4697332266241879
te:2668155,2024-07-16,2024,2024-07-16,lokoli,gautier,2024-07-16T20:10:00+00:00,2024-07-14T11:00:00+00:00,0.0,2024-07-18T22:00:00+00:00,2024-07-16,1.98,1.85,0.4830287206266319,-0.06791120561621031,0.5860064722928688,0.4153916998551509,0.0,0.0,0.5803247119502023,0.5000000000000001,0.012011036949096915,97,167,False,False,False,2652b957ada720fe8739d222abf85fdf2299f42b96fcb6f5b5ffc21fa997f573,0d96483a5939ec3c67a83bba4b95bcdcc3220c801e5c0107e8631bdcec9b90dc,2.19,1.7,True,2024-07-16T18:45:00+00:00,2024-07-14T11:17:00+00:00,0.49773846573871605,0.498008468530789,0.4896886886046031
te:2668161,2024-07-16,2024,2024-07-16,holmgren-a5794,merida-aguilar,2024-07-16T18:15:00+00:00,2024-07-14T13:05:00+00:00,0.0,2024-07-18T22:00:00+00:00,2024-07-16,1.75,2.1,0.5454545454545455,0.1823215567939549,0.62583703357532,0.3320770090513465,1.0666666666666667,1.0666666666666667,0.6603500127314792,0.6359778855223382,9.056743133228906e-10,169,181,False,False,False,9053944c1669a1e7dde31d28166ce46b6cd8e5324c54363b16113ba046fba32d,61f77182d1493a1df8c5997e9635eed4f25b562f79e5238897f8dbd9ce537d6e,1.74,2.13,True,2024-07-16T17:36:00+00:00,2024-07-16T17:36:00+00:00,0.5566120180377235,0.556339521621178,0.5631069640545383
te:2668909,2024-07-16,2024,2024-07-16,yunchaokete,pacheco-mendez,2024-07-16T14:10:00+00:00,2024-07-14T15:18:00+00:00,1.0,2024-07-18T22:00:00+00:00,2024-07-16,1.87,1.95,0.5104712041884817,0.041890941709160225,0.6043727962195696,0.3818279148525469,0.9333333333333333,0.9333333333333333,0.6867193253283796,0.6163786408968938,1.6395051982698305e-11,123,105,False,False,False,aff125c64251267a0d348d9eec5ace6f5f5f94b2ca944e2f7c45b2609646bfcc,343a1a5af902487eb0f06f919545a909776847efbe5f7c2ac38379b8f08888a7,1.92,1.92,True,2024-07-16T03:21:00+00:00,2024-07-16T03:21:00+00:00,0.5236614645500048,0.5237278898700573,0.5286692176632611
te:2670255,2024-07-16,2024,2024-07-16,watanabe-ca6dc,peliwo,2024-07-16T07:25:00+00:00,2024-07-15T12:51:00+00:00,1.0,2024-07-18T22:00:00+00:00,2024-07-16,2.12,1.74,0.45077720207253885,-0.19753097545748347,0.5683368855092208,0.47259987019753025,0.55,0.55,0.5000000000000001,0.6025308879350048,0.02486536138299958,93,152,False,False,False,d151d6744fd28b842ca68023582dfc15105884951ca7a6fea3dc8ea69b31428a,902b98956d5d1f16a4dbeda0b9e028f4bdcfd6d5cc6f7e0868d5e70543ea7ca0,2.11,1.76,True,2024-07-16T03:31:00+00:00,2024-07-16T03:31:00+00:00,0.46716317744786134,0.46788265706160614,0.4673664632092287
te:2671507,2024-07-16,2024,2024-07-16,andaloro,cui-f99f9,2024-07-16T16:25:00+00:00,2024-07-15T23:50:00+00:00,1.0,2024-07-18T22:00:00+00:00,2024-07-16,1.98,1.85,0.4830287206266319,-0.06791120561621031,0.5212648511004433,0.15302195020477757,0.48333333333333334,0.48333333333333334,0.5135453029908267,0.6613270049135348,6.445894054629697e-09,114,140,False,False,False,4b22a38598023f7a19fe3704192954fbe9d9d5788eafbbd5baecd5b32fb629da,186de4549cd993b491f39b4b16871194807acb993a9ce3dd562ec0a2a49023a4,2.1,1.76,True,2024-07-16T15:39:00+00:00,2024-07-16T13:04:00+00:00,0.49773846573871605,0.4948403404280537,0.4933464225299803
te:2673097,2024-07-19,2024,2024-07-19,holmgren-a5794,added,2024-07-19T16:10:00+00:00,2024-07-18T10:07:00+00:00,1.0,2024-07-21T22:00:00+00:00,2024-07-19,1.81,2.06,0.5322997416020672,0.12937913752375527,0.596976325763292,0.26350301451918257,1.5333333333333334,0.8666666666666667,0.7791782237266432,0.6812166735030459,3.4306519902660426e-08,174,176,False,False,False,4f3e0f86c9097da761c457ff270821d060cf628179760b24dc2f25fa245df1aa,21eb6dbd839f887cdd5d96de7cdd2ad21704de85b35329bb38bd2aa0e4cf07bc,1.8,2.09,True,2024-07-19T03:03:00+00:00,2024-07-19T03:03:00+00:00,0.5442322609976341,0.5430399789668874,0.551246724219773
te:2673463,2024-07-19,2024,2024-07-19,rincon-d1dab,guillen-meza,2024-07-19T12:20:00+00:00,2024-07-18T18:18:00+00:00,0.0,2024-07-21T22:00:00+00:00,2024-07-19,1.81,2.06,0.5322997416020672,0.12937913752375527,0.5649026450517325,0.13170445860574856,0.8333333333333334,0.8333333333333334,0.5987652454351821,0.7135085078070493,2.8616968794636932e-09,133,195,False,False,False,e04148a51f2abe63389973ee263b4a8b6fa8e25b4d39a16995fcc13bd27dacc9,b1af17f1035571ed9d3f07ec9104f9bf04a8048985b74344788437b82d06b347,1.78,2.12,True,2024-07-18T22:28:00+00:00,2024-07-19T08:06:00+00:00,0.5442322609976341,0.5414597834097904,0.544942926348224
te:2673465,2024-07-19,2024,2024-07-19,zakharov-faf08,dalla-valle,2024-07-19T09:10:00+00:00,2024-07-18T17:55:00+00:00,0.0,2024-07-21T22:00:00+00:00,2024-07-19,1.87,1.98,0.5142857142857141,0.057158413839947964,0.6203321511487412,0.433799859889955,1.3333333333333333,0.0,0.5932143046111725,0.6005752596588337,3.631001000425904e-07,153,189,False,False,False,3b089d31ea2b9251d6937300e5d3b678809a35ce1a349f3a5a4bef9d8e3cc144,10bfd25eb7a37921d4b12eef1a90410ee483601a0824747b830fc47edfdfdbd1,1.92,1.95,True,2024-07-19T05:31:00+00:00,2024-07-19T05:31:00+00:00,0.5272590288818536,0.5279790675078454,0.5282345810832382
te:2673533,2024-07-19,2024,2024-07-19,houkes,dellien-e101c,2024-07-19T17:10:00+00:00,2024-07-18T22:17:00+00:00,1.0,2024-07-21T22:00:00+00:00,2024-07-19,1.85,2.0,0.5194805194805195,0.0779615414697121,0.6090922337772714,0.3655365258218298,1.2,0.5333333333333333,0.5355004179394384,0.5000000000000001,0.016978070119488625,170,195,False,False,False,0091a43bac9158baa02e7c36bf23ae11e0bd387f9a85ccd96d64d8b162f344db,1458bec76babe612f28aad90179ac3a4e5e0557b9578d2ed08f5d8140b2a49c3,1.86,2.01,True,2024-07-19T13:33:00+00:00,2024-07-19T13:33:00+00:00,0.532156367341411,0.5320927922087083,0.5356276389069426
te:2673721,2024-07-19,2024,2024-07-19,bertrand-5e35a,lokoli,2024-07-19T21:05:00+00:00,2024-07-18T22:16:00+00:00,1.0,2024-07-21T22:00:00+00:00,2024-07-19,1.83,2.03,0.5259067357512953,0.10371982620036632,0.6049254209424767,0.3223107982427511,0.5833333333333334,0.11666666666666667,0.5467777438215263,0.5000000000000001,0.029418059631098573,236,99,False,False,False,8a3f0a7736b881c85b5b565363bf17beaced7aaae960affed2161c4bd03253c1,6e7a82a3b3a4aa5210d9ae5907b4633ff2812586a577f645e8697eeb4f87ce43,1.8,2.09,True,2024-07-19T19:40:00+00:00,2024-07-19T19:40:00+00:00,0.5382115404048053,0.5376761786440224,0.5340396643694993
te:2673739,2024-07-19,2024,2024-07-19,uchiyama,shimabukuro,2024-07-19T18:40:00+00:00,2024-07-18T22:09:00+00:00,1.0,2024-07-21T22:00:00+00:00,2024-07-19,1.66,2.29,0.579746835443038,0.3217342151976963,0.6346100949390805,0.23031155491605415,1.75,0.6833333333333333,0.6971756762141348,0.7480503036324605,6.733560653504611e-10,113,135,False,False,False,af90274fe120c643e8af8926e5ea546b7eeef122a665d98106d1268b4d537688,920fa5fb531115454b2c3c05ec95ed56a3631db7bb2c516fa814b92a0219497a,1.68,2.27,True,2024-07-19T03:12:00+00:00,2024-07-19T14:03:00+00:00,0.5888389970776757,0.5876292856601156,0.5956199914887916
te:2673743,2024-07-19,2024,2024-07-19,barrios-vera,zapata-miralles,2024-07-19T13:55:00+00:00,2024-07-18T22:18:00+00:00,0.0,2024-07-21T22:00:00+00:00,2024-07-19,1.91,1.94,0.5038961038961038,0.015584731016698041,0.6079686624214733,0.42319682815361453,0.9166666666666666,0.18333333333333332,0.636877501285148,0.5826999257753056,7.464344875529605e-08,135,119,False,False,False,2d46326ee778d3fa3e06daf39c92ac9307db0efdf9887102988218413d06bf7b,1d26e1c5ed2869e5265972b17f1e210ff134ea98244211fc7a90ff6f00508b71,1.88,2.0,True,2024-07-19T13:40:00+00:00,2024-07-19T13:40:00+00:00,0.5174572237536093,0.5179743429454949,0.5169793266515712
te:2673773,2024-07-19,2024,2024-07-19,escoffier,barroso-campos,2024-07-19T18:55:00+00:00,2024-07-19T07:00:00+00:00,1.0,2024-07-21T22:00:00+00:00,2024-07-19,1.97,1.88,0.4883116883116883,-0.04676176590803932,0.6200355115004793,0.536460721884076,2.0166666666666666,0.8833333333333333,0.7077102539619758,0.6525590192135486,3.9482195290929667e-10,169,203,False,False,False,8b2a8c963f558b119332aebe572a5d9b78c7fef131677ba60b97931521636245,2a01d2edc5c5209229e74afdab50fa977279105c5c8861186ba8ef0d5a0dc731,1.98,1.89,True,2024-07-19T17:48:00+00:00,2024-07-19T17:48:00+00:00,0.5027349673188558,0.5045057582841097,0.5160247898264211
te:2673789,2024-07-19,2024,2024-07-19,yunchaokete,kuzuhara,2024-07-19T19:50:00+00:00,2024-07-19T07:00:00+00:00,1.0,2024-07-21T22:00:00+00:00,2024-07-19,2.03,1.83,0.47409326424870474,-0.1037198262003661,0.5565295518578027,0.33080893232110375,1.6833333333333333,1.05,0.7751126321465978,0.6469578270303692,3.48173240238836e-09,131,182,False,False,False,f4e1d6d5db7256a2bb62ba9da21122cd11c95caedff649aa0e192631029fd028,f1a8caafa6b0fdb0a483687d1790f55cf9b30c9190513869529cac400c2869f3,2.06,1.82,True,2024-07-19T18:04:00+00:00,2024-07-19T18:04:00+00:00,0.4892803249461781,0.48846350579944303,0.49910474017855044
te:2674893,2024-07-23,2024,2024-07-23,blanchet,fatic-cddef,2024-07-23T08:20:00+00:00,2024-07-21T10:00:00+00:00,1.0,2024-07-25T22:00:00+00:00,2024-07-23,1.73,2.13,0.5518134715025906,0.208000571211646,0.6175034666250344,0.2709645210888599,1.3,1.3,0.573747825374818,0.5662023123909047,6.322771586853015e-08,151,144,False,False,False,e7cf8eafb70ac05293fc12e0292f9e7bd44541cf4b33dfe5f052a6d8a1e17a3d,e9dad9160b236e7faa840e489c5ea1235e8dcec700c58fd7ff1325e7efc166a1,1.8,2.06,True,2024-07-23T07:01:00+00:00,2024-07-23T06:18:00+00:00,0.5625923902453941,0.5616405286479331,0.5716353888169425
te:2674897,2024-07-23,2024,2024-07-23,gaubas,dalla-valle,2024-07-23T14:35:00+00:00,2024-07-21T09:34:00+00:00,1.0,2024-07-25T22:00:00+00:00,2024-07-23,1.81,2.02,0.5274151436031332,0.10977066613537934,0.6079344284777091,0.3288672620230434,1.0666666666666667,0.6,0.5000000000000001,0.5389577209741582,0.002506421881314308,210,190,False,False,False,fb9dc627ed85ef4686d7184404a3598a8e385b96544c58d372d3b230491030b0,d0a434f5a77e440cbe101acb76c1b871fcef0af350d05e16bf95a29e938a4e5c,1.82,2.03,True,2024-07-22T03:37:00+00:00,2024-07-23T05:55:00+00:00,0.5396323848942498,0.5391870049014328,0.5423806578998144
te:2677545,2024-07-23,2024,2024-07-23,boitan,barton-61a23,2024-07-23T14:55:00+00:00,2024-07-22T17:24:00+00:00,1.0,2024-07-25T22:00:00+00:00,2024-07-23,1.83,1.99,0.5209424083769634,0.08381867188307154,0.6088368230192869,0.3586068120688565,0.2833333333333333,0.2833333333333333,0.6911931347949245,0.6255525415717664,7.490119635633619e-13,175,139,False,False,False,cc94b8a50b2e16886d66175f12bd8804bd7948b2b657f07b69169cfdb885c019,d0b9179752e286c463c5f1127319ca62f74fba51b8007320a146ed82b5b5a28b,1.84,2.0,True,2024-07-23T10:03:00+00:00,2024-07-23T10:03:00+00:00,0.5335341393143435,0.5333980005494136,0.5291364098548047
te:2677557,2024-07-23,2024,2024-07-23,echeverria-ef17c,holmgren-a5794,2024-07-23T12:20:00+00:00,2024-07-22T20:37:00+00:00,1.0,2024-07-25T22:00:00+00:00,2024-07-23,1.88,1.93,0.5065616797900262,0.026248226074936154,0.5299149492805193,0.09355465722780701,0.9833333333333333,0.9833333333333333,0.6798599650209376,0.8305525220943929,5.21094503658226e-09,104,178,False,False,False,42d9b59ace2a43fc9b601e38bba04f052e35d1d2eba005eb69c0abebb28c6a73,55110962d4de40c5aa184ced9675e2988d35ee3bdb5df061d9df4ee23960f27b,1.83,2.02,True,2024-07-23T11:58:00+00:00,2024-07-23T11:58:00+00:00,0.5199729341409098,0.5165342483150264,0.5221433385667423
te:2677965,2024-07-23,2024,2024-07-23,krajinovic-96172,picchione,2024-07-23T11:35:00+00:00,2024-07-22T21:46:00+00:00,0.0,2024-07-25T22:00:00+00:00,2024-07-23,1.9,1.92,0.5026178010471204,0.010471299867295303,0.596963993787231,0.3823595963955532,0.6,0.6,0.5987196373870018,0.6760910826705969,2.189813996800183e-09,36,193,False,False,False,068c8e2611342791f408b63df576939e44a1ba76f105863709623ea654248b85,f70f0dcd99cc8e0af4066772f8e6ef16637729f8c8e7d74ace0614c6fe47aa22,1.89,1.94,True,2024-07-23T10:21:00+00:00,2024-07-23T10:21:00+00:00,0.5162505514554124,0.5162657649173499,0.5164785194176572
te:2677967,2024-07-23,2024,2024-07-23,basilashvili,andreev-8a7ee,2024-07-23T11:00:00+00:00,2024-07-22T21:45:00+00:00,,,,1.79,2.05,0.5338541666666666,0.13562417329765303,0.6075752839449091,0.30150720583200524,0.7666666666666667,0.7666666666666667,0.5399702117677442,0.5000000000000001,0.022419057032679462,134,181,False,False,False,0178f300a54a66ae849e82615ec3ca40124779a8db3265e93f1f68d3afc764d8,8c6682ceccafbbfac843fb190bc04c35d069d6e269881ec1492d4880317684a7,1.7,2.2,True,2024-07-23T10:42:00+00:00,2024-07-23T10:42:00+00:00,0.5456957148966023,0.5449707002592161,0.5475382678120913
te:2677975,2024-07-23,2024,2024-07-23,arnaboldi-d7371,nesterov-34bdf,2024-07-23T08:20:00+00:00,2024-07-23T00:26:00+00:00,0.0,2024-07-25T22:00:00+00:00,2024-07-23,2.09,1.76,0.4571428571428572,-0.17185025692665906,0.5901651815395041,0.5364985266375153,0.26666666666666666,0.26666666666666666,0.629280374128648,0.5503158065513646,4.017591534455356e-08,150,208,False,False,False,da0b25301582e4573455e9a5127e74118f97adba8bbfb5053bd04fce1e395cd4,6df7532eb6e36ab752fab8728bf95aeaa39eb4f91889e8f33785e49f248a509a,2.02,1.83,True,2024-07-23T03:44:00+00:00,2024-07-23T06:58:00+00:00,0.4732085874783691,0.4747457753400057,0.4702292544305526
te:2678065,2024-07-23,2024,2024-07-23,jubb,wu-f664e,2024-07-23T21:55:00+00:00,2024-07-23T01:47:00+00:00,1.0,2024-07-25T22:00:00+00:00,2024-07-23,1.81,2.02,0.5274151436031332,0.10977066613537934,0.5836553323402207,0.2280265128668758,1.15,1.15,0.7325087773954265,0.6318253274637778,6.976701968919308e-08,205,128,False,False,False,d320489d52a3a7565050f514c15721de70227a6eb76b5b16006dc670a7d55cb7,8d2466602e899925e369f32be1c93496e96d7be67441cb31ccfc6218112b6fb8,1.8,2.05,True,2024-07-23T20:53:00+00:00,2024-07-23T20:32:00+00:00,0.5396323848942498,0.5379765325582045,0.5459410097906837
te:2678867,2024-07-26,2024,2024-07-26,yunchaokete,jubb,2024-07-25T22:15:00+00:00,2024-07-24T12:30:00+00:00,0.0,2024-07-28T22:00:00+00:00,2024-07-26,1.78,2.06,0.5364583333333334,0.14609261849749608,0.6229291858157544,0.355907221560565,1.5166666666666666,1.5166666666666666,0.6159249923028004,0.6128824258624608,5.548957959788936e-10,141,205,False,False,False,4d7b96c15d974f80a958ac7e461b9516223aa73121972d7f61b8c7d9df246a4a,67c20877a4d503739eb6aac8c24b2174f7658d5ef5125fe674014ab50e2a77d3,1.74,2.14,True,2024-07-25T22:09:00+00:00,2024-07-25T22:09:00+00:00,0.5481470947151349,0.5480927439658156,0.561191421915898
te:2678985,2024-07-26,2024,2024-07-26,rincon-d1dab,taberner,2024-07-26T11:10:00+00:00,2024-07-25T08:11:00+00:00,1.0,2024-07-28T22:00:00+00:00,2024-07-26,1.91,1.94,0.5038961038961038,0.015584731016698041,0.6016624643050579,0.3968121410196204,1.2833333333333334,0.7833333333333333,0.5000000000000001,0.5540143792934793,0.016737248015400663,135,182,False,False,False,3b84e8dd04a6d1830a3433d328ab3b7c743ef25b0c35bd2e8c4ac634ab6e05f0,8b88cf5177cdd2f5120eb61f51d21d0f06a5684b5e70680efc50117428b407ee,1.88,1.99,True,2024-07-25T22:20:00+00:00,2024-07-26T02:12:00+00:00,0.5174572237536093,0.5176561336441531,0.5236747107018817
te:2679217,2024-07-26,2024,2024-07-26,barranco-cosano,comesana-c17e0,2024-07-26T16:00:00+00:00,2024-07-25T08:08:00+00:00,0.0,2024-07-28T22:00:00+00:00,2024-07-26,1.92,1.93,0.5012987012987012,0.005194816877103783,0.6190262448586044,0.48022236510019645,0.0,0.0,0.5825737927043392,0.5925297201139984,1.1126242427383914e-09,198,175,False,False,False,a7b03f35a7ddaa55ebb1f2e24f73680582cff52d00d22aa8d6c7395dc5075028,2c1778c8b1012aeba4ca7091f37c4ba1fff64d6c0078b64b342e23dfd0f59f6f,1.9,1.97,True,2024-07-26T09:47:00+00:00,2024-07-26T09:47:00+00:00,0.5150052035015262,0.5161913383878984,0.5078976079215395
te:2679323,2024-07-26,2024,2024-07-26,arnaboldi-d7371,bueno-01b7e,2024-07-26T11:05:00+00:00,2024-07-25T08:11:00+00:00,0.0,2024-07-28T22:00:00+00:00,2024-07-26,1.86,2.0,0.5181347150259067,0.07257069283483525,0.6028471474555707,0.34477175936246335,0.6,0.6,0.5515019035709827,0.5000000000000001,0.0006236140900874737,154,151,False,False,False,83d0c78d46b17390d38bd5358816c8331e5e66a16b6243d727833d2b170e52ad,f6ff456fb1188734640e667a1096de64c4fb5f737d4aeaa4a489ebe8da742a1c,1.84,2.04,True,2024-07-26T02:22:00+00:00,2024-07-26T02:22:00+00:00,0.5308878447683548,0.5305645710934082,0.5307812817611339
te:2679367,2024-07-26,2024,2024-07-26,basilashvili,de-jong-57322,2024-07-26T16:10:00+00:00,2024-07-25T09:07:00+00:00,1.0,2024-07-28T22:00:00+00:00,2024-07-26,1.93,1.93,0.5,0.0,0.5844740713666557,0.3411674037649961,0.6166666666666667,0.6166666666666667,0.524939800529176,0.609168154894932,2.074414370833999e-08,138,154,False,False,False,f73279b8dc6983dbf8e38d467a1ac4af1099e2f7a25fd7b06282237fb25c706c,f131bb1abe48f771f8f3c98313f4dbd1a4f2f695288c04308c9bb5369b245c31,2.08,1.81,True,2024-07-26T15:07:00+00:00,2024-07-26T07:09:00+00:00,0.5137789481259278,0.5132778681851571,0.5137191321335643
te:2679911,2024-07-26,2024,2024-07-26,burruchaga,shelbayh,2024-07-26T16:35:00+00:00,2024-07-25T17:12:00+00:00,0.0,2024-07-28T22:00:00+00:00,2024-07-26,1.88,1.97,0.5116883116883117,0.04676176590803954,0.6134893263562133,0.41524161633835294,0.3,0.3,0.5168942344086312,0.5000000000000001,0.0015263957481259083,192,158,False,False,False,7804802202828d4fcc31c74584937e19fb6a906be375cdc648b9a348c0a82ec9,8e872e6bae3abfbd9ad244d19f80d1e46e96715d6f8d1003cff54617aa7e96c5,1.89,1.98,True,2024-07-26T11:13:00+00:00,2024-07-26T11:13:00+00:00,0.524809490194738,0.52528731203712,0.5212572377379932
te:2680489,2024-07-26,2024,2024-07-26,escoffier,lock-92b29,2024-07-26T13:10:00+00:00,2024-07-26T01:51:00+00:00,0.0,2024-07-28T22:00:00+00:00,2024-07-26,2.04,1.82,0.4715025906735752,-0.11411330676742078,0.6013071283300284,0.5250277643113025,2.1166666666666667,0.6833333333333333,0.7509660784556379,0.662968229745277,4.3564762908232524e-11,178,189,False,False,False,fb41aef4eff7bb6ea232f606fac38ef37c4783b8d70a71fb0ca7109d05d92412,df8a719bfe6bea640005b149653235cb24bc49569ce239c422c709a08ebc8c7f,2.05,1.83,True,2024-07-26T09:34:00+00:00,2024-07-26T09:34:00+00:00,0.48682627724056693,0.4883343423640147,0.49892598348052536
te:2681819,2024-07-30,2024,2024-07-30,campana-lee,barranco-cosano,2024-07-30T14:10:00+00:00,2024-07-28T08:19:00+00:00,1.0,2024-08-01T22:00:00+00:00,2024-07-30,1.86,1.96,0.5130890052356021,0.052367985517315925,0.5622547676153742,0.19795000489188763,1.4833333333333334,0.21666666666666667,0.5000000000000001,0.6092173043938988,0.002465378539882712,135,202,False,False,False,3faa9f7a4c7c88c6287e61849cc2147268220a16c6601d35e9db0580492b1b19,aa925346877bae9b7553c5eecf6425b79cbd8f365a20590ee7696f59bbb30125,1.87,1.97,True,2024-07-29T02:20:00+00:00,2024-07-29T02:20:00+00:00,0.5261305190849326,0.5240012680435523,0.5268635169849568
te:2681831,2024-07-30,2024,2024-07-30,travaglia,rodionov-f5e38,2024-07-30T10:30:00+00:00,2024-07-28T08:23:00+00:00,1.0,2024-08-01T22:00:00+00:00,2024-07-30,1.78,2.06,0.5364583333333334,0.14609261849749608,0.6292047045517057,0.3827138836565238,1.1166666666666667,0.48333333333333334,0.6829583593170452,0.6545843303474684,1.615779732233591e-11,149,143,False,False,False,fb8418416107da59ae9346fab712e3180de3088330e7634210b8bc858a253816,09d3e7d3c3d8cb4ab8609cbcc0af8e74be6d382fb4cb46a61a6f466a1cb79299,1.79,2.07,True,2024-07-29T02:24:00+00:00,2024-07-29T02:24:00+00:00,0.5481470947151349,0.548413438553738,0.551028274891678
te:2681855,2024-07-30,2024,2024-07-30,dellien,svrcina,2024-07-30T16:15:00+00:00,2024-07-28T10:15:00+00:00,0.0,2024-08-01T22:00:00+00:00,2024-07-30,2.04,1.79,0.46736292428198434,-0.13073418800346137,0.5616293381042637,0.3785114670284957,1.5333333333333334,0.9,0.6530031847670044,0.5406724793619452,3.5122044161894905e-12,167,137,False,False,False,1c90f035193cac3860b1deac3fac184c677f19f7063cbc5b7bbe2d7efa163e99,8f78a98a7a35508df9e0bbf890318b5ad397b9736ba7ace098c75b08ff49e831,1.97,1.87,True,2024-07-29T12:47:00+00:00,2024-07-29T12:47:00+00:00,0.48290322081937914,0.48261271799057665,0.49112131537993015
te:2683617,2024-07-30,2024,2024-07-30,lopez-montagud,ramos-vinolas,2024-07-30T11:00:00+00:00,2024-07-29T18:39:00+00:00,1.0,2024-08-01T22:00:00+00:00,2024-07-30,1.9,1.92,0.5026178010471204,0.010471299867295303,0.6263890117845407,0.5062851851706626,0.35,0.35,0.6336439385709461,0.637383736821526,2.2451294812153577e-07,171,165,False,False,False,be188a4a49d9b9b80ddb6ff87169ee05f24bfb327eabe23f5c732e4429b14f8b,d1ee44d7dab0625081d18c93e57ab79539f039a2bb5857f82c27258026db395d,1.97,1.87,True,2024-07-30T07:33:00+00:00,2024-07-30T07:33:00+00:00,0.5162505514554124,0.5177605205199071,0.5144438465447706
te:2685555,2024-08-02,2024,2024-08-02,diallo-dd116,quinn-d0193,2024-08-02T16:05:00+00:00,2024-07-31T06:28:00+00:00,1.0,2024-08-04T22:00:00+00:00,2024-08-02,1.76,2.08,0.5416666666666667,0.16705408466316649,0.5496030405837978,0.03201286263681352,1.2666666666666666,1.2666666666666666,0.8623920738768551,0.7198938699126387,9.102773401714614e-08,157,153,False,False,False,8c3552a735af803ffb08da57c184cdec60ba21b41f614be6ac17bd7a1f145b65,999f62203412c62e85b1f49854bcb75bf948df3751dcfa20b33939d396e0ae9a,1.81,2.04,True,2024-08-01T12:15:00+00:00,2024-08-01T12:15:00+00:00,0.5530484764837557,0.5491619536088774,0.558707120763411
te:2685783,2024-08-02,2024,2024-08-02,guinard,vrbensky,2024-08-02T09:10:00+00:00,2024-08-01T08:24:00+00:00,1.0,2024-08-04T22:00:00+00:00,2024-08-02,1.81,2.05,0.5310880829015544,0.12451294787258244,0.6147683752715424,0.3428878473612467,0.75,0.75,0.5016316401989062,0.5000000001725405,0.01691102486602311,133,189,False,False,False,3dfdd82fc99931d9f817be9ef7f16d33f9ab1b372f04e468f6299109ea7d0509,ee0bf842d2be66fcc93abe86239ff03c4bbed3b6da1be88514a6adfc297243f8,1.82,2.06,True,2024-08-02T02:25:00+00:00,2024-08-02T02:25:00+00:00,0.543091393152253,0.5428415004815944,0.5451807598136387
te:2685889,2024-08-02,2024,2024-08-02,moro-canas,butvilas,2024-08-02T10:10:00+00:00,2024-08-01T08:20:00+00:00,1.0,2024-08-04T22:00:00+00:00,2024-08-02,1.74,2.16,0.5538461538461539,0.2162231084696361,0.6317742149634145,0.32361267072037225,0.65,0.65,0.66403589494053,0.6908754785855918,7.340239527309222e-13,184,164,False,False,False,fb97e45372f596b189d3a38a66109167a5eb51f95b4826d8ec14c13097d0d4a2,ec5b6d77ba20a4c31a30cc1b4b4784cb5e9a0165c9b6ba01d295cc77e55d6070,1.73,2.2,True,2024-08-02T08:08:00+00:00,2024-08-02T04:42:00+00:00,0.564503578848218,0.5641929090602089,0.5651259433637446
te:2685903,2024-08-02,2024,2024-08-02,tseng-5c1bc,heide-17a3d,2024-08-02T14:10:00+00:00,2024-08-01T08:21:00+00:00,0.0,2024-08-04T22:00:00+00:00,2024-08-02,1.77,2.12,0.544987146529563,0.18043654209818355,0.6095380599251145,0.26493434944465094,1.0,0.13333333333333333,0.5000000000000001,0.5340769284124146,0.006853208629681112,165,160,False,False,False,edaf5df8a9c0da53e3de2cdd24e366d98270f0f9bc9b9bd594e5930dbfb03118,fd298604c93203f5c1834b0223c1792795d44fe709642975f6dad1ef77e00a7a,1.76,2.15,True,2024-08-02T02:25:00+00:00,2024-08-02T02:25:00+00:00,0.5561723490981182,0.5550955690615537,0.5542572040494902
te:2686217,2024-08-02,2024,2024-08-02,wong-d3ead,braswell-7a1b7,2024-08-02T18:40:00+00:00,2024-08-01T08:26:00+00:00,1.0,2024-08-04T22:00:00+00:00,2024-08-02,1.83,2.04,0.5271317829457364,0.10863384100279519,0.6457046671988402,0.49157754795550557,0.6833333333333333,0.6833333333333333,0.712673108265155,0.7458456565252273,1.6126266988436555e-12,164,56,False,False,False,0468d5346ccff18478c49af8d873c1b78f592abf1bfecba80f59cf3267577d7b,21b567b1e49f1229d6529bf1391072be957015ea6281aa3194ac0cd929b05fe1,1.8,2.09,True,2024-08-02T03:29:00+00:00,2024-08-02T03:29:00+00:00,0.5393654866287056,0.5408703225996544,0.5422912931231242
te:2686371,2024-08-02,2024,2024-08-02,van-de-zandschulp,droguet,2024-08-02T12:50:00+00:00,2024-08-01T21:17:00+00:00,,,,1.88,1.97,0.5116883116883117,0.04676176590803954,0.6458210156300249,0.5539582429733547,0.3333333333333333,0.3333333333333333,0.7240783245723712,0.7078767034900815,7.328027074038346e-13,161,160,False,False,False,153630ed295a72e8d7fe10670a8ef020fc6d3d01e06b01f5dee8b1c2883cc438,880ddaa928256c9ac0ba970115191fe1e7d5a4bfa4bb75990ad28697f4860d71,1.85,2.02,True,2024-08-02T11:35:00+00:00,2024-08-02T11:35:00+00:00,0.524809490194738,0.5269578397862562,0.5234234809871082
te:2686483,2024-08-02,2024,2024-08-02,comesana-c17e0,pellegrino-fd654,2024-08-02T14:10:00+00:00,2024-08-02T02:07:00+00:00,0.0,2024-08-04T22:00:00+00:00,2024-08-02,1.98,1.88,0.4870466321243523,-0.05182506786458622,0.6043639620442427,0.47550697792783475,1.3,0.1,0.5989583550126384,0.5453803198774726,2.028853474111969e-11,179,153,False,False,False,ee3ad523151df309416fad4480f0f1a26419866d4e75f66e1938348859670800,c2790c6244f58e039a268ecef3dbeb2e2cded5ad3d064fb2a7a5135ac3acb307,1.96,1.91,True,2024-08-02T13:36:00+00:00,2024-08-02T13:36:00+00:00,0.5015387872486115,0.5025642866232628,0.5033744644013697
te:2686501,2024-08-02,2024,2024-08-02,tu-41622,nava-337db,2024-08-02T17:55:00+00:00,2024-08-02T00:40:00+00:00,1.0,2024-08-04T22:00:00+00:00,2024-08-02,1.74,2.17,0.5549872122762148,0.22084205432593051,0.6525871588567195,0.40958883605106977,0.7,0.13333333333333333,0.7378088913211412,0.7263241405537566,7.301958482308635e-10,155,170,False,False,False,592a751175cdfcb450603ab4df58e9523a70d415ced75213677bb1a54acd3f51,164f569ccb6b7477ae0d58d15ec8cdbb466edb6d9a415ef5382610ea05380c5a,1.75,2.16,True,2024-08-02T00:44:00+00:00,2024-08-02T12:34:00+00:00,0.5655763376301531,0.5662944418904683,0.563597198681891
te:2686557,2024-08-02,2024,2024-08-02,holmgren-a5794,reymond,2024-08-02T13:15:00+00:00,2024-08-02T00:20:00+00:00,1.0,2024-08-04T22:00:00+00:00,2024-08-02,1.7,2.22,0.5663265306122449,0.26687894482201774,0.6007719465902318,0.14180364507192084,1.35,0.48333333333333334,0.7361445481316501,0.6509206981318445,9.92727344772959e-10,179,62,False,False,False,576f9fc818380cc841a99b050840745037857107eb4412703e6cf28a81658be5,bccdbe83b79cef0b37ad1602b6658e9b9c21d78b26bfaa14beab0bd3c7df755e,1.78,2.12,True,2024-08-02T07:05:00+00:00,2024-08-02T11:45:00+00:00,0.5762333637051735,0.5738696107929318,0.5778949974749452
te:2687583,2024-08-06,2024,2024-08-06,dellien,rehberg-2d8d7,2024-08-06T12:00:00+00:00,2024-08-04T14:04:00+00:00,0.0,2024-08-08T22:00:00+00:00,2024-08-06,1.93,1.89,0.4947643979057591,-0.02094317384524342,0.6316440670564595,0.5602195444972733,0.6333333333333333,0.6333333333333333,0.7393940974254715,0.6883174251551161,7.831532200519575e-09,166,154,False,False,False,2aa765f7a542ea3bf721f067bc6506600f89320913ad958bc44229c6a49467ba,6bdc80c6ad08944a7b70d6a89b9c5a41ac9caa0583477f41a395d276597a82ae,2.0,1.84,True,2024-08-06T03:41:00+00:00,2024-08-06T03:41:00+00:00,0.508833704442617,0.5109381366632227,0.5116470992967753
te:2688105,2024-08-06,2024,2024-08-06,kingsley-84b50,johns-b2ed0,2024-08-06T15:10:00+00:00,2024-08-04T13:20:00+00:00,0.0,2024-08-08T22:00:00+00:00,2024-08-06,1.68,2.2,0.5670103092783505,0.26966356694910254,0.6389527655255716,0.301158172137862,0.7333333333333333,0.7333333333333333,0.6863757176223294,0.6975291371722129,1.6765325239198603e-10,100,119,False,False,False,df5a729e12b0f5a5c3fdbc480945ea1f5f94c0f270bd1061c0caca894b809b01,43f368fcd0c459342e696290fe0f7b840d20314d0af3aed4b380fe56fd4947cf,1.71,2.18,True,2024-08-06T14:35:00+00:00,2024-08-06T14:35:00+00:00,0.5768758071954798,0.5763984861707504,0.57848574695168
te:2688119,2024-08-06,2024,2024-08-06,fearnley,brouwer-44152,2024-08-06T20:40:00+00:00,2024-08-04T20:13:00+00:00,0.0,2024-08-08T22:00:00+00:00,2024-08-06,1.89,1.93,0.5052356020942408,0.020943173845242972,0.5433657742694756,0.1529568476650756,0.0,0.0,0.7217393998364787,0.5885409084215916,2.0292029834223513e-08,98,162,False,False,False,08ecb609e75e840e8d7b3ee9db34a953f855cf11321df09a64434580a7d0ae6e,52764bacdab94733ac0078e1c57c98d2bed02a1a5cee265b4aa138aa1273edba,1.93,1.91,True,2024-08-06T18:54:00+00:00,2024-08-06T18:54:00+00:00,0.5187214954699992,0.5159890798811755,0.5076464201953996
te:2689773,2024-08-06,2024,2024-08-06,squire,milev,2024-08-06T10:30:00+00:00,2024-08-05T18:41:00+00:00,0.0,2024-08-08T22:00:00+00:00,2024-08-06,1.9,1.92,0.5026178010471204,0.010471299867295303,0.5945331804751761,0.37226618298358366,1.5666666666666667,1.0666666666666667,0.6597479728344526,0.5821437686067101,9.089721583754873e-08,204,167,False,False,False,46d95befe736f6ab3c0d192cb581498fac499ef8f0ab46c1b93aafd5ea79498d,fedb1e0bfa4f64b128d0f406d8c0b7600f92a66b8e5aa5059f4ed8f73f56e3b3,1.95,1.88,True,2024-08-06T07:04:00+00:00,2024-08-05T19:59:00+00:00,0.5162505514554124,0.5161440078227425,0.5261761650597843
te:2689781,2024-08-06,2024,2024-08-06,ambrogi,sanchez-izquierdo-99add,2024-08-06T13:20:00+00:00,2024-08-05T18:48:00+00:00,1.0,2024-08-08T22:00:00+00:00,2024-08-06,1.98,1.84,0.48167539267015713,-0.07333127308554936,0.6004715581614719,0.48076159362885407,1.95,0.38333333333333336,0.5564303251665895,0.5000000000000001,0.0007807673519882319,147,169,False,False,False,bd6d66fab55e12633bc9d7048c6e8fbf9c881ac2b58c0fb97d034a859eefc790,6a1925567c6f41ae2a4a7aa12f1e591d56a93499ee93e51860658f8c71afa344,2.02,1.83,True,2024-08-06T09:16:00+00:00,2024-08-06T09:16:00+00:00,0.4964580214076508,0.49750741338698906,0.5046931755923286
te:2689783,2024-08-06,2024,2024-08-06,giustino-1d545,picchione,2024-08-06T10:15:00+00:00,2024-08-05T18:49:00+00:00,1.0,2024-08-08T22:00:00+00:00,2024-08-06,2.01,1.82,0.47519582245430814,-0.09929822098228022,0.6013462471901958,0.5103758553776023,0.7,0.03333333333333333,0.5546659949211911,0.5000000000000001,0.012226270332102343,174,192,False,False,False,5bf3d9f24912cf2bfe71d613c24ba2df902b61212e6812871cd7faaa8d398310,17f3670968f318776bb65814f9c9fa35020c66860aa98944b323335f5df40207,1.98,1.86,True,2024-08-06T06:34:00+00:00,2024-08-06T06:34:00+00:00,0.4903244920138256,0.49168335413073644,0.4881237159872521
te:2691311,2024-08-09,2024,2024-08-09,mayo-58e8a,smith-4a480,2024-08-08T23:40:00+00:00,2024-08-07T14:29:00+00:00,1.0,2024-08-11T22:00:00+00:00,2024-08-09,1.88,1.93,0.5065616797900262,0.026248226074936154,0.6305201487786612,0.5082006765912974,0.8666666666666667,0.1,0.6544711814411972,0.6578421535588401,4.744768744568972e-09,146,64,False,False,False,349c7a4dcf794a226c6886107a48ddb59eefb9a5b3c0a65fbe0c37e68900c807,5c95a39ba550b9f653a68cf387ef0e3b9a9598a7b09c9c49f8d9f6622d0df198,1.81,2.03,True,2024-08-08T11:45:00+00:00,2024-08-08T14:38:00+00:00,0.5199729341409098,0.5215340946426333,0.5195859609796775
te:2691919,2024-08-09,2024,2024-08-09,mejia-a7d27,popko,2024-08-09T20:00:00+00:00,2024-08-08T16:10:00+00:00,1.0,2024-08-11T22:00:00+00:00,2024-08-09,1.73,2.17,0.5564102564102563,0.22660575904268024,0.6065810856841952,0.2063576709617951,0.0,0.0,0.542217345053637,0.5901608281138863,1.1734282989728229e-10,160,236,False,False,False,cace60f6795167a33b9f69c490a2a5f6d7623701139c51118fb089f0ee6f4d57,d9c92e340e3be58463c0a5576574e401315f1122441a166c72303ccba4a8b961,1.74,2.18,True,2024-08-09T19:03:00+00:00,2024-08-09T19:03:00+00:00,0.5669141066309695,0.5652312665621938,0.5570511356912842
te:2691933,2024-08-09,2024,2024-08-09,blockx,arnaboldi-d7371,2024-08-09T16:20:00+00:00,2024-08-08T16:00:00+00:00,0.0,2024-08-11T22:00:00+00:00,2024-08-09,1.93,1.93,0.5,0.0,0.5973786566139334,0.3945546523406318,1.0666666666666667,0.43333333333333335,0.6155688371336814,0.6961613861916447,1.867841992186925e-11,136,161,False,False,False,a4fd98b3fb47703dae044db173dcd5290a886186031584d60831b0b172a82e11,d0d4446746de7bd960db6fcb74235949b53ac6b24db47f0b7a56966d60c1e21e,1.89,1.98,True,2024-08-09T13:49:00+00:00,2024-08-09T13:49:00+00:00,0.5137789481259278,0.5139220800056185,0.5158280980007344
te:2691963,2024-08-09,2024,2024-08-09,marterer,squire,2024-08-09T15:05:00+00:00,2024-08-08T16:06:00+00:00,0.0,2024-08-11T22:00:00+00:00,2024-08-09,1.72,2.18,0.558974358974359,0.237000585975636,0.635678835973125,0.31965707755920114,0.55,0.55,0.6769816438385791,0.7004920099570275,1.1846844394369782e-08,154,204,False,False,False,a6337d7c173a0a8d35e67ff579b4352fba5a7d64bf2d7ec459ff5646cc38db72,8bb205a215a51c98d573ad0eab786cc83d929c600fa6fe3e7eadb29cc23cb1b5,1.73,2.2,True,2024-08-09T13:57:00+00:00,2024-08-09T13:39:00+00:00,0.5693242926938185,0.5690050517911855,0.5685446743556624
te:2692269,2024-08-09,2024,2024-08-09,dellien,hemery,2024-08-09T11:10:00+00:00,2024-08-08T19:07:00+00:00,0.0,2024-08-11T22:00:00+00:00,2024-08-09,1.85,2.01,0.5207253886010362,0.08294908298075078,0.5705223392935732,0.2010335152026126,1.7333333333333334,0.5,0.7326794816754021,0.620508805447359,9.124728750364852e-12,166,177,False,False,False,ae37289a0fc348eed635b5bc09ad1cf308bc7e5d4b4972533b261d86e1a1725b,ad9a2caa1a8413264ef2a56f3fd81e0b506c966098d97324e83553c3f6858766,1.88,2.0,True,2024-08-09T07:34:00+00:00,2024-08-09T10:47:00+00:00,0.5333296178582887,0.5312969863916431,0.5379525546237165
te:2692293,2024-08-09,2024,2024-08-09,landaluce-84126,choinski,2024-08-09T10:40:00+00:00,2024-08-08T18:13:00+00:00,0.0,2024-08-11T22:00:00+00:00,2024-08-09,1.79,2.08,0.537467700258398,0.1501522738605631,0.632862945082681,0.39436638340155594,0.65,0.65,0.7043080620793574,0.6720659052069043,7.026998760650827e-08,142,159,False,False,False,672d3397cd02610bf87629e52c4238bd08fc624bdeb461fd0d82815b1214ec33,ca6f86056e54736687ef83b5c1d2b9dc17a915e16ead5aa1d21ec2ef37aefbd5,1.87,2.0,True,2024-08-09T07:04:00+00:00,2024-08-09T06:16:00+00:00,0.5490971163243167,0.5495100879431725,0.5504495069620811
te:2692351,2024-08-09,2024,2024-08-09,taberner,bonadio,2024-08-09T18:15:00+00:00,2024-08-09T07:17:00+00:00,0.0,2024-08-11T22:00:00+00:00,2024-08-09,1.93,1.92,0.49870129870129865,-0.0051948168771042275,0.6099990426940467,0.4525030109378789,1.0166666666666666,0.4166666666666667,0.5325403581375727,0.5000000000000001,0.011440980949236845,186,113,False,False,False,42c396dc806ac0185ddc30069a1994e6d162eb08bf973d6669e8265a19c301dd,dd97942d494ec728d935200475031958fd773215e050c1117dc514b455507ddb,1.9,1.97,True,2024-08-09T17:48:00+00:00,2024-08-09T17:48:00+00:00,0.512552526846428,0.5133854244454693,0.5148495170153499
te:2692413,2024-08-09,2024,2024-08-09,fearnley,mayo-58e8a,2024-08-09T19:20:00+00:00,2024-08-09T07:21:00+00:00,1.0,2024-08-11T22:00:00+00:00,2024-08-09,2.13,1.76,0.4524421593830334,-0.19080817067127342,0.5279526438583049,0.3027354493314427,0.5666666666666667,0.1,0.7511457762559253,0.6044752263054752,6.48307740824805e-10,100,148,False,False,False,cc2ba81f920fce41f9ef0f3b68342d71e5572bb93f7072c184a885a025eb7f2a,65f43306a06051b986b3fae5a4fb6d3b59cf4732785cfbca988b64b5ccf64434,2.1,1.79,True,2024-08-09T17:42:00+00:00,2024-08-09T17:42:00+00:00,0.46874491107459254,0.46743392833651887,0.4635079361849754
te:2692875,2024-08-13,2024,2024-08-13,basavareddy,walton,2024-08-13T01:15:00+00:00,2024-08-11T12:46:00+00:00,0.0,2024-08-15T22:00:00+00:00,2024-08-13,1.88,1.94,0.5078534031413613,0.031416196233379066,0.614231391512453,0.43371779022089646,0.9833333333333333,0.38333333333333336,0.5716173361372814,0.6049420089385374,2.5937417841293e-07,79,207,False,False,False,c2997cb708a6a24c8b040bceea7fa03aace71e393b0c1d6fdff5012554138618,2d72bad5650b03ba61db303dc8b4e1f0d0a744fba9d7144bf1d9a15182845e85,1.84,2.0,True,2024-08-12T20:18:00+00:00,2024-08-12T20:18:00+00:00,0.5211917949215891,0.5218644692849438,0.5228572734448113
te:2693295,2024-08-13,2024,2024-08-13,escoffier,bertrand-5e35a,2024-08-13T08:40:00+00:00,2024-08-11T13:37:00+00:00,1.0,2024-08-15T22:00:00+00:00,2024-08-13,1.97,1.85,0.48429319371727747,-0.06284790365966375,0.5923468326382937,0.4365235000488353,0.0,0.0,0.5708070756630945,0.5000000000000001,0.0035852444491972224,173,239,False,False,False,6897f10c51bbd28664cac6053f6e10961b04440b97c22d19fa6360b7c7a71334,b1be83b192aa8593896e1d5084d9404199c001852a93336cdf2ea8eeee3c09c2,2.02,1.83,True,2024-08-13T08:29:00+00:00,2024-08-13T08:29:00+00:00,0.49893465441785667,0.4994691511475217,0.4911530161329715
te:2693361,2024-08-13,2024,2024-08-13,agamenone,olivieri-ff875,2024-08-13T08:40:00+00:00,2024-08-11T13:09:00+00:00,0.0,2024-08-15T22:00:00+00:00,2024-08-13,1.87,1.95,0.5104712041884817,0.041890941709160225,0.5942745369133734,0.3397737226536515,0.2833333333333333,0.2833333333333333,0.5000000000000001,0.5676625055221989,0.004712471643127908,124,110,False,False,False,ee3d5ab0358fd715d0df2f110460431c1387e566b7cd6e129c03b3df0699396d,3870f4dde0eea5027509bdf29641ec4779930b30ac122c0b3336149a762c04a1,1.88,1.96,True,2024-08-12T07:12:00+00:00,2024-08-12T07:12:00+00:00,0.5236614645500048,0.5232211751049357,0.5189404591572416
te:2695659,2024-08-13,2024,2024-08-13,weightman-28077,bakshi-c841e,2024-08-13T08:45:00+00:00,2024-08-12T23:40:00+00:00,0.0,2024-08-15T22:00:00+00:00,2024-08-13,2.1,1.75,0.4545454545454546,-0.18232155679395445,0.5190387199287336,0.2585132739961353,0.31666666666666665,0.31666666666666665,0.5051353070147199,0.6545087036331986,6.897469310984672e-08,56,126,False,False,False,f0b32ee4d897d7840c520017ba0381b3bea07097d32043adf6ff2421236ee672,878d163159bf800fe6aae7e677ac1f017f152edcc60edab20b87b12f6369b7ce,2.04,1.81,True,2024-08-13T07:26:00+00:00,2024-08-13T07:26:00+00:00,0.4707425248462857,0.4689144513266836,0.46506611711430207
te:2696071,2024-08-13,2024,2024-08-13,castagnola,ferrari-a3c58,2024-08-13T10:45:00+00:00,2024-08-12T17:17:00+00:00,0.0,2024-08-15T22:00:00+00:00,2024-08-13,1.91,1.91,0.5,0.0,0.6088406860469557,0.4424417046563168,0.4166666666666667,0.4166666666666667,0.6100030600240361,0.6705823544334004,9.719966498344945e-11,125,164,False,False,False,d4acbefa150b171601c70dfe901bae04bd78c7b3785e7ecec8ab030c8a560a86,470c75063cd82d8401fe3f9eb224923eba9261024023e1895060e7dd10d41dcc,1.92,1.92,True,2024-08-13T09:44:00+00:00,2024-08-13T09:44:00+00:00,0.5137789481259278,0.5144998829154354,0.5121170080227367
te:2696725,2024-08-13,2024,2024-08-13,buse,langmo,2024-08-13T18:05:00+00:00,2024-08-13T08:16:00+00:00,0.0,2024-08-15T22:00:00+00:00,2024-08-13,2.17,1.7,0.43927648578811374,-0.24409891649019763,0.5696211123880334,0.5244043864907774,0.26666666666666666,0.26666666666666666,0.7556842802331949,0.6397830314512538,1.8223980796649997e-08,199,146,False,False,False,1752d26cc35b5d376c33abd4306461ffda136221411af4c0717303f8aec696dc,c1e1133bdf861651da4a4996a8be265d9e9697da04792fcfc1b30f91cfa1a063,2.18,1.71,True,2024-08-13T14:33:00+00:00,2024-08-13T14:33:00+00:00,0.4562265444595548,0.457479630705396,0.45297177198362026
te:2696727,2024-08-13,2024,2024-08-13,seggerman,pacheco-mendez,2024-08-13T20:05:00+00:00,2024-08-13T07:36:00+00:00,0.0,2024-08-15T22:00:00+00:00,2024-08-13,1.7,2.17,0.5607235142118864,0.24409891649019808,0.6473902503572556,0.3634884449011173,1.0666666666666667,1.0666666666666667,0.7760074926245375,0.7278485248495252,1.626776491292503e-11,130,120,False,False,False,3143eebe24f1d839b29f6cf8cfe415e809391f6d1ea84a55c962fc068a11f3ce,d5fb2ef846ec10e8400bbbf4491db25853ddb028db1498253af04913475924d6,1.69,2.21,True,2024-08-13T16:33:00+00:00,2024-08-13T16:33:00+00:00,0.5709682617423241,0.571180755965873,0.5779085404237594
te:2698625,2024-08-16,2024,2024-08-16,djere,seggerman,2024-08-15T23:20:00+00:00,2024-08-15T10:29:00+00:00,0.0,2024-08-18T22:00:00+00:00,2024-08-16,1.89,1.96,0.5090909090909091,0.03636764417087508,0.6556392218083081,0.6075531451229756,1.2,0.3333333333333333,0.758375854285251,0.73398235689171,1.7833623466856352e-11,104,134,False,False,False,c54538b7374ac14531658d9150044e2c28182ce8630b1a4fda4c317469bdadd6,2b54cf920aef0c1d52121d524a030ac90cc6c613f01480f1418f4759da4e2a70,1.93,1.94,True,2024-08-15T19:31:00+00:00,2024-08-15T19:31:00+00:00,0.5223593527018402,0.5251352818501515,0.527152898423958
te:2698987,2024-08-16,2024,2024-08-16,huesler,escoffier,2024-08-16T14:55:00+00:00,2024-08-16T00:38:00+00:00,1.0,2024-08-18T22:00:00+00:00,2024-08-16,1.79,2.09,0.538659793814433,0.1549484461240559,0.6448705908979663,0.4416189605439452,0.7333333333333333,0.06666666666666667,0.7222925964599621,0.7051781693176007,2.517624997366852e-12,160,178,False,False,False,b904ae4ffd0e3d4fff19c0ee1ff64a99d9d0aaf4606b5f5d25895933ace925b7,b15b0eee1037e221b9eca4c93889adaf11e88603cab5d370685358ded1f43164,1.83,2.05,True,2024-08-16T12:18:00+00:00,2024-08-16T13:45:00+00:00,0.5502190325776152,0.5512052346358866,0.5481799905757673
te:2699083,2024-08-16,2024,2024-08-16,kopriva,naw,2024-08-16T17:10:00+00:00,2024-08-16T00:40:00+00:00,1.0,2024-08-18T22:00:00+00:00,2024-08-16,2.01,1.85,0.4792746113989638,-0.08294908298075057,0.5758432548014789,0.38868151057422284,1.4166666666666667,0.7833333333333333,0.5936916761559361,0.5000000000000001,0.007054504344886206,169,191,False,False,False,62ae2f2349f64bd2b2dd2fbaed7e84bf831a00a6c975b7bc92e3e1b3eaa90182,502af43a8c481e50bcbbc17b74a3db2ff07a63bc782f99d3d9b3406ce343337f,1.95,1.92,True,2024-08-16T13:31:00+00:00,2024-08-16T13:31:00+00:00,0.4941860215603788,0.4941058482974991,0.5009720195946749
te:2699143,2024-08-16,2024,2024-08-16,taberner,travaglia,2024-08-16T18:55:00+00:00,2024-08-16T00:29:00+00:00,1.0,2024-08-18T22:00:00+00:00,2024-08-16,1.92,1.93,0.5012987012987012,0.005194816877103783,0.5981192425582122,0.3924398981282956,1.35,0.7833333333333333,0.5609294843667763,0.5000000000072905,0.024688717634068075,191,167,False,False,False,2285c069de1962f390ef02be455ac599500957a078e3c8409817ec8f6ab901af,7d0dd4dfd958fa9d4225ced2585938408422e000c1b26229c33c54b3ffe2b0c5,1.93,1.94,True,2024-08-16T15:01:00+00:00,2024-08-16T15:01:00+00:00,0.5150052035015262,0.5151323433431296,0.5215777491645027
te:2699167,2024-08-16,2024,2024-08-16,andrade-58258,djere,2024-08-16T21:10:00+00:00,2024-08-16T09:54:00+00:00,1.0,2024-08-18T22:00:00+00:00,2024-08-16,2.12,1.76,0.45360824742268036,-0.1861022796338609,0.6097899213916604,0.6325315291286404,1.1333333333333333,0.26666666666666666,0.6341054406897976,0.7009897132200381,2.7397290075503733e-08,160,104,False,False,False,051febd4b710d86bc0db7096ace25d2432fc469f51af0efc0723b831c08522c4,72bac337a3ae2517df8ffe6eb9b1789fd03cd59f0d4b61cb03513d91ab665e8b,2.16,1.75,True,2024-08-16T20:32:00+00:00,2024-08-16T20:32:00+00:00,0.4698524832934162,0.4725184216545345,0.47355766040222336
te:2699725,2024-08-20,2024,2024-08-20,bai-0d924,donskoy,2024-08-20T08:55:00+00:00,2024-08-17T15:37:00+00:00,0.0,2024-08-22T22:00:00+00:00,2024-08-20,1.99,1.83,0.4790575916230366,-0.08381867188307154,0.5687288330177107,0.3604853747849893,0.31666666666666665,0.31666666666666665,0.6020865639611612,0.5000000000000001,0.016769249803221725,161,124,False,False,False,7785124651e352abcfe66e80a616be11b004c3cd8811d8f283c0b1a0794153a0,f060eab173eb3c93ddf9b5c4d9d7bf8af3c56784a2eeceb09e15d9dbd0f1f5cd,1.93,1.9,True,2024-08-19T06:21:00+00:00,2024-08-19T06:21:00+00:00,0.4939806103987189,0.4935584046506458,0.48972690074974257
te:2701961,2024-08-20,2024,2024-08-20,shin-15be9,peniston,2024-08-20T08:45:00+00:00,2024-08-19T18:46:00+00:00,0.0,2024-08-22T22:00:00+00:00,2024-08-20,2.07,1.77,0.4609375,-0.15656906069153992,0.607044888934663,0.5914764169954003,0.7833333333333333,0.7833333333333333,0.5414208987162924,0.5000000000011091,0.008073427597299121,128,84,False,False,False,6eb7d846a2cd95cf1cd24329347493999dce526457c3bb913239eef3f5248c62,040506889cab3e7de95c3ac2bc78bc600f02252d5ee1627dc370c73cfce959e4,1.98,1.86,True,2024-08-20T08:36:00+00:00,2024-08-20T08:36:00+00:00,0.47680972766037516,0.4790387263916828,0.48185736104799126
te:2702187,2024-08-20,2024,2024-08-20,aboian-f7ddc,nedelchev,2024-08-20T08:50:00+00:00,2024-08-19T23:25:00+00:00,1.0,2024-08-22T22:00:00+00:00,2024-08-20,2.02,1.81,0.47258485639686687,-0.10977066613537889,0.5956194190374654,0.4970161039604708,0.26666666666666666,0.26666666666666666,0.5653831480332838,0.5000000000000001,0.012748852782087136,198,131,False,False,False,88825860766710426400ff4ac7a63f84022175aeb74f6c9e01191e19ec1d64f7,f83bdf627a71ba120ac9717b5ad2587e6c801bb9b6c4977fdb782925eecd3474,1.96,1.88,True,2024-08-20T05:59:00+00:00,2024-08-20T05:59:00+00:00,0.48785156565248927,0.489029655802015,0.4845068331708699
te:2702189,2024-08-20,2024,2024-08-20,ambrogi,basic,2024-08-20T09:05:00+00:00,2024-08-19T23:24:00+00:00,1.0,2024-08-22T22:00:00+00:00,2024-08-20,1.81,2.02,0.5274151436031332,0.10977066613537934,0.6456703957454482,0.49029091872735064,0.7,0.7,0.7257016251371173,0.7075813940098773,1.3563872247601694e-12,152,103,False,False,False,3480de0b4ce2c1b6b3ba9b1b1440f71373a0ce09f6376d415a7112f1ac6b1f5a,48ba35881223657c5f3cb86d254d35791adc9593a5802ac3a940f5687b3d9b8f,1.86,1.97,True,2024-08-20T08:16:00+00:00,2024-08-20T08:16:00+00:00,0.5396323848942498,0.5411237348376345,0.5427796885976175
te:2702195,2024-08-20,2024,2024-08-20,gea,martin-3dfa5,2024-08-20T11:40:00+00:00,2024-08-19T23:20:00+00:00,1.0,2024-08-22T22:00:00+00:00,2024-08-20,1.99,1.83,0.4790575916230366,-0.08381867188307154,0.6113414573116508,0.5367731490436146,1.85,0.75,0.5000000000000001,0.5275873926926369,0.014455188670706873,153,74,False,False,False,c7413acb4af7b1c03dedd7bc1e7fd2711a2fa35b48686bd23b88e5565c7a6ffd,d9e57c2a0636152f1fca589b365cfaa094a97acab43b19bec6bf550f1d2fe46f,2.0,1.84,True,2024-08-20T07:34:00+00:00,2024-08-20T07:34:00+00:00,0.4939806103987189,0.4956869550632659,0.505096328632938
te:2704557,2024-08-23,2024,2024-08-23,noguchi-08bde,shimizu-38ca9,2024-08-23T04:40:00+00:00,2024-08-22T09:49:00+00:00,1.0,2024-08-25T22:00:00+00:00,2024-08-23,1.97,1.88,0.4883116883116883,-0.04676176590803932,0.6223274489108909,0.546200612084413,0.6666666666666666,0.06666666666666667,0.6791285727554535,0.7433273371963187,5.6622918520599086e-08,157,123,False,False,False,2d39ee0f3896a160b86494cd3fdc3cf1d5f449056b407b0ec88df168f120f34f,7f39680ce01503e36a0ddab0745f80e5af75dad205d3325bde354efea669ca02,1.91,1.96,True,2024-08-23T00:35:00+00:00,2024-08-23T00:35:00+00:00,0.5027349673188558,0.5046233645604701,0.501122860926924
te:2704559,2024-08-23,2024,2024-08-23,wu-9762d,smith-8b3b8,2024-08-23T02:40:00+00:00,2024-08-22T09:49:00+00:00,1.0,2024-08-25T22:00:00+00:00,2024-08-23,1.9,1.95,0.5064935064935064,0.025975486403260445,0.608504768632862,0.41505592775443223,0.6333333333333333,0.6333333333333333,0.5372942001067563,0.5000000000000001,0.0056426727893336415,19,146,False,False,False,fefefaa459b06b945f89f96a63b86a931e1ec19584bedc4f28eeb3408a3d334f,b3e482889d555956ffc97d0b852ae66711682f8d6f98877fb120b5ef4ed93ae2,2.0,1.88,True,2024-08-23T00:52:00+00:00,2024-08-23T00:52:00+00:00,0.5199086020191219,0.5203464570391261,0.521039677067437
te:2704591,2024-08-23,2024,2024-08-23,torres-dc0bf,gea,2024-08-23T11:25:00+00:00,2024-08-23T06:07:00+00:00,1.0,2024-08-25T22:00:00+00:00,2024-08-23,1.95,1.9,0.49350649350649356,-0.025975486403260445,0.5817820607843122,0.3560687156645276,0.8833333333333333,0.11666666666666667,0.5861152181738125,0.5000000000000001,0.022905495132670747,149,156,False,False,False,5801bf260135a7f6d4db30e40a14bf56017a04c636cd1496f8a11fd68d09b8d6,45ddbc70322c914131e14f579c7ad8fc0172a369bba5644877b60c166adf5c69,1.81,2.06,True,2024-08-23T10:52:00+00:00,2024-08-23T10:52:00+00:00,0.5076451465868502,0.5072759691437122,0.505528961521141
te:2705753,2024-08-27,2024,2024-08-27,rocha-0492a,oliel,2024-08-27T14:00:00+00:00,2024-08-25T09:13:00+00:00,0.0,2024-08-29T22:00:00+00:00,2024-08-27,2.13,1.73,0.4481865284974093,-0.20800057121164622,0.6059491709466935,0.6383167687108982,1.3666666666666667,0.26666666666666666,0.6244662792309104,0.5693643292098949,1.4557532956871455e-10,192,162,False,False,False,d3ac01e7efa75e91e54655a7c3121f4e9aa58f38a5b36ea17683daab6498f4b6,a672f13702738525c1523dd07262f04a8e529d28c101190c88934ee87181a752,2.12,1.75,True,2024-08-26T08:43:00+00:00,2024-08-26T03:14:00+00:00,0.46470122874157777,0.4673931800797922,0.46991958166358844
te:2705757,2024-08-27,2024,2024-08-27,sanchez-izquierdo-99add,kirkin,2024-08-27T13:00:00+00:00,2024-08-25T09:08:00+00:00,0.0,2024-08-29T22:00:00+00:00,2024-08-27,1.92,1.9,0.4973821989528796,-0.010471299867295303,0.5979624608261798,0.4074538120206746,1.8166666666666667,0.6833333333333333,0.5786304399541298,0.6503040328117389,3.936156955930414e-12,169,186,False,False,False,d32f09c7a290d4518ae0be75c95ab0f7e5c6cfa5d9743b1666110d676d03116b,26805b57ffec1efb54ef522bff2e6f4399ed49422a7ba1607cbab4060299043c,1.93,1.91,True,2024-08-26T03:10:00+00:00,2024-08-26T03:10:00+00:00,0.5113066707156244,0.5115862806725695,0.5202454443861523
te:2705767,2024-08-27,2024,2024-08-27,dalla-valle,habib,2024-08-27T16:15:00+00:00,2024-08-25T09:10:00+00:00,1.0,2024-08-29T22:00:00+00:00,2024-08-27,1.85,1.96,0.5144356955380577,0.05775883415219216,0.6177634044379172,0.42230693229551164,1.2666666666666666,1.2666666666666666,0.5801046959366182,0.6007605773947255,9.96062232694328e-09,174,216,False,False,False,3e046b5d9b2563d3ac5c59a5cf96c87e2a8333d3984e0d420afcba62ecd69db8,e568620d19f72a78d6d7fb74cc9bf9f14655a299689ea4e53a01cfb252d2a8ac,1.88,1.95,True,2024-08-26T03:10:00+00:00,2024-08-27T05:04:00+00:00,0.5274004540751843,0.5279832220838759,0.5376419258931473
te:2707289,2024-08-27,2024,2024-08-27,ajdukovic,landaluce-84126,2024-08-27T16:40:00+00:00,2024-08-26T08:05:00+00:00,0.0,2024-08-29T22:00:00+00:00,2024-08-27,1.75,2.11,0.5466321243523315,0.18707215955255221,0.6334300004329687,0.359887839733928,0.7833333333333333,0.7833333333333333,0.6664430104547863,0.6721382992242916,2.367011947557174e-09,180,142,False,False,False,fc7d22902491c0357495f69c63c534f52014377027aa49d84b6f28f50f902629,ca617724c58e7e00ea0690bbf1a76da75179a86378b16f5cdc9b47bc5f23ac2f,1.74,2.13,True,2024-08-27T06:50:00+00:00,2024-08-27T04:33:00+00:00,0.5577196742505922,0.5577873113528077,0.5605918536346068
te:2707297,2024-08-27,2024,2024-08-27,herbert-fa5ad,broady-9ff27,2024-08-27T12:00:00+00:00,2024-08-26T08:30:00+00:00,1.0,2024-08-29T22:00:00+00:00,2024-08-27,1.79,2.05,0.5338541666666666,0.13562417329765303,0.6492915377940909,0.4803023669909548,1.4833333333333334,0.65,0.7497321423679969,0.720234588023717,3.768614978416629e-08,157,79,False,False,False,f625f01830834758bc3c98aaa7c28f24bc2c6b72d8295f5bb3647f7923cb39f4,e2ac0ca07c76035da3b6600c30fe51608639e30002631246210c1fb1e3ea50a6,1.77,2.09,True,2024-08-27T08:06:00+00:00,2024-08-27T08:06:00+00:00,0.5456957148966023,0.5471114680769215,0.5533537007376672
te:2708771,2024-08-27,2024,2024-08-27,mager,krutykh,2024-08-27T10:50:00+00:00,2024-08-27T02:28:00+00:00,1.0,2024-08-29T22:00:00+00:00,2024-08-27,2.01,1.82,0.47519582245430814,-0.09929822098228022,0.6046771504649068,0.524290129328412,0.4666666666666667,0.4666666666666667,0.659871740502298,0.5956949206444613,4.757417543244102e-09,123,179,False,False,False,4c717c7a8a91458fc553845ab4050a4bc66bcd27f04e0378f83ee1ef25af5a04,724f12157ab93400e04047c966ca292c0968900d01880c1fe28b2b154d6e9048,1.95,1.88,True,2024-08-27T08:59:00+00:00,2024-08-27T02:35:00+00:00,0.4903244920138256,0.49185133329884684,0.4901739732053374
te:2710121,2024-08-30,2024,2024-08-30,taberner,prizmic,2024-08-30T14:35:00+00:00,2024-08-28T18:36:00+00:00,1.0,2024-09-01T22:00:00+00:00,2024-08-30,1.92,1.93,0.5012987012987012,0.005194816877103783,0.5557255580531653,0.21863727091653345,0.0,0.0,0.61601277943138,0.5000000000000001,0.005750753490793903,192,86,False,False,False,047ba9368f341c31faa36921c6795ccd1c8508da0104061800e72fec8658cc40,58b8c2bb1fb53947f5980d53e0dc8f89d916ba9811f21c935716525e95e2d8e8,1.97,1.9,True,2024-08-30T07:14:00+00:00,2024-08-30T07:14:00+00:00,0.5150052035015262,0.5130352216956365,0.5046981917824062
te:2710321,2024-08-30,2024,2024-08-30,uchiyama,wu-f664e,2024-08-30T03:10:00+00:00,2024-08-29T09:44:00+00:00,1.0,2024-09-01T22:00:00+00:00,2024-08-30,1.66,2.3,0.5808080808080808,0.326091520566652,0.6401361864385815,0.2498637602449152,0.25,0.25,0.6917384498587789,0.7142819609274943,4.1062767075494833e-10,122,126,False,False,False,bef3beab31410ff0b7feac2aefb2ccd087a267a80d242de9fe8f60d7d9aa2758,fdaa611f17a5d6b28bb238494b5540c3c434e1753913b2b5b5556988a759b419,1.67,2.31,True,2024-08-29T23:32:00+00:00,2024-08-29T23:32:00+00:00,0.5898355443188338,0.5888631439428553,0.5842765917537267
te:2710323,2024-08-30,2024,2024-08-30,hong-0ce56,sun-2f389,2024-08-30T03:15:00+00:00,2024-08-29T09:50:00+00:00,1.0,2024-09-01T22:00:00+00:00,2024-08-30,1.93,1.93,0.5,0.0,0.6030247027397234,0.41808410706347854,0.2833333333333333,0.2833333333333333,0.6242713861088202,0.5643441783830394,9.235663900319935e-10,188,137,False,False,False,4be0bba496d5fffc37cd724e9d1525a5cfd5271c87a6a94ff8eabcf0046b0ff4,06945aa351ba60042ff5e05961434def67e10fe9aa4b0aa8894ab30f8a3382a3,2.02,1.86,True,2024-08-30T02:01:00+00:00,2024-08-30T02:01:00+00:00,0.5137789481259278,0.5142059900404498,0.5099254001736863
te:2710513,2024-08-30,2024,2024-08-30,buse,aboian-f7ddc,2024-08-30T11:55:00+00:00,2024-08-29T17:30:00+00:00,1.0,2024-09-01T22:00:00+00:00,2024-08-30,2.17,1.73,0.4435897435897435,-0.2266057590426809,0.5298993031959508,0.346345833292382,0.3333333333333333,0.3333333333333333,0.7476795699207808,0.6026128696611607,1.0139094008820848e-09,189,204,False,False,False,6b982e4aaaa2725f66b21d4294a83ecb2243f24a5de23931cf7c20681dec908a,58d7965fc37692dcca6c85ead4abc922c247cb3b6d333063929e97ccd9516fcf,2.22,1.71,True,2024-08-30T10:00:00+00:00,2024-08-30T07:32:00+00:00,0.46033049486956196,0.45948046289481953,0.4558844113276781
te:2710601,2024-08-30,2024,2024-08-30,gigante-f720d,couacaud,2024-08-30T15:00:00+00:00,2024-08-30T04:35:00+00:00,0.0,2024-09-01T22:00:00+00:00,2024-08-30,1.79,2.09,0.538659793814433,0.1549484461240559,0.6288928415920686,0.3725215753530592,0.31666666666666665,0.31666666666666665,0.6569727810055344,0.6896482692277179,1.626987433667182e-11,126,109,False,False,False,7a64bba6c57cb72c5703f731423d726d3ad4b2c7f418147d63ea35acb8906497,fe59d631b528c456a5d86b80067e57343ee1f58468fc9cb172963a374bfb2fd2,1.75,2.17,True,2024-08-30T10:01:00+00:00,2024-08-30T14:03:00+00:00,0.5502190325776152,0.5503794454674995,0.5466246229750862
te:2710603,2024-08-30,2024,2024-08-30,kym,berankis,2024-08-30T13:10:00+00:00,2024-08-30T04:38:00+00:00,0.0,2024-09-01T22:00:00+00:00,2024-08-30,1.78,2.1,0.5412371134020618,0.16532398042538338,0.5931512368983758,0.21168389602883825,0.5166666666666667,0.5166666666666667,0.7594024658603998,0.6623070940855483,6.181280487460583e-11,148,133,False,False,False,b3b840ca9cdd83c9ed64b778eed547d82d407c4975b860222e5fa1cb397af2ad,dcd7763ba9d5fea1645bf4aa608fd89dee56fb5f59f360954aa5ad0e7818233d,1.8,2.09,True,2024-08-30T11:05:00+00:00,2024-08-30T11:05:00+00:00,0.5526443062464362,0.5509020898916308,0.5499400059272735
te:2710671,2024-08-30,2024,2024-08-30,ajdukovic,huesler,2024-08-30T16:55:00+00:00,2024-08-30T04:36:00+00:00,1.0,2024-09-01T22:00:00+00:00,2024-08-30,1.65,2.33,0.5854271356783919,0.34509297966511965,0.629755905701482,0.1860768109315768,0.65,0.016666666666666666,0.692074749001743,0.7498244322563092,2.6932173158300543e-09,180,164,False,False,False,aa131542e5a4e5c8f31756d398940771909fb30fc19f6b6e02269fc576e27d83,897e8a9dee9d9d31d134efede80a4cea0e09e03c88517105f331633cb0a1b32a,1.64,2.36,True,2024-08-30T16:43:00+00:00,2024-08-30T16:43:00+00:00,0.5941726012720984,0.5924934106495626,0.588636326597365
te:2711885,2024-09-03,2024,2024-09-03,varillas,cadenasso,2024-09-03T17:00:00+00:00,2024-09-01T14:59:00+00:00,1.0,2024-09-05T22:00:00+00:00,2024-09-03,2.17,1.7,0.43927648578811374,-0.24409891649019763,0.6258848287761294,0.7587015966149037,0.0,0.0,0.6341217367121816,0.6310351832360377,2.1553481560632193e-07,141,156,False,False,False,ab1661655a4c41e868978da48fbf02db23e9a3e038fdc71495b66a2622499526,970736803523a79bbfbc0f2a74507cfc48a8573b24bb9a62ec023a472252eb64,2.01,1.83,True,2024-09-03T14:50:00+00:00,2024-09-03T11:35:00+00:00,0.4562265444595548,0.4602897965851278,0.4520567987183864
te:2711905,2024-09-03,2024,2024-09-03,janvier,taberner,2024-09-03T09:15:00+00:00,2024-09-01T13:13:00+00:00,1.0,2024-09-05T22:00:00+00:00,2024-09-03,2.04,1.79,0.46736292428198434,-0.13073418800346137,0.4854161199487953,0.07238211620768605,0.6666666666666666,0.6666666666666666,0.6557204746182642,0.8324054379469771,3.599065490078601e-13,174,196,False,False,False,871db7fb785226fda1f3c8484e69bedd8a0bae2862ba0cba1963fbafa57a394c,341cabea94b1735e22fef75df0e176c81267b8868d718ff28e36fc5fe3b46c89,2.25,1.67,True,2024-09-03T06:04:00+00:00,2024-09-03T06:04:00+00:00,0.48290322081937914,0.47892147569004934,0.4800074955829368
te:2711935,2024-09-03,2024,2024-09-03,polmans,yunchaokete,2024-09-03T11:55:00+00:00,2024-09-01T07:21:00+00:00,1.0,2024-09-05T22:00:00+00:00,2024-09-03,2.0,1.83,0.47780678851174935,-0.08883121370661573,0.4553259716034216,-0.09034270543159711,0.35,0.35,0.6216153016594487,0.8160062140944022,3.712613549922139e-12,145,168,False,False,False,79f72e6fad364b65674f963e56af54853e64413fa0e966c078e0cea3d11f5680,f2e62254ecb2aa41bce82d431f8f7cc3d3f7b917047f81b7fc110e1dd3da3be6,1.97,1.87,True,2024-09-02T13:59:00+00:00,2024-09-02T13:59:00+00:00,0.49279660756810445,0.48692353600346494,0.48349594277579955
te:2712001,2024-09-03,2024,2024-09-03,bonzi-a38fa,broom-cb719,2024-09-03T15:10:00+00:00,2024-09-01T12:49:00+00:00,1.0,2024-09-05T22:00:00+00:00,2024-09-03,1.97,1.85,0.48429319371727747,-0.06284790365966375,0.6230591944670306,0.5654012725107989,0.9666666666666667,0.9666666666666667,0.7137682363484787,0.6608149757610313,4.0967174097517045e-11,173,196,False,False,False,ffa618be90a71a8d0fc7bad46a65901b8a85da682d84f9a1175d717feab40cc9,6fbb1eb74984861e022a05f938f262ada2e00d7507b00ce39fc27c881606a822,1.96,1.88,True,2024-09-03T14:37:00+00:00,2024-09-03T14:37:00+00:00,0.49893465441785667,0.5010254399789658,0.5064649498303125
te:2713453,2024-09-03,2024,2024-09-03,royer,rola,2024-09-03T10:45:00+00:00,2024-09-02T18:27:00+00:00,0.0,2024-09-05T22:00:00+00:00,2024-09-03,1.7,2.18,0.5618556701030928,0.24869662573882725,0.6204248854539922,0.24265540916685654,0.0,0.0,0.7034409136447617,0.6503041914264798,6.27679769271694e-10,205,70,False,False,False,1410b97ab07ad1486f6e3613dcd23fe2b1bfa05f415a8aa680e9554bd30d1007,d178f7a62018d8088d7507c4281314d44c9949330a91368e211506e8bc93a37f,1.72,2.17,True,2024-09-03T05:31:00+00:00,2024-09-03T09:10:00+00:00,0.5720322557527838,0.5708236207843885,0.5626765736258346
te:2713473,2024-09-03,2024,2024-09-03,added,salvestre,2024-09-03T13:55:00+00:00,2024-09-02T16:57:00+00:00,0.0,2024-09-05T22:00:00+00:00,2024-09-03,1.87,1.95,0.5104712041884817,0.041890941709160225,0.6125590884344556,0.416191116086379,0.6333333333333333,0.6333333333333333,0.7097037420178886,0.6439921777184445,3.6184355511892363e-09,172,48,False,False,False,e344634fd13994fcd820a2976c669d9187d0d0820eec4d3314004a65f268dc1c,1d8b39ef96e028b4cd9e159a341ef1e803b33a8967677039160de5cfc705827c,1.9,1.93,True,2024-09-03T11:05:00+00:00,2024-09-03T11:05:00+00:00,0.5236614645500048,0.5241418989745499,0.5248374932022608
te:2714127,2024-09-03,2024,2024-09-03,andreev-8a7ee,olivieri-ff875,2024-09-03T13:55:00+00:00,2024-09-02T17:45:00+00:00,1.0,2024-09-05T22:00:00+00:00,2024-09-03,1.88,1.93,0.5065616797900262,0.026248226074936154,0.5889731959633283,0.33347401983485475,2.35,0.31666666666666665,0.5760118837874715,0.5000000000000001,0.014250259666966594,161,114,False,False,False,c877b272b805fec809d2455fdab94ed5e9003577ae2a9d5d0dbea1301322b461,c2972d30454f5e6a11d3e1d95b97567cefcc33fa064747eb257e5d4e417ab820,1.81,2.04,True,2024-09-03T08:30:00+00:00,2024-09-03T08:30:00+00:00,0.5199729341409098,0.5194276897479718,0.5286320600169965
te:2715443,2024-09-06,2024,2024-09-06,gasquet,droguet,2024-09-06T13:20:00+00:00,2024-09-04T16:10:00+00:00,1.0,2024-09-08T22:00:00+00:00,2024-09-06,1.64,2.33,0.5869017632241814,0.3511720257415024,0.6115552466703716,0.10268231683031864,0.0,0.0,0.6621411464517671,0.7362544952036972,3.5500491435414006e-11,143,146,False,False,False,c7daa90951760c25960fba68cdef97b160ebb3d6672d6f3c73306555d7632f4b,596f5c57fa92c9e242842daf802f91d2b157a8612219f27cc43695b0a3a6abcc,1.65,2.35,True,2024-09-05T10:14:00+00:00,2024-09-06T11:46:00+00:00,0.5955570733660962,0.5929185744864355,0.5848813288077377
te:2715485,2024-09-06,2024,2024-09-06,neumayer,kym,2024-09-06T09:10:00+00:00,2024-09-04T16:28:00+00:00,1.0,2024-09-08T22:00:00+00:00,2024-09-06,1.86,1.99,0.5168831168831169,0.0675581510112914,0.5232649583580686,0.025568929005364782,1.4333333333333333,0.8,0.630419779418698,0.7821209871691751,1.9426127373378677e-13,152,156,False,False,False,fbc3c02c118933f3c58c7623df9ba8726bc87ca34b8b5a7d6de11580b59882ec,e725039c5598c4da150a1d96628cd949f33e6300d6d515f38538e9b02deeeab3,1.85,2.03,True,2024-09-06T06:05:00+00:00,2024-09-06T06:05:00+00:00,0.5297079831401563,0.5255324731934169,0.532580029138674
te:2715519,2024-09-06,2024,2024-09-06,passaro-5f6f1,monteiro-f1500,2024-09-06T19:35:00+00:00,2024-09-04T16:28:00+00:00,1.0,2024-09-08T22:00:00+00:00,2024-09-06,1.67,2.28,0.5772151898734177,0.3113518165376855,0.6159737289346152,0.16114153377261986,0.5,0.5,0.6029143260626766,0.6440342938840223,2.1674517736158805e-10,151,176,False,False,False,82b0b453e84159899636d30c6be6e2d002cd3bb792921e67bbe0b6a790d392c7,3a38e9d6be04285af7d27ebd879b9dbe80527ca37175b20784d628cba2460635,1.68,2.29,True,2024-09-06T12:55:00+00:00,2024-09-06T12:55:00+00:00,0.5864615422743902,0.5844199930594404,0.5832613450870324
te:2715803,2024-09-06,2024,2024-09-06,travaglia,poljicak,2024-09-06T16:35:00+00:00,2024-09-05T16:50:00+00:00,1.0,2024-09-08T22:00:00+00:00,2024-09-06,1.81,2.07,0.5335051546391752,0.13422176199954328,0.5827982890456441,0.20004955240914435,1.15,0.5166666666666667,0.5000000000000001,0.5847560487831157,0.00866223059839126,170,197,False,False,False,3b3db17427ad7a89b60337fd85a739a5526e138699e3a701587b2f991197fdb4,67aad226b2dbd58d3502337a928b8501c8424d7cda1e90fe871c812e872bf1c9,1.79,2.1,True,2024-09-06T16:29:00+00:00,2024-09-06T16:29:00+00:00,0.545367143403165,0.5434238130732949,0.5464828067911133
te:2715969,2024-09-06,2024,2024-09-06,de-jong-57322,simakin,2024-09-06T08:10:00+00:00,2024-09-05T16:57:00+00:00,1.0,2024-09-08T22:00:00+00:00,2024-09-06,2.19,1.72,0.43989769820971864,-0.2415772530030479,0.600223429283286,0.6479734032013474,0.6833333333333333,0.6833333333333333,0.7655933645495877,0.6733411050884751,1.3080647676133594e-12,153,144,False,False,False,264cd365e8ab7b0a5b65f80f1bdf9271c12d374c29fad47cad822437895b10c0,6c1a997938a253ed70703286c7f0a49fcb3e32881a3d5a8db2410f81f63ee738,2.15,1.76,True,2024-09-06T07:40:00+00:00,2024-09-06T07:40:00+00:00,0.45681778151773544,0.45955778626679206,0.460945452381734
te:2716203,2024-09-06,2024,2024-09-06,choinski,rehberg-2d8d7,2024-09-06T12:45:00+00:00,2024-09-05T17:27:00+00:00,0.0,2024-09-08T22:00:00+00:00,2024-09-06,1.78,2.1,0.5412371134020618,0.16532398042538338,0.6515622355259866,0.4605893049775876,0.6166666666666667,0.6166666666666667,0.731773782903509,0.7246492615573614,4.3141834549231817e-10,165,154,False,False,False,459cb624a8b1733735259dd1d331a9b92faac01d52e2ded52fa342ea8d0d81c9,283c014e3ec1106e449069ccbd6fd8ce9d5297bda4eafbd6101becd8d735bc07,1.75,2.16,True,2024-09-06T08:36:00+00:00,2024-09-06T09:31:00+00:00,0.5526443062464362,0.5538747926530136,0.5543572573801926
te:2716277,2024-09-06,2024,2024-09-06,munar-d1298,nishikori,2024-09-06T13:45:00+00:00,2024-09-05T23:48:00+00:00,1.0,2024-09-08T22:00:00+00:00,2024-09-06,1.86,1.99,0.5168831168831169,0.0675581510112914,0.6060170424084204,0.36304230393004755,0.3333333333333333,0.3333333333333333,0.5000000000000001,0.5440986039491438,0.005735147089866902,150,30,False,False,False,3e90d0c8ef59ec24759d2a1afc11fa0746266ab62cc57b6ddb9c4d65a5b44db2,982f945250ec08a8ee109b97873645bc07552375fc52d3d09089d22647f6cf86,1.85,2.02,True,2024-09-06T13:25:00+00:00,2024-09-06T12:09:00+00:00,0.5297079831401563,0.5295952958328806,0.5260364891762411
te:2716897,2024-09-10,2024,2024-09-10,svrcina,uchiyama,2024-09-10T04:30:00+00:00,2024-09-07T15:59:00+00:00,1.0,2024-09-12T22:00:00+00:00,2024-09-10,1.85,1.97,0.5157068062827225,0.06284790365966353,0.6314643643974911,0.4756561950093432,1.0666666666666667,0.1,0.6593642025641482,0.6610751390758091,2.470819659983192e-10,139,130,False,False,False,22111964748fd44d9e1994765a129a62a85b013edc3d3d8a44420dbc09fae713,ee044be013cd7d96344e35a97542d1d1938c011e8fd89763673a6d6bebb4ef80,1.68,2.22,True,2024-09-10T03:04:00+00:00,2024-09-10T03:04:00+00:00,0.5285989732478615,0.5298328928885175,0.5291678681267933
te:2717273,2024-09-10,2024,2024-09-10,campana-lee,cachin,2024-09-10T10:00:00+00:00,2024-09-08T12:49:00+00:00,0.0,2024-09-12T22:00:00+00:00,2024-09-10,1.88,1.93,0.5065616797900262,0.026248226074936154,0.6285923758399682,0.49993459254908423,0.7166666666666667,0.016666666666666666,0.6456112966925701,0.648003353588921,1.0036745878849729e-08,126,129,False,False,False,50d3902e4e4ec23b0296065fc82188057d110854783cfb60bde3f2278adf40d4,87c970134f2156f9ff51272277955b70e1dd4d83e62ac357a03112f7e79fbb4b,1.93,1.9,True,2024-09-09T21:42:00+00:00,2024-09-10T03:19:00+00:00,0.5199729341409098,0.5214344601131962,0.5178753723208425
te:2717299,2024-09-10,2024,2024-09-10,draxl,kodat,2024-09-10T10:15:00+00:00,2024-09-08T08:59:00+00:00,0.0,2024-09-12T22:00:00+00:00,2024-09-10,2.02,1.81,0.47258485639686687,-0.10977066613537889,0.6126562368975103,0.5682620811796396,0.9333333333333333,0.03333333333333333,0.5000000000003063,0.5216744172288711,0.029191736893270384,152,154,False,False,False,ece5ea91f7ca4968ac2b59f1942bd987eb651ba4234447ad67129e932fad32f8,3ad2e84e085a001261aef0482c8064fc80e4301930de945704a923f44221df45,2.03,1.82,True,2024-09-09T02:56:00+00:00,2024-09-10T07:14:00+00:00,0.48785156565248927,0.4898896189383118,0.48783375298973897
te:2718589,2024-09-10,2024,2024-09-10,berrettini,chazal,2024-09-10T10:20:00+00:00,2024-09-08T18:10:00+00:00,1.0,2024-09-12T22:00:00+00:00,2024-09-10,1.85,1.88,0.5040214477211796,0.016086137751624395,0.6195378591004128,0.4715009997409732,1.4333333333333333,0.8333333333333334,0.5900547576487726,0.6055558767564797,2.836242074533146e-10,111,147,False,False,False,8d133e88665a1d00f2d36a52f2e549e94109cdc214138b1f87fa7b3d9ef5bad2,c08431322ce989b1202441818ab77c91b7b99f92d70c4374280bd30a62d500e6,1.87,1.9,True,2024-09-10T02:34:00+00:00,2024-09-10T02:34:00+00:00,0.5175755354552313,0.518676084991384,0.526053967962682
te:2718857,2024-09-10,2024,2024-09-10,leong-e28bd,uchida-ea757,2024-09-10T02:10:00+00:00,2024-09-09T10:18:00+00:00,1.0,2024-09-12T22:00:00+00:00,2024-09-10,1.89,1.93,0.5052356020942408,0.020943173845242972,0.585742364226672,0.32544877866357474,0.36666666666666664,0.36666666666666664,0.6495227432838941,0.7515368300853859,2.004207799721769e-09,114,151,False,False,False,50540277adc76d7c901f716bb2d4f91a575fd96b683b4f24abfbd1a636737d19,c9b1740bc177c3c2cf878002b25d51f5f62cb3db248edafada4fb1436fc5a3c0,1.95,1.88,True,2024-09-09T21:33:00+00:00,2024-09-09T20:46:00+00:00,0.5187214954699992,0.5180696229879145,0.5149630796260646
te:2719703,2024-09-10,2024,2024-09-10,basilashvili,wiskandt,2024-09-10T12:30:00+00:00,2024-09-10T09:29:00+00:00,1.0,2024-09-12T22:00:00+00:00,2024-09-10,1.93,1.88,0.4934383202099738,-0.026248226074936154,0.5540036113302272,0.24310857661328716,0.0,0.0,0.6177475017554029,0.5000000000000001,0.011318635062217752,166,183,False,False,False,9ceb619e9543580d29e268baaddef37d039f8f2763f250ff0f376dbb4d8d6531,dd6c64d54be5743df93127578ea37996c1b13380703d00bfcefed77845ae8b9b,1.96,1.86,True,2024-09-10T09:43:00+00:00,2024-09-10T09:43:00+00:00,0.5075807269171357,0.5058472064116616,0.49750620041073385
te:2719705,2024-09-10,2024,2024-09-10,bouquier,furness,2024-09-10T19:30:00+00:00,2024-09-10T09:38:00+00:00,1.0,2024-09-12T22:00:00+00:00,2024-09-10,1.87,1.95,0.5104712041884817,0.041890941709160225,0.5072119784228736,-0.013041027159970839,0.0,0.0,0.7204661785913792,0.5602321477693557,2.521994280080264e-10,138,73,False,False,False,4f87a271005d59214b15406615925d0dca469d693b99c3a575ae73f1b1c79874,6d5187fb229af2c2f630bcaeacc810e7c98b673361178ae0d204fbf59307a421,1.92,1.92,True,2024-09-10T18:58:00+00:00,2024-09-10T18:58:00+00:00,0.5236614645500048,0.518968296209909,0.5106057345942043
te:2719707,2024-09-10,2024,2024-09-10,grenier-baaf0,de-schepper,2024-09-10T10:45:00+00:00,2024-09-10T01:50:00+00:00,1.0,2024-09-12T22:00:00+00:00,2024-09-10,1.85,1.97,0.5157068062827225,0.06284790365966353,0.5387778920146706,0.09257578510533895,1.0,1.0,0.8258844837121333,0.6808865710623745,1.8308212723638917e-09,172,127,False,False,False,a38cc298ff02e63c8d58e6bb040453a218be55e180c6a57603d0277a43e3c2f4,610ac210abf232c21f6955b8d9d6fe2762b2ab3ca4bf66935cd160dbcd65e269,1.84,2.0,True,2024-09-10T08:16:00+00:00,2024-09-10T08:16:00+00:00,0.5285989732478615,0.5252209795345988,0.5310627466281307
te:2720493,2024-09-13,2024,2024-09-13,martin-e6e6e,vandecasteele-87d37,2024-09-13T00:35:00+00:00,2024-09-11T10:17:00+00:00,0.0,2024-09-15T22:00:00+00:00,2024-09-13,1.84,1.98,0.518324607329843,0.0733312730855498,0.602131525556411,0.34102314490418667,0.5166666666666667,0.5166666666666667,0.5530334630790897,0.5000000000000001,0.003456915157049434,85,70,False,False,False,d07ea24c169025dec49f04e9599ed58bbb0f537b36824cc8239034dd39c50326,0863ad7b761c833e9667d0424b3ff7bfa2df989808d0feeb0df509f927c036ac,1.77,2.1,True,2024-09-13T00:22:00+00:00,2024-09-13T00:22:00+00:00,0.5310668417540253,0.5306998791832241,0.5297362842035476
te:2721355,2024-09-13,2024,2024-09-13,fearnley,mannarino-a7108,2024-09-13T14:10:00+00:00,2024-09-12T23:10:00+00:00,0.0,2024-09-15T22:00:00+00:00,2024-09-13,1.8,2.07,0.5348837209302325,0.1397619423751585,0.5321798781460557,-0.01086426038761587,0.25,0.25,0.7149766177782799,0.5735191927952836,5.599021246638358e-12,113,132,False,False,False,3313f0e4e12de9af26b7edaafbf26c5d397d3341d1dd545342bb616328d4447a,79c62c84e91f41d0a6ac2079bf81312958060f5a2b14ee1c63847020d69d7ec9,1.76,2.15,True,2024-09-13T10:46:00+00:00,2024-09-13T12:02:00+00:00,0.5466649214595224,0.5422049335861929,0.5374347461866854
te:2721455,2024-09-13,2024,2024-09-13,mayot,geerts,2024-09-13T12:10:00+00:00,2024-09-13T05:43:00+00:00,0.0,2024-09-15T22:00:00+00:00,2024-09-13,1.86,1.99,0.5168831168831169,0.0675581510112914,0.6157847681520043,0.4041364539457125,0.31666666666666665,0.31666666666666665,0.7186305729684911,0.6543931295326001,3.0209570955896936e-10,177,181,False,False,False,c2c100f6bc8555a0fc5708963fc394d3872adaf258f1dd9e73cda7c80aee044c,dad197d55c89dbcd7811ccc28bc7d35904a6f36b0299c24b749364ef78bb2450,1.83,2.03,True,2024-09-13T11:47:00+00:00,2024-09-13T11:47:00+00:00,0.5297079831401563,0.5300897690236795,0.5263016208391283
te:2721505,2024-09-13,2024,2024-09-13,pellegrino-fd654,altmaier,2024-09-13T13:10:00+00:00,2024-09-13T03:25:00+00:00,0.0,2024-09-15T22:00:00+00:00,2024-09-13,2.17,1.73,0.4435897435897435,-0.2266057590426809,0.628795584287661,0.7536590810716665,1.6333333333333333,1.0666666666666667,0.6940430579485964,0.7548692027877171,1.3463596348906037e-09,149,148,False,False,False,88d3edba44ea4e6f23640f5ea5b0ccd8208947a1f5a3fdb756fecc24ae949afb,ae16ba2ddc6581ca6a83415c5d3ee66333678db83f2fd0544b2501b1f2b1ef63,2.15,1.76,True,2024-09-13T09:55:00+00:00,2024-09-13T09:55:00+00:00,0.46033049486956196,0.4643704976538371,0.47482950786343964
te:2721533,2024-09-13,2024,2024-09-13,lestienne,pouille,2024-09-13T17:10:00+00:00,2024-09-13T03:26:00+00:00,1.0,2024-09-15T22:00:00+00:00,2024-09-13,1.79,2.08,0.537467700258398,0.1501522738605631,0.5497128112583096,0.049358130236823866,0.75,0.11666666666666667,0.6452680952607142,0.7786501288397719,4.754637128456807e-09,138,108,False,False,False,64c1101039e4924c4fbaa1aef0e0873f3249ff4ae358acac81cc517299b44030,0315d044f6b4265fe9c2de743886718193df69b15bf907771412c86bed180927,1.83,2.06,True,2024-09-13T16:10:00+00:00,2024-09-13T16:10:00+00:00,0.5490971163243167,0.5453814075178316,0.5427805779194652
te:2721789,2024-09-13,2024,2024-09-13,sels,nicod,2024-09-13T12:40:00+00:00,2024-09-13T12:09:00+00:00,,,,1.77,2.12,0.544987146529563,0.18043654209818355,0.5768009088363917,0.129217886516089,1.6166666666666667,0.5833333333333334,0.5622137280756698,0.659952055145504,6.953976283696761e-10,170,178,False,False,False,fcf2187b27a9f26abb5fde919b08c444b2ae3475d6af14924994e478ed188bb0,448493227cf137f1f87970f29065b87876db122bb4bdbd5ba9f3c9e26633c217,1.81,2.06,True,2024-09-13T12:18:00+00:00,2024-09-13T12:18:00+00:00,0.5561723490981182,0.5534760167423038,0.5599850503123043
te:2722939,2024-09-17,2024,2024-09-17,blockx,kasnikowski,2024-09-17T08:10:00+00:00,2024-09-15T12:45:00+00:00,1.0,2024-09-19T22:00:00+00:00,2024-09-17,1.76,2.09,0.5428571428571429,0.1718502569266595,0.6438855642053524,0.42041862999492,0.0,0.0,0.7027066580922592,0.7229859949865741,1.1942613564741578e-11,149,180,False,False,False,a369ddfd5296928b222323205fe0a6c04eed3c74a2a0e901e97cc976ad4d57ea,7604dba44a14c079d9bcf2df75a5ecc21fe33145a2595a7ac499921ca807cac6,1.68,2.23,True,2024-09-17T07:34:00+00:00,2024-09-17T07:34:00+00:00,0.5541685437630461,0.5549308785843856,0.5467365756820951
te:2723245,2024-09-17,2024,2024-09-17,martin-tiffon,maestrelli,2024-09-17T14:20:00+00:00,2024-09-16T09:35:00+00:00,0.0,2024-09-19T22:00:00+00:00,2024-09-17,1.83,1.99,0.5209424083769634,0.08381867188307154,0.5542330037842703,0.13397012539512224,0.5166666666666667,0.5166666666666667,0.6175176937967592,0.5000000000000001,0.007996313378729636,211,143,False,False,False,9e7fa9f63c741bba4649a43eae3c05fe60184b309405e1cbe97477caf3bbff23,0641e8268797c2e51c1bab89b2d5a32437cfb1b0e3fd59e7d65f7caabbe53b7c,1.84,2.0,True,2024-09-17T05:27:00+00:00,2024-09-17T05:27:00+00:00,0.5335341393143435,0.5306965038537191,0.529702242873413
te:2723505,2024-09-17,2024,2024-09-17,stricker,peniston,2024-09-17T18:10:00+00:00,2024-09-15T14:02:00+00:00,0.0,2024-09-19T22:00:00+00:00,2024-09-17,1.74,2.12,0.5492227979274612,0.1975309754574837,0.6018786871343198,0.21576816812036556,0.0,0.0,0.6966937154573757,0.6211681020552285,3.3697211687666595e-12,61,94,False,False,False,cc8503a44bab8fcd62fc88806b0df5160e6763299192861c37be56180c9e5a13,8a2a2013d1374bd479b214ebc1670b343d57b102a4494ae8613fbc03c0edea36,1.78,2.08,True,2024-09-17T18:00:00+00:00,2024-09-17T18:00:00+00:00,0.5601562266337659,0.5585269389936477,0.5503176397770919
te:2723511,2024-09-17,2024,2024-09-17,basavareddy,marie,2024-09-17T00:30:00+00:00,2024-09-15T17:14:00+00:00,0.0,2024-09-19T22:00:00+00:00,2024-09-17,1.88,1.93,0.5065616797900262,0.026248226074936154,0.5816779437277372,0.30341710178676096,0.8166666666666667,0.8166666666666667,0.6232598784297293,0.5344572126199526,2.8566225773740683e-10,96,184,False,False,False,f8cd19a17de7da8642624a30be2be9b103b814baad907adba1909ff785974cdb,0e5d917a6a5711418ed50a677706122b91bde77de07e5794de1233c5dfd2c8bd,1.99,1.85,True,2024-09-17T00:10:00+00:00,2024-09-16T21:13:00+00:00,0.5199729341409098,0.5190652689686919,0.5223417717975173
te:2723513,2024-09-17,2024,2024-09-17,quinn-d0193,kypson,2024-09-16T22:45:00+00:00,2024-09-15T14:04:00+00:00,0.0,2024-09-19T22:00:00+00:00,2024-09-17,1.68,2.22,0.5692307692307692,0.27871340246902043,0.6533384030680319,0.3550327417296677,0.38333333333333336,0.38333333333333336,0.7429959436621792,0.7935871413703028,4.330604042035446e-09,159,115,False,False,False,5194a82d704909a7b42166861255dfbcea3074cb6f89c32ced3a42e468a049a9,c49e970924f3dc760f63010363dda30a6aad5b0cbaf4c1670ed7b3060b98f245,1.7,2.2,True,2024-09-16T22:27:00+00:00,2024-09-16T22:27:00+00:00,0.5789619001563079,0.5791358482663952,0.5763791135976037
te:2723855,2024-09-17,2024,2024-09-17,pichler-fd7ab,oberleitner,2024-09-17T08:10:00+00:00,2024-09-15T19:09:00+00:00,0.0,2024-09-19T22:00:00+00:00,2024-09-17,2.01,1.76,0.46684350132625996,-0.13282091302092391,0.5735819862865708,0.42930167914848416,0.75,0.75,0.6218466522637858,0.7312145000010652,5.875022690560172e-12,130,186,False,False,False,d458fbb8892b24958dec4ecd0615f31590656d21e98d86a808604f30015d2948,475b0902f2f43e55cf281d93113c5fc7469c91ae056454ec2a6ea10383c15d3f,1.92,1.85,True,2024-09-16T07:46:00+00:00,2024-09-16T07:46:00+00:00,0.48241082626574233,0.48272908166107087,0.48505445301444033
te:2724771,2024-09-17,2024,2024-09-17,dubrivnyy,budkov-kjaer,2024-09-17T10:35:00+00:00,2024-09-16T16:39:00+00:00,1.0,2024-09-19T22:00:00+00:00,2024-09-17,1.91,1.91,0.5,0.0,0.5230633818766738,0.09231903977105049,0.5333333333333333,0.5333333333333333,0.5000000000000001,0.6459038289999344,0.01737928374097414,3,43,False,False,False,f0cbaeabae482d068771d2da07a008da9f0e467d782cee5331fbead5a88dc92b,e58296f34e4249e3064fc64321f7208d641621f7760efa63d403c3f67dd7c0c4,2.08,1.78,True,2024-09-17T09:36:00+00:00,2024-09-17T03:02:00+00:00,0.5137789481259278,0.5102745237579421,0.5094931115801181
te:2724779,2024-09-17,2024,2024-09-17,negritu,berrettini,2024-09-17T13:00:00+00:00,2024-09-17T02:58:00+00:00,0.0,2024-09-19T22:00:00+00:00,2024-09-17,1.97,1.85,0.48429319371727747,-0.06284790365966375,0.624160634312876,0.5700938324952879,2.4,0.8666666666666667,0.6216885607980644,0.622500695251843,5.07490230533536e-07,179,121,False,False,False,e0365f1cc8739b725fe58b2722bb8be65e8bdf831ada6d8570acb41019640b5a,8ab505bb3651c6c37c05fd25a522cdc50ffab6ccb127a1574ab670911fcd479c,2.01,1.83,True,2024-09-17T11:01:00+00:00,2024-09-17T09:30:00+00:00,0.49893465441785667,0.5010821057157478,0.514933885061318
te:2726969,2024-09-20,2024,2024-09-20,pavlovic-c059e,molleker,2024-09-20T10:25:00+00:00,2024-09-19T18:48:00+00:00,0.0,2024-09-22T22:00:00+00:00,2024-09-20,1.95,1.9,0.49350649350649356,-0.025975486403260445,0.6177563766939985,0.5060114909981934,0.8666666666666667,0.8666666666666667,0.5723364256160473,0.5686592838174389,7.941660523647087e-09,143,156,False,False,False,094515271c9096387ccf97db02d6658cfd2bea8978faea61fda8736acf0e58b5,b94eafc8dbc5932d9a6774f1669933df176d0552688201655f85bf869d03d7a0,1.92,1.95,True,2024-09-20T08:56:00+00:00,2024-09-20T08:56:00+00:00,0.5076451465868502,0.5090861477266573,0.5130998566421402
te:2727011,2024-09-20,2024,2024-09-20,dellien,couacaud,2024-09-20T18:40:00+00:00,2024-09-20T13:19:00+00:00,1.0,2024-09-22T22:00:00+00:00,2024-09-20,1.83,2.03,0.5259067357512953,0.10371982620036632,0.5811982095553861,0.22397427072579482,1.6166666666666667,0.5166666666666667,0.7464460798543685,0.6413897775446034,1.2362002310695175e-08,178,111,False,False,False,748910dbd29d370c62b51b69dc564361bb228ed622471d678e654dcd88d84c95,28368a4aed2dbb55bb67bd100da4528e90645d76a0b95a54b8d2e1bfe9a48a1c,1.84,2.04,True,2024-09-20T15:31:00+00:00,2024-09-20T15:31:00+00:00,0.5382115404048053,0.5364952287419511,0.5425335230922878
te:2727289,2024-09-20,2024,2024-09-20,majchrzak-905d8,martineau-40903,2024-09-20T10:10:00+00:00,2024-09-19T18:49:00+00:00,0.0,2024-09-22T22:00:00+00:00,2024-09-20,1.7,2.21,0.5652173913043478,0.2623642644674909,0.5430911548240749,-0.0895709935070973,1.2666666666666666,0.43333333333333335,0.7519424950793441,0.6161978724963326,2.9912350374416974e-11,164,178,False,False,False,0ecdb1f8b3d96830f5c950accd5486503cbd0fe9d5c86bd26cb42414400c5b19,0a05900b16cdece9ffdfa7d787eeb2f6ee6611f60f062ca0ba77cf7bb6c35f3e,1.71,2.22,True,2024-09-20T07:01:00+00:00,2024-09-20T07:01:00+00:00,0.5751912295078191,0.5700808972828452,0.5731748928491089
te:2727363,2024-09-20,2024,2024-09-20,pouille,ajdukovic,2024-09-20T11:35:00+00:00,2024-09-19T18:53:00+00:00,0.0,2024-09-22T22:00:00+00:00,2024-09-20,1.69,2.23,0.5688775510204082,0.27727305653704526,0.6336403381579925,0.27059291344541425,1.3666666666666667,0.26666666666666666,0.6836932166929915,0.6670897996963925,2.6304682237965338e-08,111,190,False,False,False,c3e4054b1f95cc087527b584f5d9107ce27d11cf8343bbb78749df0d27ea7c13,54058f770740cfd16f78c20c2345f3cb50565c54337fda3faefe5a5f531474df,1.7,2.24,True,2024-09-20T08:31:00+00:00,2024-09-20T08:31:00+00:00,0.578630070138915,0.5778068114614351,0.5803030755883637
te:2727427,2024-09-20,2024,2024-09-20,basavareddy,boyer-64ede,2024-09-20T16:55:00+00:00,2024-09-20T08:59:00+00:00,0.0,2024-09-22T22:00:00+00:00,2024-09-20,1.76,2.12,0.5463917525773196,0.1861022796338609,0.6197582774927122,0.30242008502417694,1.7666666666666666,1.2,0.6654959018243954,0.6246651394937823,5.502113661903785e-08,95,157,False,False,False,1afa2be27125842bef38bf9d11e1042682445ad402006bde4f6f02a209e48a86,c8aa5be2e7d1f9ac0439ff0aab576d04ee47793492a9a0d7a36a95cb612ebcf3,1.79,2.1,True,2024-09-20T13:21:00+00:00,2024-09-20T15:31:00+00:00,0.5574935821630175,0.5568745906969902,0.5690688658064764
te:2727465,2024-09-20,2024,2024-09-20,trotter,escobedo-2bf83,2024-09-20T15:10:00+00:00,2024-09-20T09:55:00+00:00,0.0,2024-09-22T22:00:00+00:00,2024-09-20,1.63,2.36,0.5914786967418546,0.3700816042188476,0.6225311625950377,0.1302240678996528,0.95,0.08333333333333333,0.6989175427537055,0.6506222067588323,4.4546485944430003e-10,132,137,False,False,False,fe82a1f78f3b715913cdd1079ea078ec2cd5723010444cdd06c1f8a353f8dd8d,5a7d2569893a380721fd4427c9c67d889e08fe5a0be791c246048b0ba905416a,1.61,2.39,True,2024-09-20T14:38:00+00:00,2024-09-20T14:38:00+00:00,0.5998538310005955,0.5975778173714736,0.5960876131427755
te:2728141,2024-09-24,2024,2024-09-24,mayot,majchrzak-905d8,2024-09-24T08:40:00+00:00,2024-09-22T08:50:00+00:00,1.0,2024-09-26T22:00:00+00:00,2024-09-24,1.67,2.22,0.570694087403599,0.28468356945552425,0.5820472370001916,0.04649961925145413,1.45,0.25,0.5309081599901819,0.6189016981476844,1.4120364877356906e-09,181,169,False,False,False,80e114e660b35dd4f34f6caedd11908cb9107289eaf722da9aaade3fa2d8e18f,145eabe679ea144048fcfaecf8f325fc3ccc4a290e7453711d3e7c5adb3b45e3,1.66,2.27,True,2024-09-23T06:22:00+00:00,2024-09-24T01:11:00+00:00,0.5803365565142516,0.5768876165928923,0.5797466833321003
te:2728163,2024-09-24,2024,2024-09-24,silva-cb43c,skatov,2024-09-24T11:10:00+00:00,2024-09-22T09:52:00+00:00,1.0,2024-09-26T22:00:00+00:00,2024-09-24,2.01,1.82,0.47519582245430814,-0.09929822098228022,0.5981485548135423,0.4970548825171921,1.1666666666666667,0.13333333333333333,0.628517671017181,0.711208229379263,8.170860563150306e-08,133,149,False,False,False,0775bccbbdb26cee5f989e5971df5eec5237507d2bc2604ecc5be9f88171a3d1,646ca3be27a25218e57828d6248f1fff6b4df1ebf759d947844e82aa30b8de4a,2.04,1.81,True,2024-09-24T10:31:00+00:00,2024-09-24T09:43:00+00:00,0.4903244920138256,0.4915225393104463,0.4917325591867571
te:2729193,2024-09-24,2024,2024-09-24,evans-cf2af,sultanov,2024-09-24T08:45:00+00:00,2024-09-23T08:15:00+00:00,1.0,2024-09-26T22:00:00+00:00,2024-09-24,1.84,1.98,0.518324607329843,0.0733312730855498,0.5912069450785105,0.2956257941003041,0.0,0.0,0.6515968195880552,0.7482451163659413,1.1218421747116736e-09,101,221,False,False,False,b66591730971280766d71ac8c9c3048de5e6c19f1f545408c502b0dcc6c31dbf,dc6438779d7bba153bf069b1b69668c575e29ed9026a725f45bfa382860be9ed,1.83,2.01,True,2024-09-23T22:09:00+00:00,2024-09-24T08:27:00+00:00,0.5310668417540253,0.5301537041345419,0.5218601188947315
te:2729777,2024-09-24,2024,2024-09-24,quinn-d0193,holt-669c7,2024-09-24T14:05:00+00:00,2024-09-24T07:36:00+00:00,1.0,2024-09-26T22:00:00+00:00,2024-09-24,1.75,2.1,0.5454545454545455,0.1823215567939549,0.619227983905029,0.3039511450340947,0.8666666666666667,0.8666666666666667,0.6077204503723437,0.6400971658022112,1.5186574220393823e-11,162,162,False,False,False,6a40709e80725bb9e6c1e9ebe5c847dca746efa60dbc8361c36325965fcff93d,41f38a1dfb5ac4321aba6ecd15ae73bc47917a27f9332dab7911de20c88653e9,1.67,2.23,True,2024-09-24T09:02:00+00:00,2024-09-24T09:02:00+00:00,0.5566120180377235,0.5560041685159243,0.5599691075792301
te:2730009,2024-09-24,2024,2024-09-24,leong-e28bd,ellis-b4efc,2024-09-24T06:15:00+00:00,2024-09-23T14:36:00+00:00,0.0,2024-09-26T22:00:00+00:00,2024-09-24,1.75,2.0,0.5333333333333333,0.1335313926245226,0.643864182346242,0.45864424590119157,1.45,0.18333333333333332,0.7108954610690117,0.7490328567766876,4.170830347760557e-12,120,172,False,False,False,fd428aca0ece631e2953ac3bcfdb74675f17eb6aa4bdcdb0e09bbadd643678f7,c22c94078d29c297f8105de5302ec63aa01a7abc89b6bae43295b01801ecf7fb,1.84,1.93,True,2024-09-23T19:58:00+00:00,2024-09-23T19:58:00+00:00,0.5452053819608178,0.546358303170773,0.5487867485728792
te:2730557,2024-09-24,2024,2024-09-24,huesler,lamasine,2024-09-24T13:15:00+00:00,2024-09-23T18:59:00+00:00,0.0,2024-09-26T22:00:00+00:00,2024-09-24,2.04,1.79,0.46736292428198434,-0.13073418800346137,0.43415039027565316,-0.13420315224429546,0.0,0.0,0.9048921751963157,0.7035882022215229,6.17947693015708e-10,168,160,False,False,False,a6a0198307d0bc2aefa8a39d3e4b145ee00b34e662e8be1123a4c5e479a9ec74,0889c1dd932fd81f8cee305178d77bfede7e7cdc67713e7be537d7e33e201794,2.05,1.81,True,2024-09-24T12:57:00+00:00,2024-09-24T12:57:00+00:00,0.48290322081937914,0.47643179000324815,0.4680397685271232
te:2730911,2024-09-24,2024,2024-09-24,sell-1ce74,farjat,2024-09-24T14:40:00+00:00,2024-09-24T07:25:00+00:00,0.0,2024-09-26T22:00:00+00:00,2024-09-24,2.2,1.68,0.4329896907216495,-0.26966356694910254,0.49302995969010227,0.2417815995535951,0.0,0.0,0.7303944896743786,0.5599182395208466,2.0327314831369847e-10,155,164,False,False,False,2046f411bc9743da293a2fd37bec7a3509584355fc64f9cd775d1c7ce81cf9f8,890190bc83592af1ccfa9ea7f7649db419d02241689f5dc5b42d05a1bd1c2bc2,2.18,1.7,True,2024-09-24T12:38:00+00:00,2024-09-24T12:38:00+00:00,0.4502398216056388,0.44806516679998837,0.43978831578997823
te:2731333,2024-09-27,2024,2024-09-27,collignon,kovalik,2024-09-27T11:45:00+00:00,2024-09-24T17:05:00+00:00,0.0,2024-09-29T22:00:00+00:00,2024-09-27,1.68,2.21,0.5681233933161953,0.2741987221144937,0.5942888284601862,0.10752521598087034,0.0,0.0,0.779870122507076,0.679591113937768,5.767608612927688e-14,173,184,False,False,False,131691ee3502e26ba618051be60e7536a278347538f45ecf03db0a00d94ccdf2,101e70fbba3a2c9f264f90a4b013108a72f7de7c205d2708c4aa9d17703494de,1.69,2.22,True,2024-09-25T08:52:00+00:00,2024-09-25T09:40:00+00:00,0.5779215610465647,0.5751689085709858,0.5670251446945413
te:2731821,2024-09-27,2024,2024-09-27,butvilas,schoolkate,2024-09-27T19:10:00+00:00,2024-09-25T16:10:00+00:00,1.0,2024-09-29T22:00:00+00:00,2024-09-27,1.76,2.09,0.5428571428571429,0.1718502569266595,0.6459953514774518,0.4296320065075285,0.21666666666666667,0.21666666666666667,0.754632003623668,0.7164931953486664,2.0444756998472258e-13,178,167,False,False,False,b98c1540f33e969afd61e4ae6dd9294856aa2e521d135568d6a2c3973469f9f7,c30d573ddb7eaf92f169ba834358ea23246d2843a571e84f6781a568d1599b40,1.72,2.16,True,2024-09-26T13:48:00+00:00,2024-09-27T18:15:00+00:00,0.5541685437630461,0.5550407911079053,0.5498983758360693
te:2731829,2024-09-27,2024,2024-09-27,tomic-4ca3d,nakagawa-7463c,2024-09-27T19:10:00+00:00,2024-09-26T08:17:00+00:00,0.0,2024-09-29T22:00:00+00:00,2024-09-27,1.66,2.25,0.5754475703324808,0.304112613847877,0.65136707646532,0.3209411613380785,1.65,1.65,0.7460707604676693,0.7234462748421266,9.684125501507879e-09,173,97,False,False,False,b0f5b0737f3b527658073f274e395d6b1fe4d245dd4f738d5ac215eae2a4610e,96ae0d839c916c87e0ffd405dfed5e1a269a15d3bf2b32354833b5ea34569197,1.76,2.11,True,2024-09-27T13:26:00+00:00,2024-09-27T13:26:00+00:00,0.5848014497104526,0.5846202295135722,0.599279462049719
te:2732573,2024-09-27,2024,2024-09-27,mcdonald-4d935,diallo-dd116,2024-09-27T06:35:00+00:00,2024-09-26T08:28:00+00:00,1.0,2024-09-29T22:00:00+00:00,2024-09-27,1.68,2.26,0.5736040609137056,0.2965710198690272,0.6295330724224909,0.2336431933869249,0.0,0.0,0.7421334217317144,0.8281556159188997,3.820388450037626e-12,93,176,False,False,False,a34a5ba073705586eac18cba714d5ef85c7dc10ec114250efb205cd08de6602f,7d561495f1585592b62b2e85737aa5ad387685db42643ba80f556cca552db62b,1.66,2.31,True,2024-09-27T01:32:00+00:00,2024-09-27T04:53:00+00:00,0.5830699636764947,0.5818494623587195,0.5737619259622315
te:2732623,2024-09-27,2024,2024-09-27,wu-f664e,svrcina,2024-09-27T03:15:00+00:00,2024-09-26T13:31:00+00:00,0.0,2024-09-29T22:00:00+00:00,2024-09-27,1.89,1.96,0.5090909090909091,0.03636764417087508,0.6156846433610071,0.4349037888785026,0.2833333333333333,0.2833333333333333,0.6381231287365356,0.5982583071209804,7.159929871214388e-10,132,146,False,False,False,be7b15b421c2f47289a683b779514aa8537916a0f93cc27760a325b9dabaf4fe,6b26f27802a133973fc86b2dd236c270e3bbfdf970fd212396abcc17dbc55ca9,1.9,1.97,True,2024-09-26T23:34:00+00:00,2024-09-26T23:34:00+00:00,0.5223593527018402,0.5230552632487242,0.5187884283112342
te:2732745,2024-09-27,2024,2024-09-27,rocha-0492a,arnaboldi-d7371,2024-09-27T13:10:00+00:00,2024-09-27T01:45:00+00:00,1.0,2024-09-29T22:00:00+00:00,2024-09-27,1.89,1.93,0.5052356020942408,0.020943173845242972,0.6157283249455342,0.4505128719152594,0.3333333333333333,0.3333333333333333,0.5800674956622633,0.559448396481969,3.4317626518287625e-10,180,147,False,False,False,d5375925007fe3bc23cdc6550d26a9cf519f3bc2986d5ed9b7e790f27e85dd20,8f737d37d01e414f325913fb5ae093ef0ba6b96015d43268a0b17abdcf55010d,2.02,1.83,True,2024-09-27T12:37:00+00:00,2024-09-27T12:37:00+00:00,0.5187214954699992,0.5195777189314722,0.5160182790238138
te:2732801,2024-09-27,2024,2024-09-27,mayot,bonzi-a38fa,2024-09-27T14:00:00+00:00,2024-09-27T01:45:00+00:00,0.0,2024-09-29T22:00:00+00:00,2024-09-27,1.68,2.25,0.5725190839694657,0.2921364228011615,0.6434771927960798,0.2983519480420068,1.3666666666666667,0.26666666666666666,0.7160678061509991,0.7009231210392219,6.2505001174884e-12,184,177,False,False,False,0e147ddcdb0832887ac0a18dbab19797a32262a8217c95a609c2670bfb8e2213,ccf9a048ec851fa2666d68c5d66e0b2147da4aaeee1259ba95ef07219c80f7c3,1.67,2.31,True,2024-09-27T11:02:00+00:00,2024-09-27T12:45:00+00:00,0.5820508574354272,0.5815823718236008,0.584079052188743
te:2733395,2024-10-01,2024,2024-10-01,gueymard-wayenburg,broom-cb719,2024-10-01T10:05:00+00:00,2024-09-29T15:39:00+00:00,0.0,2024-10-03T22:00:00+00:00,2024-10-01,1.68,2.22,0.5692307692307692,0.27871340246902043,0.6273630350874893,0.24220731265734952,0.5166666666666667,0.016666666666666666,0.641259984574215,0.6621937355487255,1.4012579985234197e-10,179,196,False,False,False,775010be8be1688a3c917c81aff63924f506a33df770f25b5195dad1dcd75a53,853b0dab16a38bedcdb902a8cdb7bec574aea770b2f2b2c1b30baa2cfd48bb13,1.72,2.17,True,2024-10-01T09:32:00+00:00,2024-09-29T21:13:00+00:00,0.5789619001563079,0.5778069606020698,0.5730716518429639
te:2733399,2024-10-01,2024,2024-10-01,guinard,holmgren-a5794,2024-10-01T08:40:00+00:00,2024-09-29T17:40:00+00:00,0.0,2024-10-03T22:00:00+00:00,2024-10-01,1.59,2.39,0.6005025125628142,0.4075593497112796,0.6203538918815226,0.08349123447329565,0.43333333333333335,0.43333333333333335,0.6719678523326128,0.7360871134462318,1.4200585152224221e-12,125,180,False,False,False,211b46b7b6978014e66374b945f44ee42803eb1a3db7dcd9af2c185a73aa54a7,cd3abd8f0779c436af58258e80847e4ac3536b6d5db16aa28794431ecb2aec65,1.6,2.4,True,2024-09-30T12:44:00+00:00,2024-10-01T00:19:00+00:00,0.6083239601873797,0.6055912509263814,0.6035491284976442
te:2733405,2024-10-01,2024,2024-10-01,pouille,debru-5353d,2024-10-01T16:15:00+00:00,2024-09-29T15:37:00+00:00,0.0,2024-10-03T22:00:00+00:00,2024-10-01,1.84,1.98,0.518324607329843,0.0733312730855498,0.6173865565327956,0.4051388708999789,0.38333333333333336,0.38333333333333336,0.7256482545782039,0.6612621384476282,4.594483127284832e-11,121,130,False,False,False,157062650032e084fd44138c0b4fec246b63f816dc2e15b1d021e19381473797,264a2427bb3052a30721bc0e6770f986fff954a7a11da05470417e290d427597,1.95,1.88,True,2024-10-01T11:51:00+00:00,2024-10-01T11:51:00+00:00,0.5310668417540253,0.5314711292426993,0.5286296726889722
te:2733555,2024-10-01,2024,2024-10-01,burruchaga,vallejo-d7859,2024-10-01T18:10:00+00:00,2024-09-29T15:30:00+00:00,1.0,2024-10-03T22:00:00+00:00,2024-10-01,1.99,1.83,0.4790575916230366,-0.08381867188307154,0.6141104539837625,0.5484422980341553,0.5833333333333334,0.5833333333333334,0.5121679866371599,0.5000000116094238,0.00033046516203892595,195,147,False,False,False,37f28d39648d49350af0853f112b5babde97469ad77cea1814cbfd2612596391,6cc83f14cd3dfda9c0dac82f60be424a1d559eeb8db0128031a1915ee732c5ab,1.98,1.85,True,2024-10-01T17:53:00+00:00,2024-10-01T17:53:00+00:00,0.4939806103987189,0.4958278581635497,0.4958142310732811
te:2735841,2024-10-01,2024,2024-10-01,tirante,dodig-b6156,2024-10-01T12:35:00+00:00,2024-09-30T20:20:00+00:00,1.0,2024-10-03T22:00:00+00:00,2024-10-01,1.86,1.96,0.5130890052356021,0.052367985517315925,0.6256877780924357,0.46139323703876356,1.35,0.05,0.6295354030097126,0.6339662733372902,5.9664119095304e-07,144,183,False,False,False,5f69c7df382a339626cbcac7a55f847445a9dad289a8edf3f239cf712ebc2b62,33d83224f0c6cc2f28a03896f452912c497e08620bdde40e7ae8e249d5af522a,1.83,2.02,True,2024-10-01T05:34:00+00:00,2024-10-01T05:34:00+00:00,0.5261305190849326,0.5271741895492164,0.5279284233017502
te:2735863,2024-10-01,2024,2024-10-01,vincent-ruggeri,coulibaly-f4551,2024-10-01T08:40:00+00:00,2024-10-01T05:46:00+00:00,0.0,2024-10-03T22:00:00+00:00,2024-10-01,1.8,2.04,0.53125,0.12516314295400602,0.596168462327461,0.2643623340445499,1.0666666666666667,0.5333333333333333,0.5000000000000001,0.5644303859765881,0.013396557301444373,181,175,False,False,False,fb00f815be5435d134ee9cec38e4232007f78486a11beae05856a7412a8817d7,b12f793166d8ccef333793d483b60baa3636e3c61e62bbb562ae9380766b19d0,1.83,1.99,True,2024-10-01T08:17:00+00:00,2024-10-01T08:17:00+00:00,0.5432438564440044,0.5420537716010488,0.5447213582631055
te:2736353,2024-10-01,2024,2024-10-01,dellien-e101c,aboian-f7ddc,2024-10-01T13:40:00+00:00,2024-10-01T07:57:00+00:00,1.0,2024-10-03T22:00:00+00:00,2024-10-01,1.95,1.86,0.48818897637795283,-0.04725288485054525,0.6025471824206813,0.46334262908530544,0.9166666666666666,0.35,0.5521492198868946,0.5000000000000001,0.02041204400249172,186,211,False,False,False,ceafd86b5d40806ab8179850e0eb51648399ad89881426e79db9386398dfdd42,07319567994e23cfdc08d7d5d7fa038585e4fad4ceccf341d7324bccb2ffd041,1.98,1.85,True,2024-10-01T08:59:00+00:00,2024-10-01T08:13:00+00:00,0.5026189440470149,0.5035059404594221,0.5038046128674782
te:2736359,2024-10-01,2024,2024-10-01,meligeni-rodrigues-alves,ambrogi,2024-10-01T18:00:00+00:00,2024-10-01T08:50:00+00:00,1.0,2024-10-03T22:00:00+00:00,2024-10-01,1.96,1.85,0.4855643044619423,-0.05775883415219216,0.628036120529887,0.5815597643735106,1.0666666666666667,1.0666666666666667,0.668489740419367,0.645587939238586,6.76013411915477e-11,150,156,False,False,False,b234ab06c1cd345a8682092991b990b214a1dcea46f88175eaa65ec47b8dc911,1679ae7e5b88af04c407b62639b1f6e1292021440d2b5d5a20e9543209b1b102,1.94,1.89,True,2024-10-01T17:02:00+00:00,2024-10-01T17:02:00+00:00,0.5001369428623718,0.5024321939028126,0.5092954419053302
te:2736363,2024-10-01,2024,2024-10-01,spizzirri,baris,2024-10-01T18:05:00+00:00,2024-10-01T10:37:00+00:00,1.0,2024-10-03T22:00:00+00:00,2024-10-01,1.7,2.17,0.5607235142118864,0.24409891649019808,0.5531891102315822,-0.03053444164221983,0.0,0.0,0.7780576830008178,0.6471926746436825,3.1144197776278304e-09,102,56,False,False,False,aafb40ad8b442b2384d70e53a8d36414b7da13ae4bb3e888b03740c339920a98,a907922674df7f6fc9612de6240fc260f37935fb40c0aeceb67c7341cf2d0d37,1.99,1.85,True,2024-10-01T16:26:00+00:00,2024-10-01T16:43:00+00:00,0.5709682617423241,0.5665128990110775,0.5583042223258373
te:2737253,2024-10-04,2024,2024-10-04,kym,engel-6e09f,2024-10-04T10:05:00+00:00,2024-10-03T08:43:00+00:00,0.0,2024-10-06T22:00:00+00:00,2024-10-04,2.01,1.85,0.4792746113989638,-0.08294908298075057,0.5360898119011757,0.22755981617291218,0.55,0.016666666666666666,0.694917478743814,0.5576419834206043,7.990043765504495e-10,169,139,False,False,False,867e2ba32606ce29e8d153b9cedfef7d2446724f130ae30968b8b272b5664706,bc0eb5c0ae03e49dd433a551996f95d3a21539029c78f87ba5cbdd57d71e68ad,1.97,1.9,True,2024-10-04T08:04:00+00:00,2024-10-04T08:04:00+00:00,0.4941860215603788,0.4921605590423949,0.48746754306486234
te:2737485,2024-10-04,2024,2024-10-04,coria-df292,heide-17a3d,2024-10-04T16:05:00+00:00,2024-10-03T15:59:00+00:00,0.0,2024-10-06T22:00:00+00:00,2024-10-04,1.83,2.03,0.5259067357512953,0.10371982620036632,0.6137455645989218,0.3593643147744561,1.0833333333333333,0.18333333333333332,0.5678174918131943,0.6014698689441825,5.89167603592955e-11,184,140,False,False,False,49648b9da80b0bf8072c56d64261115c339746e3ee55f1f0411b305a8b8bc8ab,907e05de99b2f75b20849f19153a78b6b9bd6ed3612df95ca2ceebfbde427f3e,1.84,2.04,True,2024-10-04T10:00:00+00:00,2024-10-04T10:00:00+00:00,0.5382115404048053,0.5381210554100005,0.5381983744023391
te:2737743,2024-10-04,2024,2024-10-04,galan-e4b30,neumayer,2024-10-04T12:10:00+00:00,2024-10-03T17:32:00+00:00,0.0,2024-10-06T22:00:00+00:00,2024-10-04,1.78,2.1,0.5412371134020618,0.16532398042538338,0.6340286125308209,0.38421494913658255,1.9166666666666667,0.05,0.6729156736583931,0.700213180062833,3.858363023523381e-08,160,162,False,False,False,7fff1e97a5d3a4c42b8669af8d4a67e9a0f6b7e543136fa2b93b20b57633f952,3569b7812f2b03004d3f370bf948b8c27de07ce646f7a0de92acd1298e58dee3,1.79,2.11,True,2024-10-04T05:31:00+00:00,2024-10-04T05:31:00+00:00,0.5526443062464362,0.5529630455686019,0.5573082295725477
te:2737787,2024-10-04,2024,2024-10-04,halys,sels,2024-10-04T11:10:00+00:00,2024-10-03T23:30:00+00:00,0.0,2024-10-06T22:00:00+00:00,2024-10-04,1.75,2.14,0.5501285347043702,0.20119004109833744,0.6055842404232542,0.2275980573180693,1.1833333333333333,0.21666666666666667,0.7855212401602205,0.6931519293220443,6.002774388669252e-10,167,183,False,False,False,3c95abc196dd2c3387960163114cf0282b08f2981e814b62ae97146d1f6fdfe5,1ff96ae49511f28ccf60099529a241d5406df5c0c9abf3c9f81dda79153a4526,1.68,2.29,True,2024-10-04T07:33:00+00:00,2024-10-04T10:01:00+00:00,0.5610079879686718,0.559526840306018,0.5604876298822392
te:2737811,2024-10-04,2024,2024-10-04,ramos-vinolas,taberner,2024-10-04T14:00:00+00:00,2024-10-04T02:31:00+00:00,0.0,2024-10-06T22:00:00+00:00,2024-10-04,1.89,1.96,0.5090909090909091,0.03636764417087508,0.5919634507195133,0.3357204981959581,0.0,0.0,0.5956159382982352,0.679381405402728,4.130665587354088e-09,158,201,False,False,False,42a816a031a39ffc2145fad85039c6d859f5bf906a302cdf6ddeeac979db5c17,050842d9174ea205845133ad6ff6f1b234f3cf31b9183463c6dfc6cbfc6712b1,1.85,2.03,True,2024-10-04T13:50:00+00:00,2024-10-04T13:50:00+00:00,0.5223593527018402,0.5218599715053603,0.5135543952936994
te:2737835,2024-10-04,2024,2024-10-04,prizmic,gueymard-wayenburg,2024-10-04T12:35:00+00:00,2024-10-03T23:30:00+00:00,1.0,2024-10-06T22:00:00+00:00,2024-10-04,1.82,2.05,0.5297157622739017,0.11900329206161245,0.6175010540805136,0.3599515859552955,0.7333333333333333,0.16666666666666666,0.6393337181667824,0.6031043187406205,1.1545792100164931e-10,81,179,False,False,False,23759da564c6126601fd79553c1dc03e1cb1d3067755451423c81c346dd6180e,bc07eaba41d303ce6e8da578be82f132663fd7da1fda3a1bcc88700fc328a85b,1.83,2.04,True,2024-10-04T10:41:00+00:00,2024-10-04T09:57:00+00:00,0.5417991207732626,0.5417436857865199,0.5394640191063133
te:2738413,2024-10-08,2024,2024-10-08,cui-f99f9,shimizu-38ca9,2024-10-08T09:45:00+00:00,2024-10-06T09:28:00+00:00,0.0,2024-10-10T22:00:00+00:00,2024-10-08,1.88,1.94,0.5078534031413613,0.031416196233379066,0.6379398495882093,0.5350174436434612,0.7166666666666667,0.11666666666666667,0.6851765426590306,0.6868793651141325,7.101314680735271e-08,155,135,False,False,False,ec5ca01429fbf0631154b33224318829a20684f4a31927e888e56fadeef9bac2,303c37dc9e43f00b4cd7980db802b7aa22935ed75971093f1f7bf308f0c3137e,1.92,1.92,True,2024-10-08T09:38:00+00:00,2024-10-08T09:38:00+00:00,0.5211917949215891,0.5230852622216828,0.5203117892732416
te:2739207,2024-10-08,2024,2024-10-08,kypson,artnak,2024-10-08T17:05:00+00:00,2024-10-07T17:31:00+00:00,0.0,2024-10-10T22:00:00+00:00,2024-10-08,1.81,2.01,0.5261780104712042,0.10480787679324989,0.6405278905782817,0.4728481960337706,0.2833333333333333,0.2833333333333333,0.6989012476205689,0.7333330964051276,2.586054981268404e-10,111,175,False,False,False,4339ac3551314591978a6fc0186ade969c58629e4d86f77493def73e05f6dc87,35664e5a97dc07f5ed07f309f3e64509ba93f342d2fe67648e522401a50fa70e,2.06,1.79,True,2024-10-08T12:54:00+00:00,2024-10-08T12:54:00+00:00,0.5384670804312265,0.5397406256229013,0.5355078944969268
te:2739457,2024-10-08,2024,2024-10-08,martinez-c0caf,nava-337db,2024-10-08T13:30:00+00:00,2024-10-07T09:04:00+00:00,1.0,2024-10-10T22:00:00+00:00,2024-10-08,1.86,1.96,0.5130890052356021,0.052367985517315925,0.6327438879448424,0.4916382966712285,1.35,0.38333333333333336,0.7042158246755814,0.6717815799216179,7.479064534354762e-08,188,161,False,False,False,fdf1727b850aba03f0643b2f1bd386e590cb520aac36d7b37c4e7278f063bd08,efe87455b6df3a8ba64d2d2ff758e6035c3f24ac18a81014f88a39fab0460f5a,1.85,1.99,True,2024-10-08T05:34:00+00:00,2024-10-08T11:08:00+00:00,0.5261305190849326,0.5275383267669636,0.5308865118025596
te:2739467,2024-10-08,2024,2024-10-08,moreno-de-alboran-a31d1,andreev-8a7ee,2024-10-08T08:15:00+00:00,2024-10-07T09:05:00+00:00,0.0,2024-10-10T22:00:00+00:00,2024-10-08,1.67,2.23,0.5717948717948719,0.28917795904336396,0.6176567239373585,0.19043604768513034,1.45,0.65,0.7437876433501062,0.6741684159923211,5.937472735695337e-13,192,169,False,False,False,9f0a61e16882dd282c72bad9f8d9c65f5919655c8899cf5d991a4582b2722366,713cb70c45f1a61588788c223c257b55e50e0eb531b0aca7ad6b7c5117a93be6,1.74,2.13,True,2024-10-08T07:57:00+00:00,2024-10-08T07:15:00+00:00,0.5813705881804602,0.579627011680958,0.5855337094190184
te:2739819,2024-10-08,2024,2024-10-08,villanueva-55ff0,aboian-f7ddc,2024-10-08T13:10:00+00:00,2024-10-07T07:59:00+00:00,1.0,2024-10-10T22:00:00+00:00,2024-10-08,1.88,1.84,0.4946236559139785,-0.021506205220963567,0.6150680867000908,0.490172706904454,1.9833333333333334,0.5166666666666667,0.5675636493585922,0.5957284190670078,2.7965435522858684e-11,171,213,False,False,False,d117edb8b5db3f3b94ab23fb76230cfdc96420fa3eb0531ed97131d4af358fd0,519b2c74b4ac95520ea725ca6b5ef92352b957641f6119a627a558655c707bf2,1.86,1.91,True,2024-10-08T05:32:00+00:00,2024-10-08T05:32:00+00:00,0.5087007294663384,0.5099586486408902,0.5184009683500022
te:2740947,2024-10-08,2024,2024-10-08,jorda-sanchis,sachko,2024-10-08T13:40:00+00:00,2024-10-08T07:56:00+00:00,1.0,2024-10-10T22:00:00+00:00,2024-10-08,1.67,2.23,0.5717948717948719,0.28917795904336396,0.6471028284470142,0.3171505381876162,0.5333333333333333,0.5333333333333333,0.7629931330338245,0.7215965050556968,1.0641577480319242e-08,147,141,False,False,False,a022eaecc248f039539ad463d74e8ef864b215f9f216669e53fab6c2d5432c36,9299eeb7a4bb07d460d22b2b285ba7e0b995e289784b51ba3430656cf1313699,1.72,2.14,True,2024-10-08T13:03:00+00:00,2024-10-08T13:03:00+00:00,0.5813705881804602,0.581117639979881,0.5804381448503932
te:2742591,2024-10-11,2024,2024-10-11,burruchaga,coria-df292,2024-10-11T21:40:00+00:00,2024-10-10T23:14:00+00:00,1.0,2024-10-13T22:00:00+00:00,2024-10-11,1.93,1.92,0.49870129870129865,-0.0051948168771042275,0.6136820176691814,0.46801090558322833,1.25,1.25,0.5516917884418377,0.579722026835718,1.5293218302847578e-08,190,187,False,False,False,313f3a751d2ee08887043374d1897b79d42554340d2a954c4d36a8dff9d24cf4,ec17cf7c9c5e7c2ee09e3f787ad83148f6c0457a7605fc5d716dd096c385a43c,1.9,1.96,True,2024-10-11T18:02:00+00:00,2024-10-11T18:02:00+00:00,0.512552526846428,0.5135725571708388,0.5230201410344812
te:2742617,2024-10-11,2024,2024-10-11,schoolkate,quinn-d0193,2024-10-11T19:40:00+00:00,2024-10-11T08:10:00+00:00,1.0,2024-10-13T22:00:00+00:00,2024-10-11,1.69,2.23,0.5688775510204082,0.27727305653704526,0.6590901191049494,0.3819690564576498,0.25,0.25,0.7751500072884975,0.7435008631681667,5.473371755826406e-12,162,157,False,False,False,785db6c737a141e99a38d6802b8060dc9f6cfabe21400ac13b0897622076c969,54a4c29e952006ba63fff547fa70295ff19286fbef6b46c15adf90f7cdbdff88,1.7,2.25,True,2024-10-11T16:31:00+00:00,2024-10-11T16:31:00+00:00,0.578630070138915,0.5791186364032169,0.5745141905997769
te:2742619,2024-10-11,2024,2024-10-11,grenier-baaf0,jorda-sanchis,2024-10-11T14:10:00+00:00,2024-10-10T21:49:00+00:00,,,,1.59,2.43,0.6044776119402985,0.42415724112031683,0.653491851443442,0.2102664876554804,2.1666666666666665,0.43333333333333335,0.7844514009806043,0.7391199218891581,3.7630468185945176e-10,174,152,False,False,False,3f0af68659471be114022bdd4bb78bc133b3e121d871faae3336eeb63d888219,f98ed695a6eb90afd7b71c2db7e9a10d0d0aee21b5f707929162fcd9670f9057,1.63,2.38,True,2024-10-11T13:44:00+00:00,2024-10-11T13:44:00+00:00,0.6120547394813646,0.6108170841375734,0.6193465497922979
te:2742651,2024-10-11,2024,2024-10-11,cerundolo-08df6,pucinelli-de-almeida,2024-10-11T18:40:00+00:00,2024-10-11T07:48:00+00:00,0.0,2024-10-13T22:00:00+00:00,2024-10-11,1.88,1.98,0.5129533678756476,0.051825067864585767,0.5584127614056673,0.18289774040794965,0.8333333333333334,0.3333333333333333,0.6132594308895258,0.5000000000000001,0.010995223661633066,148,142,False,False,False,cc2ecaa40dde919dcab8c60880d23c98a61b76dab8e55d6d44f9b6cd64ffe525,1f2dff9332aaa29a04567cdd7d41938f2018b13a87a1d18192a5daace4b278dc,1.97,1.89,True,2024-10-11T17:58:00+00:00,2024-10-11T17:58:00+00:00,0.526002603672695,0.5236909465560813,0.5232985887465244
te:2743671,2024-10-15,2024,2024-10-15,pouille,berankis,2024-10-15T16:30:00+00:00,2024-10-13T13:03:00+00:00,1.0,2024-10-17T22:00:00+00:00,2024-10-15,2.07,1.78,0.4623376623376624,-0.15093524297328376,0.5519063769691446,0.359311477364241,0.6666666666666666,0.0,0.7764344994689004,0.6448276219764569,5.4944817029500825e-09,133,128,False,False,False,408b4f0b68595f2a2f549117d83bc5dafc50b741614300c38b30e7f91c14c19e,442bd83cf6d3f27f8224f5c0da8dff0e63b21600d6a87f039f07ee148dfcec0d,2.05,1.81,True,2024-10-15T14:40:00+00:00,2024-10-15T14:40:00+00:00,0.47813801190504995,0.4775792675241868,0.4735217987438845
te:2744473,2024-10-15,2024,2024-10-15,galarneau-32e1f,boitan,2024-10-15T00:10:00+00:00,2024-10-13T16:58:00+00:00,0.0,2024-10-17T22:00:00+00:00,2024-10-15,1.95,1.86,0.48818897637795283,-0.04725288485054525,0.6183489798403863,0.5297992439629793,1.0666666666666667,0.26666666666666666,0.7025338598412311,0.6466873009744701,1.6222610199623233e-09,109,174,False,False,False,9b1006ade3def1005b06ccf9475e26115f58afb07d882c39f20cac499baf5089,a3cb3cd0c28110fc8a881d23a620134ea72b113370e4ca738ffd4a11f7b0ee99,2.04,1.81,True,2024-10-14T21:45:00+00:00,2024-10-14T21:45:00+00:00,0.5026189440470149,0.5043084020208031,0.5049301667252971
te:2744537,2024-10-15,2024,2024-10-15,ugo-carabelli,heide-17a3d,2024-10-15T21:35:00+00:00,2024-10-13T17:15:00+00:00,1.0,2024-10-17T22:00:00+00:00,2024-10-15,1.83,1.99,0.5209424083769634,0.08381867188307154,0.6316304334513594,0.455399102863447,1.2166666666666666,0.21666666666666667,0.6583105333964271,0.6717704233640394,7.939218471531007e-08,181,149,False,False,False,30f7720d2d0f835456ed89782b37c9621fddf5376d87a13090647de8f2be80c8,43e54fe3c71f23eca2788ee7c7582e738097ab7142a92f341e87934ac1417634,1.85,2.0,True,2024-10-15T21:11:00+00:00,2024-10-15T21:08:00+00:00,0.5335341393143435,0.534561437293575,0.5357601924828871
te:2744539,2024-10-15,2024,2024-10-15,barrios-vera,meligeni-rodrigues-alves,2024-10-15T20:05:00+00:00,2024-10-13T15:45:00+00:00,0.0,2024-10-17T22:00:00+00:00,2024-10-15,1.76,2.09,0.5428571428571429,0.1718502569266595,0.6347282236798364,0.3807049869764995,0.75,0.75,0.6862024930797352,0.6710869817935967,9.70536284672363e-09,150,151,False,False,False,1ebf0fbe05953fcb7dc042ed75ea4e88e698ca55d2f94f0e7731698c3609cdca,af2643d5cf3d01abb954c1a17555481d42b235a3face9c969e7940a3c745eecb,1.71,2.18,True,2024-10-14T09:47:00+00:00,2024-10-14T09:47:00+00:00,0.5541685437630461,0.5544570466323063,0.5567991299326696
te:2744541,2024-10-15,2024,2024-10-15,sakamoto-b1d5b,gomez-e101b,2024-10-15T14:50:00+00:00,2024-10-15T07:47:00+00:00,0.0,2024-10-17T22:00:00+00:00,2024-10-15,1.84,1.98,0.518324607329843,0.0733312730855498,0.564009084466862,0.18411767829474424,2.5,0.26666666666666666,0.5641509155336553,0.6760451885902689,3.005210802431435e-10,156,205,False,False,False,83cc24337f77c1b93555643f7d984fcfa531ad0c444307d9a52ec3f82a3ce043,53849aaa1eb3c066763d644989686fd2433d920caa8bcf0a5116b0b47919abdb,1.91,1.93,True,2024-10-15T14:21:00+00:00,2024-10-15T14:21:00+00:00,0.5310668417540253,0.528811847235675,0.5385500612749473
te:2745557,2024-10-15,2024,2024-10-15,sun-2f389,matsuda-ad000,2024-10-15T03:50:00+00:00,2024-10-14T12:37:00+00:00,0.0,2024-10-17T22:00:00+00:00,2024-10-15,2.19,1.69,0.43556701030927836,-0.25917301489342737,0.527232516351357,0.3682109839111569,0.6333333333333333,0.6333333333333333,0.7099550885045663,0.5649641145477073,8.283217167726065e-11,159,162,False,False,False,875e3949d10755b4644842db0d35f379934ce81e921bcaa2bce594eb1629c58f,c01165a9ba135f175269769c3cff2d77575525ba58d2f9175099041d49a062bb,2.09,1.77,True,2024-10-15T00:32:00+00:00,2024-10-15T00:32:00+00:00,0.4526948534101017,0.4520493919056166,0.45268263881945614
te:2746791,2024-10-15,2024,2024-10-15,prado-angelo,elias-3e14c,2024-10-15T16:30:00+00:00,2024-10-15T07:47:00+00:00,1.0,2024-10-17T22:00:00+00:00,2024-10-15,1.91,1.91,0.5,0.0,0.6017272069085003,0.41266701766141256,0.0,0.0,0.5538800215745017,0.5000000000000001,0.002350150568875442,164,154,False,False,False,67cdfd64938c627069033122a70aa01de2c62d52377a3b401d0b5de2cf72798b,7784d89c65c44417b33c02ae7656a6240fcad521481ef02b6c2d8588b8740f02,1.88,1.95,True,2024-10-15T11:36:00+00:00,2024-10-15T14:21:00+00:00,0.5137789481259278,0.5141406274087608,0.505833906625968
te:2746793,2024-10-15,2024,2024-10-15,sell-1ce74,dutra-da-silva,2024-10-15T15:05:00+00:00,2024-10-15T07:48:00+00:00,0.0,2024-10-17T22:00:00+00:00,2024-10-15,1.98,1.84,0.48167539267015713,-0.07333127308554936,0.5407122711610277,0.23654169028749567,0.0,0.0,0.6304651282088785,0.5000000000000001,0.009172956722825573,165,182,False,False,False,583df00ab01ce43b2456235fcfb9782b58137723fbb9ee6508667d1a85302d16,2435908b0b38abb05e0396dfa65674e09d32aee98b1da9a9cdb59c233b17e0d5,2.09,1.77,True,2024-10-15T14:45:00+00:00,2024-10-15T14:45:00+00:00,0.4964580214076508,0.49455847911652856,0.4862115101743507
te:2747127,2024-10-15,2024,2024-10-15,pospisil-9e7de,perez-37652,2024-10-15T19:35:00+00:00,2024-10-15T08:21:00+00:00,1.0,2024-10-17T22:00:00+00:00,2024-10-15,1.72,2.14,0.5544041450777203,0.21848153820839877,0.6300745499072741,0.3140551082611941,0.0,0.0,0.6512855748593626,0.6601679270383136,1.1602441057911861e-07,41,34,False,False,False,82b49351c41cd73b1e3e0e267c482df7b5f6c24448d9e6a91a5082800fc9faac,1c59cd508d386c15b377d2f38e544869ddf0c61bfe78da49b361d0558259e83e,1.73,2.15,True,2024-10-15T15:43:00+00:00,2024-10-15T15:43:00+00:00,0.565028179458797,0.564608194045185,0.5564408993410839
te:2747851,2024-10-18,2024,2024-10-18,walton,mccabe-b71c6,2024-10-18T02:45:00+00:00,2024-10-16T17:59:00+00:00,,,,1.63,2.35,0.5904522613065327,0.3658353133373969,0.6682580768040663,0.3344818012492688,0.95,0.35,0.770703812563546,0.7609790891752533,3.184270347400542e-10,195,180,False,False,False,45cd8d2d0fb7dacbce0e50c778f19436eabc2132fb0b9f596162d4fbe0f231ed,af732274dcd4de0e5698b18fd34a6694d59bab898ac863eb7204426794751c13,1.65,2.33,True,2024-10-17T11:51:00+00:00,2024-10-17T19:11:00+00:00,0.5988902723057924,0.5989771481391258,0.599516827634766
te:2748263,2024-10-18,2024,2024-10-18,ficovich,burruchaga,2024-10-18T13:10:00+00:00,2024-10-16T17:58:00+00:00,1.0,2024-10-20T22:00:00+00:00,2024-10-18,1.95,1.9,0.49350649350649356,-0.025975486403260445,0.6217448755904671,0.5229364268840412,0.9833333333333333,0.9833333333333333,0.6390407370096496,0.6824936124897466,4.209671833343975e-09,165,195,False,False,False,8d3a58ba626e845d0f5ffab6ac28a011dfbd5a56b8f513f64c7ca4d8394f9dbe,0e89d7d61a9aad0bee7518949a90cec25ba73c645cea476e547af189c2bb5b14,2.02,1.85,True,2024-10-18T00:48:00+00:00,2024-10-18T00:48:00+00:00,0.5076451465868502,0.5092904593040685,0.5149633005677529
te:2748451,2024-10-18,2024,2024-10-18,cassone,galarneau-32e1f,2024-10-18T16:10:00+00:00,2024-10-17T15:59:00+00:00,1.0,2024-10-20T22:00:00+00:00,2024-10-18,1.77,2.12,0.544987146529563,0.18043654209818355,0.6283688665607099,0.34478903351277496,1.1,0.0,0.670160341769995,0.7160650901759421,1.5436818490144333e-12,94,112,False,False,False,c8da88753ae59f5f183ad64d433cbebe7ae519cf862b30852ea57c369a507418,b1ff2aeb03d3749ec435803aa837b4c9a2714391ee78c7ad6f8043f6aef1aacb,1.76,2.15,True,2024-10-18T09:58:00+00:00,2024-10-18T09:58:00+00:00,0.5561723490981182,0.5560479587678491,0.554829333111661
te:2748809,2024-10-18,2024,2024-10-18,cornut-chauvinc-d3371,edmund,2024-10-18T18:20:00+00:00,2024-10-17T22:35:00+00:00,1.0,2024-10-20T22:00:00+00:00,2024-10-18,1.78,2.09,0.5400516795865633,0.16055070167272584,0.5977860494014198,0.23569804887779183,1.5333333333333334,0.8,0.5843419447065379,0.6574407154053075,6.137634459002506e-08,44,151,False,False,False,da8a9297d9a98ad0a5b1b6b31ee1fd8c73aaad0fddaae5c98b84a9486f217532,764ea11b48021aad075b444ea9af2c97acdc3baef4cfff99bb4595dd120cb493,1.79,2.11,True,2024-10-18T16:10:00+00:00,2024-10-18T15:12:00+00:00,0.5515288597669517,0.550064246695498,0.5577356424106058
te:2748893,2024-10-18,2024,2024-10-18,guillen-meza,varillas,2024-10-18T15:55:00+00:00,2024-10-17T22:04:00+00:00,1.0,2024-10-20T22:00:00+00:00,2024-10-18,1.96,1.88,0.48958333333333337,-0.04167269640056788,0.63458444487521,0.5936078503834183,0.75,0.21666666666666667,0.6707244198027927,0.678177415298319,2.214034067193893e-09,168,144,False,False,False,f9fd408887424c3c74db2ec880eab654686f84a1f2c8207cc7ca7bd2b36a5a85,6184d6ffc0d95139c2a76a57c71f3c4688289604070eb7130c946ecf43344d69,1.95,1.92,True,2024-10-18T15:08:00+00:00,2024-10-18T15:08:00+00:00,0.5039372032762308,0.5064072680209062,0.5046190331006705
te:2748915,2024-10-18,2024,2024-10-18,pouille,rehberg-2d8d7,2024-10-18T16:40:00+00:00,2024-10-17T22:05:00+00:00,0.0,2024-10-20T22:00:00+00:00,2024-10-18,2.11,1.78,0.4575835475578406,-0.17007458318398147,0.5764340732983726,0.47822638648786053,1.4833333333333334,0.7166666666666667,0.7899382565094568,0.6742163068538175,2.868538739875248e-13,136,169,False,False,False,0e641ce605014b194b226832a70391829ad43e6eb30be75f55812df485594520,30cdfb7a32bf58667b807303a408e2f93ed12c4d490bf236a6726362177e486e,2.24,1.7,True,2024-10-18T13:33:00+00:00,2024-10-18T13:33:00+00:00,0.47362690375654476,0.4744655891748013,0.4812260422201901
te:2749545,2024-10-22,2024,2024-10-22,sekulic-13abc,colson,2024-10-22T05:45:00+00:00,2024-10-21T10:39:00+00:00,0.0,2024-10-24T22:00:00+00:00,2024-10-22,1.79,2.05,0.5338541666666666,0.13562417329765303,0.6273430488469177,0.3852110506072491,0.5,0.5,0.7673476913764135,0.7003499626777404,1.4293810579601995e-10,128,119,False,False,False,d60226d2decc0eca1a8b6d4a33ad3ce65bc0d9c416c7c725ec3bce7a186a76fd,e6c9693d744c55086703e769c9b80dd356c362310086d30d56815ed74c83a4b8,1.82,2.02,True,2024-10-22T03:03:00+00:00,2024-10-22T04:53:00+00:00,0.5456957148966023,0.5459731232106743,0.5447963632740338
te:2749765,2024-10-22,2024,2024-10-22,fonseca-57dc1,majchrzak-905d8,2024-10-22T14:50:00+00:00,2024-10-20T13:00:00+00:00,1.0,2024-10-24T22:00:00+00:00,2024-10-22,1.67,2.22,0.570694087403599,0.28468356945552425,0.6164896989567655,0.1899915630441788,0.5166666666666667,0.5166666666666667,0.6097884528316425,0.6526079675108596,3.278294302688778e-11,115,193,False,False,False,25ec9908c0426e65b3188718a401dc85008a0e40bdb985968b9ac71fa346a476,03e4bf60f0db303dd11c16083232ad6bf9a8a209d4f31e5c4d8c2509307283fe,1.73,2.15,True,2024-10-22T14:24:00+00:00,2024-10-22T14:02:00+00:00,0.5803365565142516,0.5785785012446426,0.5776465315576625
te:2749881,2024-10-22,2024,2024-10-22,meligeni-rodrigues-alves,sakamoto-b1d5b,2024-10-22T20:05:00+00:00,2024-10-20T18:50:00+00:00,0.0,2024-10-24T22:00:00+00:00,2024-10-22,1.98,1.84,0.48167539267015713,-0.07333127308554936,0.6192653289014723,0.5597623639171397,1.05,0.5833333333333334,0.6247357772076004,0.5987819616436814,9.396239342152057e-11,149,161,False,False,False,ec29d89f8f02bfd7dbbfe6ddffdb56ce8290173fbad1dfbf40b296653a761eb8,92dc75eb9a306ea8965d83833ee2533a40d72acbb723c48ae861e07c61307914,1.85,2.0,True,2024-10-22T14:27:00+00:00,2024-10-22T19:47:00+00:00,0.4964580214076508,0.49846138790243716,0.5014450583577722
te:2749883,2024-10-22,2024,2024-10-22,ficovich,rodriguez-taverna,2024-10-22T17:35:00+00:00,2024-10-20T17:49:00+00:00,0.0,2024-10-24T22:00:00+00:00,2024-10-22,1.7,2.17,0.5607235142118864,0.24409891649019808,0.6355270141059871,0.31190324573524386,1.7,0.06666666666666667,0.7239714230549174,0.6860656545188267,7.871983898066759e-09,168,182,False,False,False,280ec1f3cf4d977a7cd073433c79e48a66f29b2746b62d6f1c7e2f9340cf8673,2d789e0a3372049543463d6206e3a0e2688ba37ca58bcfd1e359599954f7a6ea,1.74,2.13,True,2024-10-20T19:52:00+00:00,2024-10-21T11:54:00+00:00,0.5709682617423241,0.5705703449216901,0.5736455705920466
te:2752807,2024-10-22,2024,2024-10-22,heide-17a3d,luz-2f442,2024-10-22T15:00:00+00:00,2024-10-22T07:06:00+00:00,0.0,2024-10-24T22:00:00+00:00,2024-10-22,1.89,1.93,0.5052356020942408,0.020943173845242972,0.5861951815589919,0.32731522499223425,0.5,0.5,0.7668468675919234,0.6625222117411849,5.84164938643994e-11,152,126,False,False,False,15174b77c99b028d21170b859975113e501255ca1e2e758c5657b903c8184024,28575eff9dec074046e561c2dc2f69da3963eca8f73f9bfb89da56b97509ec79,1.92,1.92,True,2024-10-22T13:13:00+00:00,2024-10-22T13:38:00+00:00,0.5187214954699992,0.5180921321773306,0.5168786786105884
te:2753687,2024-10-25,2024,2024-10-25,burruchaga,habib,2024-10-25T16:35:00+00:00,2024-10-23T12:55:00+00:00,0.0,2024-10-27T22:00:00+00:00,2024-10-25,2.01,1.82,0.47519582245430814,-0.09929822098228022,0.5831229044489369,0.4349047554543307,0.65,0.65,0.6934166142368116,0.5981126004335726,2.8086166725671546e-09,198,193,False,False,False,a8bba51cb9163534262488ce47cc8b410b70aa8ae3ef97477f5dfef1abfe86f1,3a2dcf4c018effb56e7d07efb013ec41a44c60672c434c984671431ee18922cf,2.09,1.78,True,2024-10-24T19:14:00+00:00,2024-10-24T16:30:00+00:00,0.4903244920138256,0.49077226787095163,0.49168526659788875
te:2753715,2024-10-25,2024,2024-10-25,cassone,kozlov,2024-10-24T23:30:00+00:00,2024-10-24T07:06:00+00:00,,,,1.83,1.99,0.5209424083769634,0.08381867188307154,0.6249855623341097,0.4269453516494284,1.8,1.8,0.6457427885453736,0.6275462078949497,2.2266533061809923e-09,107,139,False,False,False,ea2d5e0e738539256d68fd2bd8f8c32e883a476fec03db74d8e6109472bac4ea,98719e2b39538179b4ccb1831ed776f009620f519ed86fa8e00b08e3d819d89e,1.81,2.03,True,2024-10-24T15:45:00+00:00,2024-10-24T15:45:00+00:00,0.5335341393143435,0.5342194635928323,0.5513758384079005
te:2753759,2024-10-25,2024,2024-10-25,imamura-da963,schoolkate,2024-10-25T03:00:00+00:00,2024-10-24T12:36:00+00:00,1.0,2024-10-27T22:00:00+00:00,2024-10-25,2.05,1.81,0.4689119170984456,-0.12451294787258244,0.650118936933862,0.7440749970011455,0.31666666666666665,0.31666666666666665,0.7410028941496213,0.7200113736730926,2.393691039825896e-08,172,169,False,False,False,e4871af907c0815ae086b0315ee7bb9bbf34be67f5dc7567704d37d4f24e776e,476193634ea61662d8a47f4bbe1ebed1dbf4012cdcbde599d742042d2d006596,2.17,1.75,True,2024-10-24T23:04:00+00:00,2024-10-24T23:04:00+00:00,0.4843714105035564,0.4885033724130712,0.4847269377661672
te:2754495,2024-10-25,2024,2024-10-25,hijikata,jasika,2024-10-25T00:35:00+00:00,2024-10-24T12:35:00+00:00,1.0,2024-10-27T22:00:00+00:00,2024-10-25,1.92,1.93,0.5012987012987012,0.005194816877103783,0.6245027758613009,0.5035098788760287,0.0,0.0,0.6478531649257855,0.6888090331764306,4.744467596573543e-10,168,192,False,False,False,5dde22deb339f85f40ecf329332cd2655d460c73ea26d73143b77b6476177268,b5e8f574eb4e4065c50fe91667fada49ae2094b8343e04c5374f59bd836915b4,1.89,1.98,True,2024-10-24T21:14:00+00:00,2024-10-24T21:14:00+00:00,0.5150052035015262,0.5164722515894299,0.5081824072320962
te:2754939,2024-10-25,2024,2024-10-25,cerundolo-08df6,guillen-meza,2024-10-25T18:05:00+00:00,2024-10-25T06:18:00+00:00,0.0,2024-10-27T22:00:00+00:00,2024-10-25,1.96,1.89,0.49090909090909085,-0.03636764417087508,0.5705423997588759,0.3204321133885078,1.5166666666666666,0.8166666666666667,0.6720528621167388,0.5667669249092859,1.4795736857919906e-10,149,178,False,False,False,bfa1272ecc49ce7ff5b88951f1c3bea48c90e50a224604b5dfc84a29153eb602,06811b50684b3fe18210ed9e0de2c7a062ae7579c2f72e96f101e27b0630abc7,1.98,1.88,True,2024-10-25T15:04:00+00:00,2024-10-25T17:20:00+00:00,0.5051904140693042,0.5043717859935026,0.5121344342542398
te:2755497,2024-10-29,2024,2024-10-29,rai-9244b,bolt-fa7eb,2024-10-29T05:25:00+00:00,2024-10-28T11:01:00+00:00,1.0,2024-10-31T23:00:00+00:00,2024-10-29,1.87,1.94,0.5091863517060368,0.03674954220874159,0.6092384847797355,0.40736281106818817,0.4166666666666667,0.4166666666666667,0.7109975601039961,0.8055099937094519,1.2343737143538647e-12,146,148,False,False,False,b1e12547fe2913e1b37dfdf016618ab788615344729579b1930af3154b8c2b85,21b26c69d19413bb4db52f2eb1384b1568b49eefadf067e8c3a1ac10ca49cfdd,1.88,1.96,True,2024-10-29T04:58:00+00:00,2024-10-29T04:58:00+00:00,0.5224493947647775,0.5228141201997947,0.5204346883739792
te:2755501,2024-10-29,2024,2024-10-29,ellis-b4efc,mccabe-b71c6,2024-10-28T23:15:00+00:00,2024-10-28T11:05:00+00:00,1.0,2024-10-31T23:00:00+00:00,2024-10-29,1.69,2.2,0.5655526992287918,0.2637288314292882,0.6354878051597378,0.2921040624120363,0.3333333333333333,0.3333333333333333,0.7256342782057263,0.7948056472995647,1.648492151118397e-08,183,186,False,False,False,2bb8929fe82f12e2e09ddc239c0291f2cdf77e8fb7a63870ef41606446879d65,ae6370a198d72f8d34e7c91e4fa7f6b47f13f5e0ee287b20e2633470fff49b61,1.76,2.1,True,2024-10-28T22:46:00+00:00,2024-10-28T22:46:00+00:00,0.5755062866142159,0.5749110161925775,0.5714390278244522
te:2755507,2024-10-29,2024,2024-10-29,polmans,winter-e2184,2024-10-28T23:05:00+00:00,2024-10-28T10:52:00+00:00,0.0,2024-10-31T23:00:00+00:00,2024-10-29,2.02,1.81,0.47258485639686687,-0.10977066613537889,0.5926680343204194,0.4847766076866875,1.85,1.0166666666666666,0.6299492592775401,0.5541673544087065,1.5699915395517294e-08,149,93,False,False,False,790fc2a140f04286e8dd3f84baa3cde34172b92735b48ac8affeeec8308aa3f5,feb1ec6549f96830f08c3ea53e77df7d2e29ded1530722ad273d57798776ada1,2.0,1.84,True,2024-10-28T20:13:00+00:00,2024-10-28T20:13:00+00:00,0.48785156565248927,0.4888819273202012,0.5003559165995554
te:2756605,2024-10-29,2024,2024-10-29,kypson,tomic-4ca3d,2024-10-28T23:20:00+00:00,2024-10-27T16:19:00+00:00,0.0,2024-10-31T23:00:00+00:00,2024-10-29,1.6,2.36,0.595959595959596,0.38865798979178345,0.6603281588192887,0.2760989534599253,0.8666666666666667,0.8666666666666667,0.7555810715335052,0.8048486859917179,2.2268521471247027e-08,124,178,False,False,False,5622d1fd9231dbede89f1aeaf54e88423dcd73e1841e5aa721d0483d62b5ec5d,e06993d86ed7baf8c85c2a1371d47930fe05d37aa1f562f5cf389902c4a449dc,1.7,2.2,True,2024-10-28T10:23:00+00:00,2024-10-28T10:23:00+00:00,0.6040599779481229,0.6035120122546078,0.6073812613998688
te:2757545,2024-10-29,2024,2024-10-29,moriya,den-ouden,2024-10-29T06:00:00+00:00,2024-10-28T10:49:00+00:00,1.0,2024-10-31T23:00:00+00:00,2024-10-29,1.96,1.86,0.486910994764398,-0.0523679855173157,0.5157774399263624,0.1154987040944925,0.23333333333333334,0.23333333333333334,0.6153522982703321,0.771511586429115,3.0932562067320646e-11,153,163,False,False,False,97afe2e28de5e25c49ccea8f500038b1532f29367bcc48fe197f4d37cc96b6b8,9807551ed68969cbe5ddf8133e8ef20edab32c74aec4dba7dcf25573a155cff0,2.0,1.85,True,2024-10-29T02:33:00+00:00,2024-10-29T05:00:00+00:00,0.5014105243481068,0.4980877011176199,0.4930381458441428
te:2758475,2024-10-29,2024,2024-10-29,jubb,kodat,2024-10-29T20:20:00+00:00,2024-10-29T10:22:00+00:00,0.0,2024-10-31T23:00:00+00:00,2024-10-29,2.1,1.75,0.4545454545454546,-0.18232155679395445,0.5901477352068023,0.5468976960135122,0.6166666666666667,0.6166666666666667,0.5742391532336544,0.5000000000000001,0.018528508237218064,208,169,False,False,False,3f0b1a08eccf33668af1bc97f5d8fdc2c90c6a2ed76795ccf59d188d7305924f,901583e90059de97e3fc44b379e95b250ba2ae001b743cf42d4c6a7191e390c5,1.95,1.88,True,2024-10-29T16:41:00+00:00,2024-10-29T16:23:00+00:00,0.4707425248462857,0.4723848837922036,0.47282677936277345
te:2758477,2024-10-29,2024,2024-10-29,galarneau-32e1f,nakagawa-7463c,2024-10-29T18:55:00+00:00,2024-10-29T10:06:00+00:00,0.0,2024-10-31T23:00:00+00:00,2024-10-29,1.97,1.85,0.48429319371727747,-0.06284790365966375,0.6517109546549344,0.6894163211116336,0.8166666666666667,0.8166666666666667,0.757788816129686,0.72678701756186,2.18950457764322e-09,124,94,False,False,False,2f2a346a21d474bcf66ad218928bf043ece80bd3ad163eac4bab76db99d7c70c,4ea005cbe430b2951068ad670d1901d55363f3ad966b200b12acbfe0f660668d,1.93,1.9,True,2024-10-29T16:41:00+00:00,2024-10-29T17:45:00+00:00,0.49893465441785667,0.5025229896335959,0.5058505495237643
te:2759553,2024-11-01,2024,2024-11-01,coulibaly-f4551,hemery,2024-11-01T10:45:00+00:00,2024-10-31T20:35:00+00:00,0.0,2024-11-03T23:00:00+00:00,2024-11-01,2.03,1.83,0.47409326424870474,-0.1037198262003661,0.6224175941673286,0.6035422284657311,0.26666666666666666,0.26666666666666666,0.6088917055095653,0.614236606963191,7.577914268308561e-09,172,172,False,False,False,7cb8da188c197ee833e20e1b82808e918e5dc4b3378805749dedf477ea75039a,773eb0447d559cc6d4f3d9d4198a239b04428759bba0d82309fe97d5d586b69c,2.13,1.77,True,2024-11-01T08:22:00+00:00,2024-11-01T09:16:00+00:00,0.4892803249461781,0.49175565311806574,0.48724940727877736
te:2759881,2024-11-01,2024,2024-11-01,tien,lajal,2024-11-01T15:10:00+00:00,2024-10-31T17:32:00+00:00,1.0,2024-11-03T23:00:00+00:00,2024-11-01,1.85,2.01,0.5207253886010362,0.08294908298075078,0.5825119279833628,0.2501446056113579,1.5666666666666667,0.7,0.7095330998457947,0.6113124283838978,1.0413217510496509e-10,168,167,False,False,False,3573701d37ce474fc10d77f8ba7e51fee309f49e38a94ffc135b483fd1ab98b1,6f2f6b03690bbcdda19a87a036210aee246687d47b63b710dac214408302a11f,1.82,2.07,True,2024-11-01T11:18:00+00:00,2024-11-01T11:52:00+00:00,0.5333296178582887,0.5318876699159756,0.5390366870959573
te:2759897,2024-11-01,2024,2024-11-01,coria-df292,andrade-58258,2024-11-01T21:00:00+00:00,2024-10-31T18:45:00+00:00,,,,1.99,1.87,0.4844559585492228,-0.06219620786990577,0.5912444849913358,0.4313086054259519,0.38333333333333336,0.38333333333333336,0.6404884269157979,0.5615256173494484,1.479656841496535e-09,181,163,False,False,False,df1aa9f883e7833fdf39eb258fb8ae3c407d3f527324f6a626b860eb5b73cbf5,85bf9da4a73f883953b5eb21f419233323cada09c00324758b8ab81fedeef2bb,1.98,1.88,True,2024-11-01T20:00:00+00:00,2024-11-01T10:23:00+00:00,0.49908861661100434,0.4995613384639223,0.4966909200345432
te:2759971,2024-11-01,2024,2024-11-01,escoffier,tu-41622,2024-11-01T06:30:00+00:00,2024-10-31T09:15:00+00:00,0.0,2024-11-03T23:00:00+00:00,2024-11-01,1.81,2.06,0.5322997416020672,0.12937913752375527,0.631868532457881,0.41086209359490944,0.6,0.6,0.6679937217711858,0.6997861023780345,5.146438830649913e-13,185,149,False,False,False,24478835863cd6b3b669d6075d9470bec3be2fc6a3f0cc43a6593ea745827d58,b234548272837d49e32142ada3dd4e8945f0361ae1ef24d810458ff90f7c9b19,1.84,2.04,True,2024-11-01T05:20:00+00:00,2024-11-01T05:20:00+00:00,0.5442322609976341,0.5448057105139053,0.5450412720526595
te:2760107,2024-11-01,2024,2024-11-01,rodriguez-taverna,denolly,2024-11-01T12:40:00+00:00,2024-10-31T18:49:00+00:00,1.0,2024-11-03T23:00:00+00:00,2024-11-01,1.79,2.08,0.537467700258398,0.1501522738605631,0.5977006533214817,0.24574132003972085,0.0,0.0,0.5802795485174224,0.6526960774681441,1.4050438706947332e-07,175,199,False,False,False,04c4901aaa55bc2ac0b67dda08f0e9e4ec0894abbfd3017a998eec2eb78d1d2b,9cd3e059a37e037e8543d7520b32cda1c03ffee73153917a3cc00a2e25448880,1.85,2.02,True,2024-11-01T11:58:00+00:00,2024-11-01T11:58:00+00:00,0.5490971163243167,0.5477323082348399,0.5394845388000035
te:2760125,2024-11-01,2024,2024-11-01,collignon,diallo-dd116,2024-11-01T20:55:00+00:00,2024-11-01T09:08:00+00:00,1.0,2024-11-03T23:00:00+00:00,2024-11-01,1.61,2.39,0.5975,0.3950591869470478,0.6570975656530248,0.255327363532312,1.4333333333333333,0.8,0.7371987393039768,0.7611777650669744,2.2943025423938224e-08,199,187,False,False,False,7ceac76ea12d6d612f502c8698200d795771cbb506d533d9f37eb90c5f567674,674040ffd696927f19784db6411c7de20fd74e9909218739ae7938933dc90eb6,1.72,2.21,True,2024-11-01T20:06:00+00:00,2024-11-01T20:06:00+00:00,0.6055058402052254,0.604730015411281,0.6115575977872967
te:2760225,2024-11-01,2024,2024-11-01,nishikori,lestienne,2024-11-01T15:10:00+00:00,2024-10-31T18:36:00+00:00,1.0,2024-11-03T23:00:00+00:00,2024-11-01,1.83,2.03,0.5259067357512953,0.10371982620036632,0.620867631568989,0.38951267815923485,0.5666666666666667,0.5666666666666667,0.6383494318011472,0.6110656882268688,1.687042851250542e-07,54,133,False,False,False,8580bd6d1eb35dd1073ccdd158d51895f34e12c28188e1e27e6708b2376f6708,85a464dbee0cf2eea9118474cedffd8e47859ac6fb3542cc0af4d4236b51aeb5,1.87,2.0,True,2024-11-01T11:31:00+00:00,2024-11-01T11:31:00+00:00,0.5382115404048053,0.5384829818690051,0.5382405431024923
te:2760783,2024-11-05,2024,2024-11-05,ymer,sakamoto-9c9d5,2024-11-05T01:10:00+00:00,2024-11-04T11:59:00+00:00,0.0,2024-11-07T23:00:00+00:00,2024-11-05,2.12,1.74,0.45077720207253885,-0.19753097545748347,0.5176392682757013,0.2681173416309318,0.6,0.6,0.797040640402937,0.6408694679047919,7.787430700290088e-09,133,63,False,False,False,00aef0a397ff09e377944396bb917f8f3d3cb470ea98596da81bbdf3ef758882,2cd93e6852a2323001b63052cf461e158d3619548875ac137509bbe413a11d97,2.02,1.83,True,2024-11-05T00:13:00+00:00,2024-11-05T00:13:00+00:00,0.46716317744786134,0.46542437382845653,0.4655836271487724
te:2761951,2024-11-05,2024,2024-11-05,holt-669c7,walton,2024-11-05T00:05:00+00:00,2024-11-03T18:22:00+00:00,0.0,2024-11-07T23:00:00+00:00,2024-11-05,1.66,2.25,0.5754475703324808,0.304112613847877,0.6466052005454924,0.3000374502920399,1.0166666666666666,0.2833333333333333,0.7152284862756155,0.7487301201057261,4.568012634820207e-13,168,206,False,False,False,4760e0e438699b9d32d7d537ed88adc4c6b214da87639ceaee2c704b0762b7e2,0007fcb213c89f8014de1114c612b1e0f35d282dd4ab5ba1db7aae5964b9fd74,1.67,2.26,True,2024-11-04T12:25:00+00:00,2024-11-04T19:58:00+00:00,0.5848014497104526,0.584375011554186,0.5848160308895789
te:2761955,2024-11-05,2024,2024-11-05,basavareddy,smith-4a480,2024-11-05T18:00:00+00:00,2024-11-03T18:28:00+00:00,0.0,2024-11-07T23:00:00+00:00,2024-11-05,1.95,1.87,0.4895287958115184,-0.041890941709159774,0.5574652938392067,0.27277229652825763,1.7666666666666666,0.6666666666666666,0.6451824507513266,0.5293878509690831,3.476157556248083e-10,113,100,False,False,False,ed4c5e3fdb27d9f769ca04fafef4001a39130be34c6882414c39af097d2db61b,b2ef29b4907d9c6a1c1901a49e497ebc191615b5571260298ce019ecad4553db,1.92,1.92,True,2024-11-05T15:00:00+00:00,2024-11-05T15:00:00+00:00,0.5038856460894328,0.5024813200471073,0.5106707500172547
te:2761959,2024-11-05,2024,2024-11-05,monday,mejia-a7d27,2024-11-05T22:45:00+00:00,2024-11-03T18:29:00+00:00,1.0,2024-11-07T23:00:00+00:00,2024-11-05,1.81,2.02,0.5274151436031332,0.10977066613537934,0.5596133053380257,0.12982216043577333,1.1,0.5666666666666667,0.6120101855917133,0.5000000000000001,0.0015916011676467418,91,173,False,False,False,c0c3aa0609f2b52f8f438f407f8895ebda01733c81a8b07f75486d891ffe3d86,a91e5d965884fbcefcaad6663cfd1c086e5af9fb119490e3f637938f7cb5e69e,1.85,1.98,True,2024-11-05T22:09:00+00:00,2024-11-05T10:42:00+00:00,0.5396323848942498,0.536797276384526,0.5399165761941536
te:2762863,2024-11-05,2024,2024-11-05,isomura-6342d,rodionov-f5e38,2024-11-05T02:35:00+00:00,2024-11-04T11:48:00+00:00,0.0,2024-11-07T23:00:00+00:00,2024-11-05,2.08,1.77,0.4597402597402597,-0.1613883471274889,0.6242509530042442,0.6690193105672027,1.6333333333333333,1.0666666666666667,0.6869748158279171,0.7519009637220656,9.457209765306729e-09,151,147,False,False,False,df28868eaeed6609a824684c42b100a7d1d1327b0ff7938ba2d99bd076fcb45f,231242a4adac4a9fe6b862beaa5a18ca178b6ab7efbf986db9e794745ae9b02c,2.15,1.73,True,2024-11-05T01:51:00+00:00,2024-11-05T01:51:00+00:00,0.4756737448569911,0.4788280721163172,0.48931291632313134
te:2763675,2024-11-05,2024,2024-11-05,pellegrino-fd654,gautier,2024-11-05T11:05:00+00:00,2024-11-04T23:25:00+00:00,0.0,2024-11-07T23:00:00+00:00,2024-11-05,1.74,2.12,0.5492227979274612,0.1975309754574837,0.5454568018691969,-0.015200317787336798,0.0,0.0,0.6630294423215276,0.5353224282485652,1.0877687639521127e-11,135,137,False,False,False,7c92cc9f046a23c1eb0bc14345f8da1198597c035ea33a333a4032d302af6b67,0cd3d4808d74d5cac2a91a23c593eaf6b1d808ab02097f3892b0375d7bc6e497,1.76,2.11,True,2024-11-05T09:29:00+00:00,2024-11-05T09:29:00+00:00,0.5601562266337659,0.5557742772536717,0.5475192864462437
te:2763781,2024-11-05,2024,2024-11-05,galan-e4b30,erhard,2024-11-05T15:40:00+00:00,2024-11-05T09:19:00+00:00,0.0,2024-11-07T23:00:00+00:00,2024-11-05,1.75,2.1,0.5454545454545455,0.1823215567939549,0.6110203543309022,0.26928169747528097,0.5,0.5,0.6812617712491956,0.7631228129789238,4.14953948701946e-08,164,193,False,False,False,17cc26afeaf372ad6bab1ea991676ec64507571d2134718e34b132fdd539cd06,eedf1a17ebd0523923c277863ec688dc16a46f909a40d42d0e7a546ecf5a2ba4,1.72,2.15,True,2024-11-05T12:48:00+00:00,2024-11-05T12:48:00+00:00,0.5566120180377235,0.5555907241091789,0.5544083123770179
te:2763785,2024-11-05,2024,2024-11-05,vallejo-d7859,roncadelli,2024-11-05T17:35:00+00:00,2024-11-05T09:19:00+00:00,1.0,2024-11-07T23:00:00+00:00,2024-11-05,2.15,1.71,0.4430051813471503,-0.2289744716250029,0.6142325376606699,0.6941132951465836,0.23333333333333334,0.23333333333333334,0.5110032925676624,0.5000000041420201,0.015837813318403615,154,188,False,False,False,1ad2b032b8e940208527a907462338616da61885c950b7efc2444d2b0c21b357,8fcbefe085a9f950aa020a7cf1ab4bcd3547964888f3f80c6a3f5e368aef61db,2.19,1.7,True,2024-11-05T16:08:00+00:00,2024-11-05T16:08:00+00:00,0.4597744598909102,0.4630942291596211,0.4581364314179551
te:2763787,2024-11-05,2024,2024-11-05,coria-df292,luz-2f442,2024-11-05T18:40:00+00:00,2024-11-05T09:19:00+00:00,0.0,2024-11-07T23:00:00+00:00,2024-11-05,2.02,1.81,0.47258485639686687,-0.10977066613537889,0.5695665997614512,0.38985377783325,0.8166666666666667,0.8166666666666667,0.7674205052837801,0.6498946056527113,1.8567425097426593e-09,181,124,False,False,False,c922373324ec3f58d47ae4ea4ea2134ff5f4f4f87496c8f548a90a81fd01eb1a,06b0fcce5f9178c568f6a8a5c55f34b9ea7feb1e833b7eb8a3da1afa80eff278,1.97,1.87,True,2024-11-05T15:54:00+00:00,2024-11-05T15:54:00+00:00,0.48785156565248927,0.48773629402733454,0.491007632718659
te:2764569,2024-11-08,2024,2024-11-08,bolt-fa7eb,atmane,2024-11-08T02:50:00+00:00,2024-11-07T09:19:00+00:00,1.0,2024-11-10T23:00:00+00:00,2024-11-08,1.67,2.27,0.5761421319796954,0.3069562050646476,0.6688215046192366,0.3959035192276624,0.25,0.25,0.7654251277647199,0.805767366933736,6.617736469927138e-09,151,174,False,False,False,e9891662c0f0fe759939ad2b745a4312a44d140bdc6b6de5192e59309ecf7c19,a5902bbb5048e8b8fb7cfdc993afaf1b361a4e788437bc43e9b4cef2727f4f68,1.66,2.32,True,2024-11-07T23:31:00+00:00,2024-11-07T20:26:00+00:00,0.5854537732979849,0.5861563310048682,0.5815802440994459
te:2765131,2024-11-08,2024,2024-11-08,cerundolo-08df6,ugo-carabelli,2024-11-08T22:05:00+00:00,2024-11-07T21:06:00+00:00,0.0,2024-11-10T23:00:00+00:00,2024-11-08,1.89,1.96,0.5090909090909091,0.03636764417087508,0.619663582231552,0.4517529063168953,0.0,0.0,0.6309567525007438,0.6034993967725469,2.6109392425865963e-11,155,183,False,False,False,e989c749ae2700117b872ceb5ab41a6cbf4e2c5e2220ad201067b146b5e72e64,1c98c4381ee0893f25439e8f9b919a2746ebfd99b22bf6afb9da4c8f2b3dfd3c,1.88,2.0,True,2024-11-08T15:07:00+00:00,2024-11-08T21:59:00+00:00,0.5223593527018402,0.5232582918625295,0.5149726478439555
te:2765137,2024-11-08,2024,2024-11-08,basavareddy,lajal,2024-11-08T21:30:00+00:00,2024-11-07T17:41:00+00:00,1.0,2024-11-10T23:00:00+00:00,2024-11-08,1.79,2.08,0.537467700258398,0.1501522738605631,0.6075960591312582,0.28706624025151695,2.2333333333333334,0.6666666666666666,0.5399123350059476,0.5000000021200024,0.0001743891971322381,117,165,False,False,False,315b97415a843d16c442400995b80f8ddf2d652eea2ef547d448126bf2ccafc3,41f86ba3c67373c83b410d892cdd2364ae62f73d232438e2fd627b6860c69ec3,1.8,2.09,True,2024-11-08T11:31:00+00:00,2024-11-08T11:31:00+00:00,0.5490971163243167,0.54822674078441,0.5593158698736926
te:2765415,2024-11-08,2024,2024-11-08,yevseyev,virtanen-7d161,2024-11-08T15:20:00+00:00,2024-11-08T13:10:00+00:00,1.0,2024-11-10T23:00:00+00:00,2024-11-08,1.88,1.97,0.5116883116883117,0.04676176590803954,0.5875012651430453,0.30688349478633753,0.3,0.3,0.6767552028503209,0.7829881930932636,1.78163039876722e-13,168,174,False,False,False,017630ab305d2d943e65bab3abc0a2cd318b4403f18fefcf26c6e190499539ea,5db6aa44e9cf716894cd4f4d0869d013d034195541799efeb2326c110119148a,2.05,1.82,True,2024-11-08T14:32:00+00:00,2024-11-08T14:32:00+00:00,0.524809490194738,0.523981987990085,0.5199339574544691
te:2765417,2024-11-08,2024,2024-11-08,nardi-e2cda,choinski,2024-11-08T14:50:00+00:00,2024-11-07T19:08:00+00:00,0.0,2024-11-10T23:00:00+00:00,2024-11-08,1.72,2.18,0.558974358974359,0.237000585975636,0.6141235863644825,0.2276784563710274,0.0,0.0,0.6431899234503852,0.7058009649189158,4.156541194566543e-09,137,171,False,False,False,b8352f1c9f5de45f301c5a0f5ef94eac0954d3f3f8b9bcd695427311ac4402b6,5199de87e4791e472930a1c68b0910ca20ad247bb30e54a7ec959bd9cab64a37,1.73,2.19,True,2024-11-08T11:31:00+00:00,2024-11-08T11:31:00+00:00,0.5693242926938185,0.5679151677947136,0.5597512299623433
te:2766019,2024-11-12,2024,2024-11-12,mccabe-b71c6,gigante-f720d,2024-11-12T02:10:00+00:00,2024-11-11T09:34:00+00:00,1.0,2024-11-14T23:00:00+00:00,2024-11-12,1.73,2.13,0.5518134715025906,0.208000571211646,0.6387593767699958,0.36198296744023734,1.4166666666666667,0.8833333333333333,0.6875181603340433,0.6906308524499476,2.0233043918072013e-07,195,148,False,False,False,3e5a50db325623810ee421a849f6a0362cbd795947503ff21e28059521c32a22,20aca6a4e8310f188250af8b2dc15927a313ab830d5ea5979f43a48635b626eb,1.74,2.14,True,2024-11-11T22:31:00+00:00,2024-11-11T22:31:00+00:00,0.5625923902453941,0.5627226413699485,0.5702771848434447
te:2766023,2024-11-12,2024,2024-11-12,watanuki-223ad,polmans,2024-11-12T04:35:00+00:00,2024-11-11T11:29:00+00:00,,,,2.09,1.76,0.4571428571428572,-0.17185025692665906,0.5735496810787277,0.4681989429895434,1.0333333333333334,1.0333333333333334,0.6524288933481269,0.5520305213045751,1.2689311962299499e-08,62,145,False,False,False,85da5bf096092365930af1e9d837449711101b3fc8d78c9ed8c998da4ad1a304,2017a508a8720f925604875ce620f4154e3ce7216436775586c14655aa2d9fd9,2.15,1.73,True,2024-11-12T04:29:00+00:00,2024-11-12T04:29:00+00:00,0.4732085874783691,0.47392318279113627,0.4802633622732124
te:2767135,2024-11-12,2024,2024-11-12,quinn-d0193,walton,2024-11-12T01:10:00+00:00,2024-11-10T16:33:00+00:00,0.0,2024-11-14T23:00:00+00:00,2024-11-12,1.63,2.3,0.5852417302798981,0.34432910811643264,0.6217011041529357,0.15244571626771725,0.8166666666666667,0.18333333333333332,0.7047552595232845,0.7822564478115315,3.1628588637033772e-12,158,208,False,False,False,010e548a389753621647331071928c9615058a6d11bc2b2b9abfff9863a1177e,2af6dc635f86886d16bea165343130b5c6899a5d0b68933e9432c2b042dfe91f,1.65,2.28,True,2024-11-11T10:35:00+00:00,2024-11-12T00:39:00+00:00,0.5939985269587011,0.5919254204055567,0.5903544481297807
te:2767145,2024-11-12,2024,2024-11-12,kypson,kozlov,2024-11-12T21:05:00+00:00,2024-11-10T16:40:00+00:00,1.0,2024-11-14T23:00:00+00:00,2024-11-12,1.87,1.95,0.5104712041884817,0.041890941709160225,0.6503345210797107,0.5786190136833985,1.0333333333333334,1.0333333333333334,0.720575761442454,0.7317325676983111,4.277228210503026e-09,125,133,False,False,False,9dd6381c1812fd39402836251094deaa9c0f86613feb23fff70a76b2b88edbf3,882b28bdcc1f7aa67e292dfaa4ce6748e215e6c4fbd40a6ec8bc9cda17b4c13e,1.97,1.87,True,2024-11-12T12:51:00+00:00,2024-11-12T17:43:00+00:00,0.5236614645500048,0.5260983776391711,0.5324832360336405
te:2767931,2024-11-12,2024,2024-11-12,uchiyama,den-ouden,2024-11-12T02:10:00+00:00,2024-11-11T10:05:00+00:00,1.0,2024-11-14T23:00:00+00:00,2024-11-12,1.72,2.14,0.5544041450777203,0.21848153820839877,0.6426768034231347,0.36851973635925883,0.95,0.11666666666666667,0.7263134526133288,0.7006522955509539,5.821365611780038e-11,143,152,False,False,False,e845eb268fbc037be95835d58670985ec8ca73b56331047534421560f836a48f,cc12ad225b3459293e935c4c3bbda0bcbd481e6c361fb4737bd833b8eb0dc2a3,1.76,2.11,True,2024-11-11T22:31:00+00:00,2024-11-11T22:31:00+00:00,0.565028179458797,0.5652548012461324,0.5639996202923411
te:2768401,2024-11-12,2024,2024-11-12,sachko,kukushkin,2024-11-12T15:50:00+00:00,2024-11-12T09:14:00+00:00,0.0,2024-11-14T23:00:00+00:00,2024-11-12,1.82,2.01,0.5248041775456919,0.09929822098228022,0.5916770401050648,0.2716042950282853,0.31666666666666665,0.31666666666666665,0.6481741480748974,0.7435078425258729,2.439860424807705e-09,142,190,False,False,False,419b22ea77b6e2044d43f30870b5bf2f9b278ebc653fa75f2b959cce712a630d,d86e109031afe231cb8532bae39a2121888e2134d76ac973dc6bfc9eab195e69,1.86,1.95,True,2024-11-12T12:58:00+00:00,2024-11-12T15:02:00+00:00,0.5371728750994372,0.5360201751739071,0.532222227447017
te:2769135,2024-11-12,2024,2024-11-12,luz-2f442,rocha-0492a,2024-11-12T15:00:00+00:00,2024-11-12T10:19:00+00:00,1.0,2024-11-14T23:00:00+00:00,2024-11-12,1.88,1.93,0.5065616797900262,0.026248226074936154,0.6102518218238446,0.4221226349792319,1.75,1.05,0.6551552058496845,0.728680656187576,2.3182433750434939e-10,125,184,False,False,False,1ab0925825a129704f3aa2dd999acb239aee896f897ef05d63c44187d6c55c8e,edb10d8447862dc13557b6e9855c424f7622ac5c87ed8000c49326d463651e4f,1.91,1.91,True,2024-11-12T14:26:00+00:00,2024-11-12T14:26:00+00:00,0.5199729341409098,0.5204964779081434,0.5315730947572018
te:2769139,2024-11-12,2024,2024-11-12,midon,vallejo-d7859,2024-11-12T16:40:00+00:00,2024-11-12T11:33:00+00:00,0.0,2024-11-14T23:00:00+00:00,2024-11-12,1.9,1.92,0.5026178010471204,0.010471299867295303,0.6127440986167555,0.448390373125417,0.6666666666666666,0.6666666666666666,0.521220954434207,0.5000000000000001,0.011740647420005954,142,154,False,False,False,181bbc2263fffa901c6d463be49b9455010c47e28502a61a272458a936838d6b,3d51c14324e6a227fb07fa7b1caeb8b4803ea07dcfb6783ac85b4a1d8a1df681,1.89,1.94,True,2024-11-12T15:17:00+00:00,2024-11-12T15:17:00+00:00,0.5162505514554124,0.5170622475065068,0.5182315053421807
te:2769157,2024-11-12,2024,2024-11-12,tomic-4ca3d,catry,2024-11-12T22:05:00+00:00,2024-11-12T09:05:00+00:00,1.0,2024-11-14T23:00:00+00:00,2024-11-12,1.85,1.97,0.5157068062827225,0.06284790365966353,0.5543298546998369,0.1553329176356873,0.9166666666666666,0.9166666666666666,0.8232784647515818,0.6881076123850077,6.573143140897741e-10,179,60,False,False,False,7759b5673ca8969e0a1bf6fdeab1bec4b95e2b834a637cf8903c7e44193397af,bd04019f9935cd513e244cef3224daeda06f9f95ddec70a3993c1a9a5e89c445,1.88,1.95,True,2024-11-12T09:20:00+00:00,2024-11-12T17:33:00+00:00,0.5285989732478615,0.5259768298009984,0.5306478362184988
te:2769721,2024-11-15,2024,2024-11-15,trotter,geerts,2024-11-14T23:40:00+00:00,2024-11-13T16:26:00+00:00,,,,1.66,2.24,0.5743589743589743,0.29965826349849645,0.5995309823465432,0.10385298559621547,1.95,0.5166666666666667,0.7412127363528563,0.6536769762132657,5.43427247645667e-10,151,210,False,False,False,6e792d805f966767409817173e5ee7b602ae05f3af3005384df74a9eae77bca3,742e3cde40503adcf4b98367e5da820320ce4622b2e29ad33c2febe25ca171d5,1.69,2.21,True,2024-11-14T22:38:00+00:00,2024-11-14T22:38:00+00:00,0.5837790189225701,0.5810392719621151,0.5890298971844016
te:2770063,2024-11-15,2024,2024-11-15,dellien,meligeni-rodrigues-alves,2024-11-15T16:05:00+00:00,2024-11-14T16:26:00+00:00,0.0,2024-11-17T23:00:00+00:00,2024-11-15,1.81,2.05,0.5310880829015544,0.12451294787258244,0.5857282844605592,0.22182097950626906,0.0,0.0,0.6619580322226111,0.5736664448675115,1.480210398696613e-11,178,143,False,False,False,e6871da83fd8368ae64fb1d83945e87da7f80212e6f8572a7e55bb6e5c773ead,143bd208ada48797a58cef6856cecc9fdeb742fba393156fedf4b6dfac246480,1.85,2.02,True,2024-11-15T12:38:00+00:00,2024-11-15T12:01:00+00:00,0.543091393152253,0.5413899058419264,0.5331170222173414
te:2770151,2024-11-15,2024,2024-11-15,quinn-d0193,braswell-7a1b7,2024-11-15T18:05:00+00:00,2024-11-14T16:21:00+00:00,0.0,2024-11-17T23:00:00+00:00,2024-11-15,1.74,2.17,0.5549872122762148,0.22084205432593051,0.62984546257229,0.31071185030248394,1.15,1.15,0.6622958123194304,0.6965206023832763,4.4244885533117895e-12,156,90,False,False,False,9982a87f37f2bd30fcd331e0fb242dcac3d64e00dac9dfb226a2d853106d79d5,9b24a44a9f5552ae358512f21712d777cffc4055022204d576a99e4d7768921a,1.71,2.22,True,2024-11-15T11:53:00+00:00,2024-11-15T11:53:00+00:00,0.5655763376301531,0.5651210533627798,0.5730200304149108
te:2770183,2024-11-15,2024,2024-11-15,ugo-carabelli,olivieri-ff875,2024-11-15T22:10:00+00:00,2024-11-14T16:28:00+00:00,0.0,2024-11-17T23:00:00+00:00,2024-11-15,2.06,1.81,0.4677002583979328,-0.1293791375237555,0.5346982987513959,0.26839578270111986,0.48333333333333334,0.48333333333333334,0.7139201691944475,0.5744687999843053,4.07200662078111e-12,185,143,False,False,False,7059b9628a7cf2910bd609c19793a29a3e0ef999dbf7f67c662fad0d109e0fd4,bd01b51c3bc665b39556f687c3d9dad45e75e5bd11c473751f352c85ff090362,2.2,1.73,True,2024-11-15T20:37:00+00:00,2024-11-15T20:37:00+00:00,0.4832229834609825,0.4816069039790212,0.4801227387652854
te:2770271,2024-11-15,2024,2024-11-15,bellucci-47e7e,hassan-1d510,2024-11-15T03:35:00+00:00,2024-11-14T10:21:00+00:00,0.0,2024-11-17T23:00:00+00:00,2024-11-15,1.9,1.95,0.5064935064935064,0.025975486403260445,0.5649047181982629,0.23511654443682997,0.0,0.0,0.8413057458690892,0.7102263421887717,6.6770418638562035e-09,194,174,False,False,False,f1e41995049f211a2167bcd17ac811c1f16a5b808d8b82ed6f2eb55086b1b6e7,bc7abb256cd780b555aff039c589fc3087879ddd8e94db8573a56a72f31e40c1,2.05,1.83,True,2024-11-15T03:24:00+00:00,2024-11-15T03:24:00+00:00,0.5199086020191219,0.518176789515039,0.5098497706831584
te:2770503,2024-11-15,2024,2024-11-15,hemery,fonseca-57dc1,2024-11-15T13:45:00+00:00,2024-11-14T21:43:00+00:00,1.0,2024-11-17T23:00:00+00:00,2024-11-15,1.69,2.24,0.5699745547073791,0.2817473369319663,0.6111019199080097,0.17019911230448714,0.65,0.05,0.6650730078684488,0.7409227533175448,1.5906942429921855e-11,170,130,False,False,False,53a02968285ef480e88b056d51f7078a50998bbf157271ff72f50b27565f6e91,2a9557be8e7b21cd1ea633f5b8347ea6bf9d3325a64181db14ce6f95ffc7a035,1.79,2.1,True,2024-11-15T12:23:00+00:00,2024-11-15T12:23:00+00:00,0.5796606308751885,0.5776633120825997,0.5740081319079411
te:2770531,2024-11-15,2024,2024-11-15,collignon,barrere-ea847,2024-11-15T15:40:00+00:00,2024-11-15T05:46:00+00:00,0.0,2024-11-17T23:00:00+00:00,2024-11-15,1.68,2.27,0.5746835443037974,0.3009860380781436,0.5628735105138262,-0.04815370850942924,1.1,0.23333333333333334,0.7594159991343072,0.6377900440218564,2.644178087596316e-08,211,134,False,False,False,c1bbf7e0b5164db23dcdf7ca653aefd0933e6ebca9b6bf81900792fda2705373,a23a84f39dae7040b74870bb4ec2de0e0b7b5dcf7dfad3b32e45f576829d8f0f,1.7,2.23,True,2024-11-15T15:29:00+00:00,2024-11-15T15:29:00+00:00,0.5840838659453178,0.5795590014533287,0.5800887590889129
te:2771665,2024-11-19,2024,2024-11-19,butvilas,nagal,2024-11-19T18:40:00+00:00,2024-11-17T09:57:00+00:00,0.0,2024-11-21T23:00:00+00:00,2024-11-19,2.0,1.83,0.47780678851174935,-0.08883121370661573,0.5829233139864713,0.42361675029953594,0.31666666666666665,0.31666666666666665,0.6974606920029828,0.6013858254807721,1.3014043176440282e-09,187,149,False,False,False,e1397234dae436213dee2d36cbf878b9eb9e103affe7d612b775f413a49d52aa,ff6760e0969d7e16cd6ce10cb2d0a3b0d50acb9ba52f6a6e07cf29e6929444d3,1.96,1.88,True,2024-11-19T16:46:00+00:00,2024-11-18T03:58:00+00:00,0.49279660756810445,0.49312741110583075,0.48930509391419624
te:2772507,2024-11-19,2024,2024-11-19,kicker,clarke-60a59,2024-11-19T13:10:00+00:00,2024-11-17T17:44:00+00:00,1.0,2024-11-21T23:00:00+00:00,2024-11-19,1.93,1.88,0.4934383202099738,-0.026248226074936154,0.56238571742059,0.27709828147109594,0.8166666666666667,0.8166666666666667,0.5829600195459967,0.6983746916772429,7.406736857173968e-08,56,213,False,False,False,3318bbbdff55b15717ec31d0ba9d8d3e8e427285d0d60d089714809ecdb6b265,b81e716df2c92bc314004a6bbe3a314c7dc404041b2d1d5ca86f48003d24f714,1.98,1.85,True,2024-11-19T10:40:00+00:00,2024-11-19T12:55:00+00:00,0.5075807269171357,0.506257596029635,0.509525938844743
te:2773709,2024-11-19,2024,2024-11-19,lestienne,negritu,2024-11-19T01:10:00+00:00,2024-11-18T13:03:00+00:00,1.0,2024-11-21T23:00:00+00:00,2024-11-19,1.95,1.87,0.4895287958115184,-0.041890941709159774,0.6239704929499553,0.5483264055136245,0.6166666666666667,0.6166666666666667,0.7172539104297118,0.6643243955270376,1.48056011894937e-11,135,178,False,False,False,1016234aeec126ebf808e9fe40045b142346c036d048a4bbb1431cfb6f8de206,7f526ebe93f6e96694b6c2e7bef86f29a92a7045f5a13dfcb485d492884f4d7c,1.96,1.88,True,2024-11-19T00:14:00+00:00,2024-11-19T00:14:00+00:00,0.5038856460894328,0.5058085903054141,0.5062756121267157
te:2773715,2024-11-19,2024,2024-11-19,cina,den-ouden,2024-11-19T06:05:00+00:00,2024-11-18T15:33:00+00:00,1.0,2024-11-21T23:00:00+00:00,2024-11-19,1.79,2.05,0.5338541666666666,0.13562417329765303,0.6279296089875022,0.38772083976416244,0.6166666666666667,0.6166666666666667,0.6417344456889876,0.6571608510602073,4.619138405104195e-11,107,159,False,False,False,ead7206209990e9402a8a8e6cf46f5ede5cc9f2bfd72984cd3ed832b80b47322,df2ce0727496fa0a1c2572e1a0c64852f144a757ef1fb6c1a81ef3ecf927f162,1.82,2.03,True,2024-11-19T03:11:00+00:00,2024-11-19T03:11:00+00:00,0.5456957148966023,0.5460031743036379,0.5464708725603568
te:2773805,2024-11-19,2024,2024-11-19,martin-tiffon,damas,2024-11-19T12:40:00+00:00,2024-11-18T17:18:00+00:00,0.0,2024-11-21T23:00:00+00:00,2024-11-19,2.07,1.77,0.4609375,-0.15656906069153992,0.5580643322322264,0.389878983718298,2.1166666666666667,0.15,0.6730502339276445,0.5559217321981141,2.9100696297135187e-09,228,173,False,False,False,be9df4d9f90ce3a07c7781775b08f878019d7b96218a3e6228b88d995fb6d47c,678f7dd9bcda1cc1e90d02e86911154a8443f1706b4bff9c2bad97cbf73eaead,2.0,1.84,True,2024-11-19T11:00:00+00:00,2024-11-19T11:00:00+00:00,0.47680972766037516,0.4766090881040304,0.48300650939443424
te:2773751,2024-11-22,2024,2024-11-22,shimizu-38ca9,imamura-da963,2024-11-22T05:00:00+00:00,2024-11-20T09:09:00+00:00,1.0,2024-11-24T23:00:00+00:00,2024-11-22,1.93,1.89,0.4947643979057591,-0.02094317384524342,0.6379269308363262,0.5873208821859037,0.0,0.0,0.6830611143961872,0.6917692015016272,2.0740004158525949e-10,138,193,False,False,False,ca9adb5a7f830c2e48f721ee7c592a44f8344cd1b287fa83c6319a47e9ea5831,13f3d6482c841116ecc59f9f0e8e4369da7eccfa16e2eb3a853a6de36cb9f454,2.0,1.85,True,2024-11-22T00:22:00+00:00,2024-11-22T00:22:00+00:00,0.508833704442617,0.5112652431774295,0.5029808089134187
te:2775069,2024-11-22,2024,2024-11-22,wong-d3ead,mochizuki-f2487,2024-11-22T01:20:00+00:00,2024-11-19T10:30:00+00:00,1.0,2024-11-24T23:00:00+00:00,2024-11-22,1.8,2.03,0.5300261096605744,0.12024912815157689,0.6160872571905158,0.3527241821340567,0.0,0.0,0.7019952733424472,0.6431429605832909,3.885333388353729e-09,187,132,False,False,False,ed7a0b02e3bf144769951356cd0590f35a1cd20d6c93d2077bfa3c7f293f3d8e,879265a6cad7dc75f9af8554275310f69d30517b647954b3a6db1ac364398b1f,1.79,2.06,True,2024-11-21T15:43:00+00:00,2024-11-21T15:43:00+00:00,0.542091377533383,0.5419515619695432,0.5336998473692184
te:2775075,2024-11-22,2024,2024-11-22,lestienne,basilashvili,2024-11-22T06:00:00+00:00,2024-11-19T10:30:00+00:00,,,,1.78,2.07,0.5376623376623377,0.1509352429732842,0.618704966035842,0.33311984327758637,0.6166666666666667,0.6166666666666667,0.5828585666779859,0.5981431117302661,2.386926045705451e-09,135,199,False,False,False,0d9c038f4701da483fbfeaa889543debcddda786053b5022bd01de8be180155f,1be0aaddc87adb15fd9932e6a577ccb7f9ee51d16a3001dd6414e9693b29cb6c,1.85,1.99,True,2024-11-22T05:56:00+00:00,2024-11-22T05:56:00+00:00,0.5492803021535656,0.5489622722431545,0.5494234929560704
te:2775081,2024-11-22,2024,2024-11-22,tu-41622,sekulic-13abc,2024-11-22T02:10:00+00:00,2024-11-19T10:40:00+00:00,1.0,2024-11-24T23:00:00+00:00,2024-11-22,1.75,2.11,0.5466321243523315,0.18707215955255221,0.6002674954054239,0.21950763709947838,0.43333333333333335,0.43333333333333335,0.7289451981387741,0.6447785107356206,3.841327589348964e-09,157,141,False,False,False,13f92cbb2ad5d2717bf77ad2436ef683e256960aa5384118f4fc7ce690002f88,9b10b00cab50e1eee57dfd04f32dbf952eb057ec4a5c16560c3972f39c660f03,1.95,1.88,True,2024-11-21T16:00:00+00:00,2024-11-21T16:00:00+00:00,0.5577196742505922,0.5561141151632897,0.5539889239761749
te:2775365,2024-11-22,2024,2024-11-22,zakharov-faf08,wu-f664e,2024-11-22T04:15:00+00:00,2024-11-19T10:35:00+00:00,1.0,2024-11-24T23:00:00+00:00,2024-11-22,1.8,2.03,0.5300261096605744,0.12024912815157689,0.5785628111358389,0.1966272402279165,0.5333333333333333,0.5333333333333333,0.6495425765341565,0.7587158218174413,2.105102203664444e-09,159,136,False,False,False,3ae3535c3373b552e7d37f235a08b7adb42e88d0d00709895b1a2d0ed39c97f6,274c7290a2c0d94b8b74414cae87fe33c9adbe54d6ba6d1a63c9cf85717eabc7,1.77,2.09,True,2024-11-22T04:09:00+00:00,2024-11-22T04:09:00+00:00,0.542091377533383,0.540079267141561,0.5393388836216972
te:2776267,2024-11-22,2024,2024-11-22,martin-tiffon,shelbayh,2024-11-22T11:50:00+00:00,2024-11-21T10:11:00+00:00,0.0,2024-11-24T23:00:00+00:00,2024-11-22,1.88,1.97,0.5116883116883117,0.04676176590803954,0.5292124656462818,0.0702213242461949,1.5333333333333334,1.5333333333333334,0.6945288958646183,0.5518065922343128,3.253883801290769e-09,232,168,False,False,False,cfe3d14a55ac418e10db52b525acda0f0d5af4f8ace03d41084fb6e69efb2100,d4bd193c101212611ff9362c2b2af1ab6f98188bb18d1ad906a72838d132eac6,1.89,1.98,True,2024-11-22T11:38:00+00:00,2024-11-22T11:38:00+00:00,0.524809490194738,0.5211299483146284,0.534520566327669
te:2776531,2024-11-22,2024,2024-11-22,landaluce-84126,blancaneaux,2024-11-22T12:10:00+00:00,2024-11-21T10:55:00+00:00,1.0,2024-11-24T23:00:00+00:00,2024-11-22,1.91,1.94,0.5038961038961038,0.015584731016698041,0.5170010455967429,0.052445677066862824,0.8333333333333334,0.8333333333333334,0.7689267759780981,0.6137113395298875,5.1216975105461415e-11,149,137,False,False,False,e9ab90a27da66d432e85fa9f7aad56399ce12b0b40d62f38e51fb1f9700775c1,1553225396eb738144cfaff20972a24dee2ff52df91173e33c37b2590ae15cfb,1.96,1.91,True,2024-11-22T11:03:00+00:00,2024-11-22T11:03:00+00:00,0.5174572237536093,0.5135017255675411,0.516976225898841
te:2776903,2024-11-22,2024,2024-11-22,holmgren-a5794,vatutin,2024-11-22T16:10:00+00:00,2024-11-21T19:26:00+00:00,0.0,2024-11-24T23:00:00+00:00,2024-11-22,1.69,2.23,0.5688775510204082,0.27727305653704526,0.6355131281731885,0.2786691580373738,0.25,0.25,0.6979157372536323,0.6758147136341018,1.2236923502273456e-08,147,205,False,False,False,db64afda147f3ebeeac585e0ad0c9465ab6819d6062e20d55513f5d0539b87a5,c52e9a68a273a6186a8e6122381d52af0cf5dbe523ebb1982b8aafe5c98bd889,1.72,2.2,True,2024-11-22T13:49:00+00:00,2024-11-22T13:49:00+00:00,0.578630070138915,0.5779019732910371,0.5732781391898598
te:2777035,2024-11-22,2024,2024-11-22,maestrelli,prizmic,2024-11-22T18:40:00+00:00,2024-11-21T21:39:00+00:00,1.0,2024-11-24T23:00:00+00:00,2024-11-22,1.88,1.97,0.5116883116883117,0.04676176590803954,0.6120178722059166,0.4090404429527468,0.36666666666666664,0.36666666666666664,0.549726273524662,0.5836935088443009,4.8819759845830646e-08,158,87,False,False,False,00e20a6a78136cd008793f3aa1c0fc0cbc7c12426eb13fe6e94c913346736f49,d7aa47341c175f58c58acad50db1c3ae19708cf23b6691dc5994abe951cac30a,1.95,1.92,True,2024-11-22T15:03:00+00:00,2024-11-22T15:03:00+00:00,0.524809490194738,0.5252126194436856,0.5221270958494691
te:2777071,2024-11-22,2024,2024-11-22,nardi-e2cda,prihodko,2024-11-22T14:35:00+00:00,2024-11-21T21:36:00+00:00,0.0,2024-11-24T23:00:00+00:00,2024-11-22,1.93,1.92,0.49870129870129865,-0.0051948168771042275,0.5934773351799998,0.38355415834156303,0.7333333333333333,0.7333333333333333,0.6171074839747429,0.7032702614726385,1.372810198851937e-11,130,218,False,False,False,82b7482f3417e54c39c0ab6a27a4f92570fd6ffd10ba4a4856749f8f3d197a4f,e015cb52a2d97a051fe852d2a67a806467aa3d59cf2423797774bb753159110f,1.79,2.1,True,2024-11-22T14:28:00+00:00,2024-11-22T14:28:00+00:00,0.512552526846428,0.5125533785580836,0.5146570636787909
te:2777115,2024-11-22,2024,2024-11-22,barrios-vera,johns-b2ed0,2024-11-22T18:15:00+00:00,2024-11-22T12:40:00+00:00,0.0,2024-11-24T23:00:00+00:00,2024-11-22,1.78,2.1,0.5412371134020618,0.16532398042538338,0.5482577244023398,0.028309665487397717,1.4666666666666666,0.26666666666666666,0.7840822270542523,0.6491491260087182,1.6413561620964856e-09,148,104,False,False,False,69f2654bb18d6b6976a5aef07f7889bbddec68d5949a15711e258eb703c66091,1e84aa78a28ad0019d3a20e4a7cbb32163510424844ec1f61c85f01c61db046d,1.71,2.19,True,2024-11-22T18:07:00+00:00,2024-11-22T18:07:00+00:00,0.5526443062464362,0.5487096918873282,0.5518227700822077
te:2777965,2024-11-26,2024,2024-11-26,moro-canas,shelbayh,2024-11-26T10:40:00+00:00,2024-11-24T18:38:00+00:00,0.0,2024-11-28T23:00:00+00:00,2024-11-26,1.85,1.97,0.5157068062827225,0.06284790365966353,0.6452049799506836,0.5351799466228006,0.7666666666666667,0.16666666666666666,0.7077938300708029,0.7124272692951824,1.569855112570906e-08,153,170,False,False,False,943f36f21da944e4ff49eed8aa393a3a8094b4ec480b3c1dfb7f8073b210efc9,462cc0d0f9d01c6d12254d4f3810b2fdca2cf2a5126757e7bd148ba3423f5df5,1.81,2.05,True,2024-11-26T08:07:00+00:00,2024-11-26T10:26:00+00:00,0.5285989732478615,0.5305490635632018,0.5284933786338285
te:2777971,2024-11-26,2024,2024-11-26,coria-df292,blancaneaux,2024-11-26T13:10:00+00:00,2024-11-24T18:42:00+00:00,,,,2.0,1.83,0.47780678851174935,-0.08883121370661573,0.5572583171480446,0.3188736199205757,0.6333333333333333,0.6333333333333333,0.6144493956482583,0.5000000000000001,0.005202676238304227,192,139,False,False,False,ad43d5004fee98fa4c8036bbfb546007e8e5ed667e938284eee0379e9feda3ca,fb8d89ee4bfda179c591bd12804f3563b5c147079aaad4ad0b0757ea885b4e59,2.1,1.76,True,2024-11-26T13:00:00+00:00,2024-11-26T11:21:00+00:00,0.49279660756810445,0.49186284918551554,0.49252265616866775
te:2778361,2024-11-26,2024,2024-11-26,habib,villanueva-55ff0,2024-11-26T18:30:00+00:00,2024-11-24T15:32:00+00:00,0.0,2024-11-28T23:00:00+00:00,2024-11-26,1.68,2.2,0.5670103092783505,0.26966356694910254,0.6340426873739415,0.2799360210342876,2.316666666666667,0.18333333333333332,0.6805676244839011,0.6681920757247414,1.1999678695140403e-08,186,186,False,False,False,c4c9d1785c6b2b32b7983bf82b26af02fc57c36c1379808dffbc5412adbb83eb,2c1ec7477359f108fcf1e3ef7b11e8f99baa225fb8409f6b1ae29d3decc7683d,1.9,1.93,True,2024-11-25T19:16:00+00:00,2024-11-25T19:16:00+00:00,0.5768758071954798,0.5761481772425865,0.5839481266349921
te:2778655,2024-11-26,2024,2024-11-26,dougaz,smith-8b3b8,2024-11-25T23:15:00+00:00,2024-11-24T17:52:00+00:00,0.0,2024-11-28T23:00:00+00:00,2024-11-26,1.6,2.38,0.5979899497487436,0.3970968584376474,0.6124337471621062,0.060457100987700074,1.15,0.18333333333333332,0.6616497410546432,0.6089062407611795,9.569425807320897e-11,202,142,False,False,False,0286e6bccd94bf7130ca08f58f582f987c02cec3ca7b2eca85204dfcee71f0f4,b16add2e269c0b5132948a8c240c4262f12af1da86c94087a83b5affb49e682b,1.61,2.37,True,2024-11-25T17:31:00+00:00,2024-11-25T17:31:00+00:00,0.6059657107484195,0.602942531446579,0.6034287655316989
te:2780075,2024-11-26,2024,2024-11-26,gaubas,butvilas,2024-11-26T12:55:00+00:00,2024-11-26T05:17:00+00:00,1.0,2024-11-28T23:00:00+00:00,2024-11-26,1.81,2.03,0.5286458333333333,0.11470894777596129,0.5998500984344175,0.29013160946412053,0.9666666666666667,0.9666666666666667,0.5000000000000001,0.5576520073609568,0.0038239258408334503,195,191,False,False,False,2afa60de32d27c0bbdafc2f77168cd919e4d73b12983fffd80c110b46f3af20d,23ffdfd9aff7b6b91853c956bb1a2827bc246b442c9b8d7cbe1e9a333e502f84,1.88,1.95,True,2024-11-26T11:14:00+00:00,2024-11-26T11:49:00+00:00,0.5407915048607401,0.5398905627419175,0.5452776449292724
te:2780207,2024-11-26,2024,2024-11-26,klier-junior-75c19,boscardin-dias-3afa8,2024-11-26T16:50:00+00:00,2024-11-26T11:05:00+00:00,0.0,2024-11-28T23:00:00+00:00,2024-11-26,1.88,1.93,0.5065616797900262,0.026248226074936154,0.6121963862584213,0.4303058362060218,0.31666666666666665,0.31666666666666665,0.5000000000000001,0.5239084471984705,0.006156886730723843,35,115,False,False,False,f9ca033d465de782f72ce23093341b04cc4130c1f9f1db0af9a3007ac821f8d6,9b1a1ca856de5af4a47d596454661ac8c9ac03b91c38b4e030fc8e62388b1608,1.92,1.92,True,2024-11-26T15:40:00+00:00,2024-11-26T15:40:00+00:00,0.5199729341409098,0.5205951290078915,0.516797372228923
te:2780641,2024-11-26,2024,2024-11-26,kodat,brady-beba3,2024-11-26T18:10:00+00:00,2024-11-26T08:39:00+00:00,0.0,2024-11-28T23:00:00+00:00,2024-11-26,1.91,1.91,0.5,0.0,0.5811685672674091,0.32757231730159797,1.55,0.4166666666666667,0.5869261609246001,0.5000000000000001,0.01710036073161124,189,75,False,False,False,175aadcb26ece4a4c9e0e656d28b14bc39dc57d6ddc62ba37913a7d48d09385d,b391e82a8145be813ccec23b2b21c6f9974f5a27e001a2e25da4d9864fa0fb7c,1.89,1.94,True,2024-11-26T15:34:00+00:00,2024-11-26T15:34:00+00:00,0.5137789481259278,0.5131138122275709,0.5179770143426645
te:2780645,2024-11-26,2024,2024-11-26,rosenkranz,perez-37652,2024-11-26T20:00:00+00:00,2024-11-26T08:49:00+00:00,0.0,2024-11-28T23:00:00+00:00,2024-11-26,1.63,2.3,0.5852417302798981,0.34432910811643264,0.6282827970026448,0.18052791251653727,2.05,0.45,0.6703683653197371,0.647006967534649,5.0894288783354114e-11,130,55,False,False,False,2bb8eaa99515f0ed541632f82e273011efd9b835cfb4df459055a37549ff89fe,24addf9dc1b699047aed864aa0165fbcb201b50566a64699c184e1389113ba4f,1.64,2.31,True,2024-11-26T17:33:00+00:00,2024-11-26T17:33:00+00:00,0.5939985269587011,0.592253029549374,0.6003126805422802
te:2781049,2024-11-29,2024,2024-11-29,escobedo-2bf83,geerts,2024-11-29T00:30:00+00:00,2024-11-28T08:44:00+00:00,1.0,2024-12-01T23:00:00+00:00,2024-11-29,1.73,2.13,0.5518134715025906,0.208000571211646,0.614037466436372,0.25631507388129404,0.0,0.0,0.5829570121663801,0.621491392401922,3.1671233247099195e-08,118,198,False,False,False,19a8145b2362d76894ab461d6c1ee816855f7b80e2fe64679193c06a5590dbf9,db0ac7ac2085f5e60acadf57928488f6ee1019bc26fd185eeda75ddfa92e36e3,1.86,1.98,True,2024-11-28T23:22:00+00:00,2024-11-28T23:22:00+00:00,0.5625923902453941,0.5614663071979047,0.5532759905903171
te:2781491,2024-11-29,2024,2024-11-29,coria-df292,coppejans,2024-11-29T10:40:00+00:00,2024-11-28T10:30:00+00:00,1.0,2024-12-01T23:00:00+00:00,2024-11-29,1.92,1.93,0.5012987012987012,0.005194816877103783,0.6147802701257042,0.46225620430838177,0.26666666666666666,0.26666666666666666,0.500185597182623,0.5000000131536941,0.009640060941734613,192,85,False,False,False,6b5ea5def088d13a3c76d468aa0e00433b418a3780bffdfae16cc2e108d25ef8,588c6e2a2d150044185e1715512868969f963c374bf25cd3ff5fc046da6cd4e4,1.99,1.88,True,2024-11-29T09:55:00+00:00,2024-11-29T09:55:00+00:00,0.5150052035015262,0.5159746087340732,0.5114659038338852
te:2781527,2024-11-29,2024,2024-11-29,habib,dutra-da-silva,2024-11-29T14:05:00+00:00,2024-11-28T10:05:00+00:00,0.0,2024-12-01T23:00:00+00:00,2024-11-29,1.8,2.07,0.5348837209302325,0.1397619423751585,0.6214237115372444,0.3558336048155549,1.1,1.1,0.6553040829215004,0.6220365271173617,4.5249440278061215e-08,189,191,False,False,False,49b93f462f6b6c17ca05dc0757334b3c1cadc2970ef6925e9aaa169792cb92f8,61ba78f53133cc9b58725a684a353a2272854d1b604cacb4d2aa9aeb988e784f,1.78,2.11,True,2024-11-29T11:51:00+00:00,2024-11-29T11:51:00+00:00,0.5466649214595224,0.5465981206720194,0.5538597099055961
te:2781541,2024-11-29,2024,2024-11-29,olivo,prado-angelo,2024-11-29T15:35:00+00:00,2024-11-28T10:02:00+00:00,0.0,2024-12-01T23:00:00+00:00,2024-11-29,1.93,1.92,0.49870129870129865,-0.0051948168771042275,0.529993942083301,0.12531480952093538,0.9,0.13333333333333333,0.546408469352006,0.6882227811605595,1.247789896408058e-08,128,166,False,False,False,b95c906e8d06bc7cacacc9d2c242ffb94c1d1414c89cf45819344dafe21e4b2b,0b0a1a0d9c0e4eb20c5afc18234967614f1623de7ef81d9791e6ff1edcfb88f5,1.97,1.9,True,2024-11-29T15:04:00+00:00,2024-11-29T15:04:00+00:00,0.512552526846428,0.5094364733887246,0.5078937154945548
te:2781563,2024-11-29,2024,2024-11-29,negritu,hassan-1d510,2024-11-29T01:40:00+00:00,2024-11-28T08:48:00+00:00,,,,1.82,2.04,0.5284974093264249,0.114113306767421,0.6226944694852385,0.386887388565014,1.9666666666666666,0.3,0.6508127858564408,0.6988053273498228,4.1702419295575055e-10,175,182,False,False,False,df609b216b29cdbf45cabae69c6c2a7ca8d5a39467b8a68c7d4751160d81c1f9,a7a8ad52103f4755f6e1d55a228f5ce752339310445890e3144cf86b7e911278,1.8,2.09,True,2024-11-29T01:07:00+00:00,2024-11-29T01:07:00+00:00,0.5406517183738029,0.5409104396860561,0.5475183067108074
te:2781823,2024-11-29,2024,2024-11-29,reis-da-silva,huertas-del-pino-00123,2024-11-29T14:05:00+00:00,2024-11-28T17:28:00+00:00,1.0,2024-12-01T23:00:00+00:00,2024-11-29,1.83,2.04,0.5271317829457364,0.10863384100279519,0.5909788617603384,0.25937957141581747,1.0333333333333334,1.0333333333333334,0.6016916194820764,0.5266577738366331,2.511946151084743e-08,113,46,False,False,False,0059588efc4c1cafec45fb21f7ecd292a51496d2ab87769ff8faaaea7323ace9,3d0d39852345ecc2b519ee04670e7e258188dc8ef13a7ee6d34a5605d3d18f44,1.85,2.02,True,2024-11-28T18:03:00+00:00,2024-11-29T10:35:00+00:00,0.5393654866287056,0.5380838540477656,0.5444084320074427
te:2781859,2024-11-29,2024,2024-11-29,martin-3dfa5,rocha-0492a,2024-11-29T15:10:00+00:00,2024-11-28T19:03:00+00:00,0.0,2024-12-01T23:00:00+00:00,2024-11-29,1.91,1.94,0.5038961038961038,0.015584731016698041,0.6059149813976875,0.41458828121242713,0.8833333333333333,0.8833333333333333,0.5318075559377728,0.5796162159484854,1.635092135299221e-08,124,167,False,False,False,53f16ad034e584fdd5a14df08db272e2c40295acbef431ba0fa712e10dbbe785,2050de9953bf725a1a2a1b3804a7cf37d4c1994f3f3ad553947433a963ad28b8,2.02,1.85,True,2024-11-29T14:51:00+00:00,2024-11-29T14:51:00+00:00,0.5174572237536093,0.5178705222047887,0.5221088861484598
te:2781917,2024-11-29,2024,2024-11-29,ugo-carabelli,barrios-vera,2024-11-29T17:10:00+00:00,2024-11-28T23:05:00+00:00,1.0,2024-12-01T23:00:00+00:00,2024-11-29,1.85,2.01,0.5207253886010362,0.08294908298075078,0.6201519248467835,0.4072440345665932,0.9833333333333333,0.38333333333333336,0.6938615161380907,0.6436147454774765,2.493900197464427e-09,190,153,False,False,False,e8a64315286efc985fe0ddbd1a199b4fd212c5057b1cd2b8fa80d50433743cba,b569e6c194ad395897239f049bffc092db132ac759de3fb65a7ba18440f93d90,1.83,2.05,True,2024-11-29T14:31:00+00:00,2024-11-29T10:12:00+00:00,0.5333296178582887,0.5337765747523638,0.5347711873318809
te:2781921,2024-11-29,2024,2024-11-29,dzumhur,ramos-vinolas,2024-11-29T13:55:00+00:00,2024-11-29T08:26:00+00:00,0.0,2024-12-01T23:00:00+00:00,2024-11-29,1.82,2.05,0.5297157622739017,0.11900329206161245,0.6118983864976485,0.33629574572486487,0.3333333333333333,0.3333333333333333,0.5804896703636299,0.6244557847195832,7.914952193655012e-08,172,144,False,False,False,8cae2229e1b2c9923a40bf89f3559c75b16d13817c775f39bf02e98fa717b458,e6605886c59ed5113602b53087528cff4643e03c70d9e2555836f9c153e5d266,1.88,1.97,True,2024-11-29T13:48:00+00:00,2024-11-29T13:48:00+00:00,0.5417991207732626,0.5414600023427318,0.5379170687266001
te:2781961,2024-11-29,2024,2024-11-29,draxl,escobedo-2bf83,2024-11-29T21:05:00+00:00,2024-11-29T12:09:00+00:00,1.0,2024-12-01T23:00:00+00:00,2024-11-29,1.93,1.92,0.49870129870129865,-0.0051948168771042275,0.5308047695276182,0.12857015334638672,1.0,1.0,0.6393039134260992,0.5000000000000001,0.0030871590081376493,150,118,False,False,False,8baa425808be3eeb12525a9df086777a1d9dba1761aa37676968ffb02099a0e5,2791110609f1ec314f43c13bfac98d392a6fb38bb7c604e7d189339a222286f8,1.87,2.0,True,2024-11-29T19:19:00+00:00,2024-11-29T19:19:00+00:00,0.512552526846428,0.5094757699128954,0.5153267035902035
te:2791157,2024-12-31,2024,2024-12-31,fonseca-57dc1,mcdonald-4d935,2024-12-31T00:55:00+00:00,2024-12-30T09:08:00+00:00,0.0,2025-01-02T23:00:00+00:00,2024-12-31,1.73,2.13,0.5518134715025906,0.208000571211646,0.6388827136815463,0.36251752123936126,0.0,0.0,0.6867370151876159,0.7059663678201739,7.767700371807962e-10,134,119,False,False,False,a194e99cfc9fdcaca627f7521b863c8d9a50edf272907ee6d00044d753334008,5afdafd32bb86e413344792233b4cf795a2248b4c84a302e759977a1ff13bdea,1.72,2.17,True,2024-12-30T22:46:00+00:00,2024-12-30T22:46:00+00:00,0.5625923902453941,0.5627289948946909,0.5545600424578122
te:2791159,2024-12-31,2024,2024-12-31,ajdukovic,diaz-acosta,2024-12-31T02:15:00+00:00,2024-12-30T09:03:00+00:00,0.0,2025-01-02T23:00:00+00:00,2024-12-31,1.67,2.23,0.5717948717948719,0.28917795904336396,0.6369316052590087,0.2728930889028076,0.0,0.0,0.7525143552035329,0.7026754108772509,1.0263245808772581e-10,165,105,False,False,False,cdb4e6483e2d922d51f93ac17e88a563bc7890eb56b4f7c9d08f1d8ba953a9de,83b75b3fe50e5db37560481a687c463b21601ff22aa53158a970b8a7c19f7170,1.74,2.13,True,2024-12-31T02:08:00+00:00,2024-12-30T22:05:00+00:00,0.5813705881804602,0.5805971764643296,0.5725080350548377
te:2791169,2024-12-31,2024,2024-12-31,mochizuki-f2487,saitoh,2024-12-31T01:25:00+00:00,2024-12-30T11:29:00+00:00,0.0,2025-01-02T23:00:00+00:00,2024-12-31,2.19,1.69,0.43556701030927836,-0.25917301489342737,0.6003587718724779,0.6661332295829592,0.5,0.5,0.5566539411600784,0.5000000000000001,0.007411107011464843,144,142,False,False,False,c903001aeb1e831ebb3b843a7514028f0d9380633680509061f54bfa2baa20f0,93903d52fbcb48ae8ee3f80ac4234e4f928709c8e255e33ffae6867e3d56ed74,2.17,1.72,True,2024-12-30T22:01:00+00:00,2024-12-30T22:01:00+00:00,0.4526948534101017,0.4556163264883449,0.4544172647068323
te:2791235,2024-12-31,2024,2024-12-31,sultanov,skatov,2024-12-31T08:15:00+00:00,2024-12-30T11:36:00+00:00,1.0,2025-01-02T23:00:00+00:00,2024-12-31,1.79,2.05,0.5338541666666666,0.13562417329765303,0.5939576460541709,0.2447263663593186,0.0,0.0,0.6593933689185142,0.5811330766977817,1.1007699485254818e-07,216,145,False,False,False,9bbaf1397ba6ca12226f381eb918a0ac2e489ee1e0624a6213a247d41c879b5c,46ac9c115bd7d9219bd7c937f83fa53088333cf84619148562f7ef022224fc1e,1.82,2.02,True,2024-12-31T02:31:00+00:00,2024-12-31T02:31:00+00:00,0.5456957148966023,0.5442904945863776,0.5360305346053361
te:2791843,2024-12-31,2024,2024-12-31,galarneau-32e1f,daniel-2dd17,2024-12-30T23:40:00+00:00,2024-12-30T11:58:00+00:00,0.0,2025-01-02T23:00:00+00:00,2024-12-31,1.78,2.07,0.5376623376623377,0.1509352429732842,0.6385005492495919,0.41792677048253246,0.0,0.0,0.6888611857647855,0.7170824463475266,1.8020213932157247e-09,144,149,False,False,False,925eb730bab4b4918a2c9c9f27391afc12d6f252ff5948db4e189ee4c5ae6424,8719cc6fde38e43eda424e5038c82bc1557c39c713ec3ea2af1ca3db67fb6316,1.86,1.97,True,2024-12-30T20:04:00+00:00,2024-12-30T18:53:00+00:00,0.5492803021535656,0.549976350847592,0.5417622678731204
te:2791929,2024-12-31,2024,2024-12-31,tabur,samrej-f05ce,2024-12-31T03:15:00+00:00,2024-12-30T11:26:00+00:00,1.0,2025-01-02T23:00:00+00:00,2024-12-31,1.74,2.12,0.5492227979274612,0.1975309754574837,0.6182476834928228,0.28458617185272717,0.0,0.0,0.6120319803010738,0.6505638587127675,9.519468546770327e-12,153,145,False,False,False,3617d096b937a36dfcf2d036d035c9a09ecf0c743b8941a548cb810a8ce10e4e,566d96eec34d4e70c88749addf59398915cc7342a53dec447242b1978a6d53db,1.83,2.02,True,2024-12-30T23:31:00+00:00,2024-12-30T23:31:00+00:00,0.5601562266337659,0.5593464185952788,0.5511508133506967
te:2791935,2024-12-31,2024,2024-12-31,moriya,blancaneaux,2024-12-31T08:00:00+00:00,2024-12-30T11:35:00+00:00,1.0,2025-01-02T23:00:00+00:00,2024-12-31,1.83,1.99,0.5209424083769634,0.08381867188307154,0.6125412475016537,0.37418821316606976,0.0,0.0,0.5000000000006539,0.5222539922632309,0.014560742691427098,159,138,False,False,False,56ba49aa89f26ae599e1d8a0edc07b150381b1b1e5b4dbc515c938ad556207fc,dc4e1c78c945575eb5fbd3601713ce00463add61ba94c4287a1cbc31268e3eed,1.93,1.9,True,2024-12-30T22:42:00+00:00,2024-12-31T02:31:00+00:00,0.5335341393143435,0.5335853127979417,0.5253121390041842
te:2793389,2025-01-03,2025,2025-01-03,fonseca-57dc1,fearnley,2025-01-03T03:25:00+00:00,2025-01-02T09:12:00+00:00,0.0,2025-01-05T23:00:00+00:00,2025-01-03,1.74,2.16,0.5538461538461539,0.2162231084696361,0.6143980982595508,0.24961448345462306,0.5166666666666667,0.5166666666666667,0.6343248795199719,0.6928218508956687,2.2879489636196126e-08,134,124,False,False,False,7757530bb64449db7da510c44ba5aaf39b054a881bba057ff130fedc76fa7868,d47f43878ff65a21e1979ca9b63adefa277d29bdda8399e9f73ca54bbad9767a,1.79,2.11,True,2025-01-03T00:36:00+00:00,2025-01-03T00:36:00+00:00,0.5655119186780659,0.5645026944830421,0.5642787496397899
te:2793495,2025-01-03,2025,2025-01-03,karatsev,coppejans,2025-01-03T06:45:00+00:00,2025-01-02T10:44:00+00:00,0.0,2025-01-05T23:00:00+00:00,2025-01-03,1.74,2.17,0.5549872122762148,0.22084205432593051,0.6115271506962869,0.23289401856966296,0.7,0.7,0.6051713448804348,0.6585938118739615,2.904880780363328e-10,72,91,False,False,False,a01955a8d36637f3e85d4292e31f94c3a0d86cc907639dd79c1a638442d2d9f4,45b6abd38bbe0e5a2a17c46c4490fa341c9fa9aae5dcfd4aa9cd752f39ee040c,1.78,2.12,True,2025-01-03T02:02:00+00:00,2025-01-03T02:02:00+00:00,0.5665633395915123,0.5653895497418574,0.5662662519441249
te:2793517,2025-01-03,2025,2025-01-03,bouzige,lestienne,2025-01-03T07:40:00+00:00,2025-01-02T20:50:00+00:00,1.0,2025-01-05T23:00:00+00:00,2025-01-03,2.19,1.72,0.43989769820971864,-0.2415772530030479,0.5727522096127191,0.5346662819568613,0.0,0.0,0.6607319904097883,0.7772339959078545,8.73322525407616e-11,169,137,False,False,False,8ab7d7d3884c6667051d9963271bb60ca9f2e90c044aa2e85cb6068630a0ce71,97efb30b23667f9e367a0cb27e715158ffccfc7673c8a9ff7ccbb43306e0090f,2.15,1.76,True,2025-01-03T04:34:00+00:00,2025-01-03T04:34:00+00:00,0.4599166574004817,0.4611806721648265,0.45779425134606827
te:2793535,2025-01-03,2025,2025-01-03,mochizuki-f2487,rodionov-f5e38,2025-01-03T10:40:00+00:00,2025-01-02T18:08:00+00:00,0.0,2025-01-05T23:00:00+00:00,2025-01-03,1.78,2.11,0.5424164524421594,0.17007458318398147,0.6184980186944249,0.31310336106654557,0.0,0.0,0.6726953580777612,0.7403046977074066,9.922895838343493e-13,142,144,False,False,False,5c98e7d917b4b5e2e8b8de306167b0d73b650197b6c78d6c1d1d6747012838d3,75506126c8fce6e9dd7f9fb419cefe65e6ac34d9bf6ace2d5cfabb2afd644622,1.74,2.19,True,2025-01-03T10:08:00+00:00,2025-01-03T05:33:00+00:00,0.554976153623007,0.5545500031185466,0.5512021814027369
te:2794571,2025-01-07,2025,2025-01-07,rodesch,nijboer,2025-01-07T15:35:00+00:00,2025-01-06T17:17:00+00:00,1.0,2025-01-09T23:00:00+00:00,2025-01-07,2.01,1.81,0.47382198952879584,-0.10480787679324989,0.5649406677231974,0.3660461717199389,0.0,0.0,0.7305218315095546,0.6139286121294123,6.308212285865977e-11,136,220,False,False,False,3a947a480e76f1a05bf4a4c0b0f06912143798e7dbcc9a2d59201c90ee88f047,fe64f75bbe6f69e1362383b6300cf89e0b5e7b587ae1a5a918e6f7a323746c67,2.22,1.68,True,2025-01-07T14:53:00+00:00,2025-01-07T14:53:00+00:00,0.49151712465419634,0.4912294122345307,0.4878253256610987
te:2794573,2025-01-07,2025,2025-01-07,prizmic,ivanovski,2025-01-07T10:40:00+00:00,2025-01-06T20:31:00+00:00,1.0,2025-01-09T23:00:00+00:00,2025-01-07,2.17,1.7,0.43927648578811374,-0.24409891649019763,0.5485150380036414,0.4387715468879632,0.0,0.0,0.7741198334633113,0.640334870414533,1.4781037338540415e-08,90,15,False,False,False,268947370c2789a3850255ac84d2e256be58979c3736e4f389638d41a620f24f,b98855b439778fe49611678f4e22f9dcf81a63bd590f7bcaa2c317191c1a29e9,1.93,1.91,True,2025-01-07T10:29:00+00:00,2025-01-07T10:29:00+00:00,0.4593362636665674,0.45959957208792496,0.4562102601128987
te:2794575,2025-01-07,2025,2025-01-07,matusevich,marie,2025-01-07T10:40:00+00:00,2025-01-06T20:31:00+00:00,0.0,2025-01-09T23:00:00+00:00,2025-01-07,1.65,2.26,0.578005115089514,0.31458952537170504,0.6120275292006179,0.14125335292478697,0.0,0.0,0.7334178937342413,0.6605882486958996,5.2350290768998775e-11,119,150,False,False,False,1512d71c2c1ff0d49ffd54fcb34d625fd6da8a82ff9206404f785f534b309585,6a27d2c9d40009376ea6e18f6dbe29a56f575894a442fd2449ebe976c28ad7c0,1.73,2.15,True,2025-01-07T07:01:00+00:00,2025-01-06T21:30:00+00:00,0.5877613249740006,0.5858086984952469,0.5825225419286929
te:2794577,2025-01-07,2025,2025-01-07,mikrut,forejtek,2025-01-07T12:55:00+00:00,2025-01-06T18:58:00+00:00,1.0,2025-01-09T23:00:00+00:00,2025-01-07,1.81,2.03,0.5286458333333333,0.11470894777596129,0.6300364978820614,0.4176644452294398,0.0,0.0,0.6510609592647433,0.6609699400077855,1.4936137074372802e-07,143,142,False,False,False,aef36ff459332e821ea0355d1dab24bad4eba7e0ea1bbac74926decf9769d4e1,cb8f1b162ac971644d73745a3d5cbee68f7166c03907d385001e41a1b387185a,1.91,1.93,True,2025-01-07T11:40:00+00:00,2025-01-07T11:40:00+00:00,0.5422714178799313,0.5428470292481056,0.5394846915913928
te:2795541,2025-01-07,2025,2025-01-07,hsu-b2ce0,isomura-6342d,2025-01-07T03:10:00+00:00,2025-01-06T10:37:00+00:00,0.0,2025-01-09T23:00:00+00:00,2025-01-07,1.92,1.9,0.4973821989528796,-0.010471299867295303,0.6204125619289428,0.501771005430901,0.25,0.25,0.6102932114759012,0.5960908759691744,3.3507280283728846e-11,153,151,False,False,False,65ea2527a74cdab61c4ee4f358abef383d71075d71dc9230bc68d5bb2dead9bb,4ca9de52b5363fbdf223d0326e4eaaf9435f4528e00eaee32c49d4902782450a,2.02,1.83,True,2025-01-06T23:32:00+00:00,2025-01-06T23:32:00+00:00,0.5133684180877579,0.5146401956528833,0.512777735218911
te:2796055,2025-01-07,2025,2025-01-07,zapata-miralles,zakharov-faf08,2025-01-07T10:10:00+00:00,2025-01-06T18:28:00+00:00,0.0,2025-01-09T23:00:00+00:00,2025-01-07,1.88,1.93,0.5065616797900262,0.026248226074936154,0.6310921911860689,0.5106569568876921,0.0,0.0,0.6766734459058511,0.6574018002038862,1.8533144807708624e-07,132,144,False,False,False,6efd4f4db22d05cb406e40c7dea90503d168892f09308b8d044538c681ac64ca,c16fa57628f2c92b406b4653bbad0c8f0f3637038f51ba50005d1510a72f028e,1.84,2.0,True,2025-01-07T06:31:00+00:00,2025-01-06T19:21:00+00:00,0.5218645968964638,0.5232822374690503,0.5199004337632993
te:2796057,2025-01-07,2025,2025-01-07,ritschard,fanselow-fef29,2025-01-07T10:10:00+00:00,2025-01-06T18:10:00+00:00,0.0,2025-01-09T23:00:00+00:00,2025-01-07,1.83,1.99,0.5209424083769634,0.08381867188307154,0.5891513420888935,0.27663950852593133,0.0,0.0,0.771417288867776,0.6686575718839686,7.1353756236902655e-12,146,162,False,False,False,3769fc5b6f844e5b600dc430d8372109efe00e95bca1e359255342c79b35b761,0e36909cbfab62f29ffbea84f8a80b919a79184d1e8fff2e970f50897373744a,1.91,1.93,True,2025-01-07T06:31:00+00:00,2025-01-07T06:31:00+00:00,0.5351579853174583,0.5342210122709522,0.5308409607229205
te:2797439,2025-01-10,2025,2025-01-10,noguchi-08bde,cassone,2025-01-10T04:05:00+00:00,2025-01-09T10:49:00+00:00,1.0,2025-01-12T23:00:00+00:00,2025-01-10,1.83,2.03,0.5259067357512953,0.10371982620036632,0.6033301618651997,0.31564046009724356,0.6333333333333333,0.06666666666666667,0.6392421765578702,0.7177135613713194,1.001302318837105e-08,151,114,False,False,False,5d2b79f09e9528fa658ca7220aa244274cdfcc331f8e335ba4613c6268516eed,d4fff1a5c8c8fd712d357dc4b121af0abb3da7be5177780850ecc88bca5d12f8,1.89,1.98,True,2025-01-10T00:32:00+00:00,2025-01-10T00:32:00+00:00,0.5397426585402432,0.5392419757549767,0.5375451331953283
te:2797501,2025-01-10,2025,2025-01-10,searle-78f04,brunold-a21c2,2025-01-10T11:10:00+00:00,2025-01-09T16:22:00+00:00,1.0,2025-01-12T23:00:00+00:00,2025-01-10,1.67,2.28,0.5772151898734177,0.3113518165376855,0.5883560415933492,0.045821663918544475,0.4166666666666667,0.4166666666666667,0.6875818429781921,0.7955387031817684,1.1037778469003001e-09,120,159,False,False,False,15e0b09e38dc15ea1a9ae9a790f2a841838c9c41da497add280ad0a0215075d2,0d99ca95d3aa7cb7661f2b6e76a46703b2a4c7e446dddc4dc80535c4c9d870f9,1.65,2.34,True,2025-01-10T07:35:00+00:00,2025-01-10T07:35:00+00:00,0.5870341513574938,0.5841061165776287,0.5832890571323428
te:2797523,2025-01-10,2025,2025-01-10,medjedovic,rincon-d1dab,2025-01-10T13:05:00+00:00,2025-01-09T18:23:00+00:00,1.0,2025-01-12T23:00:00+00:00,2025-01-10,1.88,1.98,0.5129533678756476,0.051825067864585767,0.5842254659917615,0.2883187845838796,0.0,0.0,0.7235186898613586,0.6247866527374262,1.8489099140595044e-12,133,133,False,False,False,16542b729e9998cc10ab516ce7a66147b3e82b8348b8b776870ea65cbe26aa19,4cb07ec3c944b2337477e65a17b346d2bd9f83710535d869cb8e79fa0f14434c,2.1,1.79,True,2025-01-10T11:28:00+00:00,2025-01-10T11:28:00+00:00,0.5277754050592549,0.5269109122575304,0.5235230745661378
te:2797537,2025-01-10,2025,2025-01-10,draxl,molleker,2025-01-10T16:10:00+00:00,2025-01-09T18:24:00+00:00,0.0,2025-01-12T23:00:00+00:00,2025-01-10,1.8,2.07,0.5348837209302325,0.1397619423751585,0.5231003148038535,-0.04729485539385199,0.85,0.15,0.7304523625921392,0.5813743219448224,7.597822597460446e-08,172,142,False,False,False,8b7371a78376de5b072a559b8187f1684e7cf2d2c7ae7367b4f05f188e155ac2,868d827d2bbab61655f49f49fa48092b985fda73207d7ecac408f3084bc7a3f2,1.79,2.11,True,2025-01-10T16:07:00+00:00,2025-01-10T16:07:00+00:00,0.5480281422579796,0.543817426258146,0.5429128940483
te:2798797,2025-01-14,2025,2025-01-14,shimizu-38ca9,sultanov,2025-01-14T03:10:00+00:00,2025-01-13T12:04:00+00:00,1.0,2025-01-16T23:00:00+00:00,2025-01-14,1.79,2.04,0.5326370757180157,0.13073418800346137,0.605330311831522,0.29699090843063225,1.5333333333333334,0.43333333333333335,0.6372468276027718,0.7122294978306656,1.4795516256604913e-08,149,221,False,False,False,ad8259de62b0ad3e7bc3c76c6d38bf40ca2f34343c3897f9cee78b4dd617d421,dbd1c40678551903d771572e39cdb85700a59777371610c4d4f96a31ed1304c2,1.78,2.08,True,2025-01-14T02:52:00+00:00,2025-01-14T02:52:00+00:00,0.5459551268581758,0.5453020210067299,0.5470238190494404
te:2798799,2025-01-14,2025,2025-01-14,spizzirri,neumayer,2025-01-14T03:10:00+00:00,2025-01-13T12:04:00+00:00,1.0,2025-01-16T23:00:00+00:00,2025-01-14,1.75,2.1,0.5454545454545455,0.1823215567939549,0.6223315998826259,0.3171349504249271,1.6333333333333333,0.06666666666666667,0.6131953830236437,0.6332917154335829,5.3064583421802425e-08,125,184,False,False,False,fded8a4ad2e0bda779646bc4244d88e0a02282ddf06ceefd73a5498c7856aabc,40cc3e54419744c4b86bdd52070a224ffdaf7e4bc427fe065a3dde263cd28013,1.76,2.11,True,2025-01-13T23:32:00+00:00,2025-01-13T23:32:00+00:00,0.5577773746621715,0.5574114236840063,0.5579566180191591
te:2799355,2025-01-14,2025,2025-01-14,medjedovic,shelbayh,2025-01-14T18:15:00+00:00,2025-01-14T00:05:00+00:00,0.0,2025-01-16T23:00:00+00:00,2025-01-14,2.18,1.7,0.43814432989690716,-0.2486966257388275,0.5085892658904739,0.28305706951144616,1.9833333333333334,1.3166666666666667,0.8182897697093282,0.6555488236427442,3.493064171244953e-11,139,163,False,False,False,b031198c67fc7770154607233008f9cf24f4fb58b01cf655ffe7f9f5f57d8333,aa5f736caf5c30c13fc4f7f510c80c0bff84a576b82c3390e8eb233feb8377d8,2.21,1.69,True,2025-01-14T14:48:00+00:00,2025-01-14T14:48:00+00:00,0.4582783258968299,0.4569174993637914,0.4630046918305835
te:2799681,2025-01-14,2025,2025-01-14,varillas,prado-angelo,2025-01-14T20:50:00+00:00,2025-01-14T00:00:00+00:00,1.0,2025-01-16T23:00:00+00:00,2025-01-14,1.98,1.85,0.4830287206266319,-0.06791120561621031,0.6057453609080939,0.4973739142043667,0.0,0.0,0.6021806971929621,0.6661881488221805,9.176924498088823e-10,145,160,False,False,False,12a806c9d57363e09c9f798aea7e93cc6514969f432d4007aa4dd26abc93679a,1cb62411a5e66791e2b562608e7dacfb272194da16a81136ffb587dec6a97122,2.02,1.83,True,2025-01-14T14:35:00+00:00,2025-01-14T14:35:00+00:00,0.5000642952413775,0.501205338579524,0.4978089304174414
te:2800363,2025-01-14,2025,2025-01-14,svajda,sun-2f389,2025-01-14T06:45:00+00:00,2025-01-13T12:05:00+00:00,0.0,2025-01-16T23:00:00+00:00,2025-01-14,1.93,1.89,0.4947643979057591,-0.02094317384524342,0.6147803615341533,0.4883945810046088,1.3,0.2,0.5000004795582332,0.500119873712124,0.012168494185628098,173,178,False,False,False,635de22d159091c8d8ea67d236d9eddb7bb5500661c53554b1eba19cd418e77a,e66c8e2b9be96c82eb2a1ee4997b7392c0e7d6c4e250914004f59cd9e09a20c9,1.91,1.93,True,2025-01-14T03:34:00+00:00,2025-01-14T03:34:00+00:00,0.5109438001179654,0.5120604289298768,0.5123676519900985
te:2801917,2025-01-17,2025,2025-01-17,kopriva,svrcina,2025-01-17T04:50:00+00:00,2025-01-16T11:43:00+00:00,0.0,2025-01-19T23:00:00+00:00,2025-01-17,1.88,1.97,0.5116883116883117,0.04676176590803954,0.6131195994041206,0.41368265318303893,1.0166666666666666,0.45,0.5000000000026729,0.5191629201693528,0.027998188669007246,181,183,False,False,False,6e345a844a389e35c20efcbc27ebc2241d76fe871198c5585018b605f3d8b446,ea1fe46e569da6c932a7136e15ecc854bf5af6b3c04ba778d28ca865a77a517d,1.89,1.98,True,2025-01-17T02:02:00+00:00,2025-01-17T02:02:00+00:00,0.526605841245703,0.5270413266314219,0.527674919802993
te:2801931,2025-01-17,2025,2025-01-17,cassone,arnaboldi-d7371,2025-01-17T03:40:00+00:00,2025-01-16T11:44:00+00:00,0.0,2025-01-19T23:00:00+00:00,2025-01-17,2.02,1.84,0.4766839378238342,-0.09333193979221903,0.5852974201462898,0.43789048008865383,1.65,0.9166666666666666,0.750177313020224,0.6480151203408075,2.849505825741616e-09,121,160,False,False,False,5fcee2078062df0d7de619ab84572cd3ee8c867d732fbe478ddc90c67dc58d03,1a648b542a8a3f72eed10f682c386de36a069b9f72e7f4fb51561455eda888c4,2.16,1.75,True,2025-01-17T00:00:00+00:00,2025-01-16T21:52:00+00:00,0.49417524576834226,0.49465605385886746,0.49850824406301886
te:2802187,2025-01-17,2025,2025-01-17,bueno-01b7e,dellien-e101c,2025-01-17T15:50:00+00:00,2025-01-16T19:52:00+00:00,0.0,2025-01-19T23:00:00+00:00,2025-01-17,1.87,1.98,0.5142857142857141,0.057158413839947964,0.611057526375222,0.3946012421165786,0.25,0.25,0.500000000001704,0.5287057372253481,0.026493461292220022,146,182,False,False,False,26804561bfcc3da718b818c4bc92b13300810ee5c7c40accbda3b1457c39f9af,181298ac004fbc0f993e6cf6e485239c394097dd18558352b0544d9907d43a4a,1.88,1.99,True,2025-01-17T09:32:00+00:00,2025-01-17T09:32:00+00:00,0.5290070160256611,0.5292588149335821,0.5274014106566439
te:2802271,2025-01-17,2025,2025-01-17,tabur,grenier-baaf0,2025-01-17T03:40:00+00:00,2025-01-16T11:44:00+00:00,1.0,2025-01-19T23:00:00+00:00,2025-01-17,1.73,2.17,0.5564102564102563,0.22660575904268024,0.631080046485414,0.3102472596432069,0.8833333333333333,0.8833333333333333,0.6568287971209339,0.6745446317701045,1.6540568653633514e-07,162,178,False,False,False,26a68e4f2afc915c9889b181ae5fb9269ddd0ece3abc134c8a69269e3f7632ac,c9a914d653af1cd31fcf79e78e60d214d0772cfa81434fcf0192559853a5e2c6,1.74,2.18,True,2025-01-17T00:04:00+00:00,2025-01-16T22:26:00+00:00,0.567874503431096,0.5675045866449573,0.5694833058631679
te:2802483,2025-01-17,2025,2025-01-17,vallejo-d7859,villanueva-55ff0,2025-01-17T13:10:00+00:00,2025-01-16T19:18:00+00:00,1.0,2025-01-19T23:00:00+00:00,2025-01-17,1.99,1.86,0.4831168831168831,-0.06755815101129117,0.6082260547135833,0.5074197611279895,0.9333333333333333,0.9333333333333333,0.5381160795648424,0.5000000000000001,0.009422458376713821,155,161,False,False,False,b7948fa1e9554ebd231c068d814a56481023f4b0756c0efa64286a0a2656ead8,5b156dc00ea5514c4818f8c8d7e37f48df784a7065adad9046500925c6e07d1f,1.98,1.89,True,2025-01-17T11:33:00+00:00,2025-01-17T11:33:00+00:00,0.5001460886687283,0.5013927436731882,0.5037000858050699
te:2802537,2025-01-17,2025,2025-01-17,varillas,nava-337db,2025-01-17T15:10:00+00:00,2025-01-16T21:38:00+00:00,1.0,2025-01-19T23:00:00+00:00,2025-01-17,1.73,2.17,0.5564102564102563,0.22660575904268024,0.6407525707459112,0.35202624921766523,0.0,0.0,0.6923243336747105,0.7057202630454305,4.985420409830965e-11,142,153,False,False,False,8663b6aac9d5f0e545eee98baec491769c767a26c5edfb48fd3451585a8d764f,13a494cac4f8ae5c41b3379ec89affb666bb7b7dc2cb5d1b073abe095c48ff45,1.71,2.22,True,2025-01-17T11:33:00+00:00,2025-01-17T06:18:00+00:00,0.567874503431096,0.5679336047229412,0.5646137186000117
te:2804033,2025-01-21,2025,2025-01-21,bueno-01b7e,ramos-vinolas,2025-01-21T18:00:00+00:00,2025-01-19T10:24:00+00:00,1.0,2025-01-23T23:00:00+00:00,2025-01-21,1.85,1.97,0.5157068062827225,0.06284790365966353,0.622365109531198,0.4367511790734423,0.6333333333333333,0.6333333333333333,0.6441641195192709,0.6890028103632944,1.5519765472760128e-09,147,142,False,False,False,19ce32b65b4a1df52f44749ab04cc9be7d58a8e0e1c069d799072aa60a6d3257,b4cd7348f02c20a3ffcac1bb0670f344ac3cd83d68d3168eea2a8d623d60bf1d,1.82,2.03,True,2025-01-21T17:39:00+00:00,2025-01-21T17:39:00+00:00,0.5303204804419641,0.5310199026922747,0.531499513200573
te:2804585,2025-01-21,2025,2025-01-21,gueymard-wayenburg,vincent-ruggeri,2025-01-21T09:10:00+00:00,2025-01-20T17:10:00+00:00,0.0,2025-01-23T23:00:00+00:00,2025-01-21,1.73,2.05,0.5423280423280423,0.16971838464062922,0.5976642805024646,0.22602394459590386,0.36666666666666664,0.36666666666666664,0.5749005589760402,0.6463289277528103,1.7314871758600248e-11,175,158,False,False,False,3505eaed210526818614aea3d07d74db58e5619f517a07aa004871ebe810e360,04a65e1f30d7ef49457dae5dc76a6b0ec98e329dad26d270a017de0b54986fa1,1.65,2.2,True,2025-01-21T08:08:00+00:00,2025-01-21T08:08:00+00:00,0.5548946279937204,0.5535676626217118,0.5524313536123131
te:2805147,2025-01-21,2025,2025-01-21,sachko,denolly,2025-01-21T13:10:00+00:00,2025-01-20T20:39:00+00:00,0.0,2025-01-23T23:00:00+00:00,2025-01-21,1.88,1.87,0.4986666666666667,-0.005333345975362438,0.602883873351289,0.4228291942848618,0.23333333333333334,0.23333333333333334,0.5650899605720276,0.5126860151384234,4.810405315747168e-08,142,193,False,False,False,9b6a2820139796fe628c9f878af934ff0ab3087444ef48b6b42e27eeaa15c18a,bc6a503d22eb32296f0403f49faa0afffb89b759b6da89d070728c6697e8fd82,1.99,1.79,True,2025-01-21T06:36:00+00:00,2025-01-21T06:36:00+00:00,0.514557817490255,0.5150120838778487,0.5130446398148675
te:2805389,2025-01-21,2025,2025-01-21,jacquet-d2059,karol-5fc49,2025-01-21T13:45:00+00:00,2025-01-21T01:26:00+00:00,1.0,2025-01-23T23:00:00+00:00,2025-01-21,1.57,2.29,0.5932642487046632,0.3774761982059316,0.6277309856354364,0.14501875984925683,0.0,0.0,0.6578898003220254,0.6411670294200904,6.444753064549502e-11,80,178,False,False,False,03677a7fd7d3b3d6e9c70e90aeb163dd44ddbe07e121a0093d23686325082265,f16281eabe42d4542bc4c1c9776b2b1191b1b99dc91749d1ee1bce27eef1aab5,1.58,2.33,True,2025-01-21T12:31:00+00:00,2025-01-21T12:31:00+00:00,0.6018058520404465,0.6000023920179991,0.5967564279297025
te:2805635,2025-01-21,2025,2025-01-21,olivieri-ff875,rodriguez-taverna,2025-01-21T16:10:00+00:00,2025-01-21T09:04:00+00:00,0.0,2025-01-23T23:00:00+00:00,2025-01-21,1.73,2.13,0.5518134715025906,0.208000571211646,0.6151053521063136,0.2608233311554393,1.45,0.2833333333333333,0.6302567938227183,0.5915562514157965,3.864341846515629e-09,154,156,False,False,False,3ccafb206e7189fcd48135a25865265232c32b6a28e1321a1b7e9c1d73f8a74d,72bca0292b781bc8512db0cfad8bdfdefa009aabb64da8e3261dd0a42b3cd6c9,1.76,2.1,True,2025-01-21T10:44:00+00:00,2025-01-21T15:36:00+00:00,0.5636387505333704,0.5627318694263378,0.5636910774834251
te:2806121,2025-01-24,2025,2025-01-24,barrios-vera,houkes,2025-01-23T23:30:00+00:00,2025-01-23T09:09:00+00:00,1.0,2025-01-26T23:00:00+00:00,2025-01-24,1.97,1.85,0.48429319371727747,-0.06284790365966375,0.6167660900590601,0.5386922135143192,1.2166666666666666,1.2166666666666666,0.6796039872281114,0.6286766047504911,4.932897770815181e-08,155,144,False,False,False,7bde73573b2f5271593e31d8a22b22ec28d0f1dab4a8ba052bcd1c69284a1bd0,4e783fbac4ebebb6babd5c65e0b6801f933879a30b2cd0aaa65eebdbc05e5e28,2.0,1.84,True,2025-01-23T22:17:00+00:00,2025-01-23T22:17:00+00:00,0.5012373261057668,0.5028181176792147,0.5068583431261086
te:2806631,2025-01-24,2025,2025-01-24,galan-e4b30,bueno-01b7e,2025-01-24T19:40:00+00:00,2025-01-23T18:06:00+00:00,1.0,2025-01-26T23:00:00+00:00,2025-01-24,1.83,2.03,0.5259067357512953,0.10371982620036632,0.629356185438274,0.42573600990550164,0.6666666666666666,0.6666666666666666,0.7424754583619457,0.6871243467708484,1.0487365059708154e-08,156,148,False,False,False,2de1bdabf15b87fdec727bf25dd76beedf35e783fb39a7ebe71b61b9192f221b,bba364444a1e0e5909b5c3f46a6c57fe03b2d20d5b70b55a3bbd0bdaf6d8be5a,1.78,2.12,True,2025-01-24T15:51:00+00:00,2025-01-24T15:51:00+00:00,0.5397426585402432,0.5403863425000096,0.5410697709731608
te:2806727,2025-01-24,2025,2025-01-24,blockx,basilashvili,2025-01-24T13:10:00+00:00,2025-01-23T17:30:00+00:00,0.0,2025-01-26T23:00:00+00:00,2025-01-24,1.85,2.03,0.5231958762886597,0.09285015396346219,0.6132249038686526,0.368038228021071,0.0,0.0,0.5185449637376546,0.5000000000000001,0.004321506681913195,124,201,False,False,False,7fc87d6b0a09599394b8b986ea3e912eb5f74031280a166db172747e52838fc3,2e15fdf72c92901657386b0b4d3baef2160c1f3d58ebbb317b859c055e4a9229,1.75,2.16,True,2025-01-24T09:31:00+00:00,2025-01-24T12:37:00+00:00,0.5372393713680311,0.537267279592401,0.533895049462109
te:2806861,2025-01-24,2025,2025-01-24,draxl,mejia-a7d27,2025-01-24T10:45:00+00:00,2025-01-23T17:17:00+00:00,1.0,2025-01-26T23:00:00+00:00,2025-01-24,2.13,1.76,0.4524421593830334,-0.19080817067127342,0.5061148283846169,0.21526870373421944,0.0,0.0,0.6924783015854123,0.5321882280691487,4.015898724674116e-12,176,174,False,False,False,cf313630c913d9d99b6432d77234cb9f6e73b92d618c172483fb1c7073d3a78e,05e2586adc583f26dc65f62c0f220f76bb3f23337770168d75ef2c5a4ce9bc33,2.18,1.74,True,2025-01-24T10:23:00+00:00,2025-01-24T10:23:00+00:00,0.4716228401053558,0.46963633057274357,0.4662307351997893
te:2806885,2025-01-24,2025,2025-01-24,martineau-40903,sachko,2025-01-24T13:10:00+00:00,2025-01-23T20:05:00+00:00,1.0,2025-01-26T23:00:00+00:00,2025-01-24,1.62,2.38,0.595,0.3846743384390905,0.6384881337775461,0.18413388631226146,0.4,0.4,0.6924796761328904,0.726593283142591,1.3869330683924375e-09,163,145,False,False,False,d9f300a7110eb6644614784b410f9faac678945d35a64d8021e86d91340f5012,b8cc7ecea4319fdee27e74f02e67080f362e9b2d6b7753a8b4d5dcd20ceb1672,1.64,2.37,True,2025-01-24T10:15:00+00:00,2025-01-24T09:31:00+00:00,0.6034032447021497,0.6020047352183215,0.6011131073058323
te:2806955,2025-01-24,2025,2025-01-24,berankis,moller-6ea06,2025-01-24T19:30:00+00:00,2025-01-24T09:27:00+00:00,1.0,2025-01-26T23:00:00+00:00,2025-01-24,1.8,2.07,0.5348837209302325,0.1397619423751585,0.5849334904143447,0.20329743534230205,0.7666666666666667,0.7666666666666667,0.6233199740538077,0.7209883669445263,2.891520356484989e-12,141,199,False,False,False,6a12c5fb817064425e244fea118651ee4936f52e43ccf9e44d763bc3b19bd4a2,ef7fca5842a75893f8bf0ef3143218cfeb96ed4791f7b469c820f6ed6a97e41b,1.79,2.1,True,2025-01-24T15:02:00+00:00,2025-01-24T16:01:00+00:00,0.5480281422579796,0.5464174312878897,0.5476975469892563
te:2806959,2025-01-24,2025,2025-01-24,taberner,trungelliti,2025-01-24T18:10:00+00:00,2025-01-24T09:25:00+00:00,1.0,2025-01-26T23:00:00+00:00,2025-01-24,1.85,2.0,0.5194805194805195,0.0779615414697121,0.6135016680252343,0.3840938892455197,0.6833333333333333,0.08333333333333333,0.5168132413793601,0.5000000000208159,0.015898436961420542,198,182,False,False,False,cf9a8a5c327648b26d02b803476c7854cbc2c44ad8286d72cf70198c8b73393d,a3f1d1b2136f25fdca7712b3f8cfc720713722bb0868c3acc22e4d6c3b32c1a2,1.83,2.05,True,2025-01-24T15:33:00+00:00,2025-01-24T15:55:00+00:00,0.5338074976135571,0.5339804927463088,0.5324583950318215
te:2807323,2025-01-28,2025,2025-01-28,gengel,nakagawa-7463c,2025-01-28T01:40:00+00:00,2025-01-27T09:46:00+00:00,0.0,2025-01-30T23:00:00+00:00,2025-01-28,1.72,2.14,0.5544041450777203,0.21848153820839877,0.5342995245912764,-0.08106761985910449,0.0,0.0,0.8199719310645471,0.6727424154538798,3.349726884760429e-10,256,97,False,False,False,bbcd257f2dac13f55525aad3846fdfe8333fb1d54a9114db389d5b8c1dd0d6ab,bdfaa0bcb50abd5a792b5d47a5454c99ed6eca2da3ec0712d5ce289308ee1e2b,1.75,2.12,True,2025-01-27T20:46:00+00:00,2025-01-27T20:46:00+00:00,0.5660260843194533,0.5616167926790594,0.5582654114955486
te:2807699,2025-01-28,2025,2025-01-28,rehberg-2d8d7,prihodko,2025-01-28T09:40:00+00:00,2025-01-26T23:33:00+00:00,0.0,2025-01-30T23:00:00+00:00,2025-01-28,1.83,2.0,0.5221932114882506,0.08883121370661551,0.6319066762093078,0.45157400203513054,1.0166666666666666,1.0166666666666666,0.6600208104564369,0.6656145836112556,7.944389340819313e-09,178,218,False,False,False,2cabf55c4205a8bc7ee3996515e3791935db53ed2217bf7a84c5b870fc092e8b,ecbc45de7e839124a44a975980305db7b97e0448a839f2373c4db6bc828a6b2f,1.88,1.96,True,2025-01-28T09:28:00+00:00,2025-01-28T09:28:00+00:00,0.5363133264393031,0.5372043867611201,0.540014267176523
te:2808199,2025-01-28,2025,2025-01-28,cassone,gomez-e101b,2025-01-27T23:10:00+00:00,2025-01-27T10:58:00+00:00,1.0,2025-01-30T23:00:00+00:00,2025-01-28,1.65,2.27,0.5790816326530612,0.3190045435808221,0.6252049810549587,0.1926957616984265,0.0,0.0,0.6788296180394002,0.6435983053300319,6.810817743119202e-10,130,200,False,False,False,82ee20a0d95d6fa5e8e1b112f9aed82247c02738fe5df4492af2a7678d20dcc1,836e71bafd0c19e928e00eafb839394020317ebef105f92fcca614617e9cf67e,1.68,2.23,True,2025-01-27T19:31:00+00:00,2025-01-27T22:40:00+00:00,0.5887522989714746,0.5873292603650153,0.5840492978091576
te:2808217,2025-01-28,2025,2025-01-28,kozlov,braswell-7a1b7,2025-01-28T21:20:00+00:00,2025-01-28T09:45:00+00:00,1.0,2025-01-30T23:00:00+00:00,2025-01-28,1.9,1.92,0.5026178010471204,0.010471299867295303,0.6229167037803539,0.49147540026110775,2.2666666666666666,0.6333333333333333,0.6305225397064369,0.6143667813587803,2.7523800461004555e-08,135,123,False,False,False,44e69840722b153031f9b717323f693ad8a6c199546bf8041f7eeb1539c4ae1f,6a7239392f990e3c8170f40f889e7c89f32933bc48b0d1149ff7b7d9ddfb2a89,1.87,1.96,True,2025-01-28T19:12:00+00:00,2025-01-28T16:53:00+00:00,0.5182153875085893,0.5194100303258723,0.5235620019731451
te:2808941,2025-01-28,2025,2025-01-28,hazawa-9e391,isomura-6342d,2025-01-28T00:10:00+00:00,2025-01-27T10:46:00+00:00,,,,1.89,1.93,0.5052356020942408,0.020943173845242972,0.578735014829519,0.2966394847779193,0.0,0.0,0.6052305404857178,0.7066442944038127,5.483314358123437e-10,72,157,False,False,False,b001a393a59c8a328527f95a9fa692b040399554c0646250478e847858c13f16,dec5c39dca219f991f85659f1b3e42027156d2fd2fc2cf3fdc91249c3b4ff443,1.92,1.92,True,2025-01-27T22:03:00+00:00,2025-01-27T22:03:00+00:00,0.5206377771742725,0.5198129886057522,0.5164188494487777
te:2809355,2025-01-28,2025,2025-01-28,squire,kuzmanov,2025-01-28T17:05:00+00:00,2025-01-28T08:47:00+00:00,1.0,2025-01-30T23:00:00+00:00,2025-01-28,1.69,2.19,0.5644329896907216,0.25917301489342737,0.6446185789633586,0.3362941383924878,0.0,0.0,0.7047481339391958,0.7244058857028198,5.313194328948612e-12,169,104,False,False,False,069e339e9875abba714af979eba12b752e9bdae6026132cd4ea9bcf292c6b0a4,e78c8b7298f99d5ff03c23d8ed4f214d4c8424ddffda9ef746e3703fb2fa220e,1.7,2.2,True,2025-01-28T15:16:00+00:00,2025-01-28T15:16:00+00:00,0.5752647401920522,0.5752102561767063,0.5719060102231458
te:2809363,2025-01-28,2025,2025-01-28,brunold-a21c2,engel-6e09f,2025-01-28T14:20:00+00:00,2025-01-27T20:09:00+00:00,0.0,2025-01-30T23:00:00+00:00,2025-01-28,1.79,2.05,0.5338541666666666,0.13562417329765303,0.6131571757814622,0.3249786624209849,2.6,0.4666666666666667,0.635883752729663,0.5914563510421796,6.308700006840695e-09,173,158,False,False,False,1bec9727c76788ad730f25f3252a45e844ce99fc61c172b27eb62e446b53e8ff,6ee0cb94f98a73e2db72320f6108519105e4e6b6f44dd7a072bf8d7d96d4d4c2,1.83,2.01,True,2025-01-28T12:14:00+00:00,2025-01-28T12:14:00+00:00,0.5470782015525353,0.5467228339944947,0.550952161446654
te:2809999,2025-01-28,2025,2025-01-28,aguilar-9f10a,ross-59147,2025-01-28T15:10:00+00:00,2025-01-28T09:35:00+00:00,0.0,2025-01-30T23:00:00+00:00,2025-01-28,2.1,1.75,0.4545454545454546,-0.18232155679395445,0.41789349496255956,-0.14910526922318235,0.0,0.0,0.7208204060162456,0.5000000000000001,0.018211278967622466,95,79,False,False,False,e95f71fd9991047efdf8d6fd7116359b0036116ecee2580bbb13f523de8608fb,8e20fc7ade273a9c98a219a56a7c6f68aef9125f0202d88d254f75ac477ebdd5,2.17,1.7,True,2025-01-28T11:10:00+00:00,2025-01-28T11:10:00+00:00,0.47358305886249186,0.46781071163201476,0.46439043110393624
te:2810001,2025-01-28,2025,2025-01-28,trotter,pieczonka-07acc,2025-01-28T15:10:00+00:00,2025-01-28T09:58:00+00:00,1.0,2025-01-30T23:00:00+00:00,2025-01-28,2.17,1.71,0.44072164948453607,-0.23823379703779973,0.528165594029746,0.35101556741049894,0.0,0.0,0.8108989119320446,0.6605470559958645,9.235889830705446e-12,151,116,False,False,False,82d9c907c2ab345f782ca6a4a4bdb2a64546cf3ea7e92a0de95150a1da94038a,ae1e3a8a7d5f70b8cad8c0024feb2ce7ba93a38980cf6588f363811487b65682,1.91,1.93,True,2025-01-28T14:58:00+00:00,2025-01-28T14:17:00+00:00,0.46068636479649316,0.4600462334390786,0.4566527961699427
te:2810005,2025-01-28,2025,2025-01-28,ghibaudo,mccormick-1f674,2025-01-28T19:35:00+00:00,2025-01-28T09:40:00+00:00,0.0,2025-01-30T23:00:00+00:00,2025-01-28,1.76,2.08,0.5416666666666667,0.16705408466316649,0.5822455622121783,0.16494441179135053,0.0,0.0,0.6477177898349141,0.5571869035614548,3.4952584715419732e-09,131,137,False,False,False,56192e6170edfece014eebdfab962cf69eda41eb4fae7213c26351a0d154db90,d66a55082443e87b60ff2afbf42b5a892e7f04b13bd0ab4bd117ede18397b61a,1.66,2.26,True,2025-01-28T19:05:00+00:00,2025-01-28T19:05:00+00:00,0.5542847377863407,0.5523216373183881,0.5489635570181212
te:2810331,2025-01-31,2025,2025-01-31,walton,tomic-4ca3d,2025-01-31T01:05:00+00:00,2025-01-30T09:48:00+00:00,1.0,2025-02-02T23:00:00+00:00,2025-01-31,1.69,2.23,0.5688775510204082,0.27727305653704526,0.6534757801577638,0.3570796993860943,0.7333333333333333,0.13333333333333333,0.7651008771879965,0.7318699133474116,2.608857574415424e-12,214,167,False,False,False,5ae6a755e4d52a6e2cfd40918247a16895136d278df4500e937f3f3bcf7cc018,aa275ca6228b4221824ac605f6e01b43b277ddd793019dfadcd30bf208effb5c,1.7,2.24,True,2025-01-30T21:47:00+00:00,2025-01-30T21:47:00+00:00,0.5793577623249747,0.5795416978622681,0.578363474952733
te:2810361,2025-01-31,2025,2025-01-31,jasika,mccabe-b71c6,2025-01-31T03:10:00+00:00,2025-01-30T09:06:00+00:00,1.0,2025-02-02T23:00:00+00:00,2025-01-31,1.79,2.09,0.538659793814433,0.1549484461240559,0.6338364152302943,0.3937622684084008,0.3333333333333333,0.3333333333333333,0.668616031220157,0.6725590717540424,4.1728473454405446e-10,181,209,False,False,False,ec520cd158f5b4f2859f9eb5deb2ccc60011c7529538b1fffb035fd3c1564151,a5715b0492208eca70a99efcd33143214751d59fc1c930de61cb0215737c0f72,1.74,2.17,True,2025-01-30T16:16:00+00:00,2025-01-30T23:31:00+00:00,0.55151157946059,0.5518972523567068,0.5505651464607185
te:2810789,2025-01-31,2025,2025-01-31,zink-30580,cassone,2025-01-31T18:40:00+00:00,2025-01-30T19:24:00+00:00,1.0,2025-02-02T23:00:00+00:00,2025-01-31,1.85,2.01,0.5207253886010362,0.08294908298075078,0.5784064961595445,0.23328623029821416,0.31666666666666665,0.31666666666666665,0.6450839532741682,0.7535939868288772,5.849906808963468e-09,114,128,False,False,False,56107e763d4a8808015bb66cc12fdefaf947d551bb6b5b6d292d763153ba6e5f,5f92b0b39b1ae806579fbe0eca4871b7fbbe3c758d93b05bf014765aeff38c4e,2.12,1.78,True,2025-01-31T13:27:00+00:00,2025-01-31T06:36:00+00:00,0.5349575149472877,0.5335677664398558,0.5321125910858456
te:2810859,2025-01-31,2025,2025-01-31,gengel,ellis-b4efc,2025-01-31T01:10:00+00:00,2025-01-30T12:23:00+00:00,1.0,2025-02-02T23:00:00+00:00,2025-01-31,1.62,2.38,0.595,0.3846743384390905,0.5996964999077627,0.019526345679936274,0.0,0.0,0.7577777887809785,0.6667895319479634,1.386735171138298e-11,256,179,False,False,False,6ee94eb13c35938855ebaf81c6b0ac094792d1e0ad938e769e846622050e3e9d,746715fea11948d349c4a43296396f7deb2432f0fdc029c682bd0d91c3c495f3,1.65,2.35,True,2025-01-31T00:33:00+00:00,2025-01-31T00:33:00+00:00,0.6034032447021497,0.6003533469875589,0.5971032133679072
te:2811161,2025-01-31,2025,2025-01-31,nardi-e2cda,brunold-a21c2,2025-01-31T16:00:00+00:00,2025-01-30T22:33:00+00:00,1.0,2025-02-02T23:00:00+00:00,2025-01-31,1.77,2.12,0.544987146529563,0.18043654209818355,0.6317455910580969,0.3592761972533777,1.55,0.15,0.658830974807153,0.6725317824253,7.476274638262836e-08,148,177,False,False,False,cb4b6679c9a5a180858261023ed27186ba9cdf9862909691fed2d2257535cb2f,7e333d666f9ce26c5006bcd10b53ffbbafcca84409d62664828087791a4f1645,1.79,2.15,True,2025-01-31T11:32:00+00:00,2025-01-31T15:56:00+00:00,0.5573464544605087,0.5574127091004835,0.5580916303991633
te:2811823,2025-02-04,2025,2025-02-04,hsu-b2ce0,bouzige,2025-02-04T00:05:00+00:00,2025-02-03T12:22:00+00:00,1.0,2025-02-06T23:00:00+00:00,2025-02-04,1.79,2.05,0.5338541666666666,0.13562417329765303,0.6176338036951619,0.34389277939201385,0.3333333333333333,0.3333333333333333,0.5791576128515579,0.5999765153270709,1.3054272274271028e-08,153,179,False,False,False,0d27ba2c7ccff10be4db6b05ab29e56eb8f8a671752db6db133d9a546a3b93df,910ca6aa388896accfa6bd25b2574b2e705a2e9b8c67556780fce695877fcb09,1.78,2.09,True,2025-02-03T20:08:00+00:00,2025-02-03T21:20:00+00:00,0.5470782015525353,0.546918952773071,0.5455803509271276
te:2812219,2025-02-04,2025,2025-02-04,ymer,ajdukovic,2025-02-04T08:15:00+00:00,2025-02-03T17:15:00+00:00,1.0,2025-02-06T23:00:00+00:00,2025-02-04,1.83,2.0,0.5221932114882506,0.08883121370661551,0.6418694331854767,0.4946560625173825,0.36666666666666664,0.36666666666666664,0.7082407560299816,0.7498965960849544,1.3408690824334712e-11,120,147,False,False,False,25b05cb8a2d22e2f0c055ee3f31f694fb73474e43a81500d4ab86c62f2c97e66,8ac14e3f5d02f333fc77fc48bafb45d6ef7a224752641751b4bcf0849fe45f7a,1.77,2.09,True,2025-02-04T04:04:00+00:00,2025-02-04T04:04:00+00:00,0.5363133264393031,0.5376525272079401,0.5365156198225025
te:2812841,2025-02-04,2025,2025-02-04,hassan-1d510,sakamoto-9c9d5,2025-02-04T10:05:00+00:00,2025-02-03T17:47:00+00:00,1.0,2025-02-06T23:00:00+00:00,2025-02-04,1.66,2.25,0.5754475703324808,0.304112613847877,0.6385932546224745,0.2651510610593202,0.2833333333333333,0.2833333333333333,0.6937757348413051,0.6854889477814311,9.636599851425842e-11,185,97,False,False,False,176bac0d80425bb9b86da3a93fc3c01875ed54cd0a658386d751e43d2682ccb5,75682716adc212bf75bd949a3674753b0122a78d2f468b1bb591e0aceaf285c0,1.65,2.29,True,2025-02-04T07:21:00+00:00,2025-02-04T07:21:00+00:00,0.5854068919306379,0.5846952260600236,0.5830958905796408
te:2813805,2025-02-04,2025,2025-02-04,delaney,marinkov-62e89,2025-02-04T04:30:00+00:00,2025-02-03T10:50:00+00:00,1.0,2025-02-06T23:00:00+00:00,2025-02-04,1.61,2.35,0.5934343434343434,0.3781811491596959,0.6004701791186579,0.029243423111005418,0.8166666666666667,0.8166666666666667,0.7156430910525626,0.6345278447458061,2.6915689427253753e-08,157,76,False,False,False,b1940b102b03f153c6c34cdcbecd517a27e76cc1a40a08c7dadb4d111ff03d51,26dc592c0d415c2464eddfc3099c5a496024f1c09a2af9a10b19e9392e393046,1.64,2.31,True,2025-02-04T00:04:00+00:00,2025-02-04T00:04:00+00:00,0.6019623893343227,0.5989971300396562,0.6005414243232405
te:2813897,2025-02-04,2025,2025-02-04,geerts,zhukov-827ca,2025-02-04T06:35:00+00:00,2025-02-03T14:54:00+00:00,0.0,2025-02-06T23:00:00+00:00,2025-02-04,2.01,1.82,0.47519582245430814,-0.09929822098228022,0.6031954214120765,0.5180955330258022,0.45,0.45,0.5507402365169796,0.5000000000000001,0.010662813854584383,195,158,False,False,False,43192ec51d1212fca5b272234b0e854d7118056542a3b954a5401b27b78b97f6,8a593dcb7fc1891f715618b3f7c489d56cdf52c0ead2c795897996ce8690a4ab,1.84,2.0,True,2025-02-04T06:02:00+00:00,2025-02-04T06:02:00+00:00,0.4927932515401435,0.4941039845428992,0.49345589769612525
te:2814149,2025-02-04,2025,2025-02-04,martin-tiffon,cachin,2025-02-04T10:05:00+00:00,2025-02-03T18:14:00+00:00,1.0,2025-02-06T23:00:00+00:00,2025-02-04,1.78,2.07,0.5376623376623377,0.1509352429732842,0.49984611056367806,-0.15155080073800878,0.0,0.0,0.7985368242928038,0.6310851417261041,1.224020884649235e-13,209,97,False,False,False,5a990b3b15ff8cda8cd8286a9490ece0ba03871edee9913e466a65ab2c26c283,6857d2706bccb7120f8520ec0719d4fd496b1d3311005154c70ea867afb8a831,1.85,1.98,True,2025-02-04T04:41:00+00:00,2025-02-04T09:56:00+00:00,0.5505915192314675,0.5453200428084151,0.541936941464138
te:2815255,2025-02-07,2025,2025-02-07,langmo,shimizu-38ca9,2025-02-07T01:05:00+00:00,2025-02-06T09:46:00+00:00,1.0,2025-02-09T23:00:00+00:00,2025-02-07,1.69,2.23,0.5688775510204082,0.27727305653704526,0.6229429157898818,0.2247852371181167,0.6833333333333333,0.15,0.6744072306922755,0.7350490216838694,6.015188347419098e-13,160,158,False,False,False,3e47fcc5928693aec395dd21c7d83a86e1c98d570c4ec7c1fdde15217b888a37,fe475d02f072b1f6f21da75a3e09e24617791456180fa32c50b4d622e679a81c,1.65,2.33,True,2025-02-07T00:55:00+00:00,2025-02-07T00:55:00+00:00,0.5793577623249747,0.5781922454387485,0.5769597299979209
te:2815259,2025-02-07,2025,2025-02-07,kubler-21879,mccabe-b71c6,2025-02-07T01:15:00+00:00,2025-02-06T09:45:00+00:00,0.0,2025-02-09T23:00:00+00:00,2025-02-07,1.66,2.29,0.579746835443038,0.3217342151976963,0.6319863182048446,0.21901341403577512,0.8166666666666667,0.8166666666666667,0.6863053481791366,0.7350164053747326,1.206354316440894e-08,29,212,False,False,False,930b030392818b80ea3380874e289f26eced47803eb04830199d7d0a2d67e7ee,9c93659b58d58aea37e77bfe8a51f959c5143b1baa42ba1ee623f896aab1e440,1.63,2.37,True,2025-02-06T21:53:00+00:00,2025-02-06T21:34:00+00:00,0.5893646286632942,0.5882129305222024,0.5897744868281851
te:2815365,2025-02-07,2025,2025-02-07,ymer,noguchi-08bde,2025-02-07T07:15:00+00:00,2025-02-05T11:59:00+00:00,0.0,2025-02-09T23:00:00+00:00,2025-02-07,1.81,2.06,0.5322997416020672,0.12937913752375527,0.6354937804720816,0.42647955175200003,0.0,0.0,0.674567379569284,0.6806613091172161,5.10002512443819e-10,120,157,False,False,False,ee1f762c5bffa348cbcfd8f647fe8d9757012dcb7b2d84286121dcf323d3db08,3bcfd8dbbec31f21c3868200475529f5bce1cdc8b2ebb752be7337c6b63287aa,1.78,2.12,True,2025-02-05T17:07:00+00:00,2025-02-06T16:29:00+00:00,0.5456438314302182,0.5463318816593506,0.5429751924449443
te:2815823,2025-02-07,2025,2025-02-07,jasika,tu-41622,2025-02-07T07:15:00+00:00,2025-02-06T11:22:00+00:00,1.0,2025-02-09T23:00:00+00:00,2025-02-07,1.76,2.13,0.5475578406169666,0.1908081706712732,0.6145949004989394,0.27586019411965135,0.9166666666666666,0.9166666666666666,0.5064023387709797,0.5000000056710031,0.0039060990635213927,178,167,False,False,False,eee09846fff2926b4c6018593f0f378263a25f7dcb6d7aa2c8e0568e22261b55,fb0ced42bff774e6cbcaeeed0e5188a2879e494f1b3d9017e2ed1f9236d463a4,1.91,1.96,True,2025-02-07T06:26:00+00:00,2025-02-07T06:26:00+00:00,0.5597163545375321,0.558937511369592,0.5611212956664484
te:2815827,2025-02-07,2025,2025-02-07,jacquet-d2059,mochizuki-f2487,2025-02-07T05:40:00+00:00,2025-02-06T11:45:00+00:00,1.0,2025-02-09T23:00:00+00:00,2025-02-07,1.82,2.05,0.5297157622739017,0.11900329206161245,0.6189610769402727,0.3661375679266383,0.25,0.25,0.6415745650127168,0.6079690721803471,1.7172985256053153e-11,87,150,False,False,False,3d918708c60fa6262875231a28c46105396befcacb50509e0e3f4667ab3eca23,ce79d221e4582fd94d6bb1684ebacfd1bceda7e6b30541363914afcc9fbd31ab,1.79,2.11,True,2025-02-07T01:04:00+00:00,2025-02-07T01:04:00+00:00,0.5432590256982466,0.5433058898849328,0.5414595646470889
te:2815867,2025-02-07,2025,2025-02-07,svrcina,ovcharenko-bb3a3,2025-02-07T05:40:00+00:00,2025-02-06T11:19:00+00:00,0.0,2025-02-09T23:00:00+00:00,2025-02-07,2.12,1.77,0.45501285347043696,-0.18043654209818355,0.6081544468885115,0.6199976513046603,0.6166666666666667,0.6166666666666667,0.5383244303219569,0.5000000000000001,0.01731888104140844,178,197,False,False,False,af60ea28462b5577d4a76a2dd4c1d6b3098e65704acefcacd4620d297d68e1f5,9f0002652cccd2b7bedce3004c50e1acfeddd32aeed22167acf79f9a5df7f790,2.19,1.74,True,2025-02-07T01:05:00+00:00,2025-02-07T01:05:00+00:00,0.47401856795303277,0.4762688022606287,0.47663642741410833
te:2815993,2025-02-07,2025,2025-02-07,martin-tiffon,monday,2025-02-07T14:20:00+00:00,2025-02-06T23:47:00+00:00,0.0,2025-02-09T23:00:00+00:00,2025-02-07,1.96,1.89,0.49090909090909085,-0.03636764417087508,0.6147790164274114,0.5038133715954008,0.43333333333333335,0.43333333333333335,0.5005580388229879,0.5000000008618103,0.01675531397158038,210,101,False,False,False,dcfd4f7be8b50d1b64ae88079b02ee81d0429a60a243650783928ddac1b23b8a,7794704507da408d11dfdd478acfeef9a2f601239f5342b17173da1f065bc3a2,2.02,1.85,True,2025-02-07T13:44:00+00:00,2025-02-07T13:44:00+00:00,0.5073715714986419,0.5086267378519824,0.5078813619084351
te:2816045,2025-02-07,2025,2025-02-07,moro-canas,hassan-1d510,2025-02-07T13:10:00+00:00,2025-02-06T23:27:00+00:00,1.0,2025-02-09T23:00:00+00:00,2025-02-07,1.7,2.21,0.5652173913043478,0.2623642644674909,0.6449488782217704,0.3345450064994691,0.75,0.75,0.7053447023738281,0.7214299262684862,1.8059997941577421e-12,150,188,False,False,False,5325c896e9e5d5ad6cee1586cbe74cfe24056c248712d6517f38534e18805fbc,209e4a8da77cd66748f82f9f2a52aee30f8c383d2ccd9ccb90b1c4b5e8f494dd,1.67,2.3,True,2025-02-07T09:02:00+00:00,2025-02-07T09:02:00+00:00,0.5759871546139468,0.5759194732492776,0.577097093498914
te:2816723,2025-02-11,2025,2025-02-11,schoolkate,kirkin,2025-02-11T04:40:00+00:00,2025-02-09T11:46:00+00:00,0.0,2025-02-13T23:00:00+00:00,2025-02-11,2.04,1.79,0.46736292428198434,-0.13073418800346137,0.602071456246531,0.5448378734945214,1.2,0.6,0.8362271134196061,0.7290898220906511,3.6386882396044484e-10,185,180,False,False,False,af69aa72019c4325cba31314fc159f089a1cd894c374c84e6cc8fe907793f3d6,bfd806a01e077eb832332885af030dff528a63eb47c2ee2dad7b2f4686c5eaed,2.14,1.74,True,2025-02-11T00:49:00+00:00,2025-02-11T00:49:00+00:00,0.48551392395567045,0.48705654071244536,0.4886744937373399
te:2816919,2025-02-11,2025,2025-02-11,evans-cf2af,paire-4a33b,2025-02-11T12:35:00+00:00,2025-02-10T17:27:00+00:00,1.0,2025-02-13T23:00:00+00:00,2025-02-11,1.89,1.93,0.5052356020942408,0.020943173845242972,0.636258809928333,0.5382196421111844,0.5166666666666667,0.5166666666666667,0.7683995126628248,0.7107063320992967,1.181166275898704e-12,121,106,False,False,False,149972a59e9f17ff065f32c80e098bc6fa76e8a63d1ba08b2a371b9bef1fda3c,0f35a3fdab797f4768eb621790af37baf933463e667e823de6669af66e321170,1.88,1.96,True,2025-02-11T08:33:00+00:00,2025-02-11T08:33:00+00:00,0.5206377771742725,0.52233557624983,0.5221059586284751
te:2816961,2025-02-11,2025,2025-02-11,rincon-d1dab,rottgering,2025-02-11T10:05:00+00:00,2025-02-09T17:09:00+00:00,0.0,2025-02-13T23:00:00+00:00,2025-02-11,2.17,1.7,0.43927648578811374,-0.24409891649019763,0.54405197978147,0.42076489758219726,0.5833333333333334,0.016666666666666666,0.660926110176813,0.5321068036568009,3.797320791143477e-11,149,72,False,False,False,56174b72ee518a9b9680d8475180adbda9bb4a5c1c6e56b36c7652a19c77cf04,49d9260b22b70f317a28efae40bbeeaed2c691ca16b4a1810cd7945fe60e36d6,2.18,1.71,True,2025-02-11T07:28:00+00:00,2025-02-11T07:28:00+00:00,0.4593362636665674,0.45941244653252766,0.4573907132255462
te:2816973,2025-02-11,2025,2025-02-11,moro-canas,martin-tiffon,2025-02-11T10:10:00+00:00,2025-02-10T17:55:00+00:00,0.0,2025-02-13T23:00:00+00:00,2025-02-11,1.79,2.04,0.5326370757180157,0.13073418800346137,0.5759818555184129,0.17556572345519217,2.35,0.21666666666666667,0.6035328391240878,0.7076617493453764,8.691444508546198e-10,158,214,False,False,False,f9ced52be8acdb95c81898a90e2325a229fb1be9fd64351e68630f68898db16c,37b24dd86e93aa64ea2474e4f53291255b7a0967128b06bff0a652d6edd51922,1.83,2.01,True,2025-02-11T00:36:00+00:00,2025-02-11T06:34:00+00:00,0.5459551268581758,0.5440419759392313,0.5467544238561127
te:2816979,2025-02-11,2025,2025-02-11,ruusuvuori,choinski,2025-02-11T10:10:00+00:00,2025-02-09T18:54:00+00:00,0.0,2025-02-13T23:00:00+00:00,2025-02-11,1.96,1.86,0.486910994764398,-0.0523679855173157,0.6579923192577178,0.7067280487927058,0.6833333333333333,0.016666666666666666,0.748732410106262,0.7397615578411356,1.0035606870517633e-07,62,163,False,False,False,07e3ccceb6aabc901f733190d8a97893ec79fa1cbd9a6ec4e08bc0cef920e8dd,e6f6dd2360a5f53bbf496a217d52ed04fbd9c011011ffff3459d2bc652d5e104,1.93,1.9,True,2025-02-11T07:53:00+00:00,2025-02-11T07:53:00+00:00,0.5036651833396142,0.5070190109868657,0.505237786613213
te:2818741,2025-02-11,2025,2025-02-11,harris-5a94c,vanshelboim,2025-02-11T11:30:00+00:00,2025-02-10T17:50:00+00:00,0.0,2025-02-13T23:00:00+00:00,2025-02-11,2.14,1.72,0.4455958549222798,-0.21848153820839833,0.5895623739002396,0.5806380895477414,1.6166666666666667,0.38333333333333336,0.6930371484083413,0.6044534009051139,5.131307045935785e-10,193,161,False,False,False,94e4ec94e85c0691fe138831022491964edf580900694f9517957cf9bbf49472,0f6dc5fd4587e884f6c1cabacc2699ff491548d800e1733b410ef427960a434e,2.01,1.83,True,2025-02-11T09:58:00+00:00,2025-02-11T09:58:00+00:00,0.4652372990861452,0.46701639530632444,0.468725655861959
te:2818761,2025-02-11,2025,2025-02-11,jianu-c67fb,bar-biryukov,2025-02-11T11:00:00+00:00,2025-02-10T17:48:00+00:00,1.0,2025-02-13T23:00:00+00:00,2025-02-11,1.76,2.08,0.5416666666666667,0.16705408466316649,0.5943308458436394,0.21484412302180753,0.35,0.35,0.5089302383743003,0.5770890050295028,4.580387988339929e-08,226,158,False,False,False,72a69c1c4413291a1e28e44a84314b1a87f85f3574728512aa30c24d609cfe22,474ca8554740340d6719f2b38cb8815b24e7ec2ebaa6a0d12be2d4fe70fb0e8e,1.75,2.12,True,2025-02-11T06:34:00+00:00,2025-02-11T06:34:00+00:00,0.5542847377863407,0.5528378476956307,0.5515996932033126
te:2818887,2025-02-11,2025,2025-02-11,rodesch,monday,2025-02-11T14:20:00+00:00,2025-02-10T18:48:00+00:00,1.0,2025-02-13T23:00:00+00:00,2025-02-11,1.67,2.23,0.5717948717948719,0.28917795904336396,0.6159539406942955,0.1832317385910779,1.2166666666666666,1.2166666666666666,0.615928168425081,0.6630505926302797,7.144895786126426e-12,152,108,False,False,False,6a77fb9db48e4a0b56ba56fa47d5af5879aebf24bd7efa2f307e03318e3099c5,c41d52e217f7bdb88066f7c5ccbd017befa4e9928aa935e476761c0b06345030,1.68,2.24,True,2025-02-11T14:00:00+00:00,2025-02-11T14:00:00+00:00,0.58204395793143,0.5804744471247745,0.5844168366859998
te:2818889,2025-02-11,2025,2025-02-11,paul-b9a07,buse,2025-02-11T12:45:00+00:00,2025-02-10T19:25:00+00:00,0.0,2025-02-13T23:00:00+00:00,2025-02-11,1.86,1.96,0.5130890052356021,0.052367985517315925,0.6078396797449921,0.3858724406247933,1.55,0.45,0.5392273354287023,0.5000000000000001,0.004132486684628123,182,184,False,False,False,0f4a6e0b652c40d1167f5a5ef995a943a76876b7b937fb1dea435ef895642e64,fea5ea2f60271cf5c32a5780643a7305ba9530cc8c5cb68e79f8ed046b0b43ce,1.81,2.03,True,2025-02-11T12:30:00+00:00,2025-02-11T12:30:00+00:00,0.5279007948486375,0.5280545097051449,0.5298845835960136
te:2820977,2025-02-14,2025,2025-02-14,kopriva,mochizuki-f2487,2025-02-14T05:05:00+00:00,2025-02-13T11:09:00+00:00,0.0,2025-02-16T23:00:00+00:00,2025-02-14,1.87,1.99,0.5155440414507771,0.06219620786990554,0.5910977510897996,0.30630906807619473,0.8333333333333334,0.8333333333333334,0.6234225027081705,0.5463413293303985,1.226613138977095e-07,181,151,False,False,False,2f46159746741b531eabe6bedd5366cdafb8ced51d83567ce117aa3bebb7fb25,26e19f9a2e41aba016cead8cbacf4e174dd4f854c678fba00a02fa7694c0bbaa,1.83,2.05,True,2025-02-13T19:51:00+00:00,2025-02-14T01:32:00+00:00,0.5301700521879044,0.5295089987513572,0.5312001989613352
te:2821085,2025-02-14,2025,2025-02-14,misolic,koepfer,2025-02-14T13:25:00+00:00,2025-02-13T16:28:00+00:00,1.0,2025-02-16T23:00:00+00:00,2025-02-14,1.84,2.02,0.5233160621761658,0.09333193979221903,0.6237829444845292,0.4123042705499104,1.1666666666666667,0.0,0.6780852725417557,0.7391139629482796,1.4069301279562296e-13,106,106,False,False,False,de2c678cc826f7f6b4f144bf7ff9d90cb5311293ac951ae0ffa7768b6cba0e6e,e1f7d5b0e49d9ae75472cf79205610b67833a55ec36ff86acde255058b9bc0bc,1.73,2.2,True,2025-02-14T13:04:00+00:00,2025-02-14T13:04:00+00:00,0.5373503674288039,0.5378394209454627,0.5370848761406556
te:2822051,2025-02-18,2025,2025-02-18,jacquet-d2059,noguchi-08bde,2025-02-18T11:20:00+00:00,2025-02-17T22:52:00+00:00,0.0,2025-02-20T23:00:00+00:00,2025-02-18,2.1,1.75,0.4545454545454546,-0.18232155679395445,0.5567025421978528,0.41011161149952174,1.4333333333333333,0.5,0.727651490825869,0.6045951161754173,6.973354671480081e-10,104,165,False,False,False,967ead3731b4a3fb21d32787a724306d2aa1ba0a0b7d62d7454865f297058f10,3098eeb39029062d7aa0496fd6bafba3b763e7f003bf5593b541def92ec521b6,2.04,1.81,True,2025-02-18T11:02:00+00:00,2025-02-18T11:02:00+00:00,0.47358305886249186,0.4736403565592966,0.47538411960016447
te:2822053,2025-02-18,2025,2025-02-18,tomic-4ca3d,mejia-a7d27,2025-02-18T05:35:00+00:00,2025-02-17T13:45:00+00:00,0.0,2025-02-20T23:00:00+00:00,2025-02-18,1.74,2.12,0.5492227979274612,0.1975309754574837,0.6139443618848253,0.2663918334886526,0.23333333333333334,0.23333333333333334,0.7071492473193062,0.6439192749919743,3.5808769005551966e-09,163,173,False,False,False,a9f09de2ab43c56f50aeca2f42b3f2fb013aa4dc105a9e88f32bdc01dd9fd6c1,a0b64e050bca8f88661e3f3e341945ea791bc11e10d1ea6bbe6e903b7522b713,1.68,2.24,True,2025-02-18T02:01:00+00:00,2025-02-18T02:01:00+00:00,0.561251058602119,0.5603850878975781,0.558452944158096
te:2822685,2025-02-18,2025,2025-02-18,fery,sun-2f389,2025-02-18T11:45:00+00:00,2025-02-17T17:28:00+00:00,1.0,2025-02-20T23:00:00+00:00,2025-02-18,2.06,1.78,0.46354166666666663,-0.14609261849749608,0.6059016117021173,0.5762096398422505,1.2833333333333334,0.7166666666666667,0.5443894026222044,0.5000000000000001,0.012759297683844428,73,189,False,False,False,8eed557910f60fa356ee65c681a009a574a1fe210c9ac1b847f601bf3f645d84,fd593538801a4a7c56aa3e60cff8e92809f1d4ac4645affc280cab15447658ff,2.19,1.7,True,2025-02-18T11:38:00+00:00,2025-02-18T10:19:00+00:00,0.4819595605507879,0.483806415644251,0.4860613095622238
te:2822695,2025-02-18,2025,2025-02-18,misolic,butvilas,2025-02-18T16:55:00+00:00,2025-02-17T17:43:00+00:00,1.0,2025-02-20T23:00:00+00:00,2025-02-18,1.66,2.24,0.5743589743589743,0.29965826349849645,0.6194007232452197,0.1873471171106741,1.9333333333333333,1.1666666666666667,0.5870869645056002,0.586177732006908,1.7424254369902137e-07,114,212,False,False,False,6ef5b5d44590f45bd7af83e1817d5727bf1cd24343c574bb562e75aaad3049f8,e55f9bfe447346ebf2e023457857ccd0dd5dd33e47ec339681a6f434d1f5e4eb,1.69,2.22,True,2025-02-18T16:00:00+00:00,2025-02-18T16:00:00+00:00,0.5844046943774959,0.5828947751092126,0.58820981621562
te:2822709,2025-02-18,2025,2025-02-18,budkov-kjaer,grenier-baaf0,2025-02-18T14:40:00+00:00,2025-02-17T22:49:00+00:00,1.0,2025-02-20T23:00:00+00:00,2025-02-18,1.73,2.13,0.5518134715025906,0.208000571211646,0.6120195740848811,0.24780880490971202,1.8,1.1,0.5462957769794284,0.5793078739836652,1.3248778701901998e-07,107,189,False,False,False,353637e3e17446a705c7d6302466c28fc730f256fc3a201b655d71db05bd4921,f3571b43be716480763261059e987d3c03b79ded7d28b4db21aec26ac868a2bf,1.7,2.19,True,2025-02-18T13:46:00+00:00,2025-02-18T13:46:00+00:00,0.5636387505333704,0.5625978676169794,0.5674279577202983
te:2824515,2025-02-18,2025,2025-02-18,bertrand-5e35a,delage,2025-02-18T12:40:00+00:00,2025-02-17T22:58:00+00:00,0.0,2025-02-20T23:00:00+00:00,2025-02-18,1.85,1.97,0.5157068062827225,0.06284790365966353,0.6013947759103383,0.3484321665212462,0.5333333333333333,0.5333333333333333,0.5545664854002622,0.5000000000000001,0.028071584119329904,228,105,False,False,False,9a2745e5e3db945b7722c077a85d0a766ea85886a15bb1644de5ca66571f543f,d45cdf2e1841ff33b8c67e6f60a34753c28109108bc8ef60469a120d3811cc12,1.75,2.13,True,2025-02-18T10:55:00+00:00,2025-02-18T10:55:00+00:00,0.5303204804419641,0.530099481000004,0.529966238734941
te:2824517,2025-02-18,2025,2025-02-18,cachin,barrere-ea847,2025-02-18T16:10:00+00:00,2025-02-17T22:59:00+00:00,0.0,2025-02-20T23:00:00+00:00,2025-02-18,1.79,2.05,0.5338541666666666,0.13562417329765303,0.6271389079786284,0.3843379437900872,0.8166666666666667,0.8166666666666667,0.7136071396143195,0.788022146226061,4.235647999006886e-09,106,141,False,False,False,7c388232c0597af15a4d87c8617eb84c76cccab98b4b50209c4c5cf151d33d75,7217182aff203a16c533b3f023c835bba9ef9a86ceafb7153e53740cde5cf6c4,1.85,1.99,True,2025-02-18T15:55:00+00:00,2025-02-18T15:55:00+00:00,0.5470782015525353,0.5473382761011674,0.5489286525440916
te:2825525,2025-02-21,2025,2025-02-21,galarneau-32e1f,vacherot,2025-02-21T07:10:00+00:00,2025-02-20T11:21:00+00:00,1.0,2025-02-23T23:00:00+00:00,2025-02-21,1.66,2.29,0.579746835443038,0.3217342151976963,0.6475513339894452,0.28655887221742415,1.0333333333333334,0.03333333333333333,0.7129502971051532,0.7320624876105927,1.0614999304547901e-07,190,108,False,False,False,2c91521dd1a3a4b4c62b65c7b1cda8d9816dcb1abc348e1a09a8eb3801555984,4b2c61b2b0fcc77bf5551168875028d8c5324b5a5b0bcfdf93eaedf9033d78a3,1.7,2.24,True,2025-02-21T05:30:00+00:00,2025-02-21T05:31:00+00:00,0.5893646286632942,0.5888973352632388,0.5880081429080248
te:2825997,2025-02-21,2025,2025-02-21,rehberg-2d8d7,monday,2025-02-21T12:20:00+00:00,2025-02-20T19:19:00+00:00,,,,1.68,2.26,0.5736040609137056,0.2965710198690272,0.6185914076203695,0.18700272880597346,0.38333333333333336,0.38333333333333336,0.6397237788342958,0.6916582539759965,6.197025559373515e-09,173,112,False,False,False,a504a27dc6f0b0df742babe12fa3dd03ce39b762fa555fdbb05e138f43881b56,c875f0d9c46da7a7e5b95648c818d21c79355eda963e95b4e2e2e6fe22724f31,1.66,2.32,True,2025-02-21T09:03:00+00:00,2025-02-21T09:03:00+00:00,0.5837096758881947,0.5821910481040584,0.5811798956800824
te:2825999,2025-02-21,2025,2025-02-21,durasovic,martineau-40903,2025-02-21T12:45:00+00:00,2025-02-20T12:23:00+00:00,1.0,2025-02-23T23:00:00+00:00,2025-02-21,1.62,2.37,0.5939849624060151,0.3804638059027472,0.6646441360014673,0.3035957090885876,0.75,0.016666666666666666,0.7552736032909624,0.7603867289445047,4.758970995055734e-13,182,154,False,False,False,84d2c9a256b22acbbd3139e13d0b104a1955600827de47cd6ae5938cbd0749fd,162665bdb04dc61f5c67b90a4162f688a912225074a890e5ddb4b52c671643b1,1.6,2.45,True,2025-02-21T11:14:00+00:00,2025-02-21T11:14:00+00:00,0.6024691195395792,0.6022614504065265,0.6007130070009035
te:2826003,2025-02-21,2025,2025-02-21,hemery,agamenone,2025-02-21T17:05:00+00:00,2025-02-21T02:02:00+00:00,0.0,2025-02-23T23:00:00+00:00,2025-02-21,1.75,2.08,0.5430809399477807,0.17275210577780412,0.6112155876503788,0.27967265501474936,0.5,0.5,0.7333323363602572,0.6596349980330076,7.076664254590526e-11,187,144,False,False,False,4ce612e8689738131eff90c201cc487c08a6c265d879f53d5da6ee7c9c7a1062,44121a088755ecf7176f63203ad490e1110747479ec1d4f4e38cf5365c825674,1.78,2.12,True,2025-02-21T16:01:00+00:00,2025-02-21T16:01:00+00:00,0.5555888817644163,0.5548213195776224,0.5544935883417355
te:2826297,2025-02-21,2025,2025-02-21,blancaneaux,saraiva-dos-santos,2025-02-21T12:10:00+00:00,2025-02-20T20:48:00+00:00,1.0,2025-02-23T23:00:00+00:00,2025-02-21,2.2,1.71,0.4373401534526854,-0.2519639898497018,0.5508571512331314,0.45609852588524374,0.0,0.0,0.6892487115727312,0.5645633538174474,1.839354502042312e-10,138,110,False,False,False,7a21021861ccb879cd0460e26ea4d97a306ab57697e1ac9c6d2cc0390f54799c,575172048e1f98939f9d053bf407d32cd3bc16eee263fc7e25ec1a80b87c79cf,2.19,1.73,True,2025-02-21T08:49:00+00:00,2025-02-21T11:57:00+00:00,0.45752672998252203,0.45795818799564786,0.45457097014880304
te:2826323,2025-02-21,2025,2025-02-21,rincon-d1dab,yevseyev,2025-02-21T14:50:00+00:00,2025-02-20T19:59:00+00:00,0.0,2025-02-23T23:00:00+00:00,2025-02-21,1.82,2.04,0.5284974093264249,0.114113306767421,0.6078434655842376,0.3241430015584583,1.15,1.15,0.566287302343266,0.5245145054019131,7.483148822817753e-11,147,168,False,False,False,be9984cf4a24666395da3549c7db15306ce448be2233098add792eb9a11f4796,5a5adb3f03f1e025098b16435f1dde0eb2ca58aaf41e517ef145605e08d78373,1.81,2.07,True,2025-02-21T06:26:00+00:00,2025-02-21T11:02:00+00:00,0.5421344067030721,0.5417378454246615,0.5453478227152183
te:2826343,2025-02-21,2025,2025-02-21,budkov-kjaer,draxl,2025-02-21T15:35:00+00:00,2025-02-20T19:42:00+00:00,1.0,2025-02-23T23:00:00+00:00,2025-02-21,1.83,2.03,0.5259067357512953,0.10371982620036632,0.5747474331930871,0.19752760422636398,0.0,0.0,0.5000000000000001,0.5950287048299904,0.005673110487927721,107,190,False,False,False,2653ec222f751434aae7e4ef4a40becea60ed70fe381110afa3f07d113d8a10c,f87a0ec55c36e194ff11bf3f9acaded210705beca383c49cd20396c023199dfe,1.81,2.08,True,2025-02-21T12:09:00+00:00,2025-02-21T12:09:00+00:00,0.5397426585402432,0.5380138148858538,0.5346352273780492
te:2826389,2025-02-21,2025,2025-02-21,zahraj-42755,fery,2025-02-21T19:20:00+00:00,2025-02-20T19:48:00+00:00,1.0,2025-02-23T23:00:00+00:00,2025-02-21,1.9,1.95,0.5064935064935064,0.025975486403260445,0.6005160098418175,0.38164012590830154,2.066666666666667,0.4666666666666667,0.5605164366890539,0.6243962070481741,3.1904205943789066e-09,202,77,False,False,False,5ac7b0e947e42fb8cab9f18368c5b2ca16ca6192c7259ec1f079636c66c4fe4c,5b55f0fe5203de62a6626072835294bc8ea0ea781e519fd823e2fb1bff389e8e,1.86,2.02,True,2025-02-21T17:37:00+00:00,2025-02-21T19:07:00+00:00,0.5218015307948707,0.5218719278203154,0.5249274429607665
te:2827233,2025-02-25,2025,2025-02-25,holt-669c7,vacherot,2025-02-25T10:30:00+00:00,2025-02-24T18:24:00+00:00,0.0,2025-02-27T23:00:00+00:00,2025-02-25,1.69,2.19,0.5644329896907216,0.25917301489342737,0.6365387385706958,0.30119954284608086,2.3833333333333333,0.21666666666666667,0.7062787806050033,0.6808720594114394,7.062425255721649e-09,171,106,False,False,False,225527ff27fd2f03ba975d3e24d9ae83770e0b76dc2366b1ce0170f13478312a,152b154b6881c8a041ca1246b6276f7a9d2a9421a116858a573c64eac8f73f6b,1.66,2.27,True,2025-02-25T10:05:00+00:00,2025-02-25T10:05:00+00:00,0.5752647401920522,0.5748514111675406,0.5776121587761279
te:2827787,2025-02-25,2025,2025-02-25,gaubas,stricker,2025-02-25T17:05:00+00:00,2025-02-25T09:00:00+00:00,1.0,2025-02-27T23:00:00+00:00,2025-02-25,1.63,2.31,0.5862944162436549,0.34866750971503135,0.6263251057413409,0.16781591212550895,0.43333333333333335,0.43333333333333335,0.6554484466424556,0.6355434847214182,4.699490796511441e-10,186,81,False,False,False,ad37fdfc7cc00a9d102301138677f7a35fec9e0102a851995c8eba2a44c66959,20a4a817114f425fcecc1d7277da4950a8cde154e9eca94a56d3072f3aea71f9,1.89,1.94,True,2025-02-25T16:02:00+00:00,2025-02-25T16:02:00+00:00,0.5953912840086552,0.5937670039906662,0.5930624808855898
te:2828269,2025-02-25,2025,2025-02-25,cazaux,tu-41622,2025-02-25T21:25:00+00:00,2025-02-25T09:13:00+00:00,0.0,2025-02-27T23:00:00+00:00,2025-02-25,1.78,2.06,0.5364583333333334,0.14609261849749608,0.6262181909427557,0.369934010776897,0.0,0.0,0.6499893924163773,0.6334321781882447,4.4408327015688087e-10,126,160,False,False,False,91fbf09c182e7e0b4b7516301d817bb68b57018f5e7525f4f556127e780553b6,5a839c1e8e7e53916e17fcb806f81e1d2ac922a03189ab18da5b254f37a7f66e,1.77,2.09,True,2025-02-25T19:29:00+00:00,2025-02-25T19:29:00+00:00,0.5494808467938829,0.5496069609706338,0.5462530956624291
te:2828287,2025-02-25,2025,2025-02-25,bolt-fa7eb,boyer-64ede,2025-02-25T00:15:00+00:00,2025-02-24T10:06:00+00:00,1.0,2025-02-27T23:00:00+00:00,2025-02-25,1.93,1.88,0.4934383202099738,-0.026248226074936154,0.5903133504316395,0.3915091262660466,0.0,0.0,0.7416362672304917,0.8614571521068604,3.1967335722971058e-09,145,171,False,False,False,234a41156f9b6ff66ce09bd0ab35f4c3e41b4ba6690f9ba6ab3653a259c20bae,e760787ae7375b35eb5beb234d5ce3e9fe4d4e632cd6e6154aeb9a8183f93ec6,2.06,1.79,True,2025-02-24T23:42:00+00:00,2025-02-24T23:42:00+00:00,0.5097152847433496,0.5098110668015143,0.5064139721180435
te:2829491,2025-02-25,2025,2025-02-25,tomic-4ca3d,simakin,2025-02-25T07:15:00+00:00,2025-02-24T15:22:00+00:00,1.0,2025-02-27T23:00:00+00:00,2025-02-25,1.79,2.05,0.5338541666666666,0.13562417329765303,0.5912098496452508,0.23334491207085006,1.9166666666666667,0.45,0.6678311683857916,0.7683108607940987,9.99117455435794e-12,162,188,False,False,False,ce4b48f2d28fd53dba2afd3ddbd19ab71d51fc4b79db903b67c264035af490a3,64a5055bf13ad6bed487e4fff222f1c5773de9e41709d12292a58e026087249d,1.85,2.0,True,2025-02-25T06:30:00+00:00,2025-02-25T07:09:00+00:00,0.5470782015525353,0.545772487606653,0.5484108219600072
te:2831175,2025-02-28,2025,2025-02-28,cazaux,lestienne,2025-02-28T01:10:00+00:00,2025-02-27T10:15:00+00:00,1.0,2025-03-02T23:00:00+00:00,2025-02-28,1.85,1.97,0.5157068062827225,0.06284790365966353,0.6482464813949013,0.5484923938061343,0.0,0.0,0.7147415116323909,0.7328211840976743,6.306155519997247e-08,124,145,False,False,False,42e5acefea9046c7d9513adf2a6dfe3a05eb60a7c581e3b8d4fd8f7503ea65f5,623d3267a338ac66aaa2b26121279151a56c0a869acbcd59ab73a4ef694a5f56,1.88,1.95,True,2025-02-27T17:32:00+00:00,2025-02-27T20:34:00+00:00,0.5303204804419641,0.5321841170776943,0.5288133399222648
te:2831897,2025-02-28,2025,2025-02-28,mcdonald-4d935,svajda-cce6f,2025-02-28T20:40:00+00:00,2025-02-28T06:39:00+00:00,0.0,2025-03-02T23:00:00+00:00,2025-02-28,2.23,1.7,0.43256997455470736,-0.2713733344098571,0.5194202384517218,0.3490933863254357,0.6666666666666666,0.06666666666666667,0.7796675708695086,0.6255459229530123,1.1342593531082912e-12,143,41,False,False,False,8cf92ef6bb372eda3233b15a63a32effae46dc15f27ae9e142ff9749afccbaf5,d85a221536a0a34c034c211190f682a9c07e8ee5d6548474353fece798833f5e,2.16,1.75,True,2025-02-28T11:21:00+00:00,2025-02-28T09:37:00+00:00,0.45306607254347936,0.4523587065164076,0.4507135333561916
te:2832065,2025-02-28,2025,2025-02-28,royer,cecchinato,2025-02-28T12:05:00+00:00,2025-02-27T14:44:00+00:00,1.0,2025-03-02T23:00:00+00:00,2025-02-28,1.71,2.19,0.5615384615384615,0.24740817331384102,0.5940941613282849,0.13350844599121114,0.31666666666666665,0.31666666666666665,0.8147986766066974,0.7070890887131105,3.6012859361278515e-12,191,115,False,False,False,ca44b9337d486919b0ac451ba25409ccf0a7c8d59ffc502f7ed29443228ee462,32baa9d288c156f507967c880a4a8921f9863f1a2464d19dc47e8e7f1299e46e,1.75,2.17,True,2025-02-28T11:48:00+00:00,2025-02-28T11:48:00+00:00,0.5725987355486015,0.5704490720471763,0.5690245584231807
te:2832127,2025-02-28,2025,2025-02-28,holt-669c7,bar-biryukov,2025-02-28T13:15:00+00:00,2025-02-27T17:02:00+00:00,0.0,2025-03-02T23:00:00+00:00,2025-02-28,1.81,2.05,0.5310880829015544,0.12451294787258244,0.5941495925766789,0.25663354205524536,2.4,0.6333333333333333,0.7533289616863428,0.6583132534620084,1.9150694918756983e-10,172,173,False,False,False,2d55a63b3020db873bb826d87e54c667e70bebf7de72d1b1a6da7741050ad8c9,8315406c5b59f6182c4c6b1d06c0766be7b9d9ba31a4868eb28943dc5a1c536c,1.85,2.03,True,2025-02-28T13:06:00+00:00,2025-02-28T13:06:00+00:00,0.5445256303417534,0.5434440260459606,0.5478651607763602
te:2832133,2025-02-28,2025,2025-02-28,collignon,draxl,2025-02-28T13:10:00+00:00,2025-02-27T16:43:00+00:00,0.0,2025-03-02T23:00:00+00:00,2025-02-28,1.72,2.19,0.5601023017902813,0.2415772530030477,0.6144453782049716,0.22445991011407482,1.8833333333333333,0.55,0.5086041173849734,0.500000000059143,0.007835663975481466,215,197,False,False,False,00df3be7fa5adfda15e694fb0587156a6ca2baf8d8f4f7f4b4272f47e26fee54,aa92a332dcc288b055addccd3c780478d512c2add796472c716abe248c744c5b,1.71,2.23,True,2025-02-28T11:28:00+00:00,2025-02-28T12:54:00+00:00,0.5712758289732591,0.570048965853781,0.5729688220744323
te:2832183,2025-02-28,2025,2025-02-28,cassone,van-assche,2025-02-28T15:10:00+00:00,2025-02-27T16:44:00+00:00,1.0,2025-03-02T23:00:00+00:00,2025-02-28,1.65,2.33,0.5854271356783919,0.34509297966511965,0.6056570234051347,0.08399984860035847,1.1333333333333333,1.1333333333333333,0.7366801752222693,0.656253731486538,2.258484232964264e-10,148,146,False,False,False,07446f311c0082e9b2ac83a211617958b688690540b81e3870a24b9950869da0,a3b133f74136c595a8e7a0071f48ebf87b7590049a6809d9eb198863b4f5b657,1.64,2.36,True,2025-02-28T14:15:00+00:00,2025-02-28T14:15:00+00:00,0.5945930503231838,0.5921158693368127,0.5955343534734746
te:2832239,2025-02-28,2025,2025-02-28,spizzirri,daniel-2dd17,2025-02-28T18:05:00+00:00,2025-02-28T03:26:00+00:00,1.0,2025-03-02T23:00:00+00:00,2025-02-28,1.78,2.1,0.5412371134020618,0.16532398042538338,0.6425524509105969,0.4211358331340949,0.6,0.06666666666666667,0.7249109895299428,0.7000054546227654,6.30139829205234e-11,148,136,False,False,False,baea19d7f5529901c408b22748e135085480b232524e546eed9874614bce8bc9,850315366e4f5ef7609b247eb69a84a559b751d362594db209dfbbf8e40be1d5,1.79,2.11,True,2025-02-28T14:31:00+00:00,2025-02-28T14:31:00+00:00,0.5538886085101828,0.5545721448141738,0.5528205439689853
te:2832895,2025-03-04,2025,2025-03-04,blancaneaux,picchione,2025-03-04T09:30:00+00:00,2025-03-03T15:33:00+00:00,0.0,2025-03-06T23:00:00+00:00,2025-03-04,2.03,1.81,0.47135416666666663,-0.11470894777596173,0.6101295689375852,0.5625658346036766,0.6,0.06666666666666667,0.5320920563377719,0.5000000000004218,0.028439556604734822,142,171,False,False,False,a38cf595a6c13590e4551e4e7758cef3d197d9782edc1710188fd4ab1656458d,0ade64884081ff18ffca57b36555434b2024b20e7cdc93b86233b5d3d4d3c110,2.06,1.79,True,2025-03-04T08:06:00+00:00,2025-03-04T08:06:00+00:00,0.48922416269848756,0.4909766181546616,0.48918912344088145
te:2832899,2025-03-04,2025,2025-03-04,neumayer,chazal,2025-03-04T08:10:00+00:00,2025-03-03T14:38:00+00:00,0.0,2025-03-06T23:00:00+00:00,2025-03-04,1.9,1.92,0.5026178010471204,0.010471299867295303,0.5778320013124162,0.3034085354176684,1.8666666666666667,1.2333333333333334,0.5912193102185743,0.5000000000000001,0.012221994126023691,182,189,False,False,False,9785b2c3d515121519c134001deb12ed6c78e6e0f186e012cf38225ccb316353,a61d0f8853c1b66df2dccede231f5c1abc217873f5205b838178d448c8caac42,2.01,1.83,True,2025-03-04T07:30:00+00:00,2025-03-04T07:30:00+00:00,0.5182153875085893,0.5174454058348728,0.5230005328208431
te:2833421,2025-03-04,2025,2025-03-04,kachmazov,onclin-89017,2025-03-04T11:40:00+00:00,2025-03-02T15:56:00+00:00,0.0,2025-03-06T23:00:00+00:00,2025-03-04,1.79,2.05,0.5338541666666666,0.13562417329765303,0.6168800959714745,0.34070249226809185,0.3,0.3,0.6423989275653387,0.6993214727437714,4.308972512134801e-09,153,179,False,False,False,00f8c3e4c238ac4c2c10cb5766411858ad73dbc371d3818746beb379afa5a932,ac2b85c25123ff60845901289be5668768c23a4a5e133df28fbb62358ef877ee,1.78,2.08,True,2025-03-03T10:00:00+00:00,2025-03-03T10:00:00+00:00,0.5470782015525353,0.5468858739921504,0.5453450994998434
te:2833423,2025-03-04,2025,2025-03-04,martineau-40903,added,2025-03-04T12:45:00+00:00,2025-03-02T16:09:00+00:00,1.0,2025-03-06T23:00:00+00:00,2025-03-04,1.74,2.12,0.5492227979274612,0.1975309754574837,0.639503434172438,0.3756785850943195,0.0,0.0,0.7696466029830447,0.715150617717716,6.443032754543943e-08,159,171,False,False,False,3621405abcddf9506f4a797b8a5cf0f6ef2d79f276387ae944d4f7821e056a99,dcd3be74f530f4116d4111abb563b84877c9fab54f550cef36755029b871bd2b,1.64,2.32,True,2025-03-04T04:11:00+00:00,2025-03-04T04:11:00+00:00,0.561251058602119,0.5615113098199684,0.5581792259480787
te:2833427,2025-03-04,2025,2025-03-04,gueymard-wayenburg,yevseyev,2025-03-04T16:10:00+00:00,2025-03-02T16:04:00+00:00,1.0,2025-03-06T23:00:00+00:00,2025-03-04,1.85,1.98,0.5169712793733681,0.06791120561621009,0.617380758235593,0.4105343923073125,0.0,0.0,0.56494950865504,0.5729748201140411,9.618302684866187e-08,189,175,False,False,False,c36943e67464ba7a089acc25b2995b68b28193edb596e498491153130aac4d75,744fe18ccf9f176b27b2f1e93b0e3c245bb357902f15a84d93f8dc9497ae6f30,1.84,2.0,True,2025-03-04T08:10:00+00:00,2025-03-04T08:10:00+00:00,0.5314890318143395,0.5319226582742447,0.5285456216261906
te:2833743,2025-03-04,2025,2025-03-04,cerundolo-08df6,guillen-meza,2025-03-04T16:40:00+00:00,2025-03-04T06:28:00+00:00,1.0,2025-03-06T23:00:00+00:00,2025-03-04,2.03,1.8,0.4699738903394256,-0.12024912815157689,0.5963155637138222,0.5103856499726124,0.5166666666666667,0.5166666666666667,0.6034067862061413,0.5359187608845973,1.0660726745825855e-09,173,149,False,False,False,e9bba58ce475b0f2d2238bf0b6c5568a1ab8716a27746aca8779bd56d66697bc,5aa98048afde056d388ce9435ec1609b1292193a2396b6215be2ad00cfadbf56,2.09,1.77,True,2025-03-04T16:29:00+00:00,2025-03-04T16:29:00+00:00,0.4879413191178499,0.4891397259690783,0.48889696890187784
te:2833755,2025-03-04,2025,2025-03-04,varillas,olivieri-ff875,2025-03-04T20:00:00+00:00,2025-03-04T06:29:00+00:00,0.0,2025-03-06T23:00:00+00:00,2025-03-04,2.02,1.81,0.47258485639686687,-0.10977066613537889,0.5977867796756815,0.5060224539546192,0.0,0.0,0.6573608706865246,0.5842765695874647,6.222375983910844e-08,138,159,False,False,False,779ffaf28ced0124e5b1b14868740d6b44c46872e3cdbe81480ffa1b490a234d,db4e6b5134b1ad257c6a9791d8a2b295b756c8e656bad984ccb2583b6cce7337,2.08,1.78,True,2025-03-04T16:54:00+00:00,2025-03-04T16:54:00+00:00,0.490367755188814,0.49153640741719845,0.4881383982671485
te:2834987,2025-03-04,2025,2025-03-04,butvilas,smith-8b3b8,2025-03-04T10:15:00+00:00,2025-03-03T18:18:00+00:00,0.0,2025-03-06T23:00:00+00:00,2025-03-04,1.82,2.01,0.5248041775456919,0.09929822098228022,0.577016859248426,0.21124094202765656,0.9666666666666667,0.9666666666666667,0.7112158630932564,0.6075809697939608,3.1080527040927564e-10,217,144,False,False,False,db9858087673b07a98291ac047c64c29f46c764bf6eb9b86b7c3ffe60f5811e9,a380157be40c7954ad97ec035b393a33c7403c6f463e5c17207486e4a87d5e13,1.84,2.0,True,2025-03-04T10:07:00+00:00,2025-03-04T10:07:00+00:00,0.5387245968603228,0.5371313081307721,0.5396272868038666
te:2835389,2025-03-04,2025,2025-03-04,rodionov-f5e38,sachko,2025-03-04T14:40:00+00:00,2025-03-04T08:36:00+00:00,0.0,2025-03-06T23:00:00+00:00,2025-03-04,1.73,2.13,0.5518134715025906,0.208000571211646,0.624609655136722,0.30115992740517133,1.35,0.6166666666666667,0.6228126981164909,0.6324468100680838,1.752647971198229e-09,158,170,False,False,False,0baf5531f239157b78e3b2bf8f1ff5ab3f80de9de04590c072ec460877c74127,54f713da098143bed428d781c517e6de9ff05c8c69d24d49ae5a69909872b496,1.68,2.21,True,2025-03-04T09:46:00+00:00,2025-03-04T11:28:00+00:00,0.5636387505333704,0.5631471299415887,0.5651508832872869
te:2836905,2025-03-07,2025,2025-03-07,den-ouden,hemery,2025-03-07T10:50:00+00:00,2025-03-06T17:10:00+00:00,,,,1.58,2.45,0.6079404466501241,0.4386631775177605,0.6366542963005123,0.12220889191673745,0.26666666666666666,0.26666666666666666,0.6787046724496968,0.6859093602885521,3.3752478589832435e-10,147,189,False,False,False,261f0f9a84f88c1feb59d6c899b013601e92b74cebd7e69b16a9447e275d068e,2f37e65c2f63ba45f991130545a2c3b08965e5cb8bd82d75170cbeeba9b2205e,1.61,2.43,True,2025-03-06T18:09:00+00:00,2025-03-07T06:34:00+00:00,0.6153119962014347,0.613390729687083,0.6117358140746729
te:2837013,2025-03-07,2025,2025-03-07,houkes,tabur,2025-03-07T13:05:00+00:00,2025-03-06T17:10:00+00:00,0.0,2025-03-09T23:00:00+00:00,2025-03-07,1.71,2.2,0.5626598465473145,0.25196398984970136,0.6294091045959117,0.2777187138200353,0.85,0.85,0.6534134039668887,0.648910365636391,3.131508707898689e-08,151,158,False,False,False,d7a5a5fe8a71d44fc27327e0af6baf9ce4781f9e74523cd00f35c4fc29495b07,e5f3fec7f31ea8bac2a76b6fbab9f214d6a46bc244149581a6c88d5fe866b5f7,1.72,2.21,True,2025-03-07T08:32:00+00:00,2025-03-07T08:32:00+00:00,0.5736316282662822,0.572966983374646,0.5747408284481896
te:2837253,2025-03-07,2025,2025-03-07,coria-df292,galan-e4b30,2025-03-07T17:25:00+00:00,2025-03-06T18:49:00+00:00,0.0,2025-03-09T23:00:00+00:00,2025-03-07,1.74,2.15,0.5526992287917738,0.21158272891313384,0.6305821442765789,0.3231322986525346,0.85,0.85,0.6986203635716379,0.6648021912525495,1.9601820167025608e-12,201,162,False,False,False,70d3f0ce90d0d332a22700dd8703d510db0830f3785efcd5da4363319a057f44,8feae5d62fa8817fec1264770a3352983bdb55cf05719e81ff9123a20fb4f7dd,1.75,2.16,True,2025-03-07T12:51:00+00:00,2025-03-07T12:51:00+00:00,0.5644550248352858,0.5641949412312867,0.5659764868807675
te:2837489,2025-03-07,2025,2025-03-07,piros,novak-77d05,2025-03-07T09:10:00+00:00,2025-03-06T14:27:00+00:00,1.0,2025-03-09T23:00:00+00:00,2025-03-07,1.89,1.96,0.5090909090909091,0.03636764417087508,0.6189933890955047,0.4489102220502033,0.0,0.0,0.6369369472316445,0.605208239144088,3.068964526953266e-11,156,132,False,False,False,15dcb3524b3f1cbb987ddc0c19aeb924dce30233651dac51a7a216661b5089bb,d5d9e9d246a2f168b53c7212f9711170d677f70580c8d39ee0d1f34c68b5e938,1.92,1.95,True,2025-03-07T05:35:00+00:00,2025-03-07T05:35:00+00:00,0.5242040190335278,0.5249918384809235,0.5216090042842471
te:2837539,2025-03-07,2025,2025-03-07,rodionov-f5e38,choinski,2025-03-07T19:15:00+00:00,2025-03-06T18:23:00+00:00,0.0,2025-03-09T23:00:00+00:00,2025-03-07,1.74,2.16,0.5538461538461539,0.2162231084696361,0.6384107655076924,0.3522499445814965,0.26666666666666666,0.26666666666666666,0.7173279641405219,0.6887573479842495,1.922020625988452e-09,156,162,False,False,False,3200b917b84b0e6d9a38d3395bd007060f815e4af1aebbe14f5da96a5e312766,03476fb401bbcc167aa1ce2d61ea4b516c768151a46140b733e5128f8cf4fe26,1.77,2.14,True,2025-03-07T16:41:00+00:00,2025-03-07T17:54:00+00:00,0.5655119186780659,0.5655581650123828,0.5638368959739578
te:2837553,2025-03-07,2025,2025-03-07,cerundolo-08df6,varillas,2025-03-07T13:05:00+00:00,2025-03-06T18:53:00+00:00,0.0,2025-03-09T23:00:00+00:00,2025-03-07,1.81,2.06,0.5322997416020672,0.12937913752375527,0.6145713595650036,0.337189844214246,0.0,0.0,0.699509443605647,0.6393129582155633,8.942443452397697e-09,171,138,False,False,False,c405e4d6b247c61a162db7843aa645d37dbb9d595dbc00cd22f5ebfcd1d1fb70,715ba8afc27515a6b2e2a7fc2774ad73ebd8eb70b76139ca08d3e350a4890533,1.83,2.05,True,2025-03-07T10:41:00+00:00,2025-03-07T10:41:00+00:00,0.5456438314302182,0.5454057152630578,0.542043755385389
te:2837633,2025-03-07,2025,2025-03-07,bouquier,van-assche,2025-03-07T17:50:00+00:00,2025-03-07T10:48:00+00:00,,,,1.7,2.16,0.5595854922279793,0.2394799706339032,0.6176533173093431,0.24011961084467798,1.1833333333333333,0.55,0.6823692710527853,0.6319930908128408,2.620943415077015e-08,144,154,False,False,False,5c47e7c3dbbcc6662cf4a47fc64b442755c1fd15164ef98c53028c1f50444f08,597e819025af531d013f90a9a133294990fa145de7b2576dd8de40d8b99e3539,1.71,2.23,True,2025-03-07T15:52:00+00:00,2025-03-07T16:31:00+00:00,0.5707997518738178,0.5697301148764738,0.5711065682466117
te:2838689,2025-03-11,2025,2025-03-11,cina,dellavedova,2025-03-11T08:10:00+00:00,2025-03-10T16:58:00+00:00,1.0,2025-03-13T23:00:00+00:00,2025-03-11,2.02,1.81,0.47258485639686687,-0.10977066613537889,0.6020083700209502,0.5236110401769232,0.2833333333333333,0.2833333333333333,0.5532927114819512,0.5000000000000001,0.01121999319173611,118,213,False,False,False,054575042aaf336096835ef2c57c8fd3e8a8e5453e1328bc487fb65276daf52f,e7d71dbdddb5d81d0156147af9a92efb1b913ef12e69848e329b8e34f4f59759,1.98,1.85,True,2025-03-11T07:48:00+00:00,2025-03-11T07:48:00+00:00,0.490367755188814,0.49172034365799117,0.4900536662461052
te:2838789,2025-03-11,2025,2025-03-11,sels,escoffier,2025-03-11T09:40:00+00:00,2025-03-10T18:37:00+00:00,0.0,2025-03-13T23:00:00+00:00,2025-03-11,1.95,1.87,0.4895287958115184,-0.041890941709159774,0.604185316784669,0.4648257784111647,0.5166666666666667,0.5166666666666667,0.5000000000000001,0.5485116796330157,0.005980812302349842,156,195,False,False,False,ded3e257560ec2cf6cefc5ecd28a086725a6e5fe32833aff4095bf958524d28a,b61f702a7be00fc85c674ecc779f4bd3856661ffe99c22e9d472cc1acb10d6af,2.03,1.82,True,2025-03-11T09:00:00+00:00,2025-03-11T09:00:00+00:00,0.5060922019328865,0.506931468575207,0.5066928795414087
te:2840599,2025-03-11,2025,2025-03-11,wong-d3ead,harris-5a94c,2025-03-11T21:00:00+00:00,2025-03-11T11:15:00+00:00,1.0,2025-03-13T23:00:00+00:00,2025-03-11,1.63,2.3,0.5852417302798981,0.34432910811643264,0.6047472733617234,0.08095615807896211,0.2833333333333333,0.2833333333333333,0.6336801454506867,0.7084580198496081,2.9788536026753576e-08,184,208,False,False,False,6509d68426c61d42be9c02585278b19769f2ee2e0cd987a54a5315b6ede01898,38624a31c63ce282aa7007351a06929b6f767651150ecd21bba9915f39986398,1.65,2.29,True,2025-03-11T20:48:00+00:00,2025-03-11T20:48:00+00:00,0.5944224039927877,0.5919130316046705,0.5903168187616188
te:2841685,2025-03-11,2025,2025-03-11,gobat,jubb,2025-03-11T12:45:00+00:00,2025-03-11T06:13:00+00:00,0.0,2025-03-13T23:00:00+00:00,2025-03-11,1.96,1.85,0.4855643044619423,-0.05775883415219216,0.6295873842139973,0.5882059311856651,1.5333333333333334,1.0333333333333334,0.6636290977501405,0.70020856687267,4.1668890560231375e-12,106,131,False,False,False,ffe91456db07f874a6eb16dbeac6aa56afc8425eeffee9be05909b3a6006592a,a9b76388f9d7d2f3b9e93a2a7a4089b45901b95c0592b4a428e04c0bd204ca2a,1.93,1.91,True,2025-03-11T11:34:00+00:00,2025-03-11T12:34:00+00:00,0.5024163128719321,0.5045225682052455,0.5085714131048155
te:2841687,2025-03-11,2025,2025-03-11,janvier,sachko,2025-03-11T10:55:00+00:00,2025-03-11T00:10:00+00:00,1.0,2025-03-13T23:00:00+00:00,2025-03-11,1.75,2.11,0.5466321243523315,0.18707215955255221,0.5867562582042798,0.1634997482838613,0.55,0.016666666666666666,0.6500226740241215,0.7510870973444778,1.7584968758921349e-09,178,176,False,False,False,4173c44a456828d02b8b6d2fa752ccff7d3412ef58ded2196a65c2c84a9ba4ef,a995b1fe86b35a1cc1ef10fe0604aafc6478847928d521bc91e1a986e4f07c7d,1.85,2.0,True,2025-03-11T08:03:00+00:00,2025-03-11T08:49:00+00:00,0.558862989958252,0.5569185099533418,0.5548566989204422
te:2841701,2025-03-11,2025,2025-03-11,samrej-f05ce,krutykh,2025-03-11T14:25:00+00:00,2025-03-10T17:49:00+00:00,0.0,2025-03-13T23:00:00+00:00,2025-03-11,1.8,2.03,0.5300261096605744,0.12024912815157689,0.6246436169968053,0.3890562168020643,0.0,0.0,0.6308078897325421,0.6563469019028787,3.3499256424374124e-09,144,206,False,False,False,045be838da15842e0355afcac445be1de3a441f7627b37bd31ae570bd71179dd,28244db12257a2641ca362165fe334ccdcb7fc988ffc2eec54db4d764d5fc521,1.85,1.98,True,2025-03-11T12:45:00+00:00,2025-03-11T11:56:00+00:00,0.543545478208241,0.5438320943162176,0.5404699825459504
te:2843145,2025-03-14,2025,2025-03-14,negritu,novak-77d05,2025-03-14T09:10:00+00:00,2025-03-13T18:48:00+00:00,1.0,2025-03-16T23:00:00+00:00,2025-03-14,1.82,2.05,0.5297157622739017,0.11900329206161245,0.6295781732271255,0.41140430814976825,2.0833333333333335,0.08333333333333333,0.6499234631956892,0.653729228387796,1.6131659619222916e-08,179,141,False,False,False,8a342d2f94c783a016e526fead95fcf47e678445114b2ff4dd2f08783bf9cc8a,d8852a9e0b2b479836d91859dda62b56177180a8a400389b6472f6f067cfc16e,1.85,2.03,True,2025-03-14T05:32:00+00:00,2025-03-14T05:32:00+00:00,0.5432590256982466,0.5437758180006977,0.5453928154686106
te:2843147,2025-03-14,2025,2025-03-14,cina,kirkin,2025-03-14T11:05:00+00:00,2025-03-13T18:49:00+00:00,1.0,2025-03-16T23:00:00+00:00,2025-03-14,2.0,1.85,0.4805194805194806,-0.07796154146971143,0.6021149686688029,0.4922468488471372,0.0,0.0,0.7163630705498026,0.636868579713315,1.646107355979254e-08,118,164,False,False,False,5887b2c40bdc460d950920de21bb1f359b884feabdd9d8268474be248a17cf36,a5334bea95a89ade6fa8376646fd5d64f470a5d3dd9d6b567566a2b3d0f7df8e,1.99,1.88,True,2025-03-14T08:51:00+00:00,2025-03-14T08:51:00+00:00,0.49773591323276534,0.49880831220710187,0.4954109553255952
te:2843699,2025-03-14,2025,2025-03-14,zahraj-42755,fery,2025-03-14T15:10:00+00:00,2025-03-13T18:47:00+00:00,0.0,2025-03-16T23:00:00+00:00,2025-03-14,1.87,1.99,0.5155440414507771,0.06219620786990554,0.6061480071037025,0.3689527983479686,1.3,0.13333333333333333,0.5484123246649821,0.5985539622905686,1.2167921215056055e-07,206,87,False,False,False,ad65e41d99740f84b5871d782e569178f46bb7953a5d93a7cd6882f562e86eea,2ebf09860a9205fb9e6f01b6c2dad2a34d1bc44767596393907328926dcf7700,1.93,1.94,True,2025-03-14T13:19:00+00:00,2025-03-14T13:19:00+00:00,0.5301700521879044,0.530161958746655,0.5302131581336991
te:2843701,2025-03-14,2025,2025-03-14,karatsev,rodesch,2025-03-14T11:50:00+00:00,2025-03-14T02:37:00+00:00,0.0,2025-03-16T23:00:00+00:00,2025-03-14,1.85,2.01,0.5207253886010362,0.08294908298075078,0.6402553083920289,0.4935233433102115,1.0166666666666666,0.2833333333333333,0.7093222456186334,0.6910847572271659,2.2118018527805816e-10,107,169,False,False,False,a4d1459c3b755692d23f804df41602229fa22a5630368120e40925754c570f14,83be1af8d66d6cd1e1e73289fabee086a7738981895ebe5311784d629ac8ecef,1.81,2.07,True,2025-03-14T11:31:00+00:00,2025-03-14T11:29:00+00:00,0.5349575149472877,0.536276725900005,0.5362759663098178
te:2844035,2025-03-14,2025,2025-03-14,borges-8d823,smith-4a480,2025-03-14T18:10:00+00:00,2025-03-14T11:27:00+00:00,0.0,2025-03-16T23:00:00+00:00,2025-03-14,1.78,2.1,0.5412371134020618,0.16532398042538338,0.641948469301907,0.41850713761849173,1.4,0.13333333333333333,0.7074648206941767,0.6963054948864176,9.56484891290188e-12,162,139,False,False,False,21ff97b7a53aac99b46abc7c0b66921343b1ed1a3fed8cdcbe5d80fd9dcf0984,f9c7f6726a1f5ac32129167e2892259963a6ba88bc8d7d43aec1b5b87537dc70,1.81,2.08,True,2025-03-14T17:51:00+00:00,2025-03-14T17:51:00+00:00,0.5538886085101828,0.5545449743879557,0.554828944429593
te:2844037,2025-03-14,2025,2025-03-14,bublik-43f80,moutet,2025-03-14T19:40:00+00:00,2025-03-14T09:59:00+00:00,1.0,2025-03-16T23:00:00+00:00,2025-03-14,1.73,2.18,0.5575447570332481,0.23120346829131025,0.6265661261098898,0.2863099045067605,0.3,0.3,0.6605005623069795,0.7043613886798767,2.4107937868222962e-11,103,139,False,False,False,ae7ecb9507b7dca354f738c1050ee14961f90098ac3aab1a45580d5badedfaf4,d4cc365f2090704c733717354914c2c3f4d20763b302b1a84e0c8b1a9291d8f8,1.74,2.19,True,2025-03-14T16:51:00+00:00,2025-03-14T16:24:00+00:00,0.5689197387360035,0.5683110611409201,0.5667905646435071
te:2844039,2025-03-14,2025,2025-03-14,nishikori,cobolli-d6311,2025-03-14T22:30:00+00:00,2025-03-14T10:05:00+00:00,1.0,2025-03-16T23:00:00+00:00,2025-03-14,1.74,2.15,0.5526992287917738,0.21158272891313384,0.6335006186824348,0.335681414215343,0.31666666666666665,0.31666666666666665,0.707730330596043,0.6748706672233328,4.5983561680618124e-08,116,156,False,False,False,e2243506644967c3f9ba6a422f2c8dd23c967ef78c37e8315289da971ffd96bd,f19590c2267f76e782203e1b07339e897b92ea24d591fd551474d56ae0bccd2a,1.78,2.12,True,2025-03-14T22:15:00+00:00,2025-03-14T22:15:00+00:00,0.5644550248352858,0.5643240447445611,0.5629012533125503
te:2844081,2025-03-14,2025,2025-03-14,buse,reis-da-silva,2025-03-14T20:35:00+00:00,2025-03-14T11:28:00+00:00,0.0,2025-03-16T23:00:00+00:00,2025-03-14,1.95,1.9,0.49350649350649356,-0.025975486403260445,0.6072347820204157,0.46167896985860013,1.4,0.5666666666666667,0.5409073429146639,0.5000000000000001,0.020460132299357003,175,128,False,False,False,2937ec162a59319cf8e0cd04f855fdad30d110c4f06e32b918a23e8e8b11cae0,ddf1cb1f9ee6f367b082e4eaadefb918e9f4fcde4703dc6d54ce671bed62f716,1.86,2.02,True,2025-03-14T18:07:00+00:00,2025-03-14T20:23:00+00:00,0.509778447313484,0.5106083490209975,0.5125528428428334
te:2844099,2025-03-14,2025,2025-03-14,muller-c81bc,lestienne,2025-03-14T19:10:00+00:00,2025-03-14T08:03:00+00:00,1.0,2025-03-16T23:00:00+00:00,2025-03-14,1.88,1.97,0.5116883116883117,0.04676176590803954,0.652968690770545,0.5853524112628099,0.0,0.0,0.735589843522272,0.7281442299768248,1.139782157544289e-10,162,141,False,False,False,9fb07478baffdc678803e503bfa9723ca466e01f5757cea990bcbcafe5f7b5e1,5c9a3e71b909d31f3658c2fa006510fc646a27bd3df81d9a4dbc982f234d75dc,1.92,1.95,True,2025-03-14T18:12:00+00:00,2025-03-14T18:12:00+00:00,0.526605841245703,0.5288314937658077,0.525458519750316
te:2844875,2025-03-18,2025,2025-03-18,mayot,butvilas,2025-03-18T09:40:00+00:00,2025-03-17T10:00:00+00:00,1.0,2025-03-20T23:00:00+00:00,2025-03-18,1.77,2.08,0.5402597402597403,0.16138834712748912,0.6179360253717979,0.31940851872263853,0.0,0.0,0.6521728717453165,0.7114308975860704,4.916002604993253e-10,173,218,False,False,False,79899ea9d521786e2a053c6a68dc781dc9383e834f99a9219b4c94a24a678201,62a4fde1658e8482df584e8019d0b01f5f839c7812d6e8864e2feabe43222fc7,1.76,2.11,True,2025-03-18T04:01:00+00:00,2025-03-18T04:01:00+00:00,0.5529872412215598,0.5526131264226691,0.5492621724347095
te:2846089,2025-03-18,2025,2025-03-18,olivo,wiskandt,2025-03-17T23:55:00+00:00,2025-03-17T10:29:00+00:00,1.0,2025-03-20T23:00:00+00:00,2025-03-18,1.91,1.91,0.5,0.0,0.616360686882052,0.47412950040574336,0.9833333333333333,0.9833333333333333,0.5504254420278825,0.5557238466010298,1.5845565876637657e-06,146,183,False,False,False,e0d5fd669315ab6833a42e2a520e2da3d87665ff509da365cd3a1248311d387f,b400ff351cc616012b91323ea61f57bb2645bb14faae245e0f50a10059e609d1,1.94,1.89,True,2025-03-17T20:00:00+00:00,2025-03-17T20:00:00+00:00,0.5157922741783226,0.5167904714014292,0.5194039164232218
te:2846099,2025-03-18,2025,2025-03-18,monteiro-f1500,bertola-e4bb8,2025-03-18T19:05:00+00:00,2025-03-18T10:29:00+00:00,1.0,2025-03-20T23:00:00+00:00,2025-03-18,2.11,1.75,0.4533678756476684,-0.18707215955255246,0.576627689134326,0.4960170055382241,1.8333333333333333,1.8333333333333333,0.8273196761488353,0.7056260783400541,4.893128402461144e-10,180,194,False,False,False,5f6ee97d7e549e0d2b1418dca481065febfac828d8065deffde7a26b9115118e,d2f2e54efc54a5151c1c12749fcb07400fdc9f171a0d6b7dde1d2f71eabe5dd9,2.06,1.79,True,2025-03-18T18:37:00+00:00,2025-03-18T18:14:00+00:00,0.472485671222324,0.47343188738779474,0.48121246984623967
te:2846617,2025-03-18,2025,2025-03-18,engel-6e09f,cukierman,2025-03-18T09:00:00+00:00,2025-03-16T18:40:00+00:00,1.0,2025-03-20T23:00:00+00:00,2025-03-18,1.93,1.83,0.48670212765957455,-0.0532040360634643,0.599289963229639,0.4557115304778813,0.0,0.0,0.558732023305845,0.5000000000000001,0.014561209162256325,169,77,False,False,False,88f5c78f372721d6df1e41e478d3d2f75388bc00e155369d00431e52bf90d270,d1451e89b672a173e46a088749815fe17e7f6f4cadfad88e72e729c999674b26,1.88,1.88,True,2025-03-17T10:16:00+00:00,2025-03-17T08:55:00+00:00,0.5034715023677347,0.504198641933923,0.5008015569780989
te:2847719,2025-03-18,2025,2025-03-18,mikrut,arnaboldi-d7371,2025-03-18T16:00:00+00:00,2025-03-17T19:10:00+00:00,1.0,2025-03-20T23:00:00+00:00,2025-03-18,2.09,1.76,0.4571428571428572,-0.17185025692665906,0.5866577815127323,0.5220160449872124,0.0,0.0,0.6916788013989486,0.600251269744356,1.5697863842145665e-09,150,148,False,False,False,5c8010d388e886b548beedc5bd4c0f02aabad87dbeb47fdb80961577db7979c8,359a24ba4db84fd761777faace01f090ae068cb4db2f0e4784882dbcbcbe601c,2.13,1.75,True,2025-03-18T13:18:00+00:00,2025-03-18T12:33:00+00:00,0.4760028121215951,0.47724377181170374,0.4738481965839052
te:2849837,2025-03-21,2025,2025-03-21,pacheco-mendez,hernandez-serrano,2025-03-21T00:10:00+00:00,2025-03-20T10:15:00+00:00,0.0,2025-03-23T23:00:00+00:00,2025-03-21,1.71,2.17,0.5592783505154639,0.23823379703779973,0.6146344985186237,0.22860174431100128,0.0,0.0,0.5000000237942246,0.5056780936537342,0.0017648762635285448,175,124,False,False,False,4f190be7c30d9c6d3ee35fc0085de12c7455d6056082072680c1b2778a35b931,a20e74068368bdec0b09201bb1c8f9d180c4ded619e930243a0f6e4d1ad77b3e,1.84,2.0,True,2025-03-20T19:33:00+00:00,2025-03-20T19:33:00+00:00,0.570516811915952,0.5693270135398302,0.5660048894794315
te:2850651,2025-03-21,2025,2025-03-21,barrios-vera,villanueva-55ff0,2025-03-20T23:00:00+00:00,2025-03-20T10:05:00+00:00,1.0,2025-03-23T23:00:00+00:00,2025-03-21,2.04,1.79,0.46736292428198434,-0.13073418800346137,0.6142036339284435,0.5957510312912488,0.26666666666666666,0.26666666666666666,0.6510986239706387,0.6043867289071735,2.3538021531877007e-10,172,167,False,False,False,562b77a9d538f2993ab9e053d908ca4f0d1b29fdefde48643ed31a35667df8c4,51783038f5b28547bcebbdee307cce22877b122b641b4ebc8e1417162fe129f8,2.0,1.84,True,2025-03-20T21:13:00+00:00,2025-03-20T21:13:00+00:00,0.48551392395567045,0.4875887823634758,0.485822635548283
te:2850807,2025-03-21,2025,2025-03-21,ficovich,johns-b2ed0,2025-03-21T21:10:00+00:00,2025-03-21T10:17:00+00:00,0.0,2025-03-23T23:00:00+00:00,2025-03-21,1.9,1.95,0.5064935064935064,0.025975486403260445,0.6301846702639783,0.507033645211575,0.7,0.03333333333333333,0.6820203526560124,0.656628522711513,5.239808587020889e-12,193,171,False,False,False,4d68a4a0b896eb143c00f96ad7b9e1d625f80a29fe53b12c89f1824650857dc6,099734bab601eca71422b6dfdb247d92adb063ed81554b852c0b8ef9bbca3845,1.96,1.91,True,2025-03-21T17:34:00+00:00,2025-03-21T17:34:00+00:00,0.5218015307948707,0.523180960760081,0.5215016768926289
te:2850991,2025-03-21,2025,2025-03-21,dzumhur,poljicak,2025-03-21T12:30:00+00:00,2025-03-20T18:08:00+00:00,0.0,2025-03-23T23:00:00+00:00,2025-03-21,1.97,1.88,0.4883116883116883,-0.04676176590803932,0.6001938321236694,0.45303457314124834,2.716666666666667,0.25,0.6009493208264376,0.5398571160806708,2.5815323489997155e-10,201,199,False,False,False,bbc63239593d09f2ed248acba1bd684d4d7cc11906e9cf3d14636799de0f70a6,73e64d8ee7dd986221674659f5e7b7d7e2dbd4cd072bddd01c57794d3034a564,2.04,1.84,True,2025-03-21T12:18:00+00:00,2025-03-21T12:18:00+00:00,0.5049638989748338,0.5056726141798341,0.5093600270024397
te:2851087,2025-03-21,2025,2025-03-21,taberner,fucsovics,2025-03-21T11:55:00+00:00,2025-03-20T18:53:00+00:00,1.0,2025-03-23T23:00:00+00:00,2025-03-21,2.01,1.85,0.4792746113989638,-0.08294908298075057,0.5151852714067773,0.1437088541990666,0.0,0.0,0.5000000000000001,0.6523852925414698,0.011687207128806679,200,123,False,False,False,c9b18f7013f10da1d68802ec523a10b7d6e9ab3fae6ed04de9fa3223f11ba1c8,6ae91b39e3b18c798650cce3fffdcdc1c2b1f875e4ce7f9fe6678dfee8acf05b,2.12,1.78,True,2025-03-21T10:42:00+00:00,2025-03-21T10:42:00+00:00,0.4965804693784649,0.4939997423721861,0.49058631499631045
te:2851195,2025-03-21,2025,2025-03-21,vallejo-d7859,galan-e4b30,2025-03-21T22:15:00+00:00,2025-03-21T10:09:00+00:00,0.0,2025-03-23T23:00:00+00:00,2025-03-21,1.82,2.05,0.5297157622739017,0.11900329206161245,0.5765515609990479,0.18962972465694936,1.5,0.7666666666666667,0.6328457398743818,0.741037807989372,6.481022690740801e-08,170,174,False,False,False,47d01d8e4923bde7ba66369062913649e9b6c385c4f0ae452af6a1da17ae9cb0,16fa41d243a42f7280ed298e7474e7812e3fb87d0ff3cf2cc509294613a5cc9f,1.88,1.99,True,2025-03-21T22:06:00+00:00,2025-03-21T22:06:00+00:00,0.5432590256982466,0.5414727782271552,0.5443924987269044
te:2851199,2025-03-21,2025,2025-03-21,monteiro-f1500,guillen-meza,2025-03-21T20:10:00+00:00,2025-03-21T10:17:00+00:00,0.0,2025-03-23T23:00:00+00:00,2025-03-21,1.83,2.04,0.5271317829457364,0.10863384100279519,0.6361394412304574,0.45001323158458617,1.9333333333333333,1.2666666666666666,0.7472618953599749,0.6987968175200656,4.1519998550398896e-10,182,154,False,False,False,d3f44b8703c771bcc1e1c7dcb58038c18048977e9af9b1142eb4348e29472e17,686365ffcca3f46e243f6b544be9541d415cd368a06f5a06f707a324bea3e519,1.79,2.1,True,2025-03-21T14:07:00+00:00,2025-03-21T16:03:00+00:00,0.5408737067711064,0.5417766296470687,0.5475877316432605
te:2852235,2025-03-25,2025,2025-03-25,blanchet,trungelliti,2025-03-25T15:25:00+00:00,2025-03-23T19:26:00+00:00,1.0,2025-03-27T23:00:00+00:00,2025-03-25,1.78,2.05,0.5352480417754569,0.14122642884632308,0.6458853031038678,0.4597746466099689,1.3333333333333333,0.26666666666666666,0.7387475000988224,0.7107092355862171,2.4226731731857853e-12,136,155,False,False,False,9da33999d4a9b4c434628c023dbd9cf592a3390cb2b489e23060ab28408d1cee,3f830638ff10584ea516cbc547251ace97b694b7daac16b9a4eb33a21d929255,1.79,2.06,True,2025-03-24T12:37:00+00:00,2025-03-25T03:51:00+00:00,0.5483642726511406,0.5494140307873177,0.5500591312087252
te:2853137,2025-03-25,2025,2025-03-25,hernandez-serrano,mejia-a7d27,2025-03-24T23:10:00+00:00,2025-03-24T11:22:00+00:00,1.0,2025-03-27T23:00:00+00:00,2025-03-25,2.11,1.75,0.4533678756476684,-0.18707215955255246,0.6132279644679081,0.6479734456696602,0.65,0.65,0.5000000007008488,0.5185266967931572,0.014529794003766736,123,172,False,False,False,ce48b1af0a7ea92ba33266d8c99eda063c26dceaf9152f326abcca415fc61daa,11c4858445a32187d1bc2d97b7cb585dbb93371c1e6058fa0282a4e1062f17af,2.01,1.84,True,2025-03-24T19:30:00+00:00,2025-03-24T20:46:00+00:00,0.472485671222324,0.475017223000058,0.475588730969898
te:2853155,2025-03-25,2025,2025-03-25,nava-337db,dutra-da-silva,2025-03-25T17:15:00+00:00,2025-03-25T09:07:00+00:00,0.0,2025-03-27T23:00:00+00:00,2025-03-25,2.19,1.69,0.43556701030927836,-0.25917301489342737,0.5891351073762482,0.6195641245365847,2.3,0.8333333333333334,0.7014714850691985,0.611079838358245,9.11336006659269e-11,163,182,False,False,False,6547b20525efe46675d80aa2a7a615ae389130bf20eb3baf8eb3ff09957503af,626b29492e3b8b51bb427566edc6fdeb62e10c168b8056c8ad3fb711a257a448,2.18,1.71,True,2025-03-25T16:05:00+00:00,2025-03-25T16:05:00+00:00,0.45586911729969826,0.4579870361127235,0.46294617717856806
te:2853163,2025-03-25,2025,2025-03-25,pucinelli-de-almeida,guillen-meza,2025-03-25T13:10:00+00:00,2025-03-25T00:44:00+00:00,0.0,2025-03-27T23:00:00+00:00,2025-03-25,1.92,1.9,0.4973821989528796,-0.010471299867295303,0.614756036982678,0.4778199973608616,2.283333333333333,0.38333333333333336,0.5023219937329529,0.5000007269899098,0.0007468188067986659,159,158,False,False,False,7d75063f319ffc54b488d03d34d1375986155b58412be3f0bcbcea35cd69cf5e,63673dac5bffc3ccfc19568af7159a953cd1a10ed9c8e3cc704067b96a22e8b3,1.9,1.93,True,2025-03-25T09:35:00+00:00,2025-03-25T07:05:00+00:00,0.5133684180877579,0.514389863992931,0.5176169930972969
te:2855515,2025-03-25,2025,2025-03-25,kicker,vallejo-d7859,2025-03-25T15:00:00+00:00,2025-03-25T10:27:00+00:00,0.0,2025-03-27T23:00:00+00:00,2025-03-25,2.14,1.72,0.4455958549222798,-0.21848153820839833,0.568794664979828,0.49541664520875084,1.5,0.9333333333333333,0.5000000000000001,0.6020117636948115,0.02571359437058439,87,176,False,False,False,95ea32c91026986e6930c0b346c4f478f8ceb09ed176fb5219d82e12a17281d0,c25f98112a03e83740e19686744033de8341473c70f8e056d219eb4776c44c75,2.09,1.76,True,2025-03-25T11:24:00+00:00,2025-03-25T11:24:00+00:00,0.4652372990861452,0.46612890939667373,0.46968542901715
te:2856837,2025-03-28,2025,2025-03-28,kopriva,arnaboldi-d7371,2025-03-28T10:05:00+00:00,2025-03-27T23:34:00+00:00,1.0,2025-03-30T23:00:00+00:00,2025-03-28,2.17,1.73,0.4435897435897435,-0.2266057590426809,0.4690622775674876,0.10269657585469973,0.7833333333333333,0.15,0.7271243391969013,0.540289920433834,1.6624060225622905e-08,174,141,False,False,False,403dbca2503d6ede7bc524a9c27172038ab824fc3a093be90373f860f0d85da3,b3ca82632cd0644276180b86f8e0514d6e951996fcddef45a7625270e7f5deb7,2.21,1.72,True,2025-03-28T09:27:00+00:00,2025-03-28T09:27:00+00:00,0.4633647285166924,0.46015920004396327,0.4590818982105345
te:2856947,2025-03-28,2025,2025-03-28,svrcina,dellien-e101c,2025-03-28T13:05:00+00:00,2025-03-28T01:30:00+00:00,0.0,2025-03-30T23:00:00+00:00,2025-03-28,1.98,1.88,0.4870466321243523,-0.05182506786458622,0.5368228794072728,0.19938374365141975,0.8666666666666667,0.23333333333333334,0.6339923694300578,0.5000000000000001,0.018199056550402326,190,151,False,False,False,e0c02a919f6a1a8b60010d93fd1c995c1ecd3d1fe73f66e0693d06b5dd8e4a1b,e962e17704775a6a9b3464fba639d9064a3ea07f4e72f9f935792244dc5779bc,2.01,1.86,True,2025-03-28T12:40:00+00:00,2025-03-28T12:40:00+00:00,0.5037909560332112,0.5018389090944483,0.5012825351613459
te:2857003,2025-03-28,2025,2025-03-28,olivieri-ff875,galan-e4b30,2025-03-28T16:10:00+00:00,2025-03-28T09:28:00+00:00,1.0,2025-03-30T23:00:00+00:00,2025-03-28,1.94,1.91,0.49610389610389616,-0.015584731016698041,0.5400120572289986,0.17597592075536822,0.85,0.21666666666666667,0.6423256370629106,0.7828048412614131,8.049224758943652e-09,158,179,False,False,False,cc3e4eb7a8cee30f5c9e0ce57c8131af2ee4ba3b904a2bd445e4f3b75410eeab,305567b2c77880f1e161485ff13fe82e6800c4c65c7c9a82e49afc818db04a9a,1.99,1.87,True,2025-03-28T15:29:00+00:00,2025-03-28T15:07:00+00:00,0.5121845451622193,0.5100427273475522,0.5093866023333798
te:2857211,2025-03-28,2025,2025-03-28,de-jong-57322,ofner-44428,2025-03-28T12:00:00+00:00,2025-03-27T23:34:00+00:00,1.0,2025-03-30T23:00:00+00:00,2025-03-28,1.75,2.14,0.5501285347043702,0.20119004109833744,0.6255600541034355,0.31202586194574594,0.8333333333333334,0.8333333333333334,0.7517501119522618,0.6883554858226979,6.5609050692305715e-09,179,80,False,False,False,9f1e18944941ae45d90d89cc26688c02998dfbc1177622459d43bd840fef971f,1eb477fc3d9d0ee54f43479598c30c1d821c6ae50f20d8b1d3a608a7ce190380,1.81,2.08,True,2025-03-28T08:34:00+00:00,2025-03-28T08:34:00+00:00,0.562085871954387,0.5616957886363821,0.5633780944702621
te:2857277,2025-03-28,2025,2025-03-28,kicker,justo,2025-03-28T14:10:00+00:00,2025-03-28T09:28:00+00:00,1.0,2025-03-30T23:00:00+00:00,2025-03-28,2.0,1.85,0.4805194805194806,-0.07796154146971143,0.6024011825236156,0.49344168035004554,1.3166666666666667,0.7833333333333333,0.5000000000000001,0.5524614658265966,0.00684873144355215,95,179,False,False,False,d9d39d7ac1488d19a257dcea33f41db0876333fd7f840d6004b2344e5ae2bf58,21f996018ec506eec992a35d428ba12ed7a0dede8bafec20015785ff6a20423b,1.99,1.86,True,2025-03-28T13:38:00+00:00,2025-03-28T13:46:00+00:00,0.49773591323276534,0.4988208108358495,0.5014116944853452
te:2857285,2025-03-28,2025,2025-03-28,darderi,wawrinka-ffdb9,2025-03-28T17:15:00+00:00,2025-03-28T09:26:00+00:00,0.0,2025-03-30T23:00:00+00:00,2025-03-28,1.67,2.28,0.5772151898734177,0.3113518165376855,0.637640788612362,0.2537872645185608,0.9,0.3333333333333333,0.7100153865243127,0.7643213208177189,2.456118641802618e-12,151,87,False,False,False,3053c046364466de2f0fcc78f29b9ff7035f8b9e71c011b42fc85fdfa0d23396,a88620997ae91c4c3216d277f664eb18b6b692af0e60e40be2be4a79f9f05bc2,1.7,2.25,True,2025-03-28T17:04:00+00:00,2025-03-28T17:04:00+00:00,0.5870341513574938,0.5862184547938302,0.5861569536173503
te:2857345,2025-03-28,2025,2025-03-28,soto-fec8d,burruchaga,2025-03-28T16:45:00+00:00,2025-03-28T09:28:00+00:00,1.0,2025-03-30T23:00:00+00:00,2025-03-28,2.01,1.85,0.4792746113989638,-0.08294908298075057,0.6162943542557744,0.5567980691003196,0.9333333333333333,0.36666666666666664,0.6191662110210244,0.666884373490552,2.57535659464736e-12,180,185,False,False,False,2fee75cfb055ae0256657ecc38588b84e0e62a43bd2d11a61d3e37568419aadc,b31e06f509c478b8f2acfc3b67c23702bafb1f9a63721b72ad7f62998f879326,2.02,1.86,True,2025-03-28T16:05:00+00:00,2025-03-28T16:38:00+00:00,0.4965804693784649,0.49832063708093993,0.4984430636201253
te:2857389,2025-03-28,2025,2025-03-28,nava-337db,reis-da-silva,2025-03-28T18:45:00+00:00,2025-03-28T09:29:00+00:00,0.0,2025-03-30T23:00:00+00:00,2025-03-28,2.07,1.8,0.4651162790697674,-0.13976194237515893,0.5655168959456667,0.4033450573745365,1.7166666666666666,1.15,0.6905714831947967,0.5787263547819037,2.123357045746843e-12,167,134,False,False,False,bf3c28b0331d69ce81036e7d8c97a718783c35b20d4c96956f08861cee9acf1a,644f12f7592433b810182b36e9ff87b2807a46378a421c8c5fbef637bd524bf9,2.12,1.78,True,2025-03-28T18:01:00+00:00,2025-03-28T18:01:00+00:00,0.4834244525831383,0.4834745972355031,0.48836799716827856
te:2858639,2025-04-01,2025,2025-04-01,dodig-b6156,cecchinato,2025-04-01T14:30:00+00:00,2025-03-30T18:36:00+00:00,1.0,2025-04-03T22:00:00+00:00,2025-04-01,1.92,1.9,0.4973821989528796,-0.010471299867295303,0.6192467271313947,0.49682349542410315,1.2166666666666666,0.6166666666666667,0.6628205976579034,0.7245652616956413,2.8803598395299446e-11,148,131,False,False,False,d31bcc5d4689955c237a26e5cc5cb7d2ff59c9af380eee7879edbdf27a6442a0,07f4f156c0d982bfc483e9e762d1f7e3fd9cf4438eb6df9959fe2fe4ea4a7eb3,1.93,1.91,True,2025-03-31T07:31:00+00:00,2025-03-31T07:31:00+00:00,0.5133684180877579,0.5145884857594903,0.5163151240379749
te:2858643,2025-04-01,2025,2025-04-01,poljicak,barrere-ea847,2025-04-01T11:40:00+00:00,2025-03-30T18:29:00+00:00,1.0,2025-04-03T22:00:00+00:00,2025-04-01,1.82,2.0,0.5235602094240838,0.0943106794712413,0.6341233129421749,0.45563639993829164,0.38333333333333336,0.38333333333333336,0.7319579279579033,0.6877817767358514,7.48110565162996e-09,199,131,False,False,False,6edbc3036141b62ee3a0e04cdf81e41f6fce618921693ba57720f16c1d5f8e28,264a7de4974bb365343f05754022f0edbedd75a3d264d01ab2679e758d98f72c,1.79,2.06,True,2025-03-31T09:32:00+00:00,2025-04-01T10:10:00+00:00,0.5375758426195333,0.5385169382466055,0.5374802240243953
te:2858677,2025-04-01,2025,2025-04-01,gaubas,squire,2025-04-01T10:15:00+00:00,2025-03-31T01:11:00+00:00,0.0,2025-04-03T22:00:00+00:00,2025-04-01,1.63,2.23,0.5777202072538861,0.31342157065335663,0.6221679571872667,0.18533874757519392,0.65,0.08333333333333333,0.6594332214266782,0.7135933948173083,6.332509516759899e-11,174,157,False,False,False,f0d6440550f7d8e5c72f67771e9968aaad18ba43c9858abebc0201c949bf55ed,be9e3e21da0d7caaf0e8dcab0b512e737564e282bcab60764ef32fcb76308c14,1.64,2.24,True,2025-04-01T01:03:00+00:00,2025-04-01T01:03:00+00:00,0.5874990520278982,0.5859919587403822,0.5844441594223863
te:2862305,2025-04-04,2025,2025-04-04,gaubas,ofner-44428,2025-04-04T10:10:00+00:00,2025-04-03T17:26:00+00:00,0.0,2025-04-06T22:00:00+00:00,2025-04-04,1.97,1.88,0.4883116883116883,-0.04676176590803932,0.590459647842331,0.41262762512846657,0.9166666666666666,0.9166666666666666,0.6263340557134621,0.7182223016827664,8.841261056602434e-13,174,88,False,False,False,987d8f2430e1e3328e8beb4ecf6cb3a53cd1012dc3481ef3a24291e07aa685a0,39a238f835f9c7db2fc5e4342b1a5b1e089491985aa7f9b33189b15890fac757,1.8,2.09,True,2025-04-04T09:57:00+00:00,2025-04-04T09:57:00+00:00,0.5049638989748338,0.5052499822041838,0.5074524272344941
te:2862359,2025-04-04,2025,2025-04-04,royer,dalla-valle,2025-04-04T09:10:00+00:00,2025-04-03T17:18:00+00:00,1.0,2025-04-06T22:00:00+00:00,2025-04-04,2.1,1.78,0.45876288659793807,-0.16532398042538382,0.5061800859123489,0.19004558306418962,0.0,0.0,0.8443927591764362,0.6792467181874984,2.7172708527700706e-14,212,148,False,False,False,d41e73f71c4e933f4bf3d7d2e97cf1456fcdb2380424631fb5ecf851d6b1aefe,37f18de6a9cf712119fe662ce6c920de26c9002f1d2cbb08e777d3f3fc0f3be7,2.16,1.75,True,2025-04-04T08:34:00+00:00,2025-04-04T08:34:00+00:00,0.47751150969820316,0.47529725292393027,0.4718880193586917
te:2862433,2025-04-04,2025,2025-04-04,martin-tiffon,taberner,2025-04-04T12:20:00+00:00,2025-04-03T17:32:00+00:00,1.0,2025-04-06T22:00:00+00:00,2025-04-04,1.85,2.0,0.5194805194805195,0.0779615414697121,0.6122230729994127,0.378704929117723,0.0,0.0,0.5237845073180564,0.5000000000254546,0.01912568519371484,197,205,False,False,False,4b76cf9ceb6ab31f0e180465eb1568e70008fe8dca0de64099498441409dd939,549694964d6e766a3f3a4331bc33f6456476c2ed8ddd6c6aff0d03af835b5ac1,1.86,2.02,True,2025-04-04T10:30:00+00:00,2025-04-04T08:32:00+00:00,0.5338074976135571,0.533924380724114,0.5305483667445169
te:2862469,2025-04-04,2025,2025-04-04,svrcina,geerts,2025-04-04T10:25:00+00:00,2025-04-03T17:19:00+00:00,0.0,2025-04-06T22:00:00+00:00,2025-04-04,2.0,1.85,0.4805194805194806,-0.07796154146971143,0.5501287455183572,0.27915243438606474,1.0666666666666667,0.36666666666666664,0.6948821266557866,0.5691668074245222,4.1504494285860005e-11,197,195,False,False,False,65fabe1282a2829027237f3f2f892bf8a68f900bca8db05a9b434dca0e0bf8b4,2df982c332ca181de9499ed74654d530540d29855949cd134b401321f2e64ab8,2.14,1.77,True,2025-04-04T07:31:00+00:00,2025-04-04T08:06:00+00:00,0.49773591323276534,0.49657925993888047,0.49698944098687625
te:2862501,2025-04-04,2025,2025-04-04,neumayer,moller-6ea06,2025-04-04T15:20:00+00:00,2025-04-03T17:31:00+00:00,0.0,2025-04-06T22:00:00+00:00,2025-04-04,1.91,1.94,0.5038961038961038,0.015584731016698041,0.6137496684593827,0.4475167213343359,1.6333333333333333,0.7666666666666667,0.5000000090150901,0.5150941400961331,0.0017868071938719476,190,212,False,False,False,b0bd65d7850c741f3866ff9363c7a8d25c901384a425c8483c87413c3c5b63d6,bff778d01c4a42483964455bf9a9484cee7dbaf715b449853056092fbbc4f627,1.89,1.98,True,2025-04-04T13:31:00+00:00,2025-04-04T13:31:00+00:00,0.5193983579219167,0.5201413279250313,0.523380669578582
te:2863495,2025-04-08,2025,2025-04-08,majchrzak-905d8,dellien,2025-04-08T11:55:00+00:00,2025-04-07T18:29:00+00:00,0.0,2025-04-10T22:00:00+00:00,2025-04-08,1.78,2.06,0.5364583333333334,0.14609261849749608,0.6015002020077616,0.2656272614473977,2.4,0.26666666666666666,0.6746680125398837,0.603195745621738,7.313517014218007e-10,168,200,False,False,False,8b447035f1d0f0a8917e7c745e6a225ecf9bb4026c5f048e87f41036a25c40aa,16197fa6907f0ff5dc92515f43783cd82ee1cbc63f990cebb4b7d5e8b60da672,1.81,2.05,True,2025-04-08T10:16:00+00:00,2025-04-08T10:16:00+00:00,0.5494808467938829,0.5485263539367377,0.5515418587415432
te:2863527,2025-04-08,2025,2025-04-08,vasami-a02e2,jubb,2025-04-08T11:35:00+00:00,2025-04-07T16:29:00+00:00,0.0,2025-04-10T22:00:00+00:00,2025-04-08,1.91,1.91,0.5,0.0,0.5649714644385732,0.2613635965235946,0.9833333333333333,0.48333333333333334,0.6398872280748565,0.7599693139446448,1.751156880613891e-08,27,134,False,False,False,eb010eae741a65c3a1f9e08bf2248f53359493c7a733d2129a4816472a182378,03a8c1d5f52e5c36672482c4cb6c5509619ebb947b279e8714c9686d08f74a3c,1.96,1.87,True,2025-04-08T11:26:00+00:00,2025-04-08T11:26:00+00:00,0.5157922741783226,0.5145669966080384,0.5152444230516402
te:2864023,2025-04-08,2025,2025-04-08,meligeni-rodrigues-alves,zhukayev,2025-04-07T23:20:00+00:00,2025-04-07T09:09:00+00:00,1.0,2025-04-10T22:00:00+00:00,2025-04-08,1.65,2.27,0.5790816326530612,0.3190045435808221,0.6683678887468352,0.38180795412950574,0.95,0.21666666666666667,0.7727117469118474,0.7606633043653328,3.5131009212818753e-11,156,161,False,False,False,765073f6d7bf5fff505310db4015617c88c1aa32e7f23d6dabbd9f6a1a19e7cb,d5c7f43d1a885bab38d7f420a6bc3e092c54e4c37ccb87a83f06770cdda06396,1.6,2.41,True,2025-04-07T21:24:00+00:00,2025-04-07T23:19:00+00:00,0.5887522989714746,0.589245812810008,0.5888641473131443
te:2864891,2025-04-08,2025,2025-04-08,gea,kuzmanov,2025-04-08T08:10:00+00:00,2025-04-07T18:45:00+00:00,1.0,2025-04-10T22:00:00+00:00,2025-04-08,1.95,1.87,0.4895287958115184,-0.041890941709159774,0.5969658362252552,0.43472949572276076,0.7666666666666667,0.7666666666666667,0.5000000000000001,0.5630220518486457,0.005351686989276003,167,114,False,False,False,a2faa8159a552e7db2befcc02ed121fc1e07699c438f5d9ed53d3bafb21cd2df,456f4bf10215081c2dca17b2f01c2869bbe9acd85c44ad900d9a77cd66dea686,2.02,1.83,True,2025-04-08T07:44:00+00:00,2025-04-08T07:44:00+00:00,0.5060922019328865,0.5066167000751584,0.5079040593888681
te:2864901,2025-04-08,2025,2025-04-08,landaluce-84126,bertola-e4bb8,2025-04-08T15:35:00+00:00,2025-04-07T18:03:00+00:00,0.0,2025-04-10T22:00:00+00:00,2025-04-08,1.97,1.85,0.48429319371727747,-0.06284790365966375,0.5445049782549851,0.24134020136092932,0.26666666666666666,0.26666666666666666,0.6730565224314178,0.5439748078306894,3.891815278378452e-08,144,183,False,False,False,04d5416c196ecfddc3b2a66a70c70a7f4b340c599442c57b60edc8b6723e6301,68b01ffd91f404e0eb38c374a50bb25daa634d6b3f51efe165569f10f98c7e4d,2.04,1.81,True,2025-04-08T15:00:00+00:00,2025-04-08T15:00:00+00:00,0.5012373261057668,0.4997076560003382,0.49792915883183253
te:2864907,2025-04-08,2025,2025-04-08,piros,rincon-d1dab,2025-04-08T09:10:00+00:00,2025-04-07T18:02:00+00:00,1.0,2025-04-10T22:00:00+00:00,2025-04-08,1.79,2.04,0.5326370757180157,0.13073418800346137,0.6265923459662376,0.3868912461435827,2.6333333333333333,1.1666666666666667,0.643901114818161,0.6339839555251636,1.2121526005159922e-10,166,160,False,False,False,5f85cd2c514b18a0895e4b7f9f7897e671f1d7153e91788e45f68bcdb1240e0c,f8b0e552450b53197395f7f687b7b3e827f7a112d8372bc8c1ed283c976550ae,1.83,2.01,True,2025-04-08T04:54:00+00:00,2025-04-08T08:01:00+00:00,0.5459551268581758,0.5462345558681765,0.553212839273896
te:2865851,2025-04-08,2025,2025-04-08,andrade-58258,prado-angelo,2025-04-08T15:45:00+00:00,2025-04-08T08:44:00+00:00,0.0,2025-04-10T22:00:00+00:00,2025-04-08,1.93,1.88,0.4934383202099738,-0.026248226074936154,0.6183085810362351,0.5086234025804279,0.7666666666666667,0.7666666666666667,0.5838151526126685,0.5752221329156939,7.0613090930038425e-09,124,164,False,False,False,a2892c5a2e4cd3e2f5c7209e950152eaf53bb240aa4dae8aab3fe41c5ec093e9,f270bed0cb8bf3a574aa53db1532a6e52c48162f7f1615ce55a3010bf8c24633,2.03,1.82,True,2025-04-08T15:32:00+00:00,2025-04-08T15:32:00+00:00,0.5097152847433496,0.5110356237518758,0.5123272917208502
te:2865857,2025-04-08,2025,2025-04-08,maloney-d0a78,damm-4f98a,2025-04-08T20:20:00+00:00,2025-04-08T09:04:00+00:00,1.0,2025-04-10T22:00:00+00:00,2025-04-08,1.72,2.15,0.5555555555555556,0.22314355131420988,0.6497961532169918,0.3949997476308978,0.0,0.0,0.7228296818650909,0.7553815385681151,1.4225532751765968e-08,153,70,False,False,False,a2e204182e8434b5042816831586b4a06cb18ec22bd18830071471b062bcd68d,8fe9c0b88e91adec86d64f2913b00317e709939bb1ca2033e6558267af49111a,1.78,2.07,True,2025-04-08T18:14:00+00:00,2025-04-08T19:21:00+00:00,0.5670870114602405,0.5675824348535871,0.5642636275169279
te:2866393,2025-04-11,2025,2025-04-11,collignon,choinski,2025-04-11T14:25:00+00:00,2025-04-10T16:13:00+00:00,,,,1.9,1.95,0.5064935064935064,0.025975486403260445,0.558665221831668,0.20977119812835007,0.6833333333333333,0.6833333333333333,0.7145735743065373,0.5943993779637302,7.354464814923745e-09,212,156,False,False,False,d4ac05637d20be648f74e2f980ef81eb6dd135e786525572b47e6938f107af6b,d832a4dd723f39f41b550112c396b95803b5727b349a893505e06e1dbe1ee1a8,1.97,1.9,True,2025-04-11T12:20:00+00:00,2025-04-11T12:20:00+00:00,0.5218015307948707,0.5200772349946383,0.5208493098114384
te:2866471,2025-04-11,2025,2025-04-11,van-assche,arnaboldi-d7371,2025-04-11T11:30:00+00:00,2025-04-10T16:15:00+00:00,1.0,2025-04-13T22:00:00+00:00,2025-04-11,1.95,1.9,0.49350649350649356,-0.025975486403260445,0.5775643701296277,0.3387583061619711,0.35,0.35,0.6618744446232516,0.5647348310129491,3.1515040577190234e-10,139,143,False,False,False,5581eaacf2e943b9ecb1b6a4f9f6430de7ffe7d5a5e741b1d0ce5cb9bfa74d21,feb97b89d38feb898f74eb54dff571c66af78ae22ba8d1ce21abc266619013b9,1.93,1.93,True,2025-04-11T07:31:00+00:00,2025-04-11T07:41:00+00:00,0.509778447313484,0.5093230320569452,0.5080617063882163
te:2866561,2025-04-11,2025,2025-04-11,royer,piros,2025-04-11T09:10:00+00:00,2025-04-10T16:16:00+00:00,,,,1.68,2.25,0.5725190839694657,0.2921364228011615,0.6045597119884187,0.13236422418214144,2.55,0.48333333333333334,0.7923652294054672,0.6975000821252733,1.0674905404073343e-11,218,168,False,False,False,256a072875839d2cf75a906cc8f2f36b4023a58138e59030e811c067dd0a03b6,fc461abdf80bfb970a1d5c3cfca2d4e6831a0814e1bbffd9fe41788ac8b4c427,1.7,2.24,True,2025-04-11T08:21:00+00:00,2025-04-11T08:21:00+00:00,0.5827107512462067,0.5806280611147493,0.5847379249541618
te:2866593,2025-04-11,2025,2025-04-11,gomez-e101b,jianu-c67fb,2025-04-11T15:10:00+00:00,2025-04-10T16:17:00+00:00,0.0,2025-04-13T22:00:00+00:00,2025-04-11,1.8,2.07,0.5348837209302325,0.1397619423751585,0.5993930144429701,0.2631746973745408,1.0,1.0,0.5370161449726807,0.5992036519431546,9.178878490612163e-10,165,203,False,False,False,40805bd0efba1fd1d37e8b133b01e1e6a68da80abfb59c6312a837e60c464c1b,7ffc9d227c70f38d3a6cdf8e909a033fe44958b10f409856b54f121dce20fba3,1.81,2.08,True,2025-04-11T14:50:00+00:00,2025-04-11T14:50:00+00:00,0.5480281422579796,0.5470383149621574,0.5497330343755685
te:2866623,2025-04-11,2025,2025-04-11,spizzirri,blancaneaux,2025-04-11T15:10:00+00:00,2025-04-10T16:16:00+00:00,0.0,2025-04-13T22:00:00+00:00,2025-04-11,1.96,1.89,0.49090909090909085,-0.03636764417087508,0.5405041408392801,0.19874001221266852,0.7833333333333333,0.7833333333333333,0.6388482207615062,0.5079020933780246,4.796579800014911e-12,172,140,False,False,False,c1bf355545709344d950f1e2f78edf639c5233b06078e73e2a3ffbcf05628030,5065c554015c11e2c41efd79a9e0d73a707bf2e9e4195297e46c9e888349ab90,1.97,1.9,True,2025-04-11T14:50:00+00:00,2025-04-11T14:50:00+00:00,0.5073715714986419,0.5054361180391823,0.5068147579875885
te:2866749,2025-04-11,2025,2025-04-11,sachko,vasami-a02e2,2025-04-11T09:10:00+00:00,2025-04-10T16:13:00+00:00,1.0,2025-04-13T22:00:00+00:00,2025-04-11,1.86,1.99,0.5168831168831169,0.0675581510112914,0.4698141574999883,-0.18844853538724318,1.1333333333333333,1.1333333333333333,0.8278620904314477,0.6421721584117899,1.8775757060218723e-09,191,27,False,False,False,2bc94d936f38566e19d6ff3c936c093b02972599fdc0db0fd30e5d79d70de922,8d2d5bfc289d671edb1045d7f3299e3b603ff0afbc45720a98ab483f093c8edb,1.85,2.02,True,2025-04-11T02:15:00+00:00,2025-04-11T05:31:00+00:00,0.531407561956671,0.52559568221787,0.5290930574054716
te:2866767,2025-04-11,2025,2025-04-11,cilic,gaubas,2025-04-11T09:10:00+00:00,2025-04-10T16:19:00+00:00,1.0,2025-04-13T22:00:00+00:00,2025-04-11,1.78,2.11,0.5424164524421594,0.17007458318398147,0.6250138749214045,0.34081024068476384,1.4666666666666666,1.4666666666666666,0.7460171133918623,0.6840252828740725,1.988672848618478e-08,63,183,False,False,False,08773a6e122ab407deb5dbe41b2a165af52fc57ef21893f40621ad6a3de1a679,7beca91372772e7441efd7d26764614ff106b9fd2475de32cdae96e0283a2065,1.84,2.04,True,2025-04-11T07:37:00+00:00,2025-04-11T07:37:00+00:00,0.554976153623007,0.5548363667841976,0.5603402896865888
te:2866805,2025-04-11,2025,2025-04-11,draxl,andrade-58258,2025-04-11T17:50:00+00:00,2025-04-10T20:14:00+00:00,1.0,2025-04-13T22:00:00+00:00,2025-04-11,2.0,1.86,0.48186528497409326,-0.07257069283483547,0.5470533625171239,0.26134272488130866,0.0,0.0,0.7081090970732389,0.57886483108993,1.2863599074819376e-12,184,121,False,False,False,26a2ac84cdc2267681c65db659637117eae1fb52eac8400127f8f5ec466ea9fe,32ed62f5ac1e52bd90ccb2279327ed7f598c6f6dd884da5f5207578de412d1ab,1.97,1.9,True,2025-04-11T13:32:00+00:00,2025-04-11T13:32:00+00:00,0.4989848164608092,0.4976498866383569,0.49424223937860684
te:2866891,2025-04-11,2025,2025-04-11,huesler,dougaz,2025-04-11T19:10:00+00:00,2025-04-10T21:04:00+00:00,1.0,2025-04-13T22:00:00+00:00,2025-04-11,1.76,2.12,0.5463917525773196,0.1861022796338609,0.5825862654620708,0.14729709097482485,1.4166666666666667,1.4166666666666667,0.8078134050286693,0.693455093720286,2.190692072190359e-12,156,211,False,False,False,199da2fcf491ff7ae3566992914c5e69ba660f853f78cdc103b2746533da476f,d92175fd7994305d04dad5c9b9e31b995bc337d90184ad12ee09a3ba4682a5f4,1.7,2.24,True,2025-04-11T18:02:00+00:00,2025-04-11T18:49:00+00:00,0.5586413968251379,0.5565279684823238,0.5617189688651311
te:2866893,2025-04-11,2025,2025-04-11,nava-337db,barrios-vera,2025-04-11T20:25:00+00:00,2025-04-11T08:36:00+00:00,1.0,2025-04-13T22:00:00+00:00,2025-04-11,1.79,2.08,0.537467700258398,0.1501522738605631,0.6165496008065814,0.32477622572497655,1.2166666666666666,0.55,0.7090186745062957,0.6486583857162878,1.1699092805628197e-09,177,188,False,False,False,4d60d5063d02926e62d1b35c2dfa8d4a8a330dc2f266c752daf66acef064d19d,250a232dc2f22cbe48f97daeb8e7607448786a0092ca56bdf2cc3cf378ebf39e,1.83,2.05,True,2025-04-11T20:03:00+00:00,2025-04-11T20:03:00+00:00,0.5504119764816938,0.550076444152504,0.5515373114478735
te:2867475,2025-04-15,2025,2025-04-15,chung-bdb8e,ruusuvuori,2025-04-15T04:30:00+00:00,2025-04-13T10:40:00+00:00,0.0,2025-04-17T22:00:00+00:00,2025-04-15,1.83,2.0,0.5221932114882506,0.08883121370661551,0.6194349682029905,0.3983194330776896,0.0,0.0,0.5883398145926265,0.5859732170467721,1.9041155766008622e-07,80,66,False,False,False,8b2280a3a944dd163474bd87b99a1922685aa9a7c70de98ab5f3fdd94d52fe39,f6edd451227f5dec0c4f717ee26eda90e076bbf52ad32b4d61c8b92ac0beec98,1.77,2.1,True,2025-04-15T03:44:00+00:00,2025-04-15T04:14:00+00:00,0.5363133264393031,0.5366503486754095,0.5332786177161871
te:2867483,2025-04-15,2025,2025-04-15,atmane,mccabe-b71c6,2025-04-15T05:50:00+00:00,2025-04-14T12:58:00+00:00,1.0,2025-04-17T22:00:00+00:00,2025-04-15,1.77,2.08,0.5402597402597403,0.16138834712748912,0.6636024780525254,0.5180013837533517,0.0,0.0,0.7541325511408338,0.7901414463669258,4.805025821674747e-10,168,211,False,False,False,b27ae2f3773384d2944ac3d79a33a00a2e8f8ce97d934598c1be68ae4f8985bd,766d8f0605919fea8264ee989bd7c9a5c5bfe48ad702e1c27a0bc9140bddc212,1.79,2.07,True,2025-04-15T01:52:00+00:00,2025-04-15T01:52:00+00:00,0.5529872412215598,0.5546666225283268,0.5513277860616772
te:2868211,2025-04-15,2025,2025-04-15,taberner,budkov-kjaer,2025-04-15T15:05:00+00:00,2025-04-13T17:36:00+00:00,1.0,2025-04-17T22:00:00+00:00,2025-04-15,1.77,2.08,0.5402597402597403,0.16138834712748912,0.6146612177856262,0.3055600023487449,0.6666666666666666,0.6666666666666666,0.5051319905477497,0.5000000402487443,0.004089422290434186,209,110,False,False,False,726b1f05462c695a601e77cde265388cb657538dc275751a9d04ca8487635025,d2b915278c76952158a764e70e41e752a57a91deb0b480740c9205a9370ed5bd,1.79,2.07,True,2025-04-15T01:19:00+00:00,2025-04-15T01:19:00+00:00,0.5529872412215598,0.5524698617711794,0.5531492443746063
te:2868313,2025-04-15,2025,2025-04-15,shin-72677,nakagawa-7463c,2025-04-15T01:05:00+00:00,2025-04-13T09:23:00+00:00,0.0,2025-04-17T22:00:00+00:00,2025-04-15,1.84,1.93,0.5119363395225464,0.04775443129589969,0.6276205746604112,0.4742680770476128,0.0,0.0,0.6516721626428541,0.6844308571127894,6.782607808730745e-11,109,113,False,False,False,167b92978b9e7f6cf12c3147a84db84aa8eda988c1eea03773d4b22852d3a71a,2385ad894b04fa6d686a709a78836728c3c4ad8870b8c4a3d198417fbdd962f8,1.85,1.94,True,2025-04-13T23:07:00+00:00,2025-04-13T22:31:00+00:00,0.5268351588120679,0.527903932495896,0.5245251667225906
te:2869395,2025-04-15,2025,2025-04-15,baadi,coulibaly-f4551,2025-04-15T17:10:00+00:00,2025-04-15T08:30:00+00:00,1.0,2025-04-17T22:00:00+00:00,2025-04-15,2.12,1.74,0.45077720207253885,-0.19753097545748347,0.5318873380900586,0.32525367434169045,0.0,0.0,0.5000000000000001,0.6383607818622439,0.01170516076206439,117,157,False,False,False,c17086036a966ad21d6922012beac965a8356998af40e0228d09f7af2659a3ee,92cadbe05cd29d940be65925c330deff9bbe72be80545406e031ef8c95e83592,2.13,1.75,True,2025-04-15T16:00:00+00:00,2025-04-15T08:43:00+00:00,0.4700706399324807,0.46922087165474186,0.4658202373146891
te:2871537,2025-04-18,2025,2025-04-18,colson,bertrand-5e35a,2025-04-18T10:40:00+00:00,2025-04-18T00:02:00+00:00,0.0,2025-04-20T22:00:00+00:00,2025-04-18,1.88,1.98,0.5129533678756476,0.051825067864585767,0.6052713281704999,0.3756531438338654,0.75,0.11666666666666667,0.6211134125563068,0.565470840833187,6.056431467449386e-10,139,203,False,False,False,37aa80c52116c32ea8d773d52ced0b2e7dfeed75e44bbecbbcccb56dc275490f,a62f994cbb59c46446813e055a01a7d85f81db91f375056ff323d99a9d9b8f91,1.87,2.0,True,2025-04-18T07:05:00+00:00,2025-04-18T07:05:00+00:00,0.5277754050592549,0.5278217483010443,0.5265728733579194
te:2871841,2025-04-18,2025,2025-04-18,holt-669c7,hsu-b2ce0,2025-04-18T02:05:00+00:00,2025-04-17T09:12:00+00:00,0.0,2025-04-20T22:00:00+00:00,2025-04-18,2.03,1.83,0.47409326424870474,-0.1037198262003661,0.5762655098406321,0.41118127864276943,0.0,0.0,0.7306562712786772,0.6236922787383012,3.166994444470106e-12,179,158,False,False,False,b37d904caa755892d6a71bc3816eecad4d771530a27b22db49a6dc72f40db080,d357aa38bd03333eff588fdb5276b7e0f10d47d9ee76e3ea9f312cb46e1a77a0,1.99,1.88,True,2025-04-18T01:01:00+00:00,2025-04-18T01:01:00+00:00,0.4917691268298566,0.4919550454699794,0.48855296537132986
te:2871843,2025-04-18,2025,2025-04-18,atmane,simakin,2025-04-18T03:35:00+00:00,2025-04-17T09:29:00+00:00,1.0,2025-04-20T22:00:00+00:00,2025-04-18,1.73,2.17,0.5564102564102563,0.22660575904268024,0.6152712503912225,0.24291892956567726,0.75,0.75,0.7057208055943875,0.7916613116497119,4.713527124167172e-09,165,190,False,False,False,7a80027b26ce2721e14bc892f1f2000c3df97c70a02e61a9dd2b57ec56a90ebb,eefdea6c12a1c8ef72e3b75fb40ac6080d392dd7a6cf0db7d79b033e1340b0cd,1.72,2.2,True,2025-04-17T19:58:00+00:00,2025-04-18T00:34:00+00:00,0.567874503431096,0.5668129959000925,0.5679898558448376
te:2871845,2025-04-18,2025,2025-04-18,walton,uchiyama,2025-04-18T02:10:00+00:00,2025-04-17T09:12:00+00:00,1.0,2025-04-20T22:00:00+00:00,2025-04-18,1.85,2.01,0.5207253886010362,0.08294908298075078,0.6161814441680218,0.39042245933652286,0.0,0.0,0.807879278571883,0.7180616710556482,2.007449761975977e-12,204,120,False,False,False,0ab1aca032cad38f3505644c5b7f89069c58fe8a10e3225f688c07ea8b52b886,9cae14eeeae6b8390191246b746421ca4cf29f1bce844a48bad9bc20867f527f,1.96,1.91,True,2025-04-18T01:44:00+00:00,2025-04-18T01:44:00+00:00,0.5349575149472877,0.5352037359219508,0.5318298154641244
te:2871859,2025-04-18,2025,2025-04-18,kubler-21879,chung-bdb8e,2025-04-18T04:50:00+00:00,2025-04-17T10:03:00+00:00,0.0,2025-04-20T22:00:00+00:00,2025-04-18,2.03,1.83,0.47409326424870474,-0.1037198262003661,0.6086407326583687,0.5453220094655625,0.0,0.0,0.5368867078177263,0.5000000000000001,0.0025412972315603383,73,80,False,False,False,916796dc43357ae35a66ddc14be8e70d568d3c26948cd1bf2c26258934f549ed,2b94f1c88e658ab59e5c48222517bdb292dc0ca0494f239f98971baf225aa164,1.88,1.99,True,2025-04-18T00:35:00+00:00,2025-04-18T00:35:00+00:00,0.4917691268298566,0.4933579394013934,0.4899618086266669
te:2871953,2025-04-18,2025,2025-04-18,jones-07763,glinka,2025-04-18T12:10:00+00:00,2025-04-18T00:02:00+00:00,0.0,2025-04-20T22:00:00+00:00,2025-04-18,1.85,2.01,0.5207253886010362,0.08294908298075078,0.613581410779214,0.37944266134249827,1.7333333333333334,0.6666666666666666,0.704530051841352,0.7919655967933698,1.6645740341658666e-10,138,136,False,False,False,80d9077000e7d9973e9467328e802e96dec5cb52ba908de019031722a964124c,dd46cdfb8275b9eb34995dd976b3a391dab0a85c064106572f8d704ba7f14a5e,1.78,2.12,True,2025-04-18T11:55:00+00:00,2025-04-18T11:55:00+00:00,0.5349575149472877,0.5350894477549168,0.5381601887120501
te:2872093,2025-04-18,2025,2025-04-18,comesana-c17e0,barrere-ea847,2025-04-18T16:10:00+00:00,2025-04-18T00:04:00+00:00,1.0,2025-04-20T22:00:00+00:00,2025-04-18,1.81,2.06,0.5322997416020672,0.12937913752375527,0.635777775982371,0.4277057690291449,0.45,0.45,0.8029429368313568,0.7309089745381436,5.723603441198932e-08,190,124,False,False,False,b2380c6fb4bfdbda1bbd658ef0f32bdff697e548e253326b640505e19728c715,e1a49b0a6d7525ac57201f99ea19ca9ae1e53a5668c8020d7876b0eba73be8b4,1.9,1.97,True,2025-04-18T13:55:00+00:00,2025-04-18T13:55:00+00:00,0.5456438314302182,0.5463445985032284,0.5457161579620297
te:2872145,2025-04-18,2025,2025-04-18,bax-6f3c7,hussey-d2863,2025-04-18T18:10:00+00:00,2025-04-18T07:53:00+00:00,1.0,2025-04-20T22:00:00+00:00,2025-04-18,1.86,2.0,0.5181347150259067,0.07257069283483525,0.6123978365314618,0.3848319764669344,1.7666666666666666,0.4666666666666667,0.5000000000000001,0.5229564150469556,0.004968846660686477,165,107,False,False,False,4989ffa684a06c2bd3c9ddf44fb90e1c985a3c1f4c183590e524ef3bdd415f48,ae3e4f3198c2bfd4274e0bbc3fa519d818aaa748b4bbf05e2941de6b9b0d3650,1.78,2.12,True,2025-04-18T17:18:00+00:00,2025-04-18T17:18:00+00:00,0.5325640826746839,0.5327368112161333,0.5351160805673104
te:2872159,2025-04-18,2025,2025-04-18,safiullin,lajovic,2025-04-18T15:05:00+00:00,2025-04-18T00:07:00+00:00,,,,1.73,2.17,0.5564102564102563,0.22660575904268024,0.5963891421738099,0.163836427510458,0.31666666666666665,0.31666666666666665,0.7494380683254709,0.6572269842793016,2.439144441979124e-10,151,119,False,False,False,3c13707de113a3af3f974920cb1ce1b6503661662b8ab62b13a07c74b2762f4d,ba7ffa18a3c7d0a1da309b03ef3c8e00da0245a345448ce0dd49fc0429710901,1.75,2.16,True,2025-04-18T12:18:00+00:00,2025-04-18T12:50:00+00:00,0.567874503431096,0.5660003349606318,0.5645720639178974
te:2873505,2025-04-22,2025,2025-04-22,bagnis,villanueva-55ff0,2025-04-22T18:35:00+00:00,2025-04-22T09:08:00+00:00,0.0,2025-04-24T22:00:00+00:00,2025-04-22,1.88,1.93,0.5065616797900262,0.026248226074936154,0.5740748032231751,0.27224774452769174,0.0,0.0,0.7119052365474161,0.6054826757036401,5.498562716255151e-10,44,159,False,False,False,6ffe2cb31f6827f0b0078ba8bca730069390d82cb568251ad25b478b3c50efda,a7eef9d28afd404d1d9ec958dc8a30eb7835f487f8f2c9919dc0a782aa5928d8,1.95,1.88,True,2025-04-22T17:40:00+00:00,2025-04-22T17:40:00+00:00,0.5218645968964638,0.5207931751352274,0.5173988196708054
te:2873567,2025-04-22,2025,2025-04-22,blancaneaux,brooksby,2025-04-22T19:15:00+00:00,2025-04-22T08:33:00+00:00,0.0,2025-04-24T22:00:00+00:00,2025-04-22,2.14,1.72,0.4455958549222798,-0.21848153820839833,0.5879074486483307,0.573803110135364,1.1833333333333333,0.55,0.5000000000000001,0.5775872197968165,0.00678627927019948,146,43,False,False,False,6a37595be3eebdf4cb95562330e1861f0ed5591709c8f917417a827833a77f92,f59b1c74b73b53c1ff57e6c6730ea8bc8c94d9e7efa318f763f44aca98b06d40,2.17,1.71,True,2025-04-22T18:27:00+00:00,2025-04-22T18:03:00+00:00,0.4652372990861452,0.46694520887457336,0.46832210168625665
te:2873571,2025-04-22,2025,2025-04-22,mejia-a7d27,janvier,2025-04-22T16:10:00+00:00,2025-04-22T07:59:00+00:00,1.0,2025-04-24T22:00:00+00:00,2025-04-22,1.83,2.0,0.5221932114882506,0.08883121370661551,0.6165531075775801,0.38611211894536107,1.15,0.15,0.6916136520648666,0.636605077528807,1.319776068986478e-08,145,159,False,False,False,b7f11586773a1b67c946fc85e6773151674a90f1d468c1cdf19491829e5b7fe6,c4103c4fe3abe74e66fabe72ace6e84e8c88d72ec3c3b595746b396fa83eb576,1.87,1.97,True,2025-04-22T14:32:00+00:00,2025-04-22T14:32:00+00:00,0.5363133264393031,0.5365233361258643,0.5363052073104994
te:2875125,2025-04-22,2025,2025-04-22,coppejans,stricker,2025-04-22T08:10:00+00:00,2025-04-21T15:38:00+00:00,0.0,2025-04-24T22:00:00+00:00,2025-04-22,1.63,2.31,0.5862944162436549,0.34866750971503135,0.5796093571873366,-0.02749753611880612,0.5166666666666667,0.5166666666666667,0.6475441125661293,0.5540940911583542,8.1775667903905e-09,145,111,False,False,False,f1f7053bcf7509939dfba6397754626c220c16e18b03bbde32e570270d264d48,fae89527571b18ac299b039bc0f54aa32014b46785c823013392bb0e4f07f944,1.67,2.25,True,2025-04-22T04:34:00+00:00,2025-04-22T07:46:00+00:00,0.5953912840086552,0.5917942540050489,0.5915720381815615
te:2875865,2025-04-22,2025,2025-04-22,draxl,johns-b2ed0,2025-04-22T15:50:00+00:00,2025-04-22T07:59:00+00:00,0.0,2025-04-24T22:00:00+00:00,2025-04-22,2.07,1.78,0.4623376623376624,-0.15093524297328376,0.5891141667096836,0.511239841241225,1.1,0.36666666666666664,0.6202877226519078,0.5409531343431137,3.806636950098863e-11,201,187,False,False,False,e60b908ae45d640e6ca9e9825a8c0d5d65980b22a9cb0d0902066daa658196d5,d9907e585ef89eb25e0265be5332a6ddb7f1197ba124257ccac057e830d62b4b,2.12,1.75,True,2025-04-22T15:09:00+00:00,2025-04-22T15:09:00+00:00,0.4808392054238086,0.48199977062271215,0.4824894041069548
te:2877219,2025-04-25,2025,2025-04-25,gigante-f720d,maestrelli,2025-04-25T09:40:00+00:00,2025-04-23T20:20:00+00:00,1.0,2025-04-27T22:00:00+00:00,2025-04-25,1.88,1.98,0.5129533678756476,0.051825067864585767,0.5900422605689263,0.3123150147254873,0.0,0.0,0.6560623269135492,0.5735436111214506,1.9127949224539975e-11,121,147,False,False,False,f3041422ee6205ef67ab186a836763b62d642da4cb06cc5569c81ee80eb76d06,fc83e6adca90bd84da34bceb174da9228f6887bfaf7ec1f14425df5bae9aebbf,1.91,1.96,True,2025-04-24T11:35:00+00:00,2025-04-24T11:35:00+00:00,0.5277754050592549,0.5271611941943208,0.5237746528740154
te:2877293,2025-04-25,2025,2025-04-25,mejia-a7d27,wu-f664e,2025-04-25T16:10:00+00:00,2025-04-25T09:14:00+00:00,1.0,2025-04-27T22:00:00+00:00,2025-04-25,1.88,1.96,0.5104166666666667,0.04167269640056832,0.6100843615804806,0.40599414489735597,1.0166666666666666,0.21666666666666667,0.5323328791188794,0.5687612649123552,1.4104164072770153e-08,147,126,False,False,False,86a42eca90b1208b54a1f62b3c6bdec12d657e3950c100d301a9a9f14a1a7aa6,97daa775037566770c13a37f97e1c8b46bae7264e2e2518374e486e207767f2a,1.89,1.98,True,2025-04-25T14:49:00+00:00,2025-04-25T14:49:00+00:00,0.5254300311681767,0.5257778364609805,0.5255131198235705
te:2877661,2025-04-25,2025,2025-04-25,geerts,shah-e7d4a,2025-04-25T10:10:00+00:00,2025-04-24T16:10:00+00:00,,,,1.75,2.15,0.5512820512820513,0.20585205420414893,0.5961280804304282,0.18350569289666108,1.3833333333333333,0.6833333333333333,0.5645009219239986,0.5000000000000001,0.009509604544491332,204,148,False,False,False,97a7c2d37f6bb5afdb758ea461c841058bbbea7b23231ef6c97b8a540259a065,647d7b2e8655282a4caa618c7fc4340aab896048077d3596989534d175ecc519,1.93,1.93,True,2025-04-25T09:59:00+00:00,2025-04-25T09:05:00+00:00,0.5631489973794941,0.5614423122696619,0.5637691208709265
te:2877711,2025-04-25,2025,2025-04-25,barrena-f6642,kestelboim,2025-04-25T13:10:00+00:00,2025-04-25T00:15:00+00:00,0.0,2025-04-27T22:00:00+00:00,2025-04-25,2.07,1.8,0.4651162790697674,-0.13976194237515893,0.5442100716944105,0.3170652560662654,0.0,0.0,0.5000000000000001,0.6272234430888223,0.007687242056825291,121,136,False,False,False,93cb2565ad98b3a6bf9698db202c8b0c3d3597d6fe67ed62e764480da5aa4f90,33cbbcb48a5d51b3a7114c015358c66f6fe9fb08a96d4c0a914432efe40b5604,2.06,1.83,True,2025-04-25T09:33:00+00:00,2025-04-25T09:33:00+00:00,0.4834244525831383,0.4825730961852455,0.4791673629611307
te:2877713,2025-04-25,2025,2025-04-25,coulibaly-f4551,bakshi-c841e,2025-04-25T12:40:00+00:00,2025-04-24T17:05:00+00:00,0.0,2025-04-27T22:00:00+00:00,2025-04-25,2.0,1.85,0.4805194805194806,-0.07796154146971143,0.6229882159010026,0.5802127004750732,0.0,0.0,0.6272886510203267,0.613697896372248,2.496061088375079e-08,149,140,False,False,False,91a9b85bbbf29587969d993c4a01a5d85a37d8d398f779f98331cf6caf1b1571,24cf654ea80983fbe60f3f2f8f35bc1c6d166c12add3ab8bdf1f9a438486ed38,1.91,1.96,True,2025-04-25T10:41:00+00:00,2025-04-25T10:41:00+00:00,0.49773591323276534,0.4997284888472915,0.49633520056085795
te:2877761,2025-04-25,2025,2025-04-25,dellien-e101c,boscardin-dias-3afa8,2025-04-25T14:10:00+00:00,2025-04-25T00:16:00+00:00,1.0,2025-04-27T22:00:00+00:00,2025-04-25,1.94,1.91,0.49610389610389616,-0.015584731016698041,0.6127364267692,0.474414072855903,0.0,0.0,0.5212609334751621,0.5000000001371159,0.01746515343653178,153,155,False,False,False,6e072d66f191592014ba8dc3846bb366931a8a4d3ddd522b0ccfd4bcab5b3223,4e535d4c1a1681920296931ecb786afa3c4f9a78535d90e0419f7cdaa246d7b4,1.97,1.9,True,2025-04-25T11:45:00+00:00,2025-04-25T11:45:00+00:00,0.5121845451622193,0.5131628893448549,0.5097714450791646
te:2877771,2025-04-25,2025,2025-04-25,kubler-21879,grenier-baaf0,2025-04-25T03:50:00+00:00,2025-04-24T13:35:00+00:00,0.0,2025-04-27T22:00:00+00:00,2025-04-25,1.79,2.09,0.538659793814433,0.1549484461240559,0.6163329413935845,0.3190637190565906,1.1833333333333333,1.1833333333333333,0.735662714960229,0.6670092385876488,7.275430258246729e-12,82,179,False,False,False,0386b5a2ea8f4da2a24c0c6eee8ce5ca029848445eae4905ff93c5a308f637d8,1b18814561a2a665772b7e74f17264423ad9932bc572154b61f334afde4cc675,1.83,2.05,True,2025-04-25T00:32:00+00:00,2025-04-25T02:37:00+00:00,0.55151157946059,0.5511241513455454,0.5549252537986872
te:2877797,2025-04-25,2025,2025-04-25,draxl,crawford-71058,2025-04-25T18:25:00+00:00,2025-04-25T08:43:00+00:00,1.0,2025-04-27T22:00:00+00:00,2025-04-25,1.88,1.98,0.5129533678756476,0.051825067864585767,0.614125257068396,0.41286102459102614,0.7666666666666667,0.13333333333333333,0.5120327582513435,0.5000000059661618,0.001975170385069655,203,148,False,False,False,1428e0c7128123ae61a7f6fc1fde8f1c1f5f3b26fb4aeaf8cd2c06a8b610e8c7,73a0427c3f9f72da06c5ad022b1cc8d8864bf928852b30e5fb6df5dc4efbc021,1.93,1.93,True,2025-04-25T17:44:00+00:00,2025-04-25T17:44:00+00:00,0.5277754050592549,0.5282097444657806,0.527064265601586
te:2877811,2025-04-25,2025,2025-04-25,rodriguez-taverna,torres-dc0bf,2025-04-25T15:05:00+00:00,2025-04-25T00:16:00+00:00,1.0,2025-04-27T22:00:00+00:00,2025-04-25,1.87,1.99,0.5155440414507771,0.06219620786990554,0.6210398007749781,0.43176777910436015,0.4666666666666667,0.4666666666666667,0.6146530664056222,0.6006482806333727,2.7899415019905227e-07,193,157,False,False,False,b5b3d5ceb039592ae7f85ace88b3852400ae106c8adf8b1715f109c140e39503,77365b5db662a941de1826805091bbe0c53e0c00de68d9b123bf1637f31cf465,1.88,1.98,True,2025-04-25T11:53:00+00:00,2025-04-25T14:47:00+00:00,0.5301700521879044,0.5308166000892417,0.5302813593685375
te:2878627,2025-04-29,2025,2025-04-29,gigante-f720d,cilic,2025-04-29T11:05:00+00:00,2025-04-28T16:19:00+00:00,1.0,2025-05-01T22:00:00+00:00,2025-04-29,1.78,2.05,0.5352480417754569,0.14122642884632308,0.6124970407980476,0.31659419679631906,1.65,1.0833333333333333,0.6407601014938793,0.7053532037828343,7.142595126463647e-09,130,79,False,False,False,f7398ad76c768210742e6a263b41584dd9a3e3b4146bd2b1b92f410e4a54110a,cce4ce2389e663790134249c5e29b8821cf8acbd0e12b0d050d68573c8e4211f,1.8,2.06,True,2025-04-29T10:59:00+00:00,2025-04-29T10:59:00+00:00,0.5483642726511406,0.5479304658607659,0.5523938003740652
te:2878645,2025-04-29,2025,2025-04-29,habib,sultanov,2025-04-29T14:45:00+00:00,2025-04-28T23:15:00+00:00,1.0,2025-05-01T22:00:00+00:00,2025-04-29,1.68,2.21,0.5681233933161953,0.2741987221144937,0.6415722703979571,0.3079960654000239,1.2333333333333334,0.3333333333333333,0.698670852339013,0.7273684514992909,1.5635337469177557e-10,165,203,False,False,False,5ae93ca8af3657dd99f6d6ced6db9646f3d17f662a11c31bc402cd90f9f4e6b3,a93c16d1ce8daeeb576aa24ca8fb1c97e9a25e28a45bad217da178e602c97848,1.69,2.22,True,2025-04-29T10:30:00+00:00,2025-04-29T10:30:00+00:00,0.5786633054837048,0.5783420890237543,0.5790122065550157
te:2878647,2025-04-29,2025,2025-04-29,squire,van-assche,2025-04-29T08:10:00+00:00,2025-04-28T16:19:00+00:00,0.0,2025-05-01T22:00:00+00:00,2025-04-29,1.82,2.01,0.5248041775456919,0.09929822098228022,0.6282925328989593,0.4256004875905456,0.9333333333333333,0.16666666666666666,0.6805066949682418,0.7338127810908478,4.4705717794357724e-08,143,145,False,False,False,cdc1d0d92efde6877184b9eb5f77779825f672fd46c731d4b8f03b02fad8e52e,c413012292e42da2cf2440fea8b943176678ce31b0dc02db3975c12307f35f8e,1.84,2.0,True,2025-04-29T04:32:00+00:00,2025-04-29T04:32:00+00:00,0.5387245968603228,0.5393605218734456,0.5387239889657609
te:2878655,2025-04-29,2025,2025-04-29,piros,svrcina,2025-04-29T12:10:00+00:00,2025-04-28T23:11:00+00:00,0.0,2025-05-01T22:00:00+00:00,2025-04-29,1.96,1.86,0.486910994764398,-0.0523679855173157,0.5857684093139413,0.39886727581786274,0.0,0.0,0.5000000000000001,0.5806613693518701,0.004019359133957151,165,215,False,False,False,98fd85a43909f1c5c505d8fa44820bd5145e28077531dc0ceece9867ca0d8bcd,bd9f5b07842c92b00ad904f6c8fb86f103e8f5fd75c8a5535193f94f10f9c24f,1.99,1.85,True,2025-04-29T11:20:00+00:00,2025-04-29T11:20:00+00:00,0.5036651833396142,0.5037989791152296,0.5003992686641444
te:2879835,2025-04-29,2025,2025-04-29,galan-e4b30,harris-5a94c,2025-04-29T09:10:00+00:00,2025-04-28T16:04:00+00:00,0.0,2025-05-01T22:00:00+00:00,2025-04-29,1.74,2.11,0.548051948051948,0.19280283426153733,0.6203605288206684,0.2982759305626035,1.3,0.6666666666666666,0.772163238130598,0.6965734120852725,4.706042222579754e-10,187,214,False,False,False,5ae22ea1bd90101e81e1182fcc82cb2ab127d855e79c04a22a991ff559e5e9ca,e79dd07dac9d750ffacaad3765e070e3ed6654724b15ff8c03c6f666ac21a983,1.72,2.17,True,2025-04-29T05:33:00+00:00,2025-04-29T07:30:00+00:00,0.5601718233966857,0.559627247974656,0.5617122428746616
te:2880319,2025-04-29,2025,2025-04-29,jasika,langmo,2025-04-29T08:25:00+00:00,2025-04-28T16:09:00+00:00,1.0,2025-05-01T22:00:00+00:00,2025-04-29,1.72,2.14,0.5544041450777203,0.21848153820839877,0.5969832958109078,0.1744295838881179,1.3,1.3,0.7024073811696406,0.6201811093685189,4.508393658397836e-12,217,175,False,False,False,38563b59cef555c4a7f3ac520d1bba47d75185efa4bc3fda6a4cd419f057c405,34675afea07eb409bcec1a94a2209dab470486ec4f5930c432dbc75e08ee4854,1.73,2.15,True,2025-04-29T05:46:00+00:00,2025-04-29T05:46:00+00:00,0.5660260843194533,0.564247110108294,0.5687221860571582
te:2880533,2025-04-29,2025,2025-04-29,gaubas,paul-b9a07,2025-04-29T12:00:00+00:00,2025-04-28T16:54:00+00:00,1.0,2025-05-01T22:00:00+00:00,2025-04-29,1.9,1.92,0.5026178010471204,0.010471299867295303,0.6169602845233784,0.466194673718593,1.6333333333333333,1.6333333333333333,0.595153997298242,0.5737398767318082,5.48547577083891e-08,183,177,False,False,False,1fa335c527b423327544b8ebec96de715b08bd7f0f00caa1e15c879e4308a042,38ba685eeb238b8076937f1980850a6b3be61905bf5228998c13cd97d7887099,1.93,1.91,True,2025-04-29T10:27:00+00:00,2025-04-29T11:47:00+00:00,0.5182153875085893,0.5191459709465505,0.5257219314342867
te:2882821,2025-05-02,2025,2025-05-02,barrena-f6642,reis-da-silva,2025-05-02T21:45:00+00:00,2025-05-02T08:17:00+00:00,1.0,2025-05-04T22:00:00+00:00,2025-05-02,1.89,1.96,0.5090909090909091,0.03636764417087508,0.5995235494450356,0.36711264666791366,1.6166666666666667,1.15,0.5000000000000001,0.5582839940000303,0.013624268895395253,134,148,False,False,False,d0531db18d78a1e8d0b64424beb33aca6b9c8b22a0944074394d5655483c2f56,d83d90dcb3dc8984cbdb70aa176bc2cc5168a739a7a879f2fe7ae99c90a9955f,1.93,1.94,True,2025-05-02T21:31:00+00:00,2025-05-02T21:31:00+00:00,0.5242040190335278,0.5241382492714304,0.5288097436647415
te:2882903,2025-05-02,2025,2025-05-02,schoolkate,grenier-baaf0,2025-05-02T06:50:00+00:00,2025-05-02T01:33:00+00:00,0.0,2025-05-04T22:00:00+00:00,2025-05-02,1.63,2.36,0.5914786967418546,0.3700816042188476,0.6390270171619771,0.2010620138952035,1.6833333333333333,0.5833333333333334,0.7901156414230649,0.7262218414583426,4.505516404407217e-09,198,185,False,False,False,9754cb3785ae7fc1a7d89ea36804fd0167fcd8984dafaee40ca4cedb65bc9020,115257834fa0b3864338650c9e2e47c969a783612334a60138e8e2a81cdd1293,1.65,2.34,True,2025-05-02T05:08:00+00:00,2025-05-02T05:08:00+00:00,0.6001626024540648,0.5989094942601083,0.6014705467452892
te:2882989,2025-05-02,2025,2025-05-02,habib,kopriva,2025-05-02T11:40:00+00:00,2025-05-01T22:07:00+00:00,0.0,2025-05-04T22:00:00+00:00,2025-05-02,1.88,1.98,0.5129533678756476,0.051825067864585767,0.6002326969736733,0.3546097050590491,0.6166666666666667,0.11666666666666667,0.6579007812274539,0.7457534343253327,1.8323409456399986e-10,165,192,False,False,False,aabf8509364db2e7b86f53fce4557a6c2eec90ed216d19dd3861fcb901b60129,dd2c2b9a490f01ee86ca37d19162c8a5cf33005fbef43f4b121fae3482e744f3,1.9,1.97,True,2025-05-02T09:00:00+00:00,2025-05-02T09:00:00+00:00,0.5277754050592549,0.5276022967177123,0.5260528036975686
te:2883053,2025-05-02,2025,2025-05-02,coric,navone,2025-05-02T09:10:00+00:00,2025-05-01T23:14:00+00:00,1.0,2025-05-04T22:00:00+00:00,2025-05-02,1.76,2.12,0.5463917525773196,0.1861022796338609,0.6123708003520831,0.2711864906656886,0.85,0.85,0.6475505626167476,0.5984876664243348,1.4041590390423409e-09,142,141,False,False,False,ffe996c6dea0702bbb884e7be4dca175145c2dd2ab2a4c8fed378fd0f3f62ccd,fee1e81c2d442cc1d6d9969192ad59d8e93d63fbd2273c2d830a7ca879a4a56b,1.8,2.09,True,2025-05-02T08:56:00+00:00,2025-05-02T08:56:00+00:00,0.5586413968251379,0.5578069883741108,0.5595898145011003
te:2883067,2025-05-02,2025,2025-05-02,piros,rincon-d1dab,2025-05-02T10:15:00+00:00,2025-05-01T22:07:00+00:00,0.0,2025-05-04T22:00:00+00:00,2025-05-02,1.77,2.11,0.5438144329896907,0.17570840090223716,0.6198236748567246,0.31309148266210507,0.65,0.11666666666666667,0.6790121473000498,0.6334275873135745,1.518512435239039e-08,165,153,False,False,False,2b9bd45b20ed4567c6cdbf7bd6e71a3655b519c3e10d7ea42cc33357d104d015,02346e43aa6776ba2a6da3dcd61142aaa0618bba9d40b0689bab154e4b4d3a76,1.81,2.08,True,2025-05-02T08:29:00+00:00,2025-05-02T09:45:00+00:00,0.5562652082283306,0.5558474856256359,0.5543946297982593
te:2883115,2025-05-02,2025,2025-05-02,wawrinka-ffdb9,basavareddy,2025-05-02T13:30:00+00:00,2025-05-01T23:14:00+00:00,1.0,2025-05-04T22:00:00+00:00,2025-05-02,1.78,2.11,0.5424164524421594,0.17007458318398147,0.6094338528132577,0.27485848694239756,0.7333333333333333,0.1,0.6610017895904237,0.7377799905938274,5.459699359278147e-11,91,170,False,False,False,b23d4eaf58588c022944b0653206a9e6504e8e6e5c079d142bd262aa1f6702cc,4d59d3af3a61e1e4cd2989c398dbdb064de23c5af524d1885005b1e33a5041d5,1.76,2.15,True,2025-05-02T12:50:00+00:00,2025-05-02T12:50:00+00:00,0.554976153623007,0.554154664841995,0.5528205781468714
te:2883207,2025-05-02,2025,2025-05-02,kym,blockx,2025-05-02T11:15:00+00:00,2025-05-01T23:57:00+00:00,,,,1.7,2.21,0.5652173913043478,0.2623642644674909,0.6336006072374126,0.28533055893339404,0.6666666666666666,0.13333333333333333,0.6679407200582832,0.6710457162781608,2.002967791625565e-10,173,122,False,False,False,95bb0bc8ef5f0cef1471a1f3454643ce3e248198c945d13f5447635bf652c7a9,98ccd8caf282c35379a025309f327853bccd614bfde6cd34806569e3c19a501a,1.69,2.25,True,2025-05-02T11:04:00+00:00,2025-05-02T11:04:00+00:00,0.5759871546139468,0.5754164493805661,0.5740837827908134
te:2883215,2025-05-02,2025,2025-05-02,pucinelli-de-almeida,midon,2025-05-02T14:10:00+00:00,2025-05-02T08:19:00+00:00,0.0,2025-05-04T22:00:00+00:00,2025-05-02,1.87,1.98,0.5142857142857141,0.057158413839947964,0.6106183438268712,0.3927537244058617,0.6,0.6,0.5000000000000001,0.5303551304896907,0.008339562271924048,157,164,False,False,False,c2adab0c7dd2771bb24dbaf2160fb67b5d72b93314b7b1a0137b4287a55a3fbb,8fcd77fff1107433ccfec5d60f58324fb4de3c04c383a7e077c299c2e8b75539,1.89,1.96,True,2025-05-02T13:06:00+00:00,2025-05-02T13:06:00+00:00,0.5290070160256611,0.5292395548563255,0.5295138780886162
te:2883245,2025-05-02,2025,2025-05-02,vukic,zapata-miralles,2025-05-02T13:55:00+00:00,2025-05-02T03:05:00+00:00,0.0,2025-05-04T22:00:00+00:00,2025-05-02,1.69,2.23,0.5688775510204082,0.27727305653704526,0.6416730220612413,0.30535989022719623,1.0333333333333334,0.26666666666666666,0.753654490618688,0.7097136230658844,6.391442930464564e-12,171,146,False,False,False,f73dc13e042bc6e6562050427a48ebd4166719078e5bcb24c32bca19fdf0bd1a,8277f4f5ee6178565c8b4c1faa0ce4a0ac4edf8b2073bfb88ed0b0c992f0b41c,1.68,2.28,True,2025-05-02T09:10:00+00:00,2025-05-02T12:59:00+00:00,0.5793577623249747,0.5790142770477267,0.5789942681380884
te:2883649,2025-05-06,2025,2025-05-06,schoolkate,jasika,2025-05-06T07:30:00+00:00,2025-05-05T16:36:00+00:00,1.0,2025-05-08T22:00:00+00:00,2025-05-06,1.85,1.97,0.5157068062827225,0.06284790365966353,0.6339602280414823,0.4863963229631608,1.6333333333333333,0.03333333333333333,0.7655801861767588,0.7064527367393747,1.2485984468568745e-11,196,218,False,False,False,afcf1cced55d6a73bc8cf4e22804ae260bc27ab191f043ef1b8ef2223ca0d2b6,101f5ad9db3acd3a53b78e896a4458fc779398a237c2f6f9bea884b030759bf6,1.82,2.03,True,2025-05-06T07:14:00+00:00,2025-05-06T07:14:00+00:00,0.5303204804419641,0.5315371901888755,0.53195766484479
te:2884507,2025-05-06,2025,2025-05-06,midon,sanchez-izquierdo-99add,2025-05-06T18:40:00+00:00,2025-05-05T22:00:00+00:00,0.0,2025-05-08T22:00:00+00:00,2025-05-06,1.91,1.91,0.5,0.0,0.6142999467431407,0.46542331818205585,2.783333333333333,0.21666666666666667,0.5000000032535531,0.5103040148592619,0.021834580710690665,169,166,False,False,False,484ed0354cd6768d4e3904bdf89cc17a21928c8dd1a0b40557b01f2e46539ee9,f3fe980154c9364bb0a99682bb8d841f274830d4d7998ed1a0471bef7588e6fc,1.9,1.93,True,2025-05-06T18:26:00+00:00,2025-05-06T18:26:00+00:00,0.5157922741783226,0.5166995013316606,0.5204086298620091
te:2884513,2025-05-06,2025,2025-05-06,mager,varillas,2025-05-06T20:50:00+00:00,2025-05-06T01:19:00+00:00,0.0,2025-05-08T22:00:00+00:00,2025-05-06,1.82,2.01,0.5248041775456919,0.09929822098228022,0.5754002889746931,0.20462086366243468,0.0,0.0,0.6292667547877445,0.7380064357180433,5.063727215315339e-13,115,135,False,False,False,b1e4c9374d3e9670b379131b3689682a6d732ac9d2fb6c89103b72584c10dccc,111f814e00fe2846709b7b4eb769a062c4c7d50187e9d7b9d2fba56b0c41ea60,1.91,1.93,True,2025-05-06T20:39:00+00:00,2025-05-06T20:39:00+00:00,0.5387245968603228,0.5370624390947394,0.5336828975294235
te:2885971,2025-05-06,2025,2025-05-06,li-995b9,imai-69d8b,2025-05-06T05:00:00+00:00,2025-05-05T17:05:00+00:00,1.0,2025-05-08T22:00:00+00:00,2025-05-06,1.93,1.88,0.4934383202099738,-0.026248226074936154,0.5121787841727345,0.07497300028307693,0.0,0.0,0.5000000000000001,0.6548027877068219,0.009675074216537155,21,113,False,False,False,29934d301002ccaafac51d2fa41bbc7c81d5ed8984bb1de290a5f8d107a2e41d,b2e4c8100944b88517f7d897fae81f506d4749ed1ef1eab718521380bc785b1c,2.03,1.81,True,2025-05-06T04:37:00+00:00,2025-05-06T04:37:00+00:00,0.5097152847433496,0.5065007903230511,0.5030882551527948
te:2885973,2025-05-06,2025,2025-05-06,bolt-fa7eb,zhu-bb6ef,2025-05-06T06:55:00+00:00,2025-05-05T20:53:00+00:00,0.0,2025-05-08T22:00:00+00:00,2025-05-06,2.15,1.72,0.4444444444444444,-0.22314355131420988,0.5126890390347294,0.27391060811319295,0.43333333333333335,0.43333333333333335,0.7651335326961182,0.6071675963254514,2.938214116454674e-10,110,135,False,False,False,39cc970bf2293d2f1f571716c7a749e1ca1c3d91326231e02910b85d2fc5818b,1056ac3253a035992999e20c12afb5d20e6cf8df4f7526f46372fcb955284def,2.13,1.74,True,2025-05-06T06:41:00+00:00,2025-05-06T05:49:00+00:00,0.4641626176002538,0.4627420270967132,0.4619748212337897
te:2886569,2025-05-06,2025,2025-05-06,paire-4a33b,fonio,2025-05-06T18:10:00+00:00,2025-05-05T20:26:00+00:00,1.0,2025-05-08T22:00:00+00:00,2025-05-06,1.79,2.04,0.5326370757180157,0.13073418800346137,0.5923532789170158,0.24296810420529108,2.066666666666667,0.5666666666666667,0.6822781494027353,0.785165615304041,2.0696583613588615e-08,96,181,False,False,False,8fc50bfc74f4110d674981bd896b72aab99d897f85bbe0a8ad70b7078ac2dd99,9fba833a604d39ff33a249f02d5e91dc3a4071aa9c898ff08ea5eac67aa839e7,2.06,1.79,True,2025-05-06T17:48:00+00:00,2025-05-06T17:48:00+00:00,0.5459551268581758,0.5447414899481321,0.5481617219552323
te:2887085,2025-05-09,2025,2025-05-09,bolt-fa7eb,lestienne,2025-05-09T03:10:00+00:00,2025-05-07T10:45:00+00:00,1.0,2025-05-11T22:00:00+00:00,2025-05-09,1.79,2.04,0.5326370757180157,0.13073418800346137,0.6566545970176076,0.5176870184599928,0.0,0.0,0.7402663918052589,0.7764691870103239,1.3678724819499166e-11,110,155,False,False,False,9680e79b11b83042de7b3fa0cffe103e8ccc74654a9231b014a5a5b397307149,9325faaa6abfb35ed838d9b8872f7b37afd61234a10af34db63c1f2288ff8723,1.81,2.05,True,2025-05-09T02:52:00+00:00,2025-05-08T00:02:00+00:00,0.5459551268581758,0.5475907175597454,0.5442399301028847
te:2887803,2025-05-09,2025,2025-05-09,landaluce-84126,budkov-kjaer,2025-05-09T09:10:00+00:00,2025-05-08T18:17:00+00:00,0.0,2025-05-11T22:00:00+00:00,2025-05-09,1.92,1.93,0.5012987012987012,0.005194816877103783,0.6209366803107942,0.4883310342371042,0.85,0.21666666666666667,0.5998964089634464,0.5993552480275862,9.351877605645598e-09,153,116,False,False,False,bf0bf9e2164289e713dfc54dd0cd722e04405701051c56287a50180a69980098,34150eade6e8865766c140e3c6cb776330126daa3e875ea44c369fdd23cc2471,1.91,1.96,True,2025-05-09T06:49:00+00:00,2025-05-09T06:49:00+00:00,0.5169944817907463,0.5181486233745601,0.5175094198283674
te:2887849,2025-05-09,2025,2025-05-09,stricker,coppejans,2025-05-09T13:25:00+00:00,2025-05-07T16:13:00+00:00,0.0,2025-05-11T22:00:00+00:00,2025-05-09,1.76,2.13,0.5475578406169666,0.1908081706712732,0.578961890005766,0.1277051322283725,0.3,0.3,0.5146523217961917,0.6053215940795701,4.877569181882535e-11,113,158,False,False,False,bc2dc55908df53579a769476a1fb9bff97c1b210d24ef004551837fcd8be3335,6a0157071a2caf1adb6d39e8b4aaf5dcaf6624dccb890ca82dfc0e7bada65276,1.78,2.12,True,2025-05-08T10:16:00+00:00,2025-05-09T05:45:00+00:00,0.5597163545375321,0.5574086949996647,0.5558692064113765
te:2888099,2025-05-09,2025,2025-05-09,klein-88a5e,chazal,2025-05-09T10:45:00+00:00,2025-05-08T18:19:00+00:00,1.0,2025-05-11T22:00:00+00:00,2025-05-09,2.0,1.86,0.48186528497409326,-0.07257069283483547,0.6186593103664326,0.5564322527879975,1.2,0.5,0.7328387661760684,0.6677484373183765,6.080191905510901e-12,131,188,False,False,False,9c8c3745387ecd02467ae966b26c04389f81420f42fa6038216c84f6953fb557,acea1fde8998d26589d26308f72e16c99fa72d1ba2c27196c3c4deee0dddf055,1.98,1.89,True,2025-05-09T10:40:00+00:00,2025-05-09T10:40:00+00:00,0.4989848164608092,0.5007366933255131,0.5019750990260695
te:2888385,2025-05-09,2025,2025-05-09,den-ouden,blockx,2025-05-09T09:10:00+00:00,2025-05-08T18:18:00+00:00,1.0,2025-05-11T22:00:00+00:00,2025-05-09,1.88,1.98,0.5129533678756476,0.051825067864585767,0.620386287241586,0.4393630697861314,1.0333333333333334,0.0,0.6036615626624592,0.5940280884003953,5.054373947710467e-07,186,125,False,False,False,2f481be13281a57a31f94a7c7ad0348e671633dc53a21a0c400c80a6c37ef6b8,ea90e95ce93d16fa4bbe563986fabe936aea23f8f05ae9a811e45b382dfd4179,1.85,2.03,True,2025-05-09T05:33:00+00:00,2025-05-09T05:33:00+00:00,0.5277754050592549,0.5284860816142972,0.5274280880360855
te:2888387,2025-05-09,2025,2025-05-09,lajal,sanchez-jover,2025-05-09T09:10:00+00:00,2025-05-08T16:00:00+00:00,0.0,2025-05-11T22:00:00+00:00,2025-05-09,1.79,2.08,0.537467700258398,0.1501522738605631,0.605974679941389,0.2802707577196778,0.6166666666666667,0.016666666666666666,0.6630493209485063,0.6000542090476968,1.5717945001103573e-09,172,188,False,False,False,6bf238ec92216a48501806904f5ccada5175d08b2e338ed84a8f0d74f2ae8f8a,1a94822ed60b8a8d70ac00cdf7341ca4ccb1ed14f8f5aac2adea65561ef7df0a,1.83,2.05,True,2025-05-09T05:37:00+00:00,2025-05-09T06:55:00+00:00,0.5504119764816938,0.5496155155452654,0.5476986200524504
te:2888435,2025-05-09,2025,2025-05-09,vacherot,ymer,2025-05-09T10:40:00+00:00,2025-05-08T18:58:00+00:00,1.0,2025-05-11T22:00:00+00:00,2025-05-09,1.83,2.03,0.5259067357512953,0.10371982620036632,0.6040260491914923,0.31854907030072255,1.2,0.06666666666666667,0.7753139704849217,0.6841059286301665,1.8265028822739282e-08,94,137,False,False,False,7fdae9eb1b9816965222b3bd720d129df7e881c0764680b8b2f556aeca892375,0a97ed8e3ba5aa98767325531fe6cddd4dc3b2f6dde6baef6a2b1144a49ddcc1,1.84,2.04,True,2025-05-09T07:34:00+00:00,2025-05-09T07:34:00+00:00,0.5397426585402432,0.539272214111503,0.5388447594968567
te:2888585,2025-05-09,2025,2025-05-09,kicker,mager,2025-05-09T18:45:00+00:00,2025-05-09T08:41:00+00:00,1.0,2025-05-11T22:00:00+00:00,2025-05-09,1.81,2.06,0.5322997416020672,0.12937913752375527,0.6079717222912003,0.309415259770386,1.1833333333333333,0.6166666666666667,0.538851092785359,0.5000000000017439,0.00798288750226385,120,114,False,False,False,3e3a485fca20e2cd4bf1c33a2ad10ec8858be4ce27d494b32a440d41d012e971,d3876a5ef1fff5d0c0469b4f8b20d2e8cba6182d14e40d950b3db96fced25ec6,1.82,2.07,True,2025-05-09T17:58:00+00:00,2025-05-09T15:15:00+00:00,0.5456438314302182,0.5451175562349253,0.5467593569503176
te:2888609,2025-05-09,2025,2025-05-09,pucinelli-de-almeida,midon,2025-05-09T20:45:00+00:00,2025-05-09T08:41:00+00:00,0.0,2025-05-11T22:00:00+00:00,2025-05-09,1.88,1.98,0.5129533678756476,0.051825067864585767,0.6145942974615555,0.41484075104768214,1.3,0.2,0.5000000005574315,0.5064127310201587,0.011038649370646997,167,171,False,False,False,717e12d42739adef74e1c18de5adf61d0e2049125a28539d4ce538b4083b275a,3802b60ec82d43102eb4fc92e548af90ad94d7292cb4bc74e10daf4ecc07a0c0,1.91,1.96,True,2025-05-09T20:05:00+00:00,2025-05-09T20:05:00+00:00,0.5277754050592549,0.5282303876973028,0.5285392671115668
te:2888633,2025-05-09,2025,2025-05-09,bolt-fa7eb,cui-f99f9,2025-05-09T08:05:00+00:00,2025-05-09T06:13:00+00:00,0.0,2025-05-11T22:00:00+00:00,2025-05-09,1.74,2.16,0.5538461538461539,0.2162231084696361,0.6335636624622492,0.331312577088995,0.85,0.21666666666666667,0.7176581340921881,0.6796182466979961,2.8492590453677025e-08,108,154,False,False,False,7a5688d6a461b8175810029169bde3925380914a81fe175652b5c745275ff9c9,66a756b71f19244538e192bdbd51e91cc94448bfbde7e2945a177b8ecf17135b,1.73,2.17,True,2025-05-09T07:50:00+00:00,2025-05-09T07:18:00+00:00,0.5655119186780659,0.5653428997047619,0.5647233538283567
te:2889271,2025-05-13,2025,2025-05-13,kym,zhukayev,2025-05-13T13:15:00+00:00,2025-05-12T16:39:00+00:00,,,,1.89,1.93,0.5052356020942408,0.020943173845242972,0.656100522033977,0.6250214387123199,1.1166666666666667,0.016666666666666666,0.800506222605509,0.7491646810172273,1.4619868760057386e-08,172,149,False,False,False,c972657ca869fb7d61f1a07a9f65c6b8febb471e2a271e622d0adca1e51e46d6,107c2dfc06285a0e87319cc0c28a44fafbb7ab5d24641ce558de9c9ddf036fd3,1.86,1.98,True,2025-05-13T07:32:00+00:00,2025-05-13T08:54:00+00:00,0.5206377771742725,0.5232416919304455,0.5224403017675097
te:2889545,2025-05-13,2025,2025-05-13,ymer,meligeni-rodrigues-alves,2025-05-13T10:15:00+00:00,2025-05-12T16:48:00+00:00,,,,1.67,2.24,0.5728900255754477,0.2936522394382851,0.6210356854810225,0.2002942616795081,1.3166666666666667,1.3166666666666667,0.700086255431843,0.7763426107822643,9.32225963090616e-11,142,151,False,False,False,9c0e0665bca63b38ee1f8ff27544a14e55fb274bef206f203169ba8f6f61b4bf,9950a3256184e3bce6334e7a30e8c0b6dea86e318c52dec936b9b123e37ee6f6,1.71,2.18,True,2025-05-13T02:25:00+00:00,2025-05-13T07:53:00+00:00,0.5830522765664939,0.5816640642105373,0.5861974212073703
te:2889619,2025-05-13,2025,2025-05-13,tomic-4ca3d,dougaz,2025-05-13T13:20:00+00:00,2025-05-12T19:56:00+00:00,1.0,2025-05-15T22:00:00+00:00,2025-05-13,1.64,2.29,0.5826972010178116,0.333855575730041,0.650867635277891,0.2889996017361608,0.0,0.0,0.721586791765063,0.7379421889856674,8.565012921124548e-09,177,193,False,False,False,cb41f7cd2b9931bbaec2e1c3d4e1ec46a6a6b81c300e75a7cd930ccbd5726133,4e06bbf78984b3617ec3d139cd0491975bbe21352649f1f05fdb3352b8143b48,1.67,2.26,True,2025-05-13T09:36:00+00:00,2025-05-13T09:36:00+00:00,0.5920803677051973,0.5916561819653571,0.58839205950452
te:2890721,2025-05-13,2025,2025-05-13,harris-5a94c,wawrinka-ffdb9,2025-05-13T18:40:00+00:00,2025-05-13T08:26:00+00:00,1.0,2025-05-15T22:00:00+00:00,2025-05-13,1.93,1.92,0.49870129870129865,-0.0051948168771042275,0.6219593391881988,0.5030677782797123,0.0,0.0,0.7099324116406741,0.7894775924770089,2.533257159598179e-09,215,101,False,False,False,5966b90ba3fe4ee49d6bebb230436c0e13ae509ceca107c492f027629f303e96,a80dc6722c86278ce4804e4b26bc8e33c4ffffc800d31f29a7de1e38c99e048a,1.97,1.9,True,2025-05-13T14:58:00+00:00,2025-05-13T14:58:00+00:00,0.5145898837587798,0.5158828986985097,0.5124945914592394
te:2891049,2025-05-13,2025,2025-05-13,tseng-5c1bc,vasami-a02e2,2025-05-13T09:05:00+00:00,2025-05-12T16:03:00+00:00,0.0,2025-05-15T22:00:00+00:00,2025-05-13,1.83,2.04,0.5271317829457364,0.10863384100279519,0.49763540303418535,-0.11809229938014933,1.25,0.6833333333333333,0.8050546625506546,0.6360679788081695,2.139186039418206e-08,181,39,False,False,False,a655a4db6b279d1e23bd90170bc800dd9789307562fb973409e40faa1602fbf4,fa0094be9ce4a4817aa3ec067ca61f0d9806d812335b46c7e5cc343141c3933e,1.87,2.0,True,2025-05-13T06:06:00+00:00,2025-05-13T08:57:00+00:00,0.5408737067711064,0.5358697831341598,0.5379000724330673
te:2891053,2025-05-13,2025,2025-05-13,zapata-miralles,evans-cf2af,2025-05-13T08:40:00+00:00,2025-05-12T17:59:00+00:00,0.0,2025-05-15T22:00:00+00:00,2025-05-13,1.8,1.98,0.5238095238095238,0.09531017980432496,0.6350816219061832,0.4587696423482803,0.6166666666666667,0.6166666666666667,0.706759917942137,0.6777558502372473,1.9330860634436675e-08,149,128,False,False,False,ba984168333efca0e64559d300577e67f10d38cebe2e28d317a4fa4f0a785146,a6194f2651cbdbbc1e12655e90efbab562e7a0b687e09f385a5f3a6eb4466d65,1.91,1.88,True,2025-05-13T05:13:00+00:00,2025-05-13T05:02:00+00:00,0.5378060846428844,0.5387811753382531,0.5391621705883128
te:2891127,2025-05-13,2025,2025-05-13,pellegrino-fd654,napolitano,2025-05-13T10:55:00+00:00,2025-05-12T16:50:00+00:00,1.0,2025-05-15T22:00:00+00:00,2025-05-13,1.88,1.88,0.5,0.0,0.5310149752606403,0.12421938509847252,0.2833333333333333,0.2833333333333333,0.7482326775999154,0.603937623778802,7.411243285737612e-10,153,64,False,False,False,247cb52980c6e61b9e99ae0081c7290cf40827b30766f5d3ed9182f74241fd33,11a2029324957e3d397b8d2f1d450eea9544cb2caada0a076aef03bac4919ce7,1.79,2.01,True,2025-05-13T10:36:00+00:00,2025-05-13T10:36:00+00:00,0.5157922741783226,0.513133482542698,0.5114574530835622
te:2891579,2025-05-13,2025,2025-05-13,sachko,brancaccio,2025-05-13T10:45:00+00:00,2025-05-12T17:57:00+00:00,1.0,2025-05-15T22:00:00+00:00,2025-05-13,1.78,2.0,0.5291005291005291,0.11653381625595141,0.612646084247294,0.3419148165104201,0.7833333333333333,0.7833333333333333,0.521726208616695,0.5000000000000001,0.005265821529904471,209,145,False,False,False,83c18b24d48ba8aeadc9018d47b5d7d56ca247d31634712276a00ae2c65d8826,c265a734d81d00d57e06a2986f37353a40d60afbbb1638d5d3160d0869d1c67f,1.79,2.01,True,2025-05-13T09:37:00+00:00,2025-05-13T10:18:00+00:00,0.5426911398531971,0.5424828089214406,0.543870401174936
te:2894839,2025-05-16,2025,2025-05-16,van-assche,misolic,2025-05-16T08:10:00+00:00,2025-05-15T01:18:00+00:00,0.0,2025-05-18T22:00:00+00:00,2025-05-16,1.78,2.1,0.5412371134020618,0.16532398042538338,0.5838245706886491,0.1731696881754788,1.4333333333333333,0.9333333333333333,0.5000000000000001,0.5833624806588931,0.0008994861721410286,149,139,False,False,False,6a25ff97995ce60128feb6d1c71187b71c43c621880c68209cd66ffb812ae0a8,c67a9173f10aa3699facdb8fa36257fc97db8d794584cb5ae84531084dd3221e,1.8,2.09,True,2025-05-15T09:32:00+00:00,2025-05-15T09:32:00+00:00,0.5538886085101828,0.5520077314804891,0.5554052301722532
te:2894967,2025-05-16,2025,2025-05-16,rodrigues-a6e6d,alvarez-varona,2025-05-16T15:10:00+00:00,2025-05-15T08:42:00+00:00,0.0,2025-05-18T22:00:00+00:00,2025-05-16,2.08,1.79,0.46253229974160204,-0.1501522738605631,0.49331544796775134,0.12341247256116626,1.1666666666666667,0.36666666666666664,0.5772899757428843,0.747875292626292,8.663070261150096e-13,68,181,False,False,False,e044708613a7b401517247f16b875251b93b647f794c2b15e47d34011a706911,c315864cc007f44cb1c61c41edc681e7ed0c29f8a7a14186c69e467098a6c0fb,2.07,1.82,True,2025-05-16T02:40:00+00:00,2025-05-16T02:40:00+00:00,0.48102033482265405,0.47813158888312646,0.47875273988018946
te:2894969,2025-05-16,2025,2025-05-16,sakamoto-b1d5b,barreiros-reyes,2025-05-16T15:10:00+00:00,2025-05-15T08:20:00+00:00,1.0,2025-05-18T22:00:00+00:00,2025-05-16,1.95,1.9,0.49350649350649356,-0.025975486403260445,0.5470121029124251,0.21458100668281072,1.15,0.5166666666666667,0.7732197872965819,0.6384543270620815,2.1785230147619572e-08,134,91,False,False,False,f1fe6b314ddf1e4d75fb9975f768f10568bc69fead2cd22d7d8c5f018f1467a4,efeaa807460bfffe69065805f4dc4f44db2ad3c91bfe7dcd359f621682825497,2.03,1.85,True,2025-05-16T02:24:00+00:00,2025-05-16T02:24:00+00:00,0.509778447313484,0.5080244500022302,0.5092019066951837
te:2895123,2025-05-16,2025,2025-05-16,hijikata,hassan-1d510,2025-05-16T08:40:00+00:00,2025-05-15T21:05:00+00:00,1.0,2025-05-18T22:00:00+00:00,2025-05-16,1.76,2.12,0.5463917525773196,0.1861022796338609,0.6490788330232247,0.42889029540950757,0.0,0.0,0.7306549687155961,0.7169591878044301,1.8961154368835054e-08,163,187,False,False,False,60ae0f5afce77c0c616d32adc183a46569fc99706c4f59ddf9b3a7a500cb4da4,870be54e3efd4fd9b5ba7401dd4ad95101877c744bdaf846eaf0c8fd28ed658b,1.81,2.07,True,2025-05-16T08:12:00+00:00,2025-05-16T08:12:00+00:00,0.5586413968251379,0.559433993519828,0.556100151142299
te:2895223,2025-05-16,2025,2025-05-16,krueger-d6035,habib,2025-05-16T12:10:00+00:00,2025-05-15T23:11:00+00:00,0.0,2025-05-18T22:00:00+00:00,2025-05-16,1.63,2.36,0.5914786967418546,0.3700816042188476,0.6353320855328414,0.18507911125175347,0.55,0.016666666666666666,0.7305551281544256,0.8030057893468698,5.774846523198818e-08,151,164,False,False,False,c2ecb48dfb9e290d4a63e96164da49aaa12fb6e91906cea984e73af0fce847d1,f6d6f8a188e48da203bbce3a0fcda6b31e52041985d636607d4021cf4f03daed,1.66,2.32,True,2025-05-16T11:48:00+00:00,2025-05-16T11:48:00+00:00,0.6001626024540648,0.5987488348818403,0.5967560473520445
te:2895301,2025-05-16,2025,2025-05-16,garin,burruchaga,2025-05-16T13:45:00+00:00,2025-05-15T23:11:00+00:00,1.0,2025-05-18T22:00:00+00:00,2025-05-16,1.82,2.05,0.5297157622739017,0.11900329206161245,0.6146521332645253,0.34790670244920463,1.0666666666666667,0.5,0.5053239191147605,0.5000000033585518,0.009647951891665688,134,201,False,False,False,9856ec24b44628ae55bc24d44ffb68d3f7deb137594f2355e1450bfc5665ba77,2b1536985375eb0307f84e8f150fd7432a6bb66fbce552455869260aa03d13a3,1.87,2.0,True,2025-05-16T13:06:00+00:00,2025-05-16T13:06:00+00:00,0.5432590256982466,0.5431166077732545,0.5440532609892109
te:2895315,2025-05-16,2025,2025-05-16,basilashvili,nakashima-68876,2025-05-16T12:20:00+00:00,2025-05-15T23:28:00+00:00,1.0,2025-05-18T22:00:00+00:00,2025-05-16,1.84,2.02,0.5233160621761658,0.09333193979221903,0.6005235363754673,0.31431504670108174,0.31666666666666665,0.31666666666666665,0.6569051710726282,0.7441225772213554,2.350472871892606e-10,184,183,False,False,False,5abd853cb4b25e889b649369bd8b065dc6b4ef18cdf9f5df717e777e015abf32,b77fa524d79f5135eeb72734106c28383bc44a3d0aa04d1b333bf93538516d98,1.88,2.0,True,2025-05-16T12:04:00+00:00,2025-05-16T12:04:00+00:00,0.5373503674288039,0.5368201051386701,0.5353708666932645
te:2896257,2025-05-16,2025,2025-05-16,sakamoto-b1d5b,rodrigues-a6e6d,2025-05-16T19:45:00+00:00,2025-05-16T18:01:00+00:00,1.0,2025-05-18T22:00:00+00:00,2025-05-16,1.88,1.97,0.5116883116883117,0.04676176590803954,0.5657398378448771,0.21772874970157297,1.4166666666666667,0.7833333333333333,0.6756510846457322,0.5654159480388145,2.094430601173869e-10,134,70,False,False,False,9efdd9e2d61d5ac1d296300d3ecbbeb40c8dca2804369841046dd75199300a22,6bc239690197de7c6a04fa70f7440de7b80ae3eaf89e07bb49528012b3825bac,1.81,2.06,True,2025-05-16T19:34:00+00:00,2025-05-16T19:34:00+00:00,0.526605841245703,0.524997077659624,0.527802626508175
te:2897525,2025-05-20,2025,2025-05-20,clarke-60a59,sels,2025-05-20T08:40:00+00:00,2025-05-19T16:06:00+00:00,0.0,2025-05-22T22:00:00+00:00,2025-05-20,1.81,2.03,0.5286458333333333,0.11470894777596129,0.5206317748668544,-0.03213496130372441,1.0833333333333333,1.0833333333333333,0.7099005057978596,0.5599058808919394,3.394417941171568e-10,207,151,False,False,False,8d2c188d8659ae23d4ca4f53a64063574d1f18bbf2bb830a8d93768499f0108f,1e27e2c1e917fdf78ab8224a497d063c4e4b7fef0999842d7ea323f1f2b12d43,1.87,1.97,True,2025-05-20T07:35:00+00:00,2025-05-20T07:35:00+00:00,0.5422714178799313,0.5381727617942741,0.5413659433466305
te:2897529,2025-05-20,2025,2025-05-20,geerts,mrva,2025-05-20T14:20:00+00:00,2025-05-19T17:09:00+00:00,0.0,2025-05-22T22:00:00+00:00,2025-05-20,1.78,2.07,0.5376623376623377,0.1509352429732842,0.6023258183227903,0.26423025136058853,1.25,0.11666666666666667,0.6874460749061732,0.6144015767024875,2.997563308682061e-11,215,72,False,False,False,f6df1624647e297c65a1e1290feb2e1c3369555ecce3ea50f4b3bff7392f408c,d60bcb3be31f5de4cbf00404baf86903fae0fee8f16654bc40e5e25555b9d6e6,1.8,2.05,True,2025-05-20T08:05:00+00:00,2025-05-20T08:05:00+00:00,0.5505915192314675,0.5496301380960397,0.5495081000304229
te:2897537,2025-05-20,2025,2025-05-20,poljicak,ivanovski,2025-05-20T13:00:00+00:00,2025-05-19T16:49:00+00:00,1.0,2025-05-22T22:00:00+00:00,2025-05-20,1.73,2.13,0.5518134715025906,0.208000571211646,0.5998648339630668,0.1969013767777959,1.6666666666666667,0.6,0.7866226915195355,0.6893553427450974,2.1669823990766446e-09,196,58,False,False,False,b70449ed601acca3946c52645ccfbee46daf5e5a1d72bf36601d6ac1455124a6,7adfea13bfec0f70b332e07f85ba8ecebfc7face2bec147d59804eb1667be832,1.79,2.07,True,2025-05-20T11:54:00+00:00,2025-05-20T11:54:00+00:00,0.5636387505333704,0.5620736205386029,0.5647120561451087
te:2898363,2025-05-20,2025,2025-05-20,bax-6f3c7,uchida-ea757,2025-05-20T10:10:00+00:00,2025-05-19T18:28:00+00:00,1.0,2025-05-22T22:00:00+00:00,2025-05-20,1.67,2.24,0.5728900255754477,0.2936522394382851,0.5766938606472668,0.015563664493611018,1.4166666666666667,1.4166666666666667,0.6951483379565375,0.5932777765737063,9.087419927666929e-09,168,146,False,False,False,b7842262f12e74a934622e636d349ba7013b78882672b7af5df3df4ba97dbbbb,2ac29b3126af7c9edb7a3612ced724414adfb9d279514813653078f7a657ffac,1.66,2.27,True,2025-05-20T05:32:00+00:00,2025-05-20T05:32:00+00:00,0.5830522765664939,0.579782034654741,0.5849063588683221
te:2899401,2025-05-20,2025,2025-05-20,damm-4f98a,samuel-371b3,2025-05-20T06:10:00+00:00,2025-05-19T18:18:00+00:00,1.0,2025-05-22T22:00:00+00:00,2025-05-20,1.62,2.33,0.589873417721519,0.36344211833331663,0.6161470127293669,0.10978384012010961,1.5666666666666667,1.5666666666666667,0.7358094467563547,0.666901359332552,7.498529575045154e-12,77,46,False,False,False,ea9e06a3af73ad137e284c2af1c1a1d7265532878d4e182cc9144ca75c43e5b8,58bc9435ece60be71f0f30f762e0e0ad426cac9b5d62bdea3507b69c42961fd7,1.67,2.25,True,2025-05-20T02:30:00+00:00,2025-05-20T04:08:00+00:00,0.5986852310469458,0.5965021445311038,0.602450835617014
te:2899813,2025-05-20,2025,2025-05-20,fatic-cddef,alvarez-varona,2025-05-20T10:25:00+00:00,2025-05-19T17:56:00+00:00,1.0,2025-05-22T22:00:00+00:00,2025-05-20,1.7,2.18,0.5618556701030928,0.24869662573882725,0.6018482497675934,0.16447549638937817,1.7333333333333334,0.03333333333333333,0.6512019659685444,0.584711215764272,5.8253999013491153e-08,136,187,False,False,False,251adfcaeecaff5fa47bba23c75639532785eac9c19762d6658118b993a834f8,b424fc04e364ddfb2432907ad676b60a58e5e793a8e31c00c4ec4ecad7306b22,1.79,2.07,True,2025-05-20T09:22:00+00:00,2025-05-20T09:22:00+00:00,0.5728909175209083,0.571060927766509,0.571695226282823
te:2899815,2025-05-20,2025,2025-05-20,agamenone,shelbayh,2025-05-20T13:35:00+00:00,2025-05-19T17:57:00+00:00,1.0,2025-05-22T22:00:00+00:00,2025-05-20,1.81,2.03,0.5286458333333333,0.11470894777596129,0.6217497648200272,0.38227278222630273,0.3333333333333333,0.3333333333333333,0.6823133688190767,0.6389378190808268,4.275142240217633e-09,140,147,False,False,False,dbf8c3143f92132516511ed33354851c1e461afa8d4d17f0f4cdbb01e21d678a,8f98d9a75193496aa7e4ceda8d8fd7204e0224a48c2fd50de55464c200307f29,1.83,2.02,True,2025-05-20T12:00:00+00:00,2025-05-20T12:00:00+00:00,0.5422714178799313,0.5424795053401069,0.5411388899449653
te:2902581,2025-05-23,2025,2025-05-23,clarke-60a59,dellien,2025-05-23T08:40:00+00:00,2025-05-22T18:03:00+00:00,1.0,2025-05-25T22:00:00+00:00,2025-05-23,1.96,1.89,0.49090909090909085,-0.03636764417087508,0.6113232109096162,0.48924532836206186,1.1333333333333333,1.1333333333333333,0.5670282546490406,0.5343925172175065,4.770843997636831e-09,206,193,False,False,False,0a13cdda128bf13348d1660e6a1018d928d1c39bbb91fad61fedc62bad24fc2e,02cf3e0d76ab27c8c124e7a07942627f514677c0b8ca19fbdfbddc2fe108cd08,1.95,1.92,True,2025-05-23T08:05:00+00:00,2025-05-23T08:05:00+00:00,0.5073715714986419,0.5084743914030561,0.5120041303345629
te:2904491,2025-05-27,2025,2025-05-27,tseng-5c1bc,dellien-e101c,2025-05-27T19:20:00+00:00,2025-05-25T21:55:00+00:00,0.0,2025-05-29T22:00:00+00:00,2025-05-27,1.98,1.84,0.48167539267015713,-0.07333127308554936,0.5707703902598489,0.3583262866479981,0.9833333333333333,0.08333333333333333,0.6154773399404835,0.514908146059975,9.868522665712476e-12,189,161,False,False,False,97b9e01de81a5560d6febcfcc14c67eedd4aeb598f9c87d0d52b61e6792ebe7c,9f787b998e2c70690ff8a02137de34410fa9907d78c4a04249b36897a1395bed,1.99,1.85,True,2025-05-26T15:57:00+00:00,2025-05-26T15:57:00+00:00,0.49880861095615797,0.4984870422097762,0.4976205768393314
te:2904523,2025-05-27,2025,2025-05-27,imamura-da963,samrej-f05ce,2025-05-27T16:25:00+00:00,2025-05-25T21:48:00+00:00,1.0,2025-05-29T22:00:00+00:00,2025-05-27,1.79,2.04,0.5326370757180157,0.13073418800346137,0.6134443823903529,0.3310796574409763,0.5833333333333334,0.016666666666666666,0.5760810388254018,0.6138767714792264,1.3999832124134137e-07,165,162,False,False,False,4f1b2013d28f54aa350e0d196dab83ca65bc38a1ff8070063470e9a83a3b642b,ab483c0a078f16ffa737f863d801236ffa14b0087f9bd60923d5082e78b528be,1.81,2.03,True,2025-05-25T22:48:00+00:00,2025-05-25T22:48:00+00:00,0.5459551268581758,0.5456556608549414,0.543662174980002
te:2904525,2025-05-27,2025,2025-05-27,giustino-1d545,gray-0bd9f,2025-05-27T11:15:00+00:00,2025-05-25T21:43:00+00:00,1.0,2025-05-29T22:00:00+00:00,2025-05-27,1.77,2.07,0.5390625,0.15656906069153992,0.6140245484212079,0.30769207730208553,1.45,0.8833333333333333,0.5235043948912463,0.5094821694262313,5.019001753092667e-08,201,126,False,False,False,156870ca7abf8de2731df8c1f5126339e328a252b73cfc65277ad8e4331c07ce,8e005d1bcbd9925a6fe722fe86366d411550455d8149267a6157697d1072bd26,1.69,2.21,True,2025-05-27T07:03:00+00:00,2025-05-27T07:03:00+00:00,0.5518830192874438,0.5513803487603512,0.5546308263083236
te:2904971,2025-05-27,2025,2025-05-27,kicker,kirchheimer,2025-05-27T21:10:00+00:00,2025-05-25T07:25:00+00:00,0.0,2025-05-29T22:00:00+00:00,2025-05-27,2.08,1.72,0.4526315789473684,-0.1900436028878651,0.4633161495637246,0.04304406413994266,0.0,0.0,0.6908652234950974,0.5000000000000001,0.01235316479940081,127,134,False,False,False,18cf9b466f4348fd01f416cce2ec8e896015823c066230c34092144097dc7151,abb80570c1b297a8b7bdaa14757c583dac98a0d0ececa50de3493d1780fffc02,2.06,1.75,True,2025-05-27T19:41:00+00:00,2025-05-27T18:35:00+00:00,0.4717994032727497,0.46801933338120955,0.46460720890752905
te:2904977,2025-05-27,2025,2025-05-27,quan,martin-23226,2025-05-27T21:35:00+00:00,2025-05-25T07:29:00+00:00,,,,2.02,1.76,0.4656084656084655,-0.13778370236305332,0.6137422904536852,0.6008540320107483,0.5333333333333333,0.5333333333333333,0.5000000000614909,0.5151480834299776,0.027317015717830295,41,160,False,False,False,cd3106ff387d533ab9c7999b2a06376e3e02be3c92f92f4d995d89da7eaec56e,95d0bbea1892093c647f92a89ba7343c58ae9f17d7c2fc88d2622f3b96593d69,1.99,1.81,True,2025-05-27T08:17:00+00:00,2025-05-27T08:17:00+00:00,0.4838822686747587,0.48599956526327664,0.48586146510981937
te:2906943,2025-05-27,2025,2025-05-27,bondioli,jianu-c67fb,2025-05-27T17:15:00+00:00,2025-05-26T21:29:00+00:00,0.0,2025-05-29T22:00:00+00:00,2025-05-27,1.92,1.9,0.4973821989528796,-0.010471299867295303,0.606373643242602,0.44256554269860987,2.1333333333333333,0.23333333333333334,0.5000000000000001,0.5431880952488014,0.0023674124444108824,163,196,False,False,False,77f89193d57e4a42decf3e588ab46a8c9f18cf3777758953344ed84926be5026,13c8074be25c5b97b9d11ebf0c6deaa10a9a4eb7aae91335cd3273ddad077d26,1.91,1.93,True,2025-05-27T17:06:00+00:00,2025-05-27T17:06:00+00:00,0.5133684180877579,0.514021377627724,0.5163314313768355
te:2907653,2025-05-27,2025,2025-05-27,yevseyev,wendelken,2025-05-27T14:15:00+00:00,2025-05-26T21:14:00+00:00,1.0,2025-05-29T22:00:00+00:00,2025-05-27,1.9,1.92,0.5026178010471204,0.010471299867295303,0.6147756173420595,0.45696007489769397,0.0,0.0,0.501030693501155,0.5000000000195444,0.028444021312070814,170,142,False,False,False,3d21efc1fd3d865ede269d64ef0da951a8d812906d51d363c9d760996231383c,30a45f081899418ecda09383b8eec88065f68e7c9b20e8c1636faddee2aa21c6,1.93,1.91,True,2025-05-27T12:19:00+00:00,2025-05-27T12:19:00+00:00,0.5182153875085893,0.5190495120867811,0.5156616718984082
te:2907659,2025-05-27,2025,2025-05-27,samuel-371b3,marmousez,2025-05-27T11:15:00+00:00,2025-05-26T21:16:00+00:00,0.0,2025-05-29T22:00:00+00:00,2025-05-27,1.85,1.98,0.5169712793733681,0.06791120561621009,0.5674156094661179,0.20340339693528567,1.3333333333333333,0.16666666666666666,0.5000000000000001,0.6035685111595952,0.005182057046460561,49,127,False,False,False,6b84bd8b9374e8c4b6b79c635b5834161a48519e0a9acca3dd99ee8d950ae62e,8aa6f6440614b8cf4d167e85df38b90c073b488409e3b8eb12d36ef6c3cd0841,1.87,1.97,True,2025-05-27T06:55:00+00:00,2025-05-27T06:49:00+00:00,0.5314890318143395,0.5297641844269704,0.5300110696898369
te:2909399,2025-05-30,2025,2025-05-30,neumayer,buse,2025-05-30T14:45:00+00:00,2025-05-29T15:39:00+00:00,1.0,2025-06-01T22:00:00+00:00,2025-05-30,1.87,1.98,0.5142857142857141,0.057158413839947964,0.6069588271061839,0.37738817276605435,0.9833333333333333,0.016666666666666666,0.5416515959149992,0.5000000000000001,0.008607871357396976,198,159,False,False,False,a812784f91134abb20b4e44e8c3321d9bd3e6e67d3c9caf757af197f11b426c5,bfde16794804255451f77f22fc6968138704645276ee3cc61479c92c2e9c7514,1.84,2.04,True,2025-05-30T09:38:00+00:00,2025-05-30T09:38:00+00:00,0.5290070160256611,0.5290793680649354,0.5279708469804661
te:2909485,2025-05-30,2025,2025-05-30,kypson,zink-30580,2025-05-29T22:05:00+00:00,2025-05-29T08:50:00+00:00,0.0,2025-06-01T22:00:00+00:00,2025-05-30,1.85,1.96,0.5144356955380577,0.05775883415219216,0.6347169529190011,0.49474779741807084,0.8666666666666667,0.16666666666666666,0.7859141679659912,0.7194628043068872,2.812926447326447e-09,95,178,False,False,False,553857df47588cf39a18ea40fdcf865f8696a5ab6a23e661d0032f58be085d73,c52a4c6be530220986bd4ff76e01cb5d1e6dda28cbf481f298cb1d6d584b3a06,1.9,1.93,True,2025-05-29T21:10:00+00:00,2025-05-29T21:10:00+00:00,0.529145647155584,0.5304421760513696,0.5296542592372302
te:2909691,2025-05-30,2025,2025-05-30,simakin,bar-biryukov,2025-05-30T08:05:00+00:00,2025-05-29T15:38:00+00:00,1.0,2025-06-01T22:00:00+00:00,2025-05-30,1.79,2.08,0.537467700258398,0.1501522738605631,0.5519055883077132,0.05822077151691227,0.0,0.0,0.7833100866467547,0.6509889609066174,1.0720491161464452e-09,203,176,False,False,False,0a249d9e96356f54d74e4879360231e74a62c919482c67c713a8ebb77e27d10c,5ceae652a470bdc9f1b2a912376f80847012813bbad4cdd50dd27c977bdf8308,1.7,2.24,True,2025-05-30T06:21:00+00:00,2025-05-30T06:21:00+00:00,0.5504119764816938,0.5473145590083209,0.5439435951567325
te:2909803,2025-05-30,2025,2025-05-30,hussey-d2863,uchida-ea757,2025-05-30T08:15:00+00:00,2025-05-29T17:20:00+00:00,1.0,2025-06-01T22:00:00+00:00,2025-05-30,1.78,2.1,0.5412371134020618,0.16532398042538338,0.5271889915161533,-0.056460627910367045,0.6166666666666667,0.6166666666666667,0.7809456441233064,0.6319332394406937,1.1829426327381043e-13,120,148,False,False,False,d73c0c6978d416d0b9f138a715699b4977b7bc5ac7dccc560233c2ba4de3027e,592bc43e52a5433f65c4f2e4c3fae725ef462fd4e40df7cbff9814b80019f192,1.81,2.07,True,2025-05-29T17:48:00+00:00,2025-05-30T02:51:00+00:00,0.5538886085101828,0.5496304710009075,0.5499916867840459
te:2909923,2025-05-30,2025,2025-05-30,rodesch,mena-99e7a,2025-05-30T12:20:00+00:00,2025-05-29T20:43:00+00:00,0.0,2025-06-01T22:00:00+00:00,2025-05-30,1.79,2.08,0.537467700258398,0.1501522738605631,0.5882107798115388,0.20642146191810337,0.0,0.0,0.8219306600414691,0.7087626768217891,8.866463119261425e-12,212,143,False,False,False,b3a1cff7bd9134ee845897aa97a2e62bffd08e4405c9473b30f9563c78106e6f,85975bd1306392676182afd165bec3a7204086f71da6b377a27309797b5c17cb,1.82,2.06,True,2025-05-30T08:35:00+00:00,2025-05-29T21:01:00+00:00,0.5504119764816938,0.5488504949226847,0.5454883700480432
te:2910035,2025-05-30,2025,2025-05-30,andrade-58258,nakagawa-7463c,2025-05-30T17:05:00+00:00,2025-05-30T05:18:00+00:00,0.0,2025-06-01T22:00:00+00:00,2025-05-30,1.93,1.92,0.49870129870129865,-0.0051948168771042275,0.5666259356530112,0.2732929323993486,0.5666666666666667,0.5666666666666667,0.8138293407453916,0.6877449036232615,2.0201396111474423e-11,118,120,False,False,False,744a584ad7faaeeb1ccd7c7b1e34ca43b6c666f29c9a37295f3a4ff6a7c38cf1,466c69b084d47387713c3e82ad23157fee9466c98fc0f26a427840fe5060c373,1.97,1.9,True,2025-05-30T15:18:00+00:00,2025-05-30T15:18:00+00:00,0.5145898837587798,0.5134813845317542,0.5135422383811955
te:2910037,2025-05-30,2025,2025-05-30,zheng-c91db,martin-e6e6e,2025-05-30T18:45:00+00:00,2025-05-30T05:58:00+00:00,0.0,2025-06-01T22:00:00+00:00,2025-05-30,1.88,1.97,0.5116883116883117,0.04676176590803954,0.6007320338511354,0.3617544162332966,0.0,0.0,0.6038911896392977,0.6767481165309027,6.039680144898085e-10,40,159,False,False,False,a1a1e6d22b2d0f9e09d7a6eb15d1dfc4af31644301264d97cb145e0252bf7b2a,7eee2e25a7499945959eddc02f74815c12ea522125a1d366dd1915a2bbdabb22,1.92,1.95,True,2025-05-30T18:40:00+00:00,2025-05-30T18:40:00+00:00,0.526605841245703,0.5264996813976596,0.5231145928772911
te:2910049,2025-05-30,2025,2025-05-30,kypson,noguchi-08bde,2025-05-30T17:05:00+00:00,2025-05-30T05:57:00+00:00,0.0,2025-06-01T22:00:00+00:00,2025-05-30,1.81,2.06,0.5322997416020672,0.12937913752375527,0.6481011436315006,0.48132383805360013,0.35,0.35,0.7746547107978027,0.7280999235742485,8.928746630942896e-12,95,148,False,False,False,4adda55900eedcc4d94f08afc44c568626adb33c76ef775b13c22cfd0df2ec0a,55a6fea5fa3a9b8a2557387c69d4182f4ca92337e16fbbd0e9f47c8c0ff6a37d,1.85,2.02,True,2025-05-30T15:56:00+00:00,2025-05-30T16:43:00+00:00,0.5456438314302182,0.5469006009592196,0.5456688813062776
te:2911027,2025-06-03,2025,2025-06-03,rincon-d1dab,nardi-e2cda,2025-06-03T16:05:00+00:00,2025-06-01T16:49:00+00:00,1.0,2025-06-05T22:00:00+00:00,2025-06-03,1.85,1.98,0.5169712793733681,0.06791120561621009,0.6275015572153616,0.45360208963780346,0.0,0.0,0.6503081526244144,0.6822046820228856,8.569672749203505e-11,150,150,False,False,False,f5ed22d1a002ce7141681d529a9d3d96115056b706890cc27bc4c2d9c004c100,4e1a7c07af17efb2c6b5aa08b64e30ba9c8fee0c86929912532bbdf151047e30,1.82,2.02,True,2025-06-03T08:35:00+00:00,2025-06-03T08:35:00+00:00,0.5314890318143395,0.5323713115025378,0.5289966605869831
te:2911043,2025-06-03,2025,2025-06-03,buse,skatov,2025-06-03T11:25:00+00:00,2025-06-01T16:47:00+00:00,0.0,2025-06-05T22:00:00+00:00,2025-06-03,1.86,1.96,0.5130890052356021,0.052367985517315925,0.6391823064528389,0.5194489010323122,1.65,0.08333333333333333,0.7142256314124451,0.6894600189516387,1.002105370906392e-09,161,144,False,False,False,08cd27effaea799a80e0bb2751852b3b558ec48f6aca3f6aef053e8ea83644f3,73663d20cc13b30c8d287dc1c794681b52a57f86d606a8d43f27c177e91bded3,1.84,2.0,True,2025-06-02T13:53:00+00:00,2025-06-02T14:19:00+00:00,0.5279007948486375,0.5294471836175121,0.5300981782211369
te:2911395,2025-06-03,2025,2025-06-03,moreno-de-alboran-a31d1,o-connell-020b8,2025-06-03T15:40:00+00:00,2025-06-01T15:06:00+00:00,0.0,2025-06-05T22:00:00+00:00,2025-06-03,1.56,2.45,0.6109725685785536,0.45140220329519004,0.6553964792766975,0.19144362020321687,0.0,0.0,0.7462661009488799,0.7329441363531649,5.688816084870041e-11,124,135,False,False,False,df744d7c85ce243b22e79fb559f8d95514800894e80d18001c152e833f198ab2,63105b950cef74c0dea00c04819791c86c868b78ff9c88015a84c8c51d73fa82,1.6,2.4,True,2025-06-03T13:55:00+00:00,2025-06-03T13:55:00+00:00,0.618102489275044,0.6168893428725231,0.6136999597253343
te:2911409,2025-06-03,2025,2025-06-03,mannarino-a7108,nishioka,2025-06-03T12:00:00+00:00,2025-06-01T15:02:00+00:00,,,,1.66,2.25,0.5754475703324808,0.304112613847877,0.49990356356166243,-0.3044983596060105,0.0,0.0,0.677552814327361,0.8462724900914862,6.486478021372477e-14,150,105,False,False,False,c5fd8e8e0e656cf188d2963dfe294b47af757bc5907f1031a91305f3db39c9d0,d95eb1a2e301d2ffcf8ee3e07b138403ee9b354f6fbf79bcb81b3bf49b701692,1.67,2.26,True,2025-06-03T11:49:00+00:00,2025-06-03T11:49:00+00:00,0.5854068919306379,0.578895876492182,0.5755733273776156
te:2911815,2025-06-03,2025,2025-06-03,martin-e6e6e,dougaz,2025-06-03T15:10:00+00:00,2025-06-03T07:38:00+00:00,0.0,2025-06-05T22:00:00+00:00,2025-06-03,1.67,2.23,0.5717948717948719,0.28917795904336396,0.6310655057016268,0.2476126045771293,1.35,0.38333333333333336,0.6613178461284628,0.6565073975137964,9.747420454120359e-09,163,185,False,False,False,85805d12959947e096bd51d047155791736c1a6a25dfc16fdafefa655304f5c8,2c41c8211ae7989771d4b71701671f7247aeae191988d4e67dee7de1253a0f64,1.68,2.24,True,2025-06-03T14:11:00+00:00,2025-06-03T14:11:00+00:00,0.58204395793143,0.5811303236292462,0.5822411137010862
te:2913463,2025-06-03,2025,2025-06-03,mrva,pokorny-6f34e,2025-06-03T13:10:00+00:00,2025-06-02T17:33:00+00:00,0.0,2025-06-05T22:00:00+00:00,2025-06-03,1.91,1.91,0.5,0.0,0.5757749664066533,0.30545284699104047,0.3333333333333333,0.3333333333333333,0.5866310951144842,0.6885956956325213,3.6349983079109194e-08,74,196,False,False,False,5a5c2d34278fad0b1c8f28201a9982f488c57c6470fdf58a795d6b427f31ff96,42e3b3c9f3abfab67c51c29548b8909b91a5d384ade0be6c90f23c252805b124,1.93,1.9,True,2025-06-02T22:19:00+00:00,2025-06-03T07:33:00+00:00,0.5157922741783226,0.5150277942896669,0.5136659158058942
te:2914567,2025-06-03,2025,2025-06-03,wu-9762d,maloney-d0a78,2025-06-03T17:15:00+00:00,2025-06-03T07:46:00+00:00,1.0,2025-06-05T22:00:00+00:00,2025-06-03,2.13,1.73,0.4481865284974093,-0.20800057121164622,0.6099696626637151,0.6551852696639724,0.7666666666666667,0.7666666666666667,0.5326404252271376,0.5000000000000001,0.009015498487077944,36,176,False,False,False,adf74f58f5895f0093b9770919067b7bfb170df24d70cefcf823e5a398ba1ce8,672dcf0fa88e30b1b01fbef1d258b6f24af8f1a22c17280166479008946bf2ea,2.19,1.7,True,2025-06-03T15:18:00+00:00,2025-06-03T15:18:00+00:00,0.46765452236989324,0.4702273065389593,0.47150740199400176
te:2916119,2025-06-06,2025,2025-06-06,buse,passaro-5f6f1,2025-06-06T15:50:00+00:00,2025-06-05T08:59:00+00:00,1.0,2025-06-08T22:00:00+00:00,2025-06-06,1.81,2.05,0.5310880829015544,0.12451294787258244,0.60986951609734,0.3222508211003992,0.5,0.5,0.5000000000000001,0.5329792610690056,0.0023534743408926972,164,114,False,False,False,74992108f1bcf50db65d52f089cecda8c35981a4d7cd470a9285d2ae03b76ed9,0ea7b15fa4cfae9e5d6caecc0cec049a352176df2595d64f5814b6bbe42ecca5,1.77,2.13,True,2025-06-06T10:55:00+00:00,2025-06-06T10:55:00+00:00,0.5445256303417534,0.5441251609412348,0.5437941162185869
te:2916417,2025-06-06,2025,2025-06-06,zhou-472f7,noguchi-08bde,2025-06-06T17:55:00+00:00,2025-06-06T00:23:00+00:00,0.0,2025-06-08T22:00:00+00:00,2025-06-06,1.84,2.02,0.5233160621761658,0.09333193979221903,0.5613767806278758,0.15341958918767534,0.9166666666666666,0.35,0.5767739016216173,0.692541246521536,4.066330605567714e-12,110,153,False,False,False,a4c72119d78f76bcf9a85901b4c4d49a9cbb9b69d15e8e6d7cfde3ae3990c0cb,4146082824d1c29ecef0aabbe26411727b09e0abe6d433e31fa520e7faff599b,1.85,2.03,True,2025-06-06T12:12:00+00:00,2025-06-06T16:47:00+00:00,0.5373503674288039,0.5351457544750512,0.5351616735997471
te:2916427,2025-06-06,2025,2025-06-06,holt-669c7,mannarino-a7108,2025-06-06T10:10:00+00:00,2025-06-05T09:01:00+00:00,0.0,2025-06-08T22:00:00+00:00,2025-06-06,1.68,2.27,0.5746835443037974,0.3009860380781436,0.5548679066771556,-0.08062703569275853,0.0,0.0,0.8418567257226475,0.7047769887447102,1.5356024091195408e-08,187,150,False,False,False,7453ded3b9be24e290eeed576ca785f17de34191a0cf0b88b12758a8d3f6f5dd,dd4cb6b915729737039c6186705f765e8a38cabd02c215186ab0542ac3f9805b,1.69,2.26,True,2025-06-06T09:52:00+00:00,2025-06-06T09:52:00+00:00,0.5847035077716303,0.5804677394359206,0.5771585443856565
te:2916565,2025-06-06,2025,2025-06-06,sell-1ce74,martin-e6e6e,2025-06-06T18:15:00+00:00,2025-06-06T00:23:00+00:00,1.0,2025-06-08T22:00:00+00:00,2025-06-06,1.86,2.0,0.5181347150259067,0.07257069283483525,0.6086716903278032,0.36916145882519896,1.0,0.13333333333333333,0.5000000000000001,0.5367933030856608,0.019723424244056154,130,165,False,False,False,2246bd34ee96b8729d4a859637fd6e8e9bccb4611780a96643ce9dc051c2874f,f210e310be9ad9ccfe6b31d3c527effeb9359488d36cea51db742d3c497371ef,1.87,2.01,True,2025-06-06T17:53:00+00:00,2025-06-06T17:53:00+00:00,0.5325640826746839,0.532573586823643,0.5319525284486584
te:2916791,2025-06-06,2025,2025-06-06,dellien,sachko,2025-06-06T09:05:00+00:00,2025-06-05T21:05:00+00:00,0.0,2025-06-08T22:00:00+00:00,2025-06-06,1.78,2.1,0.5412371134020618,0.16532398042538338,0.601168672141116,0.24501297689981633,0.8666666666666667,0.1,0.5550286261423117,0.5000000000000001,0.002045760474064448,207,222,False,False,False,f217b54de89206a909bb16a673611cc464d46f8978f5ed664a5e7d4a12dd4493,440afcc2dc9cbfca731e947b3c927fcf9049127ef3c1741532cf7f4843f7da39,1.76,2.16,True,2025-06-06T08:59:00+00:00,2025-06-06T08:42:00+00:00,0.5538886085101828,0.5527510103739316,0.5517115581524626
te:2916905,2025-06-06,2025,2025-06-06,tseng-5c1bc,tabilo,2025-06-06T10:50:00+00:00,2025-06-05T21:05:00+00:00,0.0,2025-06-08T22:00:00+00:00,2025-06-06,1.69,2.24,0.5699745547073791,0.2817473369319663,0.6385445822677984,0.28730545132701746,1.4166666666666667,1.4166666666666667,0.7364821564023368,0.6969337917816283,6.199324942279816e-10,188,119,False,False,False,2852acf1135214668fd8a85e08428820042b372a3ae7cd1d6c38d66dce14bf7c,ad51f46bbc4d49b257dd9229972efb00e2ae8063b832411fce99bd88588cd7bc,1.7,2.25,True,2025-06-06T07:00:00+00:00,2025-06-06T07:00:00+00:00,0.5803678892444594,0.5798471046496624,0.5849826506770761
te:2917035,2025-06-06,2025,2025-06-06,wu-9762d,rybakov,2025-06-06T16:10:00+00:00,2025-06-06T00:23:00+00:00,0.0,2025-06-08T22:00:00+00:00,2025-06-06,2.13,1.76,0.4524421593830334,-0.19080817067127342,0.6203743112822951,0.6819454568451099,1.6166666666666667,0.08333333333333333,0.684216535396111,0.6377303401955721,6.861150148029793e-09,42,143,False,False,False,ae5abe5ee2f430da8884e6d313dbb938c023fa46cc156a2525c4307507bb1134,60ca878e00c8052ed699cb0e9ccc033e8c08d2f83b3ea2d22bf7590de1ae68b7,2.14,1.77,True,2025-06-06T15:23:00+00:00,2025-06-06T15:23:00+00:00,0.4716228401053558,0.47450279465823786,0.47506739626942135
te:2918379,2025-06-10,2025,2025-06-10,barrios-vera,vatutin,2025-06-10T10:40:00+00:00,2025-06-09T18:14:00+00:00,0.0,2025-06-12T22:00:00+00:00,2025-06-10,2.07,1.78,0.4623376623376624,-0.15093524297328376,0.5895027981084605,0.5128455969915997,0.7166666666666667,0.7166666666666667,0.5752174559426074,0.5000000000000001,0.0024234779554424546,208,192,False,False,False,07bbe7206aff3e1ec0a34bbe4ea2c84e43a24c7a49d9e41c1e15cb7db7e02d17,900c8401b7e7cbc56d8a8926dd16e72da3d9a302b12fd8e8a7ea9b722d933c86,2.0,1.84,True,2025-06-10T08:32:00+00:00,2025-06-10T08:32:00+00:00,0.4808392054238086,0.4820165461017521,0.4829922347674017
te:2919241,2025-06-10,2025,2025-06-10,harris-9f62b,blanchet,2025-06-10T10:10:00+00:00,2025-06-09T18:09:00+00:00,0.0,2025-06-12T22:00:00+00:00,2025-06-10,1.85,1.97,0.5157068062827225,0.06284790365966353,0.6637520225785511,0.6172118002967059,1.3166666666666667,1.3166666666666667,0.7791643139487614,0.7517660774397408,8.598288747663219e-12,68,131,False,False,False,a6f899b6ad0d318629597276362e9904d11056683d77f6c0a167b0255d22581f,0ed608fc0e770bd00c94410f3fe128e8242541c4376e226708116e096ee9b461,1.98,1.86,True,2025-06-10T09:04:00+00:00,2025-06-10T09:04:00+00:00,0.5303204804419641,0.532899920746046,0.5375423520907316
te:2919243,2025-06-10,2025,2025-06-10,pinnington-jones,kukushkin,2025-06-10T10:10:00+00:00,2025-06-09T18:08:00+00:00,0.0,2025-06-12T22:00:00+00:00,2025-06-10,1.85,1.97,0.5157068062827225,0.06284790365966353,0.6172450595037052,0.4150232781412353,0.5,0.5,0.5658754154455992,0.5625585545472348,4.2559210600146e-08,116,147,False,False,False,36466ea04d1ea0da49f6454a9591e2d428620cfed4d38637e110d0771c6f1d83,608000e25e0b05fdec80840484a2e79bd729b5903fa800ef1a371deb51243f65,1.84,2.0,True,2025-06-10T09:59:00+00:00,2025-06-10T09:59:00+00:00,0.5303204804419641,0.530793483447292,0.530460448781594
te:2919259,2025-06-10,2025,2025-06-10,casanova-dbdaf,olivieri-ff875,2025-06-10T20:55:00+00:00,2025-06-10T09:20:00+00:00,0.0,2025-06-12T22:00:00+00:00,2025-06-10,1.89,1.93,0.5052356020942408,0.020943173845242972,0.6123717143884243,0.4363494470923082,0.0,0.0,0.5230820713326587,0.5000000011453406,0.025142423847079445,140,165,False,False,False,9e768ca333aca6706d3495014fd002ba73c05426bffbc8158a6e74d0974340df,b2d510b9bafb726ff67abccd7b3cf7935d60481dffc0ed6982344b0f10115103,1.93,1.9,True,2025-06-10T19:50:00+00:00,2025-06-10T19:50:00+00:00,0.5206377771742725,0.521271975907886,0.517885134881088
te:2921281,2025-06-10,2025,2025-06-10,durasovic,campana-lee,2025-06-10T14:45:00+00:00,2025-06-09T18:08:00+00:00,1.0,2025-06-12T22:00:00+00:00,2025-06-10,1.76,2.09,0.5428571428571429,0.1718502569266595,0.6183537984692562,0.3107165207147891,0.9,0.3333333333333333,0.6571848145345034,0.6165387670596697,2.816497035595944e-12,185,134,False,False,False,2fd190714eebd1ac8453162384701fbd1b630d35c66b7848bcca270eef273460,b2d306959f26b1f3b6a54f3dba1e70a8ce5f92059bce59d103c18ac090819013,1.79,2.07,True,2025-06-10T07:31:00+00:00,2025-06-10T07:31:00+00:00,0.5553825201544743,0.5549343987330199,0.5548631977368387
te:2922275,2025-06-10,2025,2025-06-10,cilic,jubb,2025-06-10T11:25:00+00:00,2025-06-09T22:59:00+00:00,1.0,2025-06-12T22:00:00+00:00,2025-06-10,1.76,2.09,0.5428571428571429,0.1718502569266595,0.5823461021623887,0.16056159736603254,0.8166666666666667,0.8166666666666667,0.7869086466533316,0.6760517652915965,1.7352785874891197e-13,92,109,False,False,False,2c7a7d41ec7aed0625075b4eee065b59762eadc92c9c8f35ec466ff1e2f913d0,0f2cc1b442fb445e63dfee68be7ae26a4b0f0c5bff938812cd2a08f86db2b297,1.65,2.3,True,2025-06-10T08:41:00+00:00,2025-06-10T10:54:00+00:00,0.5553825201544743,0.5533821122355562,0.5549610550803581
te:2922657,2025-06-10,2025,2025-06-10,pacheco-mendez,cecchinato,2025-06-10T11:00:00+00:00,2025-06-10T01:08:00+00:00,0.0,2025-06-12T22:00:00+00:00,2025-06-10,1.73,2.13,0.5518134715025906,0.208000571211646,0.6350079845753024,0.3457615239418818,0.95,0.95,0.6826012096067238,0.6720057657261227,4.149258492347485e-09,156,116,False,False,False,39f5b8b68be40d3069ad6539a09a2c601e59e05094511b45c5a6b9192a07fffb,0ce34f3bf25bbf8c8724366f78f82007ec4de976410696928fdde1e1d0275b3f,1.76,2.11,True,2025-06-10T10:09:00+00:00,2025-06-10T10:09:00+00:00,0.5636387505333704,0.5636061950715232,0.5659895747315791
te:2924655,2025-06-13,2025,2025-06-13,blanch-5d667,pucinelli-de-almeida,2025-06-13T14:10:00+00:00,2025-06-12T06:01:00+00:00,1.0,2025-06-15T22:00:00+00:00,2025-06-13,1.99,1.86,0.4831168831168831,-0.06755815101129117,0.5687623196023637,0.3443613811375468,0.6,0.6,0.5000000000000001,0.6020485216694911,0.010031218555173332,164,172,False,False,False,bea83e2e1ab96ec6a0587de29a69a4ce1235ef339a5ef0064cf6dd52786c9cdc,3615c18ef2cc6f50ceb24331b6d0f270bd49739da270939491504e6d197592b2,2.06,1.82,True,2025-06-13T06:10:00+00:00,2025-06-13T06:10:00+00:00,0.5001460886687283,0.49968705274193115,0.4999499002647873
te:2924667,2025-06-13,2025,2025-06-13,nardi-e2cda,pavlovic-c059e,2025-06-13T16:10:00+00:00,2025-06-12T00:49:00+00:00,0.0,2025-06-15T22:00:00+00:00,2025-06-13,1.9,1.95,0.5064935064935064,0.025975486403260445,0.630497484188607,0.5083761297528857,0.5,0.03333333333333333,0.6789714665391046,0.6563540486828838,3.1716018700223003e-12,153,158,False,False,False,93dc7d8ba43de7a6384ca12c09a2ea6948377babece74935fcc196082f428dae,91eb6f4b64eecf06d2d1b502096ca01421fe48e4d37d5262e122363b3329d981,1.94,1.93,True,2025-06-13T15:54:00+00:00,2025-06-12T02:36:00+00:00,0.5218015307948707,0.5231949738007793,0.5210659765930367
te:2925025,2025-06-13,2025,2025-06-13,mochizuki-f2487,crawford-71058,2025-06-13T12:45:00+00:00,2025-06-12T17:36:00+00:00,0.0,2025-06-15T22:00:00+00:00,2025-06-13,1.72,2.19,0.5601023017902813,0.2415772530030477,0.6018119000987381,0.17144317871734463,0.6333333333333333,0.6333333333333333,0.6421419694250151,0.7235361194280348,6.129501545215632e-09,144,172,False,False,False,3e241514701d2ae7c4a9d39c0e2e4cea96eaebead1614d3253b14caa81b3ad09,9426a12403d960f9a9946ea786f0161e31103d8093d2c3a6855a8e52320014d4,1.71,2.22,True,2025-06-13T11:01:00+00:00,2025-06-13T10:59:00+00:00,0.5712758289732591,0.5695051779300137,0.5699793584411555
te:2925043,2025-06-13,2025,2025-06-13,garin,dodig-b6156,2025-06-13T13:10:00+00:00,2025-06-12T17:54:00+00:00,0.0,2025-06-15T22:00:00+00:00,2025-06-13,2.11,1.78,0.4575835475578406,-0.17007458318398147,0.49130088492602003,0.13527461130584112,0.3,0.3,0.7619891334310022,0.5898144082480471,1.4199322773134071e-08,140,135,False,False,False,4a0c5904f6e16152072c9faefa64bc00096db9fa30f9c9dc2ec3af04e7d0ac8e,a15f787fec9ee6619abf58a9d6a3419327b12a8e5e154662b7005109ad86a910,2.17,1.75,True,2025-06-13T09:35:00+00:00,2025-06-13T09:35:00+00:00,0.47641325737413853,0.47362102057509514,0.47203718485554325
te:2925123,2025-06-13,2025,2025-06-13,basile-67dd4,arnaboldi-d7371,2025-06-13T13:40:00+00:00,2025-06-12T17:28:00+00:00,1.0,2025-06-15T22:00:00+00:00,2025-06-13,1.95,1.9,0.49350649350649356,-0.025975486403260445,0.5862732208427002,0.37455561225901146,1.0,1.0,0.5836906433703368,0.6728198384946416,5.8623037202387707e-08,67,143,False,False,False,9572cf6c632eee4ab5f65f93bfac6760ec68f6c57e5e71862283076fbb510c69,db89d8e7e533a27806ad3df767faddd607fb291c6d796023a7c4c41ea55f2280,1.99,1.88,True,2025-06-13T10:04:00+00:00,2025-06-13T10:04:00+00:00,0.509778447313484,0.5096973592040297,0.5124079623674099
te:2926479,2025-06-17,2025,2025-06-17,ramos-vinolas,rodriguez-taverna,2025-06-17T16:30:00+00:00,2025-06-16T16:08:00+00:00,1.0,2025-06-19T22:00:00+00:00,2025-06-17,1.8,2.03,0.5300261096605744,0.12024912815157689,0.6362343880043203,0.4388081647539028,1.05,1.05,0.6853190309844092,0.6769180368494248,8.081586788666328e-10,121,221,False,False,False,0e7021967f5cc24bd17775cf2aab668af8839c2bd837a604be7c4a790a2e7ea8,77c75abd3431c7317ef5120e362210c974e2fedb7ca395cf603c5c6b79ac9c60,1.81,2.04,True,2025-06-17T12:41:00+00:00,2025-06-17T12:41:00+00:00,0.543545478208241,0.5443484845295234,0.5473553660348409
te:2926505,2025-06-17,2025,2025-06-17,giustino-1d545,vacherot,2025-06-17T08:40:00+00:00,2025-06-16T16:49:00+00:00,0.0,2025-06-19T22:00:00+00:00,2025-06-17,1.97,1.85,0.48429319371727747,-0.06284790365966375,0.5892200466807515,0.4235899334897954,2.183333333333333,0.4166666666666667,0.549505942763218,0.6297271083431406,4.721586427391955e-08,207,94,False,False,False,6fd355bb92b129e0d2fd92939d91ae67cf41a284e265a292269ad0bab87a65fb,254aefdad40d2db184996e49c46eba3938fa4c82c9d7946b2092e518639e3173,2.14,1.74,True,2025-06-17T06:58:00+00:00,2025-06-17T06:58:00+00:00,0.5012373261057668,0.5016140987085196,0.5047408937880823
te:2926509,2025-06-17,2025,2025-06-17,tirante,yevseyev,2025-06-17T12:30:00+00:00,2025-06-16T17:44:00+00:00,0.0,2025-06-19T22:00:00+00:00,2025-06-17,2.02,1.81,0.47258485639686687,-0.10977066613537889,0.5763105362558908,0.4174165169311723,0.0,0.0,0.7169310029775923,0.6118855460557655,1.010016237312783e-10,174,177,False,False,False,aee0a106e11618e13a3aef08bbe26e21cb42341c33e9f66b80f5c79f53f45121,319b834c06d58fe65507ea762abdd95e36651807cb30d26e215f86a1796164af,2.06,1.79,True,2025-06-17T08:05:00+00:00,2025-06-17T08:05:00+00:00,0.490367755188814,0.49060982855931223,0.4872079302041735
te:2927327,2025-06-17,2025,2025-06-17,barton-61a23,kodat,2025-06-17T11:00:00+00:00,2025-06-16T17:20:00+00:00,0.0,2025-06-19T22:00:00+00:00,2025-06-17,1.85,1.97,0.5157068062827225,0.06284790365966353,0.5711505775201838,0.22369911890927552,2.3833333333333333,0.48333333333333334,0.6032223297049929,0.5037335153496275,5.881256204265384e-09,183,166,False,False,False,39652c9decbf997b3171616de9c5ea0487f573d2a7d2b597e3461edbbd2670e0,882bd3e5f53ddcb3281b4c20f0ec1f27bc76545282e62cb3b254d01bec13d18b,1.83,2.02,True,2025-06-17T10:37:00+00:00,2025-06-17T10:37:00+00:00,0.5303204804419641,0.5287992209545289,0.5326202934048747
te:2927621,2025-06-17,2025,2025-06-17,olivieri-ff875,sperle,2025-06-17T16:10:00+00:00,2025-06-17T07:47:00+00:00,0.0,2025-06-19T22:00:00+00:00,2025-06-17,2.06,1.78,0.46354166666666663,-0.14609261849749608,0.5852001051252355,0.49025024436390907,1.0,0.4,0.6417278978386944,0.5552554958597944,6.974287286576342e-09,165,145,False,False,False,ec7a182c6916adc18ea4906ead7ee5030662719de23ba2dd81f7112e826d5246,2c47728079ac81c8790968337b21483807e51d7b85fc2b00518ec708ca8df07f,2.03,1.82,True,2025-06-17T15:57:00+00:00,2025-06-17T15:57:00+00:00,0.4819595605507879,0.48290822205370193,0.4833007260140872
te:2928149,2025-06-20,2025,2025-06-20,reis-da-silva,gerch-539c1,2025-06-20T18:50:00+00:00,2025-06-19T15:29:00+00:00,1.0,2025-06-22T22:00:00+00:00,2025-06-20,2.14,1.75,0.4498714652956298,-0.20119004109833744,0.5259851149448177,0.3052242305796228,1.5333333333333334,0.3,0.7607345371220107,0.6121171373286305,8.914888272038013e-11,173,118,False,False,False,54d5675ace198c6a203417e4441825fa8e4dde59db0d9b0142326948f5df5310,08e954fa4c239b5b1fb2b494f4e12309090b0a473811750bea72b3fcc0464e9c,2.26,1.69,True,2025-06-20T16:57:00+00:00,2025-06-20T16:57:00+00:00,0.46922605494421926,0.46816234755453,0.4693532806849621
te:2932129,2025-06-20,2025,2025-06-20,kuzmanov,brunold-a21c2,2025-06-20T13:25:00+00:00,2025-06-19T15:25:00+00:00,1.0,2025-06-22T22:00:00+00:00,2025-06-20,1.83,2.03,0.5259067357512953,0.10371982620036632,0.6061096867815139,0.3272686670868481,1.15,0.4166666666666667,0.5907275973532448,0.5417405379264411,1.494964707582369e-10,138,167,False,False,False,075e65d2ace9a7bcdbfd3a01562ca4e2f660abc69073de49360fba2263c4e11e,0e4ffb37568b0aaaaab4c4bff6419ab7e27920891fa69f6129ababa322ffc69e,1.84,2.04,True,2025-06-20T12:37:00+00:00,2025-06-20T12:37:00+00:00,0.5397426585402432,0.5393628626402727,0.5401656368237324
te:2932213,2025-06-20,2025,2025-06-20,mochizuki-f2487,smith-4a480,2025-06-20T11:05:00+00:00,2025-06-19T16:14:00+00:00,0.0,2025-06-22T22:00:00+00:00,2025-06-20,1.72,2.18,0.558974358974359,0.237000585975636,0.621732547358141,0.25990793402389545,2.566666666666667,0.6333333333333333,0.6500719613145783,0.7000315856644572,5.63198154779343e-10,154,164,False,False,False,551b14e45b6a785ee28ae26d505f968a80aff5c19f75b1d2c7d3bacccfda0ba5,256160a667a6ffaa4ad5c2c66074c2ad8b72b798f46e1fb707243063153ad6ab,1.68,2.27,True,2025-06-20T08:11:00+00:00,2025-06-20T08:11:00+00:00,0.5702367696924816,0.5693661848326975,0.5741095935032312
te:2932297,2025-06-20,2025,2025-06-20,misolic,garin,2025-06-20T14:55:00+00:00,2025-06-19T22:59:00+00:00,0.0,2025-06-22T22:00:00+00:00,2025-06-20,1.77,2.12,0.544987146529563,0.18043654209818355,0.6142349814656023,0.28471259498426416,1.0666666666666667,0.5666666666666667,0.5491553982209649,0.5311636887607314,1.1870111366052427e-08,148,147,False,False,False,448b1b9715a0dc3749c675b7bdccb4820f4b94c2a3fdd581860b5d33832970a3,f9d9df9b33f278fa0adc5c1784a7fea6dd4e3dec4fde1746a1b5956c057ceb6f,1.83,2.06,True,2025-06-20T09:31:00+00:00,2025-06-20T12:45:00+00:00,0.5573464544605087,0.5566428730058588,0.5578301495226308
te:2932435,2025-06-20,2025,2025-06-20,cilic,landaluce-84126,2025-06-20T13:10:00+00:00,2025-06-19T23:00:00+00:00,1.0,2025-06-22T22:00:00+00:00,2025-06-20,1.62,2.37,0.5939849624060151,0.3804638059027472,0.634176490963793,0.16971248535942118,1.5833333333333333,1.0166666666666666,0.7174249604815142,0.6805963360430941,2.1941752248455515e-08,98,167,False,False,False,e7d2c59d3d2cd50262e5283d139361b8c0f9f31e77ae6fb095454224cf3b178d,ba75927dcc41ec16e6fed86706d220c328a2ddfba610d7d4c8e37fdd6973756d,1.63,2.38,True,2025-06-20T09:31:00+00:00,2025-06-20T09:31:00+00:00,0.6024691195395792,0.6009187634260189,0.6048584841863341
te:2932465,2025-06-20,2025,2025-06-20,roncadelli,villanueva-55ff0,2025-06-20T18:05:00+00:00,2025-06-20T08:24:00+00:00,1.0,2025-06-22T22:00:00+00:00,2025-06-20,1.97,1.88,0.4883116883116883,-0.04676176590803932,0.609984708137202,0.49400970587402093,0.8166666666666667,0.15,0.5569147569854064,0.5991919433520843,7.511931632286917e-09,142,172,False,False,False,ae739e89408df85accdf4390bbea6c61c308bc090dbd35677b2228fd98d3c55a,a572a4fde922493f45d30df8b28f517babd4da3e60ae9872f62edd186c1011d7,1.92,1.95,True,2025-06-20T14:57:00+00:00,2025-06-20T14:57:00+00:00,0.5049638989748338,0.5061011807389194,0.5051250419404754
te:2932565,2025-06-20,2025,2025-06-20,taberner,passaro-5f6f1,2025-06-20T15:10:00+00:00,2025-06-20T08:22:00+00:00,,,,1.81,2.06,0.5322997416020672,0.12937913752375527,0.6139748962255932,0.33467250112638336,1.0833333333333333,0.55,0.5703491075029556,0.6041258852043743,2.02189376352635e-11,190,122,False,False,False,37f2e6825a79cf6a20d86ca29ba2c95613c079a96b9801fbada0bd4b9c39bcf4,c9693f4642f4bb813166bda189cf2c3232b17a8015fc27c2e2f3345ac6a7a43d,1.79,2.09,True,2025-06-20T09:46:00+00:00,2025-06-20T14:14:00+00:00,0.5456438314302182,0.5453795992860164,0.5465441590574049
te:2934159,2025-06-24,2025,2025-06-24,negritu,erhard,2025-06-24T13:15:00+00:00,2025-06-23T16:25:00+00:00,1.0,2025-06-26T22:00:00+00:00,2025-06-24,1.89,1.93,0.5052356020942408,0.020943173845242972,0.6433520893130615,0.5689999227871788,0.7333333333333333,0.7333333333333333,0.7089440467922994,0.701299789086861,1.6479767736554685e-07,197,192,False,False,False,08358d116beda02c2d61d5a0c83a96d78442a3399f985351635d531857e7051b,a031db57bcdda0739cab8967f5efcb95bce44ba28c26b7ed99ba99685e85167a,2.03,1.81,True,2025-06-24T10:57:00+00:00,2025-06-24T10:57:00+00:00,0.5206377771742725,0.5226569057968565,0.5237499067409896
te:2934169,2025-06-24,2025,2025-06-24,silva-cb43c,vatutin,2025-06-24T14:05:00+00:00,2025-06-23T15:56:00+00:00,,,,1.88,1.94,0.5078534031413613,0.031416196233379066,0.6075724637780594,0.4057033547196976,0.5,0.06666666666666667,0.5399780623008452,0.5000000000010268,0.007923125599293118,163,187,False,False,False,ddb6c17f83bf804fc0876cb82436568529caf2dfc008c66c4dd8c2ff0590ec0d,48532000acce85edb61168c52ade45a69931e738d4b7205ab64bd03942d70a1e,1.92,1.92,True,2025-06-24T07:30:00+00:00,2025-06-24T07:30:00+00:00,0.5230594622505346,0.5233891185329017,0.5213841828212169
te:2934741,2025-06-24,2025,2025-06-24,barrena-f6642,ambrogi,2025-06-24T15:10:00+00:00,2025-06-24T07:48:00+00:00,,,,2.08,1.76,0.4583333333333333,-0.16705408466316626,0.5349597854711341,0.3071217766845862,2.3333333333333335,0.8,0.7293788721006709,0.5891849452474389,1.7472245622540683e-08,166,208,False,False,False,3e2f571d50a7480d0f5d2a195e48952462db2152b627dbf032517e9325e5201e,de8f98db6d4e286833d705720f46e92fc7ee3ee058681a36d23dab6dd45c0009,2.06,1.79,True,2025-06-24T14:18:00+00:00,2025-06-24T13:13:00+00:00,0.47711151555871406,0.4761166037644142,0.4810372355333849
te:2936383,2025-06-24,2025,2025-06-24,vasami-a02e2,santamarta-roig,2025-06-24T15:05:00+00:00,2025-06-23T16:01:00+00:00,0.0,2025-06-26T22:00:00+00:00,2025-06-24,1.93,1.89,0.4947643979057591,-0.02094317384524342,0.5972061568078674,0.41478067321128964,1.6666666666666667,1.6666666666666667,0.5362330718720287,0.6022312890386128,1.0277923789825394e-09,41,63,False,False,False,3f00733af68c9603e90f998b66d48da5c8748a2ebc1508f50c350a569bcb3957,2694ea1d3aa46f31bf13cec36ae675a27ebdfaf65c76f03b60d212b9bc96804a,1.98,1.85,True,2025-06-24T10:01:00+00:00,2025-06-24T14:30:00+00:00,0.5109438001179654,0.5112908005834266,0.518072883734919
te:2937879,2025-06-24,2025,2025-06-24,bicknell-8dc8a,sperle,2025-06-24T19:35:00+00:00,2025-06-24T07:48:00+00:00,1.0,2025-06-26T22:00:00+00:00,2025-06-24,2.02,1.81,0.47258485639686687,-0.10977066613537889,0.6188956712293123,0.5946342141218961,0.7833333333333333,0.2833333333333333,0.5812649010445521,0.5825197488303169,4.5146451291278034e-07,63,146,False,False,False,34b949f43105cef1b13f31300c3076ff304ca9cc1b571f57862911dedfee38be,9ce8b46df52cee56133cd18ee67be24b6d60b88cc81bb91ccfe2875e86f814e6,1.95,1.88,True,2025-06-24T19:27:00+00:00,2025-06-24T19:27:00+00:00,0.490367755188814,0.49246310532657933,0.4919258315706097
te:2939551,2025-06-27,2025,2025-06-27,blanch-5d667,olivieri-ff875,2025-06-26T22:05:00+00:00,2025-06-26T00:57:00+00:00,1.0,2025-06-29T22:00:00+00:00,2025-06-27,1.95,1.89,0.4921875,-0.03125254350410442,0.6146998217747262,0.49836388328404346,0.43333333333333335,0.43333333333333335,0.5042199163564139,0.500000000526573,0.025320487882569742,166,156,False,False,False,ba0e656ed120955e9aa8c23d29250b012fc4e2926c3c5255be21e458ba3100a6,a1e70924a62ec40754bac6da87ddc2fbc5ca3cd9776f1c69cb0bedf4a8884379,1.96,1.91,True,2025-06-26T21:28:00+00:00,2025-06-26T21:28:00+00:00,0.5085563040873154,0.509762016793549,0.5090168611656036
te:2939583,2025-06-27,2025,2025-06-27,bueno-01b7e,pucinelli-de-almeida,2025-06-27T00:25:00+00:00,2025-06-26T04:34:00+00:00,0.0,2025-06-29T22:00:00+00:00,2025-06-27,1.95,1.9,0.49350649350649356,-0.025975486403260445,0.5849769103585796,0.36921370701051415,0.0,0.0,0.6088602620387056,0.7038244103747192,1.8819579228335215e-10,152,171,False,False,False,46a5dbaf04109878e6296b0f50f5caf3ae64c1166f6cdbcf95eefcf7225399da,780e836a1f410f42728edf0d4571d6429e15b919b5153723d8832a4acc5c571d,1.93,1.93,True,2025-06-26T21:28:00+00:00,2025-06-26T21:28:00+00:00,0.509778447313484,0.5096415003692584,0.5062433443743579
te:2941147,2025-07-01,2025,2025-07-01,taberner,geerts,2025-07-01T19:10:00+00:00,2025-07-01T10:19:00+00:00,1.0,2025-07-03T22:00:00+00:00,2025-07-01,2.06,1.78,0.46354166666666663,-0.14609261849749608,0.591103756804067,0.5146227421806719,0.0,0.0,0.7284935119903909,0.6354004077262743,3.158444983331066e-08,192,204,False,False,False,80b8b9fa4efe6ccdf28971985d07b6f17d9d82c9c30488c8ea7e7fbb2bd51183,8c7d799c8278db14248d71708014cc02a76d59219b215c5ea4fe39a477eedd5b,2.17,1.72,True,2025-07-01T16:51:00+00:00,2025-07-01T16:51:00+00:00,0.4819595605507879,0.48316288041532574,0.479765588809154
te:2941151,2025-07-01,2025,2025-07-01,cecchinato,monteiro-f1500,2025-07-01T14:55:00+00:00,2025-06-29T16:49:00+00:00,1.0,2025-07-03T22:00:00+00:00,2025-07-01,1.7,2.17,0.5607235142118864,0.24409891649019808,0.6681452211531151,0.4557091702432844,0.8333333333333334,0.8333333333333334,0.7641104635988809,0.7647603178087108,4.4353409833775004e-14,119,165,False,False,False,9be40e735f69bddda34df574448fa93bc28f46baa7541996e238d7018adf4ff5,f3f8851f68b873c6e91a9f105550d65543636dc9e273207230bf57ffb091d2da,1.72,2.16,True,2025-07-01T13:23:00+00:00,2025-07-01T13:23:00+00:00,0.571848064687449,0.572994410686563,0.5746761989503414
te:2941871,2025-07-01,2025,2025-07-01,sels,zink-30580,2025-07-01T13:00:00+00:00,2025-06-30T17:14:00+00:00,0.0,2025-07-03T22:00:00+00:00,2025-07-01,1.91,1.91,0.5,0.0,0.6126584228850653,0.4585006266365876,1.05,1.05,0.5216632497907551,0.5000000000000001,0.0021655820733402636,170,177,False,False,False,fc2337f8c243a35ceb4ed929cf737e32bcf7e1b1d0815780431728cc3029dbe0,c8b9266b52dab4e7d422637cd8a9cdb5f2027b8bf9cc671358a12c9ce499f740,1.87,1.97,True,2025-07-01T07:34:00+00:00,2025-07-01T07:34:00+00:00,0.5157922741783226,0.5166271659960717,0.5196467046596258
te:2942033,2025-07-01,2025,2025-07-01,sell-1ce74,nakagawa-7463c,2025-07-01T15:50:00+00:00,2025-07-01T06:50:00+00:00,0.0,2025-07-03T22:00:00+00:00,2025-07-01,2.03,1.8,0.4699738903394256,-0.12024912815157689,0.5834495751217593,0.4571996357725993,1.3833333333333333,1.3833333333333333,0.7174870642223489,0.6189661426989626,1.1527612198136694e-11,138,117,False,False,False,96f354d4715a9a04f8cf2674948280a711a6956f72fe62153dd252f060465371,b70e0c74a13ef0d125f24e2b3e12434a669962610c67738563fb489c798b8897,2.11,1.76,True,2025-07-01T13:15:00+00:00,2025-07-01T13:15:00+00:00,0.4879413191178499,0.48858364251429093,0.4936325806731881
te:2942041,2025-07-01,2025,2025-07-01,draxl,sekulic-13abc,2025-06-30T22:45:00+00:00,2025-06-30T08:49:00+00:00,0.0,2025-07-03T22:00:00+00:00,2025-07-01,1.89,1.93,0.5052356020942408,0.020943173845242972,0.5576663364165909,0.21075315400063616,0.45,0.45,0.6140300666212485,0.5000000000000001,0.008868945076510329,207,73,False,False,False,67a7f6714b4351aae8beb6f1a9130e3b47710ddec3ec08461912f9fe4fa88c8b,a34e731d8cfb445e53ba893cefc8002bc25f332c2a813b1ffd402188894aa5a0,1.98,1.86,True,2025-06-30T16:34:00+00:00,2025-06-30T16:34:00+00:00,0.5206377771742725,0.5189159106652708,0.518263987360644
te:2943525,2025-07-01,2025,2025-07-01,echargui,boyer-64ede,2025-07-01T14:10:00+00:00,2025-07-01T06:40:00+00:00,0.0,2025-07-03T22:00:00+00:00,2025-07-01,1.85,1.97,0.5157068062827225,0.06284790365966353,0.5526291614804634,0.1484514117990997,0.0,0.0,0.7653525711322624,0.6354000465411079,4.1747191120711236e-08,187,161,False,False,False,59e7d22a8e5a40b8412977ac09d6e3abe8a88f87ee236414ed1c18f6a62e749c,bbae4af862ac47e212bef83c0677ca7fec8e16c996811b0a79e9d7dbf89683cb,1.84,2.0,True,2025-07-01T13:11:00+00:00,2025-07-01T13:11:00+00:00,0.5303204804419641,0.5280146228825872,0.5246219033416755
te:2944779,2025-07-01,2025,2025-07-01,sheehy,wu-f664e,2025-07-01T21:45:00+00:00,2025-07-01T07:59:00+00:00,0.0,2025-07-03T22:00:00+00:00,2025-07-01,2.01,1.82,0.47519582245430814,-0.09929822098228022,0.577718923112114,0.41271452788947627,0.0,0.0,0.6780021521289271,0.7933399809335931,3.6634769856602745e-08,94,122,False,False,False,404245ca3d2a3927c503fedd59dcce12dc1e6132d35f66ec8a1b89472a866ca8,214be0a8c77d34eb0e62a322960a90e8f4f39468b27e8a4fc10fea433859cdb6,2.13,1.75,True,2025-07-01T19:38:00+00:00,2025-07-01T19:38:00+00:00,0.4927932515401435,0.4930018157925189,0.4895999046620754
te:2945659,2025-07-04,2025,2025-07-04,pavlovic-c059e,boitan,2025-07-04T14:00:00+00:00,2025-07-03T00:04:00+00:00,0.0,2025-07-06T22:00:00+00:00,2025-07-04,1.66,2.3,0.5808080808080808,0.326091520566652,0.6411797280536479,0.25439665615042273,1.4,1.0,0.7078936870552822,0.693713104531037,4.20908863318914e-11,151,194,False,False,False,d0c61fcb1bb720a08c16ecb01b22cd3f183c088c2db563888532d84ebd6a925a,9d55fb3ef54264dd6908946ca340c35281971fbb4c7e61d0859f98ff734277c9,1.68,2.25,True,2025-07-04T03:36:00+00:00,2025-07-04T03:36:00+00:00,0.5903415007139461,0.5895552340601261,0.5930700975079263
te:2945903,2025-07-04,2025,2025-07-04,ficovich,silva-cb43c,2025-07-04T13:30:00+00:00,2025-07-03T04:44:00+00:00,1.0,2025-07-06T22:00:00+00:00,2025-07-04,1.77,2.11,0.5438144329896907,0.17570840090223716,0.6108433883210883,0.27515034184010134,0.3333333333333333,0.3333333333333333,0.578653598331793,0.6248395008034832,1.3086863409617067e-07,183,165,False,False,False,a91adc97e822fa4340075ac0b70d746d88f82a6f7d7f7b4d4c1712fddca7a431,9d2c24063dcfce19331ffaf0c31ba16d26f53efdec276e4540935ea9a6fda541,1.88,1.99,True,2025-07-03T22:50:00+00:00,2025-07-03T22:50:00+00:00,0.5562652082283306,0.5554555139304109,0.5541216074809335
te:2945937,2025-07-04,2025,2025-07-04,travaglia,pellegrino-fd654,2025-07-04T12:05:00+00:00,2025-07-03T04:44:00+00:00,1.0,2025-07-06T22:00:00+00:00,2025-07-04,1.92,1.93,0.5012987012987012,0.005194816877103783,0.5535823612466426,0.2099608013859443,0.7666666666666667,0.7666666666666667,0.5000000000000001,0.6181685041051003,0.00603131701211336,141,153,False,False,False,0bae10b96f1658193685780cda0b37cdf67ec41f0ec87893f0b0eaef9e5812de,5baffce27b8075c778b6383069af56855028ad6190cc842f564a807e0328d0d7,1.96,1.91,True,2025-07-04T09:45:00+00:00,2025-07-04T09:45:00+00:00,0.5169944817907463,0.515239947788145,0.5165195683302227
te:2945981,2025-07-04,2025,2025-07-04,cina,cerundolo-08df6,2025-07-04T14:55:00+00:00,2025-07-03T00:05:00+00:00,1.0,2025-07-06T22:00:00+00:00,2025-07-04,1.85,2.01,0.5207253886010362,0.08294908298075078,0.6350217119974422,0.4708722405606657,0.2833333333333333,0.2833333333333333,0.6770170345031095,0.7051645748705565,2.028358689343257e-08,124,178,False,False,False,a241e6297def7969dd11906e8564106758a9039f88f93b380610df40b0b0a52d,802131a19345af17f9e258fbda2c327fbff3c9a83b708bffb3c40e9e178b23ae,1.83,2.03,True,2025-07-04T14:49:00+00:00,2025-07-04T14:49:00+00:00,0.5349575149472877,0.5360410201220119,0.5343952097818164
te:2946177,2025-07-04,2025,2025-07-04,kypson,galarneau-32e1f,2025-07-04T17:25:00+00:00,2025-07-04T01:18:00+00:00,1.0,2025-07-06T22:00:00+00:00,2025-07-04,1.7,2.19,0.5629820051413882,0.2532732927662391,0.598974870928281,0.14792226140610637,0.31666666666666665,0.31666666666666665,0.8075031279872323,0.7048596613499855,6.242506511711099e-13,106,172,False,False,False,53c7ecae822224d53b6bd1c96c58e61149b759965dc2bc1f926a916a3564d5eb,b6137e18fcb77b038338782df542898993ad57a98184fac3089fd2c95d399a54,1.71,2.21,True,2025-07-04T16:48:00+00:00,2025-07-04T13:34:00+00:00,0.5739283544643197,0.5719366140827438,0.570514450700757
te:2946179,2025-07-04,2025,2025-07-04,draxl,mayo-58e8a,2025-07-04T20:30:00+00:00,2025-07-04T01:17:00+00:00,0.0,2025-07-06T22:00:00+00:00,2025-07-04,1.99,1.85,0.4817708333333334,-0.0729489996461672,0.5116978707572802,0.11974902275346173,0.5333333333333333,0.0,0.7943177127615614,0.6344851827723154,3.2369157576539465e-08,207,146,False,False,False,5ba5d9c158732f17f77a22bebdbfb8b52803f1baec1e3ed9514a9c0331230786,b04b68a876dddf6d7780196a7223df4ab82887ee3448b3ccff28432b1817895e,1.98,1.89,True,2025-07-04T18:47:00+00:00,2025-07-04T18:47:00+00:00,0.49889717315349114,0.49608058088947693,0.4938678390095048
te:2946345,2025-07-04,2025,2025-07-04,paris-c72aa,papoe,2025-07-04T11:05:00+00:00,2025-07-03T17:00:00+00:00,1.0,2025-07-06T22:00:00+00:00,2025-07-04,1.88,1.97,0.5116883116883117,0.04676176590803954,0.6040579599545687,0.3756405505919172,1.95,0.4166666666666667,0.6110955950529444,0.6804808664081567,8.100692339141347e-11,156,66,False,False,False,fa578e8c0473a42568d2d6906995531a8fe8f4d7602c94d0495caa03a08d2147,c2af6898cec4b94a723063e9ce9b2bcc86ef843cf7c8b6b2107bf65f86d8a3d2,1.92,1.95,True,2025-07-04T07:35:00+00:00,2025-07-04T07:35:00+00:00,0.526605841245703,0.5266445289591836,0.5292442846433124
te:2946373,2025-07-04,2025,2025-07-04,berrettini,gombos,2025-07-04T13:20:00+00:00,2025-07-03T15:18:00+00:00,1.0,2025-07-06T22:00:00+00:00,2025-07-04,1.68,2.23,0.5703324808184143,0.28320779205685953,0.6349753350951528,0.270413437330438,0.43333333333333335,0.43333333333333335,0.6885609776163368,0.6722168603203892,9.827197666734122e-09,148,171,False,False,False,803c4581a8e442715b09a85d268e231e7d4fac24f4cffbe29a74405ddd4b42a1,1670a4f7e9163b899a3380b33773e5df3d1ee2a2933eb53da3e8e4a7f9aedb74,1.7,2.25,True,2025-07-04T08:02:00+00:00,2025-07-04T08:02:00+00:00,0.58069746066371,0.580006745857437,0.5792947670058354
te:2946527,2025-07-04,2025,2025-07-04,trungelliti,sanchez-izquierdo-99add,2025-07-04T10:40:00+00:00,2025-07-03T16:55:00+00:00,1.0,2025-07-06T22:00:00+00:00,2025-07-04,1.82,2.05,0.5297157622739017,0.11900329206161245,0.609579072472111,0.32653992333703874,1.1666666666666667,1.1666666666666667,0.5339430135922527,0.5000000000019835,0.007226568671173203,174,168,False,False,False,374e027d58bbbd424c5018ad1c6155dbe6e84750f2ca59d128552c9a5ab5ee18,502abd30f129b7046e91a6da700e20b3f30832a8baee6ca2e7544d1305288152,1.83,2.04,True,2025-07-04T06:34:00+00:00,2025-07-04T08:24:00+00:00,0.5432590256982466,0.5428947511677616,0.5466047124980816
te:2946541,2025-07-04,2025,2025-07-04,kym,cecchinato,2025-07-04T17:40:00+00:00,2025-07-04T01:26:00+00:00,0.0,2025-07-06T22:00:00+00:00,2025-07-04,1.63,2.34,0.5894206549118388,0.36157091455093915,0.6447733135272397,0.2345717494440802,1.3666666666666667,0.7666666666666667,0.7054359852723091,0.7264049757080423,5.511091583088046e-12,134,119,False,False,False,74aad28f417d32f971b469e0c806f188f92941d0afd035f0570c46c32fe30c7a,641667a781bc2832fe52218effeb1a2939d8313de52b4fcbe05ebe5e0994c546,1.66,2.3,True,2025-07-04T11:58:00+00:00,2025-07-04T14:19:00+00:00,0.5982685386970384,0.597338549655529,0.5998978276143913
te:2948411,2025-07-08,2025,2025-07-08,misolic,pellegrino-fd654,2025-07-08T11:45:00+00:00,2025-07-07T17:13:00+00:00,0.0,2025-07-10T22:00:00+00:00,2025-07-08,1.86,1.96,0.5130890052356021,0.052367985517315925,0.5952272169154765,0.33324934405093665,1.2,1.2,0.5660556573218839,0.5000000000000001,0.00536722028902728,169,155,False,False,False,dcf8878814c73e634b8e4dabf0387e276c60133aa48bf7a38349444492179d0f,074427d13c86166a89d838cce462bd3f7ad5b6444f1221fb792b7d1fbecdfd78,1.85,1.98,True,2025-07-08T08:43:00+00:00,2025-07-08T08:43:00+00:00,0.5279007948486375,0.5275057379054057,0.5314305535903522
te:2948413,2025-07-08,2025,2025-07-08,navone,buse,2025-07-08T09:55:00+00:00,2025-07-06T17:07:00+00:00,0.0,2025-07-10T22:00:00+00:00,2025-07-08,2.02,1.79,0.46981627296587924,-0.12088189156044984,0.6147710757165409,0.5882940893565751,0.25,0.25,0.5435719477359976,0.5302492410335691,1.3099035717223373e-08,143,162,False,False,False,479c5c72399bdfa445b58b31145b8d8469be2b93562567e24ef2f2efb740577c,5f9758e7a4a23f613828f2114b6078bb69bdbed635e48263b94131e9a1a404be,2.0,1.83,True,2025-07-07T10:50:00+00:00,2025-07-07T10:50:00+00:00,0.4877948108477294,0.4898068629231594,0.48793899938512825
te:2948443,2025-07-08,2025,2025-07-08,barrios-vera,gea,2025-07-08T08:45:00+00:00,2025-07-07T16:14:00+00:00,1.0,2025-07-10T22:00:00+00:00,2025-07-08,1.94,1.88,0.4921465968586388,-0.03141619623337862,0.6022269414853282,0.446168911796011,0.7666666666666667,0.7666666666666667,0.5528317562065221,0.5000000000000001,0.007031338826198566,205,180,False,False,False,586b4889ccd55594decef1b2d11d44bca7b714678c4ec6a4f393f256e0c7923e,3bb0a147e6eed687fa77835e7f404aa504b6ed7ef083d3f4506f402d2cc2368c,1.98,1.84,True,2025-07-08T08:01:00+00:00,2025-07-08T08:01:00+00:00,0.5085184011241323,0.5091780754598607,0.5104665986770611
te:2948467,2025-07-08,2025,2025-07-08,de-schepper,martineau-40903,2025-07-08T15:50:00+00:00,2025-07-07T16:59:00+00:00,1.0,2025-07-10T22:00:00+00:00,2025-07-08,1.61,2.33,0.5913705583756345,0.3696340885812373,0.6500633130520062,0.24968343057452574,1.05,0.35,0.720320549121498,0.7437698676384071,2.733563406187578e-08,154,155,False,False,False,3a3de3a936daf2a41b26568b3f5ddd43def60f39de3631d835972fbb07516f62,37092215b1bba51582a4e84d936915c058ec93dc20fef7b72cd4253d98cab786,1.65,2.29,True,2025-07-08T11:04:00+00:00,2025-07-08T11:04:00+00:00,0.6000630813628155,0.5992978776831143,0.5996276999281968
te:2948875,2025-07-08,2025,2025-07-08,holt-669c7,cassone,2025-07-08T16:55:00+00:00,2025-07-06T17:23:00+00:00,1.0,2025-07-10T22:00:00+00:00,2025-07-08,1.58,2.3,0.5927835051546392,0.37548427589622857,0.661932783782745,0.29643499955418584,0.0,0.0,0.7624606942925619,0.7473492156892335,5.60723534270835e-09,199,185,False,False,False,d4df146c500227ef884e97a9d4e256baf22eaf6c6ddb70816dccafbdb1882cb1,61c2f2b107b8430f422aa019604c4d93f55892ddc9427f417566c93b4e2af4f6,1.64,2.22,True,2025-07-08T15:43:00+00:00,2025-07-08T15:43:00+00:00,0.6013634249497983,0.6010765900202238,0.597840180344175
te:2948891,2025-07-08,2025,2025-07-08,mannarino-a7108,uchiyama,2025-07-08T15:10:00+00:00,2025-07-06T17:48:00+00:00,0.0,2025-07-10T22:00:00+00:00,2025-07-08,1.63,2.21,0.5755208333333334,0.30441250071099063,0.6246389256373198,0.20487283542078066,0.0,0.0,0.7945975884509383,0.7157555684846102,1.2462253451417382e-14,171,134,False,False,False,73dc010e89e8fab2e64b62fecd854268d91e060c6545c1a1507dc6ea21feb413,e128d54f9af7e1c12c654d803485532eff7fbcda18ffa7ae9a71df4ebcff86c2,1.7,2.11,True,2025-07-08T14:55:00+00:00,2025-07-08T14:55:00+00:00,0.5854743390767239,0.5841505837563823,0.5808627859602261
te:2948955,2025-07-08,2025,2025-07-08,miyoshi-1fb72,sekulic-13abc,2025-07-08T19:25:00+00:00,2025-07-07T09:03:00+00:00,1.0,2025-07-10T22:00:00+00:00,2025-07-08,1.83,1.98,0.5196850393700787,0.07878087785311416,0.6147395735342064,0.3884983046127245,0.9,0.36666666666666664,0.5030042059150688,0.5000000000201064,0.013532241077099466,78,66,False,False,False,5e3eac020251ea5877ae1598e0056c3053cfb2cfbd2d1397aab2f20d4bffe25f,76405a8c548e038b322f1f22b099716478157296d34f91528e89d0cc494b41b3,1.89,1.94,True,2025-07-08T17:57:00+00:00,2025-07-08T17:57:00+00:00,0.5339964435532065,0.5342165045028727,0.5342688527910316
te:2951025,2025-07-08,2025,2025-07-08,dellien-e101c,gima-59cd8,2025-07-08T11:25:00+00:00,2025-07-08T05:35:00+00:00,1.0,2025-07-10T22:00:00+00:00,2025-07-08,2.11,1.74,0.451948051948052,-0.19280283426153733,0.6266279762544262,0.7105805542078181,0.6166666666666667,0.6166666666666667,0.6540197918008922,0.6361116320085863,2.9246990940201556e-10,155,147,False,False,False,3a8af42aa764702956f300716569c0b1aba7e80e24cd4927fea071ce2a7550d1,3e4c52f108b0d4a567c3f0a087d2a977acf34d64f423b0f7ec576225987ab7a1,2.04,1.78,True,2025-07-08T10:48:00+00:00,2025-07-08T08:54:00+00:00,0.47116224198630097,0.4743376811885136,0.47470840412643084
te:2952779,2025-07-11,2025,2025-07-11,pinnington-jones,winter-e2184,2025-07-11T12:10:00+00:00,2025-07-10T07:57:00+00:00,1.0,2025-07-13T22:00:00+00:00,2025-07-11,2.08,1.78,0.4611398963730569,-0.15575452940923315,0.5519279207496709,0.3642178781510307,0.0,0.0,0.7549934559747438,0.6255502224288013,1.6742718322859673e-12,123,118,False,False,False,4aff9fc255c3f3cea45a54288d5a8d3dcd21dc0acb9dcd2ce177ac0e8005cbd0,1da6ea1cc29aa8ceace789e93a4be45c6c9d78ca39f811980e8c5abc38228888,2.15,1.74,True,2025-07-11T11:02:00+00:00,2025-07-11T11:02:00+00:00,0.4797244408654371,0.47934211648583547,0.47593912103969227
te:2953339,2025-07-11,2025,2025-07-11,ajdukovic,dellien-e101c,2025-07-11T11:10:00+00:00,2025-07-10T17:15:00+00:00,1.0,2025-07-13T22:00:00+00:00,2025-07-11,1.76,2.1,0.5440414507772021,0.1766235356793171,0.6365301408971683,0.383711860342674,0.2833333333333333,0.2833333333333333,0.6920917054819524,0.6777663328212649,2.1473877676037034e-09,134,153,False,False,False,4dc54c14d1dbb937ef3d7185f0e3974743b49081184a3d775a08b99b85a02288,26f2563dadc38f2ed35b1b2473c5d4de4c048878d1aeace25e0b5b7d44a726c4,1.77,2.11,True,2025-07-11T07:19:00+00:00,2025-07-11T07:19:00+00:00,0.5564745260606889,0.5567875188701967,0.5551577208967482
te:2953355,2025-07-11,2025,2025-07-11,droguet,reis-da-silva,2025-07-11T13:40:00+00:00,2025-07-10T17:19:00+00:00,1.0,2025-07-13T22:00:00+00:00,2025-07-11,1.88,1.97,0.5116883116883117,0.04676176590803954,0.6136534834009755,0.4159339654872823,0.65,0.016666666666666666,0.5689242200230636,0.5435300789637896,1.864122221029163e-07,154,188,False,False,False,d0d3b5b4279ccd5199dd1878d74ef07a29663d609efb4d6002c30b7ab7202068,184407d02d4978e43d761caaeaa0554cd63be76acf2a2c21520b791bbafe6d92,1.87,2.0,True,2025-07-11T08:33:00+00:00,2025-07-11T08:33:00+00:00,0.526605841245703,0.527064807850434,0.5252077242054528
te:2953465,2025-07-11,2025,2025-07-11,edmund,zahraj-42755,2025-07-11T10:10:00+00:00,2025-07-10T17:44:00+00:00,,,,1.75,2.12,0.5478036175710594,0.19180030074849844,0.6397147262092284,0.3823258910933217,0.5833333333333334,0.5833333333333334,0.6894476010353243,0.6972862170723373,2.7594093676697184e-11,100,189,False,False,False,ef7279fca4342a14f5366fa25191eb9757d1faa9eefac835bdf9c6938dec0346,2f77b5c9f1b469d375305c425feacac9c9a1e9aa3c8482a6f98a9b3e1bcf872b,1.71,2.21,True,2025-07-11T06:34:00+00:00,2025-07-11T06:34:00+00:00,0.5599429138040465,0.5602634294236356,0.5604446508590598
te:2953501,2025-07-11,2025,2025-07-11,cerundolo-08df6,molcan,2025-07-11T11:50:00+00:00,2025-07-10T17:20:00+00:00,1.0,2025-07-13T22:00:00+00:00,2025-07-11,1.79,2.06,0.5350649350649351,0.14049036294882636,0.6141440698375623,0.3242751172305002,1.1333333333333333,0.13333333333333333,0.5118586826608195,0.5000000021859218,0.015481721762564044,181,91,False,False,False,0244dc45c3d76b296594ac79f82e569b1d8fb544f98b70e25dfcb0a8f4c4913a,28c04e8f454d0ffb6fe03385e8fb41bc1947d11b645b10dd64f83dbd321a2381,1.82,2.05,True,2025-07-11T08:03:00+00:00,2025-07-11T08:44:00+00:00,0.5481953355696624,0.5478400247015949,0.5475230991900097
te:2953579,2025-07-11,2025,2025-07-11,navone,misolic,2025-07-11T13:55:00+00:00,2025-07-10T18:11:00+00:00,1.0,2025-07-13T22:00:00+00:00,2025-07-11,1.78,2.1,0.5412371134020618,0.16532398042538338,0.5923037719605853,0.20817329318693006,0.0,0.0,0.5816346567800644,0.6623564399320426,9.525003533128462e-08,143,167,False,False,False,7ee3621c3bc4589c6af7db6b097c1b8e26872ed949e5955101ff6cfd86312166,047d3c63af23b7508d6880c26ea5902b8a6045f4498c5b0f3685e0a89e1429ec,1.81,2.05,True,2025-07-11T10:20:00+00:00,2025-07-11T13:50:00+00:00,0.5538886085101828,0.5523699022804778,0.5490137587953847
te:2953583,2025-07-11,2025,2025-07-11,nagal,mrva,2025-07-11T12:10:00+00:00,2025-07-10T17:21:00+00:00,1.0,2025-07-13T22:00:00+00:00,2025-07-11,1.93,1.93,0.5,0.0,0.6124142307533299,0.4574717368977056,1.3666666666666667,0.26666666666666666,0.5661186005781015,0.603761261882169,1.8667969947649965e-10,110,103,False,False,False,10f505ba4496e282647d626f2f61a2585839a9b6a8aa808a0ceb413b4377a5f9,8f6b7a6e47fc65a74b91249975aeee465ec254a1dbbd2fb30d056e5461c8af40,1.95,1.92,True,2025-07-11T08:34:00+00:00,2025-07-11T08:34:00+00:00,0.5157922741783226,0.5166164150480781,0.5173306316055615
te:2953787,2025-07-11,2025,2025-07-11,crawford-71058,gray-0bd9f,2025-07-11T10:10:00+00:00,2025-07-10T22:13:00+00:00,1.0,2025-07-13T22:00:00+00:00,2025-07-11,1.64,2.3,0.583756345177665,0.33821288109899683,0.6017179974527048,0.07441570819080767,0.9,0.2,0.7020683759217362,0.6252177942528556,8.207878821053782e-13,183,137,False,False,False,faa387858b075a9391ff08714e12fe14585e555ae40abbda1a7408bad06ca282,a6d3bade11a5ab36a919270f8a76b0f409a0dedd75a63a169ccc9f76bd4badc7,1.72,2.19,True,2025-07-11T06:57:00+00:00,2025-07-11T06:57:00+00:00,0.5930552400899741,0.5904682300468183,0.5899032479139693
te:2953789,2025-07-11,2025,2025-07-11,diaz-acosta,travaglia,2025-07-11T15:10:00+00:00,2025-07-11T07:28:00+00:00,0.0,2025-07-13T22:00:00+00:00,2025-07-11,1.98,1.85,0.4830287206266319,-0.06791120561621031,0.6164897660178044,0.542586621755885,1.5166666666666666,1.0166666666666666,0.6257156743554897,0.6759434864493157,8.04036078827508e-08,71,150,False,False,False,1b7ca04e50eb414c96b95c57e68053d346c959cd69e6dafee777e655deef2865,88e8d95600eadf6c9bd909b821d2f8369369e9909c3ea04c1d06b66ca1375674,1.96,1.91,True,2025-07-11T14:00:00+00:00,2025-07-11T14:00:00+00:00,0.5000642952413775,0.5016782883472191,0.5056228055718015
te:2954793,2025-07-15,2025,2025-07-15,klein-88a5e,dellien-e101c,2025-07-15T17:15:00+00:00,2025-07-14T18:19:00+00:00,1.0,2025-07-17T22:00:00+00:00,2025-07-15,1.9,1.92,0.5026178010471204,0.010471299867295303,0.6297440632653729,0.5206477007777373,1.9166666666666667,0.18333333333333332,0.7400925645967475,0.6861962884811417,1.3130514620041112e-08,141,158,False,False,False,70bb96f23c7729f47945b649a161654db99f6c05231a7e59b717da3248f27c82,ad47be0a68488da080f97617ff80c1096bff5313d714d81f805b442ccaf9c94f,1.88,1.95,True,2025-07-15T16:52:00+00:00,2025-07-15T16:52:00+00:00,0.5182153875085893,0.5197147240478299,0.5213484883891178
te:2954803,2025-07-15,2025,2025-07-15,engel-6e09f,rincon-d1dab,2025-07-15T09:05:00+00:00,2025-07-14T15:59:00+00:00,1.0,2025-07-17T22:00:00+00:00,2025-07-15,1.81,2.0,0.5249343832020998,0.09982033528221135,0.6189156210765248,0.3851277956128022,0.75,0.05,0.6417305254843304,0.6939142637090272,4.123229202512846e-09,182,163,False,False,False,df7ef07aa7851b0582c3faf1fea1cea845906460c09986333e27884f6ab93c9a,c5e65ded49150ccef8476ff5a1017a015806d7034c4c75782a0f706550994d55,1.76,2.07,True,2025-07-15T04:16:00+00:00,2025-07-15T04:16:00+00:00,0.5388448291401245,0.539060746134147,0.5375641752994356
te:2954811,2025-07-15,2025,2025-07-15,tirante,fatic-cddef,2025-07-15T11:40:00+00:00,2025-07-14T18:16:00+00:00,0.0,2025-07-17T22:00:00+00:00,2025-07-15,1.87,1.95,0.5104712041884817,0.041890941709160225,0.6343740698648753,0.5091370923548599,1.3333333333333333,0.3333333333333333,0.6703096021773112,0.6758678284862785,9.652980359486918e-10,175,140,False,False,False,ccd94b48bb420c2ea6ae552ddc4df481ca142b729bfba8b66beabf5c1c1ed244,43ab99d5f84fbbe4d3ca848ab59214f2f893389aba3c13c4846154255a47c816,1.79,2.02,True,2025-07-15T11:23:00+00:00,2025-07-15T11:23:00+00:00,0.5254804617946451,0.5269045286097731,0.5278047844843899
te:2954919,2025-07-15,2025,2025-07-15,elias-3e14c,sanchez-izquierdo-99add,2025-07-15T08:10:00+00:00,2025-07-14T18:54:00+00:00,1.0,2025-07-17T22:00:00+00:00,2025-07-15,1.8,2.01,0.5275590551181102,0.11034805716886517,0.6154154224828634,0.359785734021984,0.0,0.0,0.5333366277561107,0.5392005443548404,6.787372910793676e-07,152,171,False,False,False,26aa5f5f7bb050d1b80fbcf56a76bcb93b7440e222a6775a219b5f6e08a3178e,0e43ab7c3b7845807f9aa467fef57b0859e6790c01eeeb52126361e863e8818a,1.96,1.88,True,2025-07-15T04:31:00+00:00,2025-07-15T04:31:00+00:00,0.5412681657711192,0.5412362395805332,0.5378690857096154
te:2955799,2025-07-15,2025,2025-07-15,spizzirri,jubb,2025-07-15T18:30:00+00:00,2025-07-15T08:53:00+00:00,1.0,2025-07-17T22:00:00+00:00,2025-07-15,1.93,1.88,0.4934383202099738,-0.026248226074936154,0.6285659657859471,0.5523179237476471,1.9833333333333334,0.31666666666666665,0.6835487449573402,0.6533543377919535,3.0226904312868896e-11,184,105,False,False,False,394f9cc6a031a53036091c4e52b33f18489b17d0c914549aed1b5da327e52b9b,8639a7baa3dae163849f7f2edc6d95ce86006937fed107a705787f8fcb698515,1.94,1.89,True,2025-07-15T18:03:00+00:00,2025-07-15T18:03:00+00:00,0.5097152847433496,0.5114924642875301,0.5137905750084131
te:2955809,2025-07-15,2025,2025-07-15,gengel,zhou-472f7,2025-07-15T18:50:00+00:00,2025-07-15T08:55:00+00:00,0.0,2025-07-17T22:00:00+00:00,2025-07-15,1.94,1.87,0.49081364829396334,-0.036749542208741146,0.6183994673515931,0.5195098427461378,1.7833333333333334,1.05,0.5837493514157656,0.6027866718890175,2.9078969787654785e-09,202,106,False,False,False,a2d3d744fc09f84604aaabd119bbfbb44b19978dfeb0eb33d9ee499b0d24885e,fffbdde5f474a79427e5bae282d3f32f44369eabb3250441018b8116cdbf9ae8,1.96,1.88,True,2025-07-15T15:24:00+00:00,2025-07-15T15:24:00+00:00,0.5072831148068104,0.5087018646645327,0.5133751408980182
te:2957883,2025-07-15,2025,2025-07-15,gigante-f720d,ivanovski,2025-07-15T18:40:00+00:00,2025-07-14T18:19:00+00:00,1.0,2025-07-17T22:00:00+00:00,2025-07-15,1.99,1.82,0.47769028871391084,-0.08929813764769673,0.5599788000406576,0.33037415611265736,0.4166666666666667,0.4166666666666667,0.7536365479667122,0.6304554827303702,3.1979974224327634e-13,151,91,False,False,False,6a8a444bee9bdb2592066de68c3ae821dfc85cb65c9281e7c7b801638ce8186f,35728fc45005b603e524e2502f88ff7d64d780ee1f118e589603de87c1ee36da,1.86,1.97,True,2025-07-15T17:52:00+00:00,2025-07-15T17:52:00+00:00,0.4951096636630291,0.49447193266295864,0.4936121788667346
te:2958249,2025-07-15,2025,2025-07-15,monday,andaloro,2025-07-15T16:10:00+00:00,2025-07-15T08:57:00+00:00,1.0,2025-07-17T22:00:00+00:00,2025-07-15,1.83,1.98,0.5196850393700787,0.07878087785311416,0.6238034719569118,0.42694280431708986,0.48333333333333334,0.48333333333333334,0.6205736302971266,0.6191945433234506,7.23128748880697e-07,174,172,False,False,False,67a476f0a4353983e75b0201bdfcaf360481cd04c5e34d91d483227501823d57,50bb94b264ccbcab4c9b407d8a0572573f90c6de91b49e12d708f92d183968b2,1.78,2.06,True,2025-07-15T14:33:00+00:00,2025-07-15T15:03:00+00:00,0.5339964435532065,0.5346167530366673,0.534184531429049
te:2960657,2025-07-18,2025,2025-07-18,choinski,hassan-1d510,2025-07-18T09:05:00+00:00,2025-07-17T12:40:00+00:00,0.0,2025-07-20T22:00:00+00:00,2025-07-18,1.74,2.13,0.5503875968992248,0.202236866494896,0.6373838017391442,0.36179015228539235,0.8166666666666667,0.25,0.7117413000754005,0.6846099322632966,4.038506751236071e-09,169,191,False,False,False,89ec4a18f2f8b185790adc48ab93c53b5a542b21d5f6adae3cdc91c289e6eff7,3dd6c646e2a31ea668b9a97b05489e4517a3b6cfbe93471c39606545577d59f6,1.77,2.11,True,2025-07-18T08:54:00+00:00,2025-07-18T08:54:00+00:00,0.5623246400105977,0.5624486542992198,0.561881140596521
te:2960739,2025-07-18,2025,2025-07-18,tirante,mayot,2025-07-18T15:45:00+00:00,2025-07-17T12:38:00+00:00,0.0,2025-07-20T22:00:00+00:00,2025-07-18,1.78,2.08,0.538860103626943,0.15575452940923296,0.5900602120713455,0.20845976643859487,1.4333333333333333,0.8666666666666667,0.7588826741296261,0.659235530660247,1.5675577502705096e-10,178,158,False,False,False,9345d08f7ddf37202de009c7e853498de57059542775a4943525745e7be42aa4,9fa5b999110d618c9c6480bd19abfa19790a551f06896f6f6e41d5ce3b45972a,1.79,2.1,True,2025-07-17T16:36:00+00:00,2025-07-18T06:41:00+00:00,0.5516963384560459,0.5501650570285671,0.5533118521094381
te:2960823,2025-07-18,2025,2025-07-18,galarneau-32e1f,jasika,2025-07-18T01:00:00+00:00,2025-07-17T08:09:00+00:00,0.0,2025-07-20T22:00:00+00:00,2025-07-18,1.88,1.93,0.5065616797900262,0.026248226074936154,0.6231158691208772,0.47654646610751294,0.0,0.0,0.6581819276473797,0.6277120398557223,1.128684146145531e-08,180,207,False,False,False,4d4333a8e7175699e4075c21ebf6afc78a3c84fb9d9f29829773fdffe406beda,616e82c4f518f259dd84ec3cd2d2ae621e43a4658311b61aff81fc2b0fab4263,1.98,1.85,True,2025-07-17T23:59:00+00:00,2025-07-17T23:59:00+00:00,0.5218645968964638,0.522926181894676,0.5195425725834361
te:2961057,2025-07-18,2025,2025-07-18,coppejans,kicker,2025-07-18T16:25:00+00:00,2025-07-17T17:16:00+00:00,1.0,2025-07-20T22:00:00+00:00,2025-07-18,1.83,2.04,0.5271317829457364,0.10863384100279519,0.5762949985189405,0.1989483769345984,1.4833333333333334,0.5166666666666667,0.5931353767177131,0.5000000000000001,0.01134672007697371,201,143,False,False,False,32b2de96aee2c1a406c74ee7c1c6a025161cf876a1254a47d4cc1c5e2e444cdb,efa7b99319bf79ff555d69c0901dd4240ebec2cc6b1fc6b2ce308ed34faf2738,1.89,1.98,True,2025-07-18T16:19:00+00:00,2025-07-18T16:19:00+00:00,0.5408737067711064,0.5391675447770072,0.5410940795209825
te:2961275,2025-07-18,2025,2025-07-18,klein-88a5e,neumayer,2025-07-18T14:10:00+00:00,2025-07-17T20:14:00+00:00,1.0,2025-07-20T22:00:00+00:00,2025-07-18,1.64,2.31,0.5848101265822784,0.3425512826975947,0.6370431909369071,0.22000233035610572,1.2333333333333334,0.5333333333333333,0.6854683811200935,0.7160653518901254,4.930345187670326e-09,138,201,False,False,False,da0e336fc12bc5655be00a3cd5eec8a1ec18a5af5bb860ae2193e881a6c7a07f,61db5ad7f4c42adbbbc4ce64d9ee4ebe2bba96e6a94f32efd5af2ea38f5ce1b1,1.65,2.32,True,2025-07-18T10:33:00+00:00,2025-07-18T13:43:00+00:00,0.5940251555149292,0.5929174857663635,0.5943264029334547
te:2961529,2025-07-18,2025,2025-07-18,blockx,shimabukuro,2025-07-18T16:45:00+00:00,2025-07-18T06:09:00+00:00,0.0,2025-07-20T22:00:00+00:00,2025-07-18,1.89,1.96,0.5090909090909091,0.03636764417087508,0.6191249695089889,0.44946818012793593,2.1666666666666665,0.23333333333333334,0.7232611640681317,0.6617820751387878,3.899786049643694e-11,165,113,False,False,False,fc89ff9007923f2985a1363967c24eeb7ff1fbef25ddb08ae59cb029d27c0938,457e00ac7d2cf9ef6fd3f8e2078b3c0a372ffe2417e7ba78a91eef400022fbb2,1.92,1.95,True,2025-07-18T16:16:00+00:00,2025-07-18T16:16:00+00:00,0.5242040190335278,0.524997660492647,0.5273825198186047
te:2961543,2025-07-18,2025,2025-07-18,sun-2f389,shah-e7d4a,2025-07-18T16:10:00+00:00,2025-07-18T01:50:00+00:00,0.0,2025-07-20T22:00:00+00:00,2025-07-18,1.84,2.0,0.5208333333333334,0.08338160893905121,0.6147757844869992,0.3840504715954043,1.7666666666666666,0.4,0.5000000071862394,0.5010126297499953,0.016393066495645425,152,132,False,False,False,d4daa3cff0a39da072e83f7626e00d46bce90faf636ebc31f340972b4ceda3cc,de72677d67749648b33d31f4530dab24e697fb66c3c966b38fd66e36fa60d9bc,1.85,2.01,True,2025-07-18T12:33:00+00:00,2025-07-18T15:01:00+00:00,0.5350572285820026,0.5352377616245024,0.5373604521905244
te:2961567,2025-07-18,2025,2025-07-18,spizzirri,trotter,2025-07-18T15:45:00+00:00,2025-07-18T06:09:00+00:00,0.0,2025-07-20T22:00:00+00:00,2025-07-18,1.69,2.23,0.5688775510204082,0.27727305653704526,0.6516177926906799,0.3488849520195846,1.3333333333333333,1.3333333333333333,0.7238110489286264,0.7356588098422476,1.8805680068734176e-09,183,145,False,False,False,96dc5ac36a5b016abf845005fbf95a7bdbcb047e5219376d255f5c1d8772ee21,758e4fb7cf0e8db90022a29135b576b57c4425703b6e915906730db178d29aed,1.66,2.3,True,2025-07-18T12:44:00+00:00,2025-07-18T13:35:00+00:00,0.5793577623249747,0.5794581427230184,0.5841027579021281
te:2961607,2025-07-18,2025,2025-07-18,holmgren-a5794,shimizu-38ca9,2025-07-18T14:10:00+00:00,2025-07-18T06:08:00+00:00,1.0,2025-07-20T22:00:00+00:00,2025-07-18,1.65,2.32,0.5843828715365239,0.34079189776572927,0.6685755646083352,0.36095769234603026,1.3833333333333333,0.18333333333333332,0.800045510412332,0.7634362869239876,1.6900865429381184e-09,129,137,False,False,False,bfc8543107e205c2348eb45e2aab4cb7cd9d6394eb08b1290989b5ca4a2bc592,59e3d377a9eb28beb932d867b2cc5727e8682e305b4f1fe7931bb6a61d42b108,1.68,2.26,True,2025-07-18T12:43:00+00:00,2025-07-18T13:29:00+00:00,0.593631906310391,0.5939445781537224,0.5943827934029507
te:2963647,2025-07-22,2025,2025-07-22,spizzirri,sakamoto-9c9d5,2025-07-22T17:05:00+00:00,2025-07-22T09:07:00+00:00,1.0,2025-07-24T22:00:00+00:00,2025-07-22,1.78,2.04,0.5340314136125655,0.13633644355213126,0.6405403745930285,0.44137384862865203,1.4166666666666667,1.4166666666666667,0.6942885621470352,0.6957982588916266,1.0894205620948227e-08,189,126,False,False,False,022324230292c74a0bbf2dea8a3991d2c85ead32db926ee658c42ce832a038d9,4670e033f21e750fc6e5f951804090d13ccb3a30c89ed467fa791b6f35fb69a8,1.74,2.14,True,2025-07-22T15:41:00+00:00,2025-07-22T15:41:00+00:00,0.5472417477565402,0.5480940389692748,0.553314165362712
te:2964955,2025-07-22,2025,2025-07-22,escoffier,echeverria-ef17c,2025-07-22T10:35:00+00:00,2025-07-21T17:52:00+00:00,1.0,2025-07-24T22:00:00+00:00,2025-07-22,1.85,1.97,0.5157068062827225,0.06284790365966353,0.614551401038712,0.4036368206930274,0.4,0.4,0.5071134886618018,0.5000000000055953,0.02962933602171436,169,139,False,False,False,95e37b5e50eddc0f2827e248d093a472f5f99267570590c23965e6c9ab599b6a,43756ed90f195aa6eca1f2dcffaeec0052d692f697d68703ce3708c1fafe99e6,1.88,1.96,True,2025-07-22T09:39:00+00:00,2025-07-22T09:39:00+00:00,0.5303204804419641,0.5306748238842918,0.5297323811812295
te:2964971,2025-07-22,2025,2025-07-22,faurel-53b9f,skatov,2025-07-22T15:10:00+00:00,2025-07-21T17:51:00+00:00,,,,2.12,1.74,0.45077720207253885,-0.19753097545748347,0.6037581487640612,0.6186799169751045,0.2833333333333333,0.2833333333333333,0.6346145965033088,0.7111269817371711,2.4570290579895016e-08,115,120,False,False,False,d1670876e71d4b54c9e26c43afff211472c3b1c58abb5083ef02ca02e282fbd5,26366ab203162e7ce0402db4331bdd25494fd56b5a69dd40de86c1f35d978da5,2.08,1.77,True,2025-07-22T10:47:00+00:00,2025-07-22T10:47:00+00:00,0.4700706399324807,0.4722797833463553,0.4706153154895259
te:2965571,2025-07-22,2025,2025-07-22,ymer,bertola-e4bb8,2025-07-22T08:10:00+00:00,2025-07-22T03:07:00+00:00,1.0,2025-07-24T22:00:00+00:00,2025-07-22,1.7,2.17,0.5607235142118864,0.24409891649019808,0.6445526945236265,0.3510806511142268,0.7,0.7,0.7390979193201297,0.7082956377725547,8.43394798444308e-12,153,181,False,False,False,48237db8a8cd9de497042e98d8b98966ab2925e5f43b17f4dc3bc0f948b6ddbe,8721f3d7d072902a9ed342e885c53740f00b5c937ce6cb51ef18bb678f46f262,1.81,2.0,True,2025-07-22T05:59:00+00:00,2025-07-22T05:59:00+00:00,0.571848064687449,0.5719229153796348,0.572803680555473
te:2966181,2025-07-22,2025,2025-07-22,fery,bolt-fa7eb,2025-07-22T17:50:00+00:00,2025-07-22T08:55:00+00:00,1.0,2025-07-24T22:00:00+00:00,2025-07-22,1.76,2.09,0.5428571428571429,0.1718502569266595,0.6228189574799897,0.3296803306177954,0.0,0.0,0.6772140171439515,0.6378483560050684,3.7924815787793165e-09,69,117,False,False,False,c9a4a5b3a446497a8061c38af96691f9dfcc0748f58e6ce9a156eec731ad3bdc,f9eae55058abf9d7d61cc3e7c14672e85faa9ed8c7a09c79659044705a76d24b,1.74,2.13,True,2025-07-22T10:35:00+00:00,2025-07-22T15:26:00+00:00,0.5553825201544743,0.5551303691206109,0.5517842966531723
te:2966187,2025-07-22,2025,2025-07-22,holmgren-a5794,johns-b2ed0,2025-07-22T21:25:00+00:00,2025-07-22T09:39:00+00:00,0.0,2025-07-24T22:00:00+00:00,2025-07-22,1.69,2.18,0.5633074935400517,0.2545963478660157,0.6276882820853545,0.2677158744942796,1.6833333333333333,1.6833333333333333,0.8039946940481929,0.7246367477551221,1.4538370507466425e-13,128,205,False,False,False,cb2efde663b0af644d9452ed408764817c77316298394ae0968c55689ef77988,d9acdc12f08f723a8313b8e2688cf6df26212afcf76a4f811879188495154aab,1.78,2.06,True,2025-07-22T21:08:00+00:00,2025-07-22T21:08:00+00:00,0.5742281432382745,0.5734652069686427,0.580207434193912
te:2967381,2025-07-25,2025,2025-07-25,martin-e6e6e,galarneau-32e1f,2025-07-25T16:50:00+00:00,2025-07-24T19:26:00+00:00,1.0,2025-07-27T22:00:00+00:00,2025-07-25,1.73,2.15,0.5541237113402062,0.21734643362988398,0.6198512829277141,0.2715706125157788,0.9,0.36666666666666664,0.6033560361424678,0.5908033443515309,1.4435433404180742e-10,179,181,False,False,False,6022a2c00a0e5c4d5693d119fcde261026393dd1a9416800c7507a60575b87c5,af40e89a7f9046f6eb62f30a013e3a24ac054843cd138a417caf2e937c6b3121,1.74,2.16,True,2025-07-25T11:12:00+00:00,2025-07-25T11:46:00+00:00,0.5657676783101655,0.5649860482371041,0.5650434484477291
te:2967955,2025-07-25,2025,2025-07-25,butvilas,soriano-barrera,2025-07-25T12:20:00+00:00,2025-07-24T19:26:00+00:00,1.0,2025-07-27T22:00:00+00:00,2025-07-25,1.77,2.1,0.5426356589147286,0.17095779814363937,0.6067535491051345,0.26272837897885254,1.3,0.7,0.5717104481391116,0.6256488965665855,5.7799071084829734e-11,159,176,False,False,False,c18a3723cc29c4404ae6a9296e798d4270e1719ff22d00c0f627956f5dc58549,db52beec94200c5d54f3ca439e42f4d592616a04c7a87113e5d1e0b4dc113f48,1.9,1.97,True,2025-07-25T12:04:00+00:00,2025-07-25T12:04:00+00:00,0.5551782883789025,0.5542327834214429,0.5564466221178789
te:2976249,2025-08-01,2025,2025-08-01,spizzirri,suresh-f2001,2025-08-01T19:10:00+00:00,2025-08-01T13:00:00+00:00,1.0,2025-08-03T22:00:00+00:00,2025-08-01,1.88,1.96,0.5104166666666667,0.04167269640056832,0.6027196792940944,0.3751373864317321,1.9,0.16666666666666666,0.7256506830426425,0.6447401508168576,3.4890033639989326e-09,199,62,False,False,False,2a4a66ec91f7fa41d60f8fc2d474d08ac39f128e25c33fb193d67fb45927d9a5,aa93a0429d79f6f14294f3a9a5cb29cd2f9a84bc8f9c28cd097df90b6d5aef82,1.83,2.03,True,2025-08-01T17:34:00+00:00,2025-08-01T17:34:00+00:00,0.5254300311681767,0.5254559023807281,0.5269820824053134
te:2979837,2025-08-05,2025,2025-08-05,midon,boscardin-dias-3afa8,2025-08-05T09:10:00+00:00,2025-08-05T03:18:00+00:00,0.0,2025-08-07T22:00:00+00:00,2025-08-05,1.92,1.9,0.4973821989528796,-0.010471299867295303,0.6144139902453407,0.47637597170151846,0.48333333333333334,0.48333333333333334,0.500000000009083,0.5089981935507986,0.014386217048694472,186,201,False,False,False,1caa914a19f25bd82be300e9c2c1e52d6d1a94cc2ed7b94f18092412fc93c45f,1a6533e4887bb541d48e024c7adc0daa630a1c6fa769947c307ba31dfd2f3cf1,1.93,1.91,True,2025-08-05T06:18:00+00:00,2025-08-05T06:18:00+00:00,0.5133684180877579,0.5143747710625322,0.5139358997632206
te:2983525,2025-08-08,2025,2025-08-08,collignon,reis-da-silva,2025-08-08T09:10:00+00:00,2025-08-08T04:04:00+00:00,0.0,2025-08-10T22:00:00+00:00,2025-08-08,2.06,1.79,0.464935064935065,-0.1404903629488259,0.5559073023085886,0.36505860160783676,1.4666666666666666,0.03333333333333333,0.6158283675504849,0.5000000000000001,0.010296795733533398,162,199,False,False,False,6c21298f942596dfb05925b49cf94b6a1322daa730d91fac57d800d88ac3db42,e59ee55349a218bfb4cea91edb0fbf847b9b186ae1d52c07caf9647d624f9c75,2.11,1.78,True,2025-08-08T08:20:00+00:00,2025-08-08T08:20:00+00:00,0.4832558841211687,0.4829048981958809,0.48292929693011627
te:2983945,2025-08-08,2025,2025-08-08,taberner,bueno-01b7e,2025-08-08T19:05:00+00:00,2025-08-08T04:04:00+00:00,0.0,2025-08-10T22:00:00+00:00,2025-08-08,1.97,1.87,0.4869791666666667,-0.05209511188340181,0.614671966174433,0.5190888416317004,1.7166666666666666,0.65,0.6379885861321456,0.5960313026070263,1.5989594370768856e-09,196,165,False,False,False,92af8b4c0a3daa6df575fc6331c4c282bad287df38650b812391d1035daeaa3e,f8cba42ab286c34981bb56aaa56da07b4080ba34c25f439eed95cc15a5a0b3bc,2.01,1.85,True,2025-08-08T18:11:00+00:00,2025-08-08T08:20:00+00:00,0.5037283975007232,0.5051200923485166,0.5081005939765284
te:2989407,2025-08-15,2025,2025-08-15,shevchenko-3bd40,shimabukuro,2025-08-14T22:50:00+00:00,2025-08-14T09:02:00+00:00,0.0,2025-08-17T22:00:00+00:00,2025-08-15,1.71,2.14,0.5558441558441558,0.2243124585191915,0.6473984496262554,0.38331082127050775,0.0,0.0,0.7414290306982676,0.7144017208255701,4.3104408931071703e-13,161,115,False,False,False,2aa3cd5f70196b843087fa17cb56bc9ba5f3c296f1c743db3de04b914927fbce,b7beecb51aa0c27b55e882a41a0acc2ae4e269b2a0029b0a8a224b39a65a8ffe,1.72,2.15,True,2025-08-14T15:56:00+00:00,2025-08-14T18:09:00+00:00,0.5673529218387001,0.5677299594106084,0.5644109693387269
te:2990545,2025-08-15,2025,2025-08-15,jodar,brunclik-d09d6,2025-08-15T11:25:00+00:00,2025-08-14T18:09:00+00:00,,,,1.95,1.9,0.49350649350649356,-0.025975486403260445,0.616083484721057,0.4989328470749782,0.95,0.18333333333333332,0.5674658546593606,0.5903909580092938,2.6884867262988443e-07,51,128,False,False,False,be52821a5a452acc4acafe7ce839588846fb52dfd26b21c82e5d642d276cbca3,1128eb581263f50b661993d4c7a0f6c8e3261abbbcd9d5f57559b122fe4af4de,1.93,1.93,True,2025-08-15T11:20:00+00:00,2025-08-15T11:20:00+00:00,0.509778447313484,0.5109978663766246,0.510452767828437
te:2991145,2025-08-15,2025,2025-08-15,travaglia,prado-angelo,2025-08-15T18:55:00+00:00,2025-08-14T22:26:00+00:00,0.0,2025-08-17T22:00:00+00:00,2025-08-15,1.82,2.05,0.5297157622739017,0.11900329206161245,0.5915205356243264,0.25125146640106055,0.9833333333333333,0.15,0.5721148771206229,0.5000000000000001,0.004919446286415288,140,174,False,False,False,af2bc254741810fa2b4bae0acf2dc649e8b37339ef7fa0047a38ae03d60bb359,81e46f6a0375b3a66fa65c5f23d16059c5439dd317eae28b2d522700cd4cf9ae,1.86,2.01,True,2025-08-15T16:26:00+00:00,2025-08-15T16:26:00+00:00,0.5432590256982466,0.5421128772711877,0.5415184000800003
te:2994403,2025-08-19,2025,2025-08-19,nedic,serdarusic-5f7cc,2025-08-19T15:00:00+00:00,2025-08-19T04:19:00+00:00,1.0,2025-08-21T22:00:00+00:00,2025-08-19,1.77,2.06,0.5378590078328982,0.15172643621575205,0.4968053626557585,-0.1645051594824981,0.0,0.0,0.666745019029271,0.5000000000000001,0.0030119527349107694,172,45,False,False,False,85c479a3f463c445324b2d6c9276b1eab4c14d976374bb9b2a2683f7789937fd,420b7cc084903edb3dc29a6bc7a12fa666794f0f79266c9ac65686742b1f685a,1.79,2.05,True,2025-08-19T13:02:00+00:00,2025-08-19T13:02:00+00:00,0.5507729344681783,0.5453686087400996,0.5419850253520173
te:2995105,2025-08-19,2025,2025-08-19,sanchez-martinez-d06a8,masur-d87d6,2025-08-19T08:40:00+00:00,2025-08-19T00:52:00+00:00,0.0,2025-08-21T22:00:00+00:00,2025-08-19,1.87,1.95,0.5104712041884817,0.041890941709160225,0.6156990709504871,0.42944146619576645,0.0,0.0,0.5477897782765917,0.561583646759066,1.5857572310817858e-08,53,134,False,False,False,0d1be146d02d49b1def188761b12e5d51fd1826ffa16423c64760295ba388b2a,e88db9d20e7f4426c5dbd96e855d0d353c40d58cfea6fcd605e811987ef7e80e,1.88,1.96,True,2025-08-19T06:54:00+00:00,2025-08-19T06:54:00+00:00,0.5254804617946451,0.5260732015663394,0.5226906035065251
te:2997253,2025-08-22,2025,2025-08-22,molcan,dodig-b6156,2025-08-22T09:30:00+00:00,2025-08-21T18:04:00+00:00,0.0,2025-08-24T22:00:00+00:00,2025-08-22,1.91,1.94,0.5038961038961038,0.015584731016698041,0.5965806955205899,0.3756533042380215,0.7666666666666667,0.23333333333333334,0.5637060339344998,0.5000000000000001,0.021102505867220775,120,137,False,False,False,6bec4079c8056cb0a2d959d55c7df7cf28fcabb4f541f5a1800aec7da1b93867,a588a13aaf16b3b132ad9dde8a8c1b9045d66f67ab45ed7d884aabba231e719f,1.89,1.97,True,2025-08-22T09:02:00+00:00,2025-08-22T09:02:00+00:00,0.5193983579219167,0.5193907657292384,0.5186239608311769
te:2997415,2025-08-22,2025,2025-08-22,stebe,kolar-d6d52,2025-08-22T10:40:00+00:00,2025-08-21T18:04:00+00:00,0.0,2025-08-24T22:00:00+00:00,2025-08-22,1.93,1.92,0.49870129870129865,-0.0051948168771042275,0.5867529070392459,0.3557529039740722,0.5166666666666667,0.5166666666666667,0.5000000000000001,0.5792604299386094,0.021185010288049422,56,189,False,False,False,5de44ce2fd04068e087b2ceb717cf49d8ad0728144129a47b046937d98493949,025b5a4deb2a75eba3dcfded7fa459d244de03ed0de0d57138cede226a8fb7b5,2.08,1.8,True,2025-08-22T09:02:00+00:00,2025-08-22T09:02:00+00:00,0.5145898837587798,0.5143433003494042,0.5141027290714969
te:3000385,2025-08-26,2025,2025-08-26,engel-6e09f,ivanov-5f3c9,2025-08-26T15:15:00+00:00,2025-08-25T18:22:00+00:00,1.0,2025-08-28T22:00:00+00:00,2025-08-26,1.96,1.86,0.486910994764398,-0.0523679855173157,0.5866447132178878,0.40247988182685857,0.85,0.15,0.6709259376604692,0.5824655999294744,7.41890422983893e-08,168,66,False,False,False,44aaf7992275f317bc61fa91c4331878e0f1a841a2048f7cc8e0b97ffd5b6c4c,bf43490df01978192a123e98f71d37d3050bf738f87abf77541a48f61502137a,2.02,1.81,True,2025-08-26T14:16:00+00:00,2025-08-26T14:16:00+00:00,0.5036651833396142,0.5038367670730919,0.502930892899813
te:3004137,2025-08-29,2025,2025-08-29,rodionov-f5e38,masur-d87d6,2025-08-29T14:05:00+00:00,2025-08-29T11:08:00+00:00,1.0,2025-08-31T22:00:00+00:00,2025-08-29,1.91,1.94,0.5038961038961038,0.015584731016698041,0.6099609066622369,0.4315631632303512,0.7166666666666667,0.7166666666666667,0.7262009326442277,0.6529996676164941,4.1269360151474643e-10,173,137,False,False,False,ec2df630b47905a6dd782b76ff1ffd25525965805bc863969eefd2f692f741cf,55e42ff711ebd41ef5d909ed15411364485c34594cf23ccab072b3ee684866af,1.84,2.0,True,2025-08-29T12:36:00+00:00,2025-08-29T12:36:00+00:00,0.5193983579219167,0.5199747121078651,0.5209596854270758
te:3004231,2025-08-29,2025,2025-08-29,rincon-d1dab,tobon-f2488,2025-08-29T18:25:00+00:00,2025-08-29T11:08:00+00:00,1.0,2025-08-31T22:00:00+00:00,2025-08-29,1.97,1.88,0.4883116883116883,-0.04676176590803932,0.5669623033663843,0.31622979964987646,0.0,0.0,0.6931108537242231,0.5823348482245365,8.453643460248905e-08,158,84,False,False,False,75450db755a30f1cffd8f82c444819ef2c04af1a1d9daf9b32e5ea75386e2a70,b7afd0eab1282af6748a39cbe7d89d54a54ce8d225a7dbcafbca203af15aced0,1.94,1.93,True,2025-08-29T17:22:00+00:00,2025-08-29T17:22:00+00:00,0.5049638989748338,0.5042416907028365,0.5008385851929033
te:3004825,2025-09-02,2025,2025-09-02,zeppieri,onclin-89017,2025-09-02T10:55:00+00:00,2025-09-01T14:44:00+00:00,0.0,2025-09-04T22:00:00+00:00,2025-09-02,1.78,2.05,0.5352480417754569,0.14122642884632308,0.6090132302376635,0.3019398406678694,0.0,0.0,0.60407334260779,0.5587130671759034,4.7014057646954655e-09,113,167,False,False,False,865fc3a9d3f785a61ba7789d1009eac2ec762b6d8fc94113cc7013b42a1e8edc,3b08a2459d8fc85542880a2c1591f2fe496e58ff2d627dce2a95aa98f8ac9784,1.76,2.09,True,2025-09-02T10:50:00+00:00,2025-09-02T10:50:00+00:00,0.5483642726511406,0.5477785761634488,0.5444188216260086
te:3005005,2025-09-02,2025,2025-09-02,donnet-8b657,gueymard-wayenburg,2025-09-02T11:00:00+00:00,2025-09-01T01:02:00+00:00,0.0,2025-09-04T22:00:00+00:00,2025-09-02,1.85,1.97,0.5157068062827225,0.06284790365966353,0.6224287515621171,0.4370219743426105,0.75,0.75,0.611727884314356,0.6098387763449055,5.456922413937804e-10,125,173,False,False,False,599423c4fcd79449376c4e3c73fd83957d27687e3fcab9f5b1ab23f98813d305,9dbb810f996e932dd2c6bfe539cdc7bd6107b10d59a7bb6fc0d84b6a6f966365,1.86,1.98,True,2025-09-02T10:06:00+00:00,2025-09-01T13:42:00+00:00,0.5303204804419641,0.5310227244795295,0.5322123693389543
te:3005119,2025-09-02,2025,2025-09-02,sanchez-izquierdo-99add,dodig-b6156,2025-09-02T10:40:00+00:00,2025-09-01T20:18:00+00:00,1.0,2025-09-04T22:00:00+00:00,2025-09-02,1.87,1.95,0.5104712041884817,0.041890941709160225,0.6116527646969847,0.4123739260828079,1.7166666666666666,0.21666666666666667,0.5000000000000001,0.5263070339099416,0.013597633170156012,184,149,False,False,False,f0dcf4aaa6f8c7d0e18d5559fff4f5e9924be6d0364f035291ff9f64c2d4a17e,a90d92f118f1113b191873b7d2b589838cb431a97977b19c504da0e92039159d,1.88,1.96,True,2025-09-02T10:06:00+00:00,2025-09-02T10:06:00+00:00,0.5254804617946451,0.5258951463987238,0.5272034402291069
te:3010709,2025-09-05,2025,2025-09-05,mejia-a7d27,karol-5fc49,2025-09-05T08:10:00+00:00,2025-09-04T03:40:00+00:00,0.0,2025-09-07T22:00:00+00:00,2025-09-05,1.74,2.14,0.5515463917525772,0.2069207158073222,0.6446046053405455,0.38848544059494783,0.0,0.0,0.7074526646784242,0.7084600937916107,2.0131185607397128e-10,150,176,False,False,False,4e0fd15c6b2e01314f6ed40990ec6daf6af130e17bc84d8f11353ba129149187,2c50a15f7e2e37a63fdc33fda38534c252e7edd30471c3dc8af30d25bbbb16d7,1.72,2.18,True,2025-09-05T07:40:00+00:00,2025-09-04T23:50:00+00:00,0.5633926135997733,0.5637981613039443,0.5604711982801944
te:3011417,2025-09-05,2025,2025-09-05,rodriguez-taverna,prihodko,2025-09-05T09:05:00+00:00,2025-09-04T16:52:00+00:00,0.0,2025-09-07T22:00:00+00:00,2025-09-05,1.62,2.35,0.5919395465994962,0.37198917891177485,0.6208961873591259,0.12136463937650721,0.0,0.0,0.6208429732583354,0.6553501552758378,6.331807639314846e-08,214,189,False,False,False,253ed43c6ad673ba47aabb8cf4813294b9910e7f780ab0b967a3092410d53726,cbdaf2364fa8bf53adbf91567b8e71b189099e8e47c1b68b6bd0fac5b4e18ec0,1.63,2.38,True,2025-09-05T07:40:00+00:00,2025-09-05T07:40:00+00:00,0.6005867270207642,0.5985357521416463,0.5952844136498252
te:3011457,2025-09-05,2025,2025-09-05,harris-5a94c,malige-dbd0f,2025-09-05T14:00:00+00:00,2025-09-04T17:24:00+00:00,0.0,2025-09-07T22:00:00+00:00,2025-09-05,2.07,1.79,0.46373056994818657,-0.14533298742461392,0.5660201879433009,0.4109647157159527,0.0,0.0,0.6519061928677733,0.5439293721802856,8.10925398775364e-08,186,152,False,False,False,8235cb094ee5e2bcd823f5c46d79118c657f4bf63ed187277fbde67d4eb09c3e,7987ba93f29168bb3ead7a8407abe23ec724143d345ba4e77caa6252f47fb9b2,2.03,1.83,True,2025-09-05T12:22:00+00:00,2025-09-05T12:22:00+00:00,0.4821353201361315,0.48225675677536756,0.47885513749404596
te:3011497,2025-09-05,2025,2025-09-05,glinka,fery,2025-09-05T09:05:00+00:00,2025-09-04T16:56:00+00:00,1.0,2025-09-07T22:00:00+00:00,2025-09-05,1.93,1.93,0.5,0.0,0.5443043362061416,0.17768334924187962,0.0,0.0,0.5696974317521608,0.7006620945772973,2.8318736244870024e-11,142,85,False,False,False,82e0be40df30d6b2e5c4c98f1650a07b1bf031972f8a299f27ceb8ac600cd25e,1eb1b36d8e7b37189e0e6b9887f1b0f3711d8065fe8968ca434a1c0dd05824e1,1.95,1.92,True,2025-09-05T07:40:00+00:00,2025-09-04T17:06:00+00:00,0.5157922741783226,0.5136923471599256,0.5102884156159951
te:3011809,2025-09-05,2025,2025-09-05,olivieri-ff875,lajovic,2025-09-05T20:15:00+00:00,2025-09-05T07:40:00+00:00,,,,2.09,1.77,0.45854922279792754,-0.16618451939098156,0.6048051677419305,0.5917119992484926,0.55,0.55,0.6185253537617512,0.688776728299179,8.295975018057788e-12,163,135,False,False,False,862ce0346dbc47b965e39d606737056df383672ff543f53d217530ffa8defc33,1cff1677ddc94cd12b0426c80997fcfc511c2997a6f48d3b5cb2f85e0ad095c3,2.16,1.74,True,2025-09-05T20:02:00+00:00,2025-09-05T20:02:00+00:00,0.47731255241656445,0.47929001818463157,0.47925097949568585
te:3017569,2025-09-12,2025,2025-09-12,llamas-ruiz,kopriva,2025-09-12T15:45:00+00:00,2025-09-11T04:34:00+00:00,1.0,2025-09-14T22:00:00+00:00,2025-09-12,1.88,1.98,0.5129533678756476,0.051825067864585767,0.6117743991951939,0.4029519018988117,0.0,0.0,0.5257896213921033,0.5000000000025772,0.022428776983445378,96,176,False,False,False,630124fec7e6ae1aabeb564d90a4dfcd8fcdab3f7df7917c75b0af2389fe6caf,6cab725f175196db61407a9e0145881cffc5618c5e8be25b7b06dcbe643c1932,1.86,1.99,True,2025-09-12T14:48:00+00:00,2025-09-12T14:48:00+00:00,0.5277754050592549,0.528106417472785,0.5247247870083436
te:3017921,2025-09-12,2025,2025-09-12,harris-5a94c,onclin-89017,2025-09-12T10:15:00+00:00,2025-09-11T18:34:00+00:00,0.0,2025-09-14T22:00:00+00:00,2025-09-12,1.74,2.13,0.5503875968992248,0.202236866494896,0.6143762902891268,0.2635086758842521,1.75,1.75,0.6264566339456498,0.5872576977778105,1.1940884336869573e-08,199,169,False,False,False,de6061788ceabc83cecd8fccde452506247d2a5da5006fc219918115f800ac0a,455c49b0afa618bd92ad9e8dbc87a6fd8c840521098b9ef761852d8422efe8a9,1.75,2.14,True,2025-09-12T04:40:00+00:00,2025-09-12T09:10:00+00:00,0.5623246400105977,0.5614363463494895,0.5686209277703899
te:3018393,2025-09-12,2025,2025-09-12,zahraj-42755,kingsley-84b50,2025-09-12T19:30:00+00:00,2025-09-12T09:10:00+00:00,1.0,2025-09-14T22:00:00+00:00,2025-09-12,1.68,2.23,0.5703324808184143,0.28320779205685953,0.6359081916257898,0.2744403514310676,1.2666666666666666,0.26666666666666666,0.6832905228116767,0.6758574414552578,7.190192885531133e-10,197,96,False,False,False,452aa6aa33d0d23bb386ab6ebe534cdbff3c53f45ff93ddbea78e857668d5e75,4f523f58d7d827ecb47759b42e70dbb8b4fe175d591300d0c2ffd5a94126062e,1.69,2.24,True,2025-09-12T18:48:00+00:00,2025-09-12T18:48:00+00:00,0.58069746066371,0.5800477908334009,0.5805389957339928
te:3019655,2025-09-16,2025,2025-09-16,butvilas,gigante-f720d,2025-09-16T11:35:00+00:00,2025-09-15T21:10:00+00:00,1.0,2025-09-18T22:00:00+00:00,2025-09-16,1.87,1.95,0.5104712041884817,0.041890941709160225,0.6132394005826483,0.4190585618156374,0.0,0.0,0.5228229965102171,0.5446182473969863,4.824866894903579e-10,161,143,False,False,False,a2115c4bf0d8619f995eb4ec2ad038de55add5d9df8524ae68fe37015edc3157,5659cc7392e542e6a300be0245b45e37312183ac1ef503e648c537c8ef70086c,1.88,1.96,True,2025-09-16T10:44:00+00:00,2025-09-16T10:44:00+00:00,0.5254804617946451,0.5259648838864301,0.5225817278877045
te:3025769,2025-09-23,2025,2025-09-23,galarneau-32e1f,ruusuvuori,2025-09-23T09:10:00+00:00,2025-09-23T01:52:00+00:00,0.0,2025-09-25T22:00:00+00:00,2025-09-23,1.71,2.14,0.5558441558441558,0.2243124585191915,0.5980828117040841,0.17317069881995725,0.0,0.0,0.7041535109928753,0.6227941158434805,1.8537116286410082e-12,193,38,False,False,False,d682183d862970acc3a4de4bb352c8e11c4ff1ce341be3185cc6874cc5a38fe8,a8eedc45ae5c04e080854a999273c0dd242a05c8860662d6e6032185171632d8,1.72,2.16,True,2025-09-23T06:58:00+00:00,2025-09-23T06:58:00+00:00,0.5673529218387001,0.5655708234932857,0.5622383257626025
te:3025797,2025-09-23,2025,2025-09-23,trungelliti,galan-e4b30,2025-09-23T09:05:00+00:00,2025-09-23T01:18:00+00:00,0.0,2025-09-25T22:00:00+00:00,2025-09-23,1.67,2.21,0.5695876288659795,0.280168889100998,0.5919393059154846,0.09181929338411776,0.3,0.3,0.7623602813716958,0.6636472328079944,4.1187581123480754e-11,182,171,False,False,False,a45b6dea7483f048de1186e27f7ef4429f93f54ddccab3d8e2cd8ed3e9087989,1258feaac5fa423f4e2a64a682ce65b9bab37ddabac51bbd4632700331fbb01a,1.68,2.2,True,2025-09-23T06:58:00+00:00,2025-09-23T06:58:00+00:00,0.5800116105603627,0.5774938945397463,0.5759765850167554
te:3026125,2025-09-23,2025,2025-09-23,trotter,colson,2025-09-23T02:55:00+00:00,2025-09-22T17:04:00+00:00,0.0,2025-09-25T22:00:00+00:00,2025-09-23,1.78,2.05,0.5352480417754569,0.14122642884632308,0.6511915091218222,0.4830543120865832,1.1333333333333333,1.1333333333333333,0.7369699369993866,0.7224653159446617,4.874624315309717e-09,148,131,False,False,False,a5f4282a250ac26b9e513253c629a6fb7e469ed9f45722896d91b7a91610f235,f541f030b47c1468c447a8ed9827da19e6e326f5d850b9aefddced56f04130a0,1.87,1.96,True,2025-09-23T01:18:00+00:00,2025-09-23T01:18:00+00:00,0.5483642726511406,0.5496551608415263,0.5531630682729428
te:3030189,2025-09-26,2025,2025-09-26,rocha-0492a,llamas-ruiz,2025-09-26T12:05:00+00:00,2025-09-25T08:02:00+00:00,0.0,2025-09-28T22:00:00+00:00,2025-09-26,2.01,1.83,0.4765625,-0.09381875521765481,0.610177722304898,0.5418780809482115,0.9333333333333333,0.3,0.6335472785985903,0.6995725888509083,3.0226400660193775e-08,153,113,False,False,False,5335eab148edf9b34d6a1fb17bdbb2c1fe3e2ec2053147d2eacf156755a7f784,19125b22d30aeacd398624a6616eade817cbfc1d705c21cfc9bd698f64077af1,1.98,1.88,True,2025-09-26T11:28:00+00:00,2025-09-26T11:28:00+00:00,0.4940624790904559,0.4956302292985487,0.4954939008965292
te:3031159,2025-09-26,2025,2025-09-26,shelbayh,rodionov-f5e38,2025-09-26T20:00:00+00:00,2025-09-26T04:06:00+00:00,1.0,2025-09-28T22:00:00+00:00,2025-09-26,1.72,2.17,0.557840616966581,0.2324028767270068,0.5435884449060883,-0.057605386864222424,0.8666666666666667,0.23333333333333334,0.6060082101958609,0.7404598446120668,4.292153854557057e-10,125,187,False,False,False,d15185c97210fc438af0cd05e30b1379bd8423b74e199b3c764b7e05ebdae2a9,c33ed356cc5c377fb48f104c56fd5eb1dc2ceb241a08c1dd3b0ae50db9bbae23,1.75,2.14,True,2025-09-26T18:20:00+00:00,2025-09-26T11:28:00+00:00,0.5691923096209833,0.5650521736661166,0.564516025458776
te:3032367,2025-09-30,2025,2025-09-30,diaz-acosta,kicker,2025-09-30T19:55:00+00:00,2025-09-30T10:08:00+00:00,1.0,2025-10-02T22:00:00+00:00,2025-09-30,1.93,1.88,0.4934383202099738,-0.026248226074936154,0.6140323685129485,0.49054236058282474,0.9,0.9,0.5280131387598712,0.5463841482544088,5.950096632068025e-08,81,174,False,False,False,4912652be943a47450779400d7f05b03e635e50627cd88030181fd213780522c,f61631cce5e226148cf5b9f1575e0e125121d6ef12bb963c3f0e07c5c5c9354d,2.01,1.81,True,2025-09-30T18:24:00+00:00,2025-09-30T16:50:00+00:00,0.5097152847433496,0.5108465750971762,0.5129516658111306
te:3034241,2025-09-30,2025,2025-09-30,oberleitner,gea,2025-09-30T11:40:00+00:00,2025-09-29T21:54:00+00:00,1.0,2025-10-02T22:00:00+00:00,2025-09-30,1.95,1.87,0.4895287958115184,-0.041890941709159774,0.5321736095479266,0.17076344502997579,0.0,0.0,0.5878091995995508,0.7301473489431388,2.304551321996584e-08,180,179,False,False,False,5046d26e36522b4fcf6c4ceb3156dc33a3b53b7cde2e66a9c073d810eea7b973,6d1013122c2fc0ff38da36033098745b571c90ca372a1a1476fdfecb5ab952d6,2.04,1.81,True,2025-09-30T10:08:00+00:00,2025-09-30T10:08:00+00:00,0.5060922019328865,0.5038557568078419,0.5004461942241318
te:3036363,2025-10-03,2025,2025-10-03,vallejo-d7859,barrios-vera,2025-10-03T19:55:00+00:00,2025-10-02T16:38:00+00:00,0.0,2025-10-05T22:00:00+00:00,2025-10-03,1.93,1.92,0.49870129870129865,-0.0051948168771042275,0.6141730906862735,0.4700827645243718,0.95,0.35,0.5000000027724545,0.5115850364710707,0.015347435310510776,150,188,False,False,False,ba450fa69a4eb7f90874981213c86bb8b7ec902b5e280db5f1c060a2e9088b81,2598733ef0c0af2d10a2e74475fa2d8a5caa5231723b8f40952013e733d644b4,1.96,1.91,True,2025-10-03T18:11:00+00:00,2025-10-03T18:11:00+00:00,0.5145898837587798,0.515538195103588,0.5156360418122548
te:3036889,2025-10-03,2025,2025-10-03,budkov-kjaer,passaro-5f6f1,2025-10-03T09:45:00+00:00,2025-10-02T16:38:00+00:00,0.0,2025-10-05T22:00:00+00:00,2025-10-03,1.63,2.34,0.5894206549118388,0.36157091455093915,0.6435799264277922,0.22936529340042822,0.8166666666666667,0.8166666666666667,0.7199232353459125,0.7014961939702787,1.1815826095329385e-11,184,151,False,False,False,3f94c8d9d8bebcb8716d017c350116049d88f2333c580ca658216c198d7bc5f3,b36ec8de104c164873fba62fe44855ca79ecb380bd570a9baf6155a4da5ef114,1.64,2.36,True,2025-10-03T07:44:00+00:00,2025-10-03T07:44:00+00:00,0.5982685386970384,0.5972861497931239,0.598840348450273
te:3037062,2025-10-03,2025,2025-10-03,zink-30580,banerjee-3b4c6,2025-10-03T20:00:00+00:00,2025-10-03T14:08:00+00:00,1.0,2025-10-05T22:00:00+00:00,2025-10-03,1.91,1.94,0.5038961038961038,0.015584731016698041,0.5215172680460604,0.07053753276939566,0.48333333333333334,0.48333333333333334,0.5000000000080317,0.6471935121306196,0.005985175703986753,149,83,False,False,False,32fa4b5c7f16383c1e671ad4814d2a9e9367e30a759a7f40b9a62964774dbec2,accaef0766fbf88d13b5c1f7bff849e6924bb33a9a49deb38bba1e2fd8f3a696,1.9,1.97,True,2025-10-03T18:11:00+00:00,2025-10-03T18:11:00+00:00,0.5193983579219167,0.5162031148194757,0.5157474262894655
te:3037904,2025-10-07,2025,2025-10-07,walton,sun-2f389,2025-10-07T06:50:00+00:00,2025-10-06T03:26:00+00:00,1.0,2025-10-09T22:00:00+00:00,2025-10-07,2.17,1.69,0.43782383419689114,-0.2499986386173863,0.5886312798666348,0.6083086742349118,0.6833333333333333,0.016666666666666666,0.6716822319946122,0.5853294717899427,4.065882255877007e-08,185,125,False,False,False,38171ea88b4fe74bd5426db09013c190e35ffb50c3ba2faaceae1da02a7dcd13,08d66bf13c64887cbb6e88adae3845277309327ba4204906106ae70f4123aa99,2.18,1.7,True,2025-10-06T16:56:00+00:00,2025-10-06T23:24:00+00:00,0.4579787992718186,0.4599948505667512,0.4582047068336868
te:3038008,2025-10-07,2025,2025-10-07,loffhagen,boitan,2025-10-07T08:00:00+00:00,2025-10-06T20:02:00+00:00,0.0,2025-10-09T22:00:00+00:00,2025-10-07,2.21,1.67,0.43041237113402064,-0.2801688891009976,0.5859640707256999,0.6274746082971583,1.15,1.15,0.6404917390586162,0.5550613439189508,7.798410667225752e-09,140,201,False,False,False,1d8e5ff4b84dce763dcac09e05e921a0a88d4d903b3e0d4e6855066201a967fd,2972dd2d39bfc7002fae7680536caefa2f57224fdd8b53344470f0cd637c0e5e,2.22,1.69,True,2025-10-07T06:04:00+00:00,2025-10-07T06:04:00+00:00,0.45104711276652404,0.4532122459015305,0.4568026390624341
te:3039682,2025-10-07,2025,2025-10-07,nagal,merida-aguilar,2025-10-07T14:55:00+00:00,2025-10-06T16:56:00+00:00,0.0,2025-10-09T22:00:00+00:00,2025-10-07,1.81,2.0,0.5249343832020998,0.09982033528221135,0.5975448237626946,0.2954252372877,2.283333333333333,0.18333333333333332,0.5000000000000001,0.5619801401520829,0.008539158463885962,150,182,False,False,False,cc53d592469fb79707c0173c42c24b3146abdb599ba81ccd851f05bac97f150d,b7d3d4301ede67bf9c1ddf66ec347061b3334cc3eaeaff5aa0afddfb20fd7929,1.83,1.99,True,2025-10-07T06:04:00+00:00,2025-10-07T13:40:00+00:00,0.5388448291401245,0.538127991243942,0.5405720760676068
te:3041590,2025-10-10,2025,2025-10-10,taberner,trungelliti,2025-10-10T17:50:00+00:00,2025-10-09T00:02:00+00:00,0.0,2025-10-12T22:00:00+00:00,2025-10-10,1.88,1.98,0.5129533678756476,0.051825067864585767,0.5890720171282101,0.30830540349289415,1.2333333333333334,0.6333333333333333,0.6250919858468954,0.7183639996089546,1.4075129950441578e-12,160,191,False,False,False,419502b4036390e769bb71d8ec833f34ab83793d90a071029f3a853dec5ae95b,38f48f4e040a1ce7a71e886ebd16c01dfaaa3cbc1e3d8b6644c5c33125efff75,1.85,2.0,True,2025-10-10T17:14:00+00:00,2025-10-10T17:14:00+00:00,0.5277754050592549,0.5271193746857531,0.5289399907389819
te:3041814,2025-10-10,2025,2025-10-10,cazaux,zhou-472f7,2025-10-10T05:10:00+00:00,2025-10-09T20:36:00+00:00,1.0,2025-10-12T22:00:00+00:00,2025-10-10,1.75,2.12,0.5478036175710594,0.19180030074849844,0.5871479046132859,0.16038704804497225,1.5333333333333334,0.4,0.7722537426525099,0.6677228494388503,9.732437078469047e-12,157,114,False,False,False,61f01f1db9981ff368c57f29c08df95a17bf11d3c68c2f0a970c4646ea526f2c,ba881746004e0e30755a86bf1515acee4f72f0150762557ebb514cdbb67ea036,1.74,2.16,True,2025-10-10T02:44:00+00:00,2025-10-10T03:42:00+00:00,0.5599429138040465,0.5579742685934651,0.5595586448898957
te:3044274,2025-10-14,2025,2025-10-14,jasika,uchiyama,2025-10-14T03:15:00+00:00,2025-10-13T18:36:00+00:00,,,,1.91,1.91,0.5,0.0,0.6209813595486293,0.493715677531091,0.85,0.25,0.6844884392728885,0.7535511277397329,1.8109581029213118e-08,178,122,False,False,False,dfee58172b125d706c2f2e70fa00fb022409141dd143cfb938b2635e9f6a24db,c957118da9cd593b6062d3e1e89989407c6bcf1cce8a39caf1b9c9da4f068d6a,1.92,1.92,True,2025-10-14T01:48:00+00:00,2025-10-14T01:48:00+00:00,0.5157922741783226,0.5169951214257881,0.516484098099538
te:3047088,2025-10-17,2025,2025-10-17,mrva,hussey-d2863,2025-10-17T07:10:00+00:00,2025-10-16T02:42:00+00:00,0.0,2025-10-19T22:00:00+00:00,2025-10-17,1.97,1.87,0.4869791666666667,-0.05209511188340181,0.6159410022259537,0.5244501144000432,0.0,0.0,0.558820571598737,0.5776146378753467,3.3308122926456463e-10,133,180,False,False,False,f5e73f525c770dd2f684ab881451145e618de114c5367da1a0e64c1ec05a0307,130de8a44e0ae15f5663d69ec64146016843115bb142510dd9164d80f1a4a26d,1.98,1.89,True,2025-10-16T23:22:00+00:00,2025-10-16T23:22:00+00:00,0.5037283975007232,0.5051761687329773,0.5017824803943703
te:3047090,2025-10-17,2025,2025-10-17,wendelken,andaloro,2025-10-17T07:10:00+00:00,2025-10-16T23:22:00+00:00,0.0,2025-10-19T22:00:00+00:00,2025-10-17,1.97,1.88,0.4883116883116883,-0.04676176590803932,0.6129671527424703,0.5065635499129815,2.1,1.4666666666666666,0.5000000000000001,0.520023871356276,0.005092729403417845,164,183,False,False,False,4082cb312ef84c53091233c397a1fb706c1cb19fefd43f0699ece3b6dd7155df,f88a9a40e866569a34a2d32e6a50cb35896ccfb6527629c2bc84536f0211d6fb,1.98,1.89,True,2025-10-17T06:18:00+00:00,2025-10-17T06:18:00+00:00,0.5049638989748338,0.5062324819710797,0.5132247166811021
te:3051802,2025-10-21,2025,2025-10-21,tabur,virtanen-7d161,2025-10-21T13:05:00+00:00,2025-10-21T05:00:00+00:00,1.0,2025-10-23T22:00:00+00:00,2025-10-21,1.88,1.94,0.5078534031413613,0.031416196233379066,0.646724783766875,0.5732572323718862,0.36666666666666664,0.36666666666666664,0.7201419065989799,0.7608350143833157,2.4665099962462023e-08,149,120,False,False,False,fe0c698faa8ea82bb5f8e2513dc17ac405be63db108542162ceabe259ec79e45,502459ea0960a421628cc26660d9ed7fbace57f219c626e2de84171e12d550b1,1.76,2.08,True,2025-10-21T12:20:00+00:00,2025-10-21T12:20:00+00:00,0.5230594622505346,0.5251377096756173,0.5239962912698
te:3060906,2025-10-31,2025,2025-10-31,shimabukuro,samrej-f05ce,2025-10-31T02:10:00+00:00,2025-10-30T13:26:00+00:00,0.0,2025-11-02T23:00:00+00:00,2025-10-31,1.91,1.94,0.5038961038961038,0.015584731016698041,0.5997323941868082,0.3887654770683889,1.0833333333333333,0.05,0.7191426382480268,0.6365057374054425,1.9454876043489833e-08,124,186,False,False,False,f44b993c64b1adee78d01ba26630aff22167f6b58f166b4356042a3cd4e61324,340320fefb058e76fc18a030395f30ba1cc6e5560a52b450ecf318b42bce48ad,1.92,1.95,True,2025-10-30T22:42:00+00:00,2025-10-30T22:42:00+00:00,0.5193983579219167,0.5195277196610222,0.5187677335617635
te:3061076,2025-10-31,2025,2025-10-31,brunclik-d09d6,alkaya,2025-10-31T12:00:00+00:00,2025-10-30T18:50:00+00:00,0.0,2025-11-02T23:00:00+00:00,2025-10-31,1.91,1.94,0.5038961038961038,0.015584731016698041,0.6136129283967814,0.44693994536661125,1.25,0.5166666666666667,0.5000000000475495,0.5160647126979728,0.016053893291274823,136,177,False,False,False,acd55124e7848c934f18c2768ef9ab02587e6dee33936e537709d2017ba66438,74552a9703b25a2633d89cde8fad74e86965b543aecda12115e4f19155916547,1.92,1.95,True,2025-10-31T08:42:00+00:00,2025-10-31T08:42:00+00:00,0.5193983579219167,0.5201353042683172,0.521550237762217
te:3061820,2025-10-31,2025,2025-10-31,giustino-1d545,added,2025-10-31T10:05:00+00:00,2025-10-30T17:30:00+00:00,0.0,2025-11-02T23:00:00+00:00,2025-10-31,1.78,2.09,0.5400516795865633,0.16055070167272584,0.6102455269100242,0.2877936929527238,0.9,0.9,0.531688522140285,0.5000000000000001,0.0014880953184250312,202,225,False,False,False,0d2e5477ce5a5b88aa131e85c532600e73c4971bdbb7cd57d0e128f79376aa8c,f2dcba004d41cb1f3acbce9dba54aa33ea2201315b1e6e7e6ba505f8feb75318,1.79,2.11,True,2025-10-31T06:42:00+00:00,2025-10-31T06:42:00+00:00,0.5527953524132675,0.5520928716000622,0.5541809927443444
te:3061964,2025-10-31,2025,2025-10-31,droguet,maestrelli,2025-10-31T14:45:00+00:00,2025-10-31T09:30:00+00:00,0.0,2025-11-02T23:00:00+00:00,2025-10-31,1.59,2.42,0.6034912718204488,0.4200335239364546,0.6172332499879213,0.05778767154984904,1.0333333333333334,0.03333333333333333,0.7031362506005421,0.6455231825254035,2.23071963678656e-09,162,196,False,False,False,6c4b1c4fe0ddc9aee0d539c9b18008ebd74cb4b5eb2e53850eeb0823d9ce1454,caaf58c8d49f513fc800bce9b3cdd34c30d12aa858954510d23646a522e9a5f5,1.6,2.43,True,2025-10-31T10:42:00+00:00,2025-10-31T11:54:00+00:00,0.611217504773222,0.6086203998902905,0.6077428429787834
te:3062000,2025-10-31,2025,2025-10-31,jodar,dietrich-fa350,2025-10-31T17:05:00+00:00,2025-10-31T09:30:00+00:00,0.0,2025-11-02T23:00:00+00:00,2025-10-31,2.21,1.69,0.4333333333333333,-0.26826398659467954,0.4928801537259655,0.23978267635365716,0.65,0.016666666666666666,0.6696939626568286,0.5000000000000001,0.012262896610828175,103,35,False,False,False,68998f2e43b63921d45a15e40864c4acb58cd4b325a9a12f05df7c6020d1d739,14d5fab0a5daf8a63ee520bcd70e0fcee49be48cafd44c691b02130a31413aac,2.16,1.74,True,2025-10-31T13:38:00+00:00,2025-10-31T13:38:00+00:00,0.45378017525962805,0.45194407393957625,0.4500661903537781
te:3062048,2025-10-31,2025,2025-10-31,rosenkranz,tarvet,2025-10-31T18:15:00+00:00,2025-10-31T09:30:00+00:00,0.0,2025-11-02T23:00:00+00:00,2025-10-31,1.69,2.22,0.5677749360613811,0.27277866694920594,0.5976556290938232,0.1229276840892875,1.1666666666666667,0.5666666666666667,0.5893913740628483,0.6637361880855379,2.049332190057207e-08,202,61,False,False,False,680a3040589b81aafb7126c56fb799fd899069df6c171d071bf5e641214a7023,667970b0f997f620aa6e490ce9c096ea166fd5c0bf3bcb8731afe2e9bba5af79,1.73,2.17,True,2025-10-31T16:51:00+00:00,2025-10-31T16:51:00+00:00,0.5783424260536032,0.5761291457206137,0.5775236883640178
te:3062130,2025-10-31,2025,2025-10-31,monday,krueger-d6035,2025-10-31T19:15:00+00:00,2025-10-31T09:30:00+00:00,0.0,2025-11-02T23:00:00+00:00,2025-10-31,1.6,2.39,0.5989974937343359,0.40128973669768386,0.617026332488777,0.07565573097820366,2.2666666666666666,1.0666666666666667,0.8022439658688569,0.7147104685818647,3.998190667431345e-13,157,134,False,False,False,4867818f232560c4420ff2daad2dd30d6671ffe15b259640b802c1c3010444cf,d21766b8eae770589360ee5e20337d0d7548ebcf8b221fc65e6b6f946dc2ae6d,1.59,2.44,True,2025-10-31T15:39:00+00:00,2025-10-31T16:11:00+00:00,0.6070820314775333,0.6046271630142983,0.6102010549809147
te:3062912,2025-11-04,2025,2025-11-04,ruusuvuori,neumayer,2025-11-04T15:40:00+00:00,2025-11-03T17:24:00+00:00,1.0,2025-11-06T23:00:00+00:00,2025-11-04,1.72,2.12,0.5520833333333334,0.20909179785855955,0.6265115222904271,0.3081882132422772,0.0,0.0,0.6607643830740417,0.7049740740105385,2.3114982150573837e-11,57,186,False,False,False,2e94952d0237d7caf01c6ae6b00667744c647715c5e363f1e8c44e6fe701da03,4a731ee2158dd22aba26fa94399e9fe5325c9437db6a049d6d778629ffffa076,1.77,2.07,True,2025-11-04T15:17:00+00:00,2025-11-04T15:17:00+00:00,0.5638874475273129,0.5634698296790277,0.5601387753010615
te:3063158,2025-11-04,2025,2025-11-04,burruchaga,cecchinato,2025-11-04T17:50:00+00:00,2025-11-04T11:33:00+00:00,1.0,2025-11-06T23:00:00+00:00,2025-11-04,2.06,1.76,0.46073298429319376,-0.15739217375142914,0.5599293619380055,0.3982675550510034,2.0166666666666666,0.65,0.7516410926161686,0.6286446537387247,6.13620265710324e-13,197,161,False,False,False,cd64fbc5398ae06c1c45d6a63f15dfcdca8ded165786f46e438a0b7da27f9a3a,678d30a704aec252c4f994a585581b7dfe9ae9cd76dc215edbe711f407a11482,2.14,1.71,True,2025-11-04T15:33:00+00:00,2025-11-04T15:33:00+00:00,0.4793456775142728,0.4793164983619253,0.48295397953496344
te:3067042,2025-11-07,2025,2025-11-07,bueno-01b7e,barrena-f6642,2025-11-06T23:10:00+00:00,2025-11-06T09:48:00+00:00,1.0,2025-11-09T23:00:00+00:00,2025-11-07,1.88,1.93,0.5065616797900262,0.026248226074936154,0.614626921984151,0.440555327851498,0.25,0.25,0.55533260395148,0.5802779550825752,3.0458885413864323e-09,178,182,False,False,False,2a9955464e06e8d94b4f07edf2759789a0f0f4e1a07a54c1b4e4934a90699635,6482fe8c640fd7821af7f7c0df58c07e58d1899c593f66b472a299f947209a09,1.92,1.92,True,2025-11-06T19:06:00+00:00,2025-11-06T19:06:00+00:00,0.5218645968964638,0.5225504702979191,0.5206902092894826
te:3067066,2025-11-07,2025,2025-11-07,reis-da-silva,buse,2025-11-07T02:00:00+00:00,2025-11-06T09:40:00+00:00,0.0,2025-11-09T23:00:00+00:00,2025-11-07,1.96,1.86,0.486910994764398,-0.0523679855173157,0.5694597542178315,0.3320152916463316,1.1666666666666667,0.43333333333333335,0.5000000000000001,0.6012532742215847,0.00752376015455572,198,171,False,False,False,9a932c1fecc8db6590c12503e5b3d628ccac8492b6b5dfee53fdd2d717207602,35a3d072ff14f98c0d24f19a21122b3a2e34b1e59637c039dc7d82f704aa20ab,2.08,1.77,True,2025-11-07T01:23:00+00:00,2025-11-07T01:23:00+00:00,0.5036651833396142,0.5030996981506414,0.503996896513406
te:3067174,2025-11-07,2025,2025-11-07,rocha-0492a,noguchi-08bde,2025-11-07T02:15:00+00:00,2025-11-06T10:04:00+00:00,1.0,2025-11-09T23:00:00+00:00,2025-11-07,1.89,1.96,0.5090909090909091,0.03636764417087508,0.6109779914332704,0.41505737447410934,0.48333333333333334,0.48333333333333334,0.7036542872659546,0.6375816000340323,1.3849513119668089e-08,154,141,False,False,False,b264e465e9dc4c9b0a542537487748cbedeb2542e49fb0b61f98ac52aaa3bde6,c859a6beec781d21fa2960f5f0c8739075c305e5b4a3000023d6364e5eaf3001,1.88,1.99,True,2025-11-06T22:42:00+00:00,2025-11-06T12:52:00+00:00,0.5242040190335278,0.5246385884020923,0.5242013454133758
te:3067700,2025-11-07,2025,2025-11-07,barrios-vera,torres-dc0bf,2025-11-07T17:35:00+00:00,2025-11-06T16:10:00+00:00,1.0,2025-11-09T23:00:00+00:00,2025-11-07,1.97,1.87,0.4869791666666667,-0.05209511188340181,0.5920367721563453,0.42448681745907973,1.2333333333333334,0.5333333333333333,0.6464008727910214,0.5676472501191275,1.931211857097992e-10,191,141,False,False,False,b966f329a6781ed93690886d035ef66581a7943aa99a12df70e35a3ef6681bd2,19f9c68eedac4efa84bc2ce675e66cfa93fb3c8c053fcc11803911f720135795,1.98,1.88,True,2025-11-07T10:11:00+00:00,2025-11-07T13:47:00+00:00,0.5037283975007232,0.5041305798922402,0.5055680223158893
te:3067744,2025-11-07,2025,2025-11-07,blanch-748a3,clarke-60a59,2025-11-07T21:20:00+00:00,2025-11-06T16:10:00+00:00,1.0,2025-11-09T23:00:00+00:00,2025-11-07,1.69,2.22,0.5677749360613811,0.27277866694920594,0.6146942999929575,0.19430935888506384,0.0,0.0,0.5000000028753061,0.5043620731921291,0.0148868631299333,150,204,False,False,False,43214fdbd4a497075564fc9039980b2a37bb456f118b319f455637e3746911bc,6ba8243ca394e88a433ccca9a9d15d59538539c7f1c62f661ab99226fb69ac7e,1.71,2.19,True,2025-11-07T14:35:00+00:00,2025-11-07T20:03:00+00:00,0.5783424260536032,0.5768583667906151,0.5735519989457251
te:3067766,2025-11-07,2025,2025-11-07,mccabe-b71c6,imamura-da963,2025-11-07T02:15:00+00:00,2025-11-06T14:44:00+00:00,1.0,2025-11-09T23:00:00+00:00,2025-11-07,1.82,2.03,0.5272727272727271,0.10919929196499134,0.6176835277294359,0.3705282162135207,0.5833333333333334,0.5833333333333334,0.7082600062205022,0.6496607786377029,8.871450241088041e-10,159,125,False,False,False,c3904145cff557ddb1358eb4648b38a62ed60025b113ed24700eafb454d132cd,9ffb19158894196ad795053a87b14f5e0a28b7009ab93491a191eb678e419221,1.97,1.89,True,2025-11-07T01:38:00+00:00,2025-11-07T01:38:00+00:00,0.5410038286147832,0.5410818131509,0.5412572376434925
te:3067812,2025-11-07,2025,2025-11-07,nishioka,santillan-29bed,2025-11-07T04:30:00+00:00,2025-11-06T14:44:00+00:00,1.0,2025-11-09T23:00:00+00:00,2025-11-07,2.0,1.85,0.4805194805194806,-0.07796154146971143,0.6023578493802131,0.49326076257021934,1.1166666666666667,0.08333333333333333,0.6518734134409742,0.5859793208094919,4.442103446189449e-08,97,169,False,False,False,d54a77c424296a4ad686083b18a2955e5fec7d36edd8dadea9bb5d2ecb24c940,61a229980686565d7a275ebddac34a17d1d1146df61b309fd96dc2727a021d5e,2.02,1.84,True,2025-11-07T03:15:00+00:00,2025-11-07T03:15:00+00:00,0.49773591323276534,0.49881891833111397,0.49825880038127396
te:3067814,2025-11-07,2025,2025-11-07,wong-d3ead,janvier,2025-11-07T08:15:00+00:00,2025-11-06T14:44:00+00:00,0.0,2025-11-09T23:00:00+00:00,2025-11-07,1.74,2.14,0.5515463917525772,0.2069207158073222,0.5933872099612659,0.1710650812226654,1.5833333333333333,0.7166666666666667,0.8565154502074219,0.7394953202620483,2.2190704829228025e-09,170,167,False,False,False,2883a400386a09bdd1c48c1300bc99df16aec26a48a500c022078d28c2a49358,b49704c2ea4344edea91096a23b8f0db9346dee82ce4de3c074a0c643fb4264a,1.77,2.12,True,2025-11-07T07:47:00+00:00,2025-11-07T07:47:00+00:00,0.5633926135997733,0.5615595503084923,0.564455379317017
te:3067818,2025-11-07,2025,2025-11-07,shimabukuro,grenier-baaf0,2025-11-07T04:35:00+00:00,2025-11-06T14:44:00+00:00,1.0,2025-11-09T23:00:00+00:00,2025-11-07,1.72,2.17,0.557840616966581,0.2324028767270068,0.6263140650762267,0.28403337152568053,1.0666666666666667,1.0666666666666667,0.6362258533899918,0.6335835127186485,1.0852066242850178e-07,131,184,False,False,False,84bf7b0abb735b6842fa152faa6b6247a8866c884a4a506e0d78664161ed0d53,55d0a03a00a4f00cceaeee3c804270bb4d4089cb19bceece0bef0d483152b391,1.74,2.16,True,2025-11-07T03:55:00+00:00,2025-11-07T03:55:00+00:00,0.5691923096209833,0.5685621155376633,0.5716365652975594
te:3068742,2025-11-11,2025,2025-11-11,ellis-b4efc,bouzige,2025-11-11T06:15:00+00:00,2025-11-10T11:17:00+00:00,0.0,2025-11-13T23:00:00+00:00,2025-11-11,1.56,2.43,0.6090225563909775,0.4432054360910115,0.5795315629850433,-0.12235472489062271,0.0,0.0,0.7076506220821501,0.6068539148110859,3.586514973896726e-10,61,182,False,False,False,73ce80e9e9dd97b2b8c2a7226d2f82c5125268579b9861a793cc9a550e4680f9,ee9c41850dd7d10eebb258c64fa32ce84dce2434fc58f8a3dcc497c5684ef68e,1.63,2.3,True,2025-11-10T20:41:00+00:00,2025-11-10T18:01:00+00:00,0.6163078624838962,0.6119676792672438,0.6087486384446341
te:3068756,2025-11-11,2025,2025-11-11,hewitt-d8622,mccabe-b71c6,2025-11-11T00:10:00+00:00,2025-11-10T10:53:00+00:00,0.0,2025-11-13T23:00:00+00:00,2025-11-11,2.01,1.81,0.47382198952879584,-0.10480787679324989,0.5563171833474148,0.33103655179716923,1.35,1.35,0.7214322205283564,0.8599633945059657,4.947224524487481e-08,74,162,False,False,False,8b628c0db0f461f22e60faa965104ef1d9c5b7304254cd562b1cc6ca5f04fb12,984d13a15e538757f48cb17adf6d26ef83015982a172b4659a851e1e2cdb0d06,1.99,1.83,True,2025-11-10T20:41:00+00:00,2025-11-10T20:41:00+00:00,0.49151712465419634,0.4908633067513449,0.49570461773211033
te:3068758,2025-11-11,2025,2025-11-11,delaney,noguchi-08bde,2025-11-11T00:10:00+00:00,2025-11-10T11:33:00+00:00,0.0,2025-11-13T23:00:00+00:00,2025-11-11,1.99,1.82,0.47769028871391084,-0.08929813764769673,0.6217424196466678,0.5862486352352554,1.2333333333333334,1.2333333333333334,0.6482913011380469,0.6972158087286403,8.053547273512152e-10,183,148,False,False,False,00148fb412678e12d712dd0f710fead34aa05c120a25279a3622dd78782e417e,d682fcd1653db8eb81cb7f9f526d8325abcf858570d43df52503061271c45a00,1.93,1.9,True,2025-11-10T22:09:00+00:00,2025-11-10T22:09:00+00:00,0.4951096636630291,0.49714834844359035,0.5012908646659103
te:3068858,2025-11-11,2025,2025-11-11,ymer,peniston,2025-11-11T05:35:00+00:00,2025-11-10T17:37:00+00:00,,,,1.73,2.11,0.5494791666666667,0.19856653897828785,0.6011766378797577,0.21180364158110454,2.2666666666666666,0.13333333333333333,0.5000000000000001,0.5550124088546851,0.0011505422886542715,162,202,False,False,False,a6bbc9487e93aac511c0ff628af1289b0fbe996e6bdeb6258613de2acecb5f2d,2a161d057eb072bd47a07e56812f8dbbe62abbbda54291fde15b014fcfb6daa6,1.75,2.12,True,2025-11-11T02:41:00+00:00,2025-11-11T02:41:00+00:00,0.561487357108027,0.5600603001265856,0.5622598858470751
te:3069532,2025-11-11,2025,2025-11-11,maestrelli,gueymard-wayenburg,2025-11-11T10:10:00+00:00,2025-11-10T18:25:00+00:00,1.0,2025-11-13T23:00:00+00:00,2025-11-11,1.6,2.38,0.5979899497487436,0.3970968584376474,0.636464166994155,0.16295339118169516,1.45,1.45,0.6775942058887211,0.6927069562468312,2.6379048667646288e-09,184,177,False,False,False,4cf92fa72776e0fa3efa3b234693299b5bbd09cab46a750f044ed983bc1d30fa,dcd2bf90b6401e944432a3cee9474c6c260a813a5a76b3bf386fcbe2fe239807,1.63,2.31,True,2025-11-11T06:49:00+00:00,2025-11-11T07:05:00+00:00,0.6061548211788205,0.6045655350570935,0.609799634694931
te:3070052,2025-11-11,2025,2025-11-11,jilly,smith-8b3b8,2025-11-11T00:10:00+00:00,2025-11-10T17:53:00+00:00,0.0,2025-11-13T23:00:00+00:00,2025-11-11,2.13,1.71,0.44531250000000006,-0.21962860920676502,0.5819076223594718,0.5502379126238166,0.6833333333333333,0.6833333333333333,0.5982086403754198,0.694944299502094,2.8090278436643246e-09,143,167,False,False,False,455575ab0a46de38244fecff767b77b68cd8d534a37aa4b32c3458334b3bef58,05ebab8eebe5223a5eb22d272d39c2e2e770514b77f32e041652a080fb9d9e54,2.06,1.78,True,2025-11-10T20:41:00+00:00,2025-11-10T22:09:00+00:00,0.4649728473744303,0.4664335249325397,0.4671994933403011
te:3070066,2025-11-11,2025,2025-11-11,braswell-7a1b7,monday,2025-11-11T16:05:00+00:00,2025-11-11T09:05:00+00:00,1.0,2025-11-13T23:00:00+00:00,2025-11-11,1.93,1.89,0.4947643979057591,-0.02094317384524342,0.5723614849081469,0.31243568443380254,0.0,0.0,0.6192113065568535,0.729390034523988,1.3265055720523833e-11,67,152,False,False,False,7b6865371567e620aea58a215ec0fd0ae010eaff26c7c3d2935ed939a04edea1,d15fcdfecc635473ea5ca3dab541b598c36d77e43424d3379d50febf2410633f,1.91,1.93,True,2025-11-11T14:41:00+00:00,2025-11-11T15:29:00+00:00,0.5109438001179654,0.5102207025959341,0.5068204209370554
te:3071628,2025-11-11,2025,2025-11-11,lajal,blancaneaux,2025-11-11T13:35:00+00:00,2025-11-11T12:01:00+00:00,1.0,2025-11-13T23:00:00+00:00,2025-11-11,1.78,2.07,0.5376623376623377,0.1509352429732842,0.5813098202282111,0.1772174064960863,0.4666666666666667,0.4666666666666667,0.6920290618424497,0.5950930620892777,5.7574055523090806e-09,174,147,False,False,False,ccb7938bf62e06d837ada29948550f0eab14a228fa2511351b1eca77efc90b3c,c33d38d76acb0134766fcb4a919ebad42d6aeeb12e4cc9a628cd6e3cfbb6140f,1.79,2.05,True,2025-11-11T12:17:00+00:00,2025-11-11T12:17:00+00:00,0.5505915192314675,0.548728734335848,0.5481918540835399
te:3074104,2025-11-14,2025,2025-11-14,cassone,rosenkranz,2025-11-14T17:10:00+00:00,2025-11-13T17:35:00+00:00,1.0,2025-11-16T23:00:00+00:00,2025-11-14,1.59,2.42,0.6034912718204488,0.4200335239364546,0.6590610502517384,0.23907921876245614,0.8666666666666667,0.8666666666666667,0.7437654288466804,0.7763180534468922,9.484357743616556e-12,157,195,False,False,False,764e3ef8e1de914f83f62109e4b3ec1835cd1918a8672ca5bfa70e9c8ae897fb,7fe63da1ef05bcf494af9dfdc64874f46b5bd740c979850cae97335287b01a02,1.6,2.43,True,2025-11-14T11:35:00+00:00,2025-11-14T15:27:00+00:00,0.611217504773222,0.610425829688721,0.6122573915488138
te:3074122,2025-11-14,2025,2025-11-14,buse,heide-17a3d,2025-11-14T16:40:00+00:00,2025-11-13T17:43:00+00:00,0.0,2025-11-16T23:00:00+00:00,2025-11-14,1.75,2.11,0.5466321243523315,0.18707215955255221,0.623364002670328,0.316779265857823,0.8833333333333333,0.25,0.6231281241422456,0.6150522448815219,6.3004396144705765e-09,178,96,False,False,False,73b89e6780be387e32fd865950c8decb1b68b6a40b97eaa7c3ad5827ec4c1007,a7e0c6f2e7d4c0bff94e5092558e98c7b9406aaf8adaef1b6fbec518a2b25ab7,1.76,2.13,True,2025-11-14T11:43:00+00:00,2025-11-14T12:31:00+00:00,0.558862989958252,0.5585005501769204,0.5580768155880677
te:3074124,2025-11-14,2025,2025-11-14,burruchaga,navone,2025-11-14T18:30:00+00:00,2025-11-13T18:07:00+00:00,0.0,2025-11-16T23:00:00+00:00,2025-11-14,1.85,1.98,0.5169712793733681,0.06791120561621009,0.6058288140707763,0.3619009585231655,0.55,0.55,0.5445718400890869,0.5000000000000001,0.009185366774859566,203,165,False,False,False,ff4ec5ae13b85d6dedf0709c723972138640330dd0b86460513592bc14c3f9b0,de3a6981c4b6b47d72679a70baa24223414a06a119e8da23a53e8ed66bcbb31a,1.96,1.91,True,2025-11-14T16:39:00+00:00,2025-11-14T16:39:00+00:00,0.5314890318143395,0.5314159625465159,0.5313852491524608
te:3074214,2025-11-14,2025,2025-11-14,wu-f664e,overbeck,2025-11-14T02:30:00+00:00,2025-11-13T11:51:00+00:00,0.0,2025-11-16T23:00:00+00:00,2025-11-14,1.72,2.16,0.5567010309278351,0.22778393087071203,0.6132017655093911,0.23300689612654008,1.1333333333333333,0.03333333333333333,0.617869865717603,0.5784306666253772,9.414250110029165e-08,109,76,False,False,False,77bdc43cb96fac04788ca918be668eaedb3384bda33340484f2cf890ed445064,8630664f9f20ad2350c603f468315ec985f6556e7e93e145f04d5fddb2f706fc,1.73,2.19,True,2025-11-13T22:39:00+00:00,2025-11-13T22:39:00+00:00,0.568142404969541,0.5669809580923391,0.566290656704985
te:3074216,2025-11-14,2025,2025-11-14,uchida-ea757,shimabukuro,2025-11-14T09:25:00+00:00,2025-11-13T18:15:00+00:00,,,,1.72,2.17,0.557840616966581,0.2324028767270068,0.5561573862223244,-0.006821579905583824,2.1,0.8666666666666667,0.5983467579985442,0.7212362430319548,3.024670985896094e-09,161,141,False,False,False,a056a4fbeaf01cc1b6abbe287b21f4143c8ff3509d66ff417ab69c286c406e0d,6a4b9f1250885c2a81457dc8423296b1ef666e0eecb023329450eee6ba1d19a2,1.69,2.23,True,2025-11-14T08:47:00+00:00,2025-11-14T07:27:00+00:00,0.5691923096209833,0.5655743400542459,0.570167081664757
te:3074596,2025-11-14,2025,2025-11-14,chan-0fbe0,boitan,2025-11-14T20:10:00+00:00,2025-11-14T13:11:00+00:00,1.0,2025-11-16T23:00:00+00:00,2025-11-14,1.76,2.11,0.545219638242894,0.18137413843791445,0.5251792612429222,-0.08057182485451442,0.6833333333333333,0.016666666666666666,0.5616567876137726,0.7081303942958639,2.1592058696562333e-10,38,201,False,False,False,5b91455c93374ecfeb3ee1760d98cd5ce8d14c789eefdc688af96c239eb2863c,35fe99bbe425b1365050dcb984d897a2f480aacb1d58afeeb6e6b6b4338dcd8b,1.78,2.1,True,2025-11-14T16:39:00+00:00,2025-11-14T16:55:00+00:00,0.5575608027216612,0.5530837706741065,0.5513039572554798
te:3074604,2025-11-14,2025,2025-11-14,kasnikowski,draxl,2025-11-14T18:10:00+00:00,2025-11-14T13:11:00+00:00,0.0,2025-11-16T23:00:00+00:00,2025-11-14,1.72,2.16,0.5567010309278351,0.22778393087071203,0.6340964042432553,0.32204717003914207,1.0166666666666666,1.0166666666666666,0.6686070022050153,0.6835393937804295,1.4916236995565768e-08,101,200,False,False,False,69718a9f959a5ac7d0cf6f37a7025f4158e8fb0ecb5db699496bcfae33235700,965890ccc4a8d96aa0b2a8fa5b34b2d7a23ab7eef21e54855b87e96713c8d7c8,1.74,2.17,True,2025-11-14T16:47:00+00:00,2025-11-14T15:43:00+00:00,0.568142404969541,0.5678954318035913,0.5706730221699345
te:3074614,2025-11-14,2025,2025-11-14,miyoshi-1fb72,alazmeh-544a8,2025-11-14T21:35:00+00:00,2025-11-14T13:03:00+00:00,0.0,2025-11-16T23:00:00+00:00,2025-11-14,2.06,1.79,0.464935064935065,-0.1404903629488259,0.594128976351744,0.5215513572581504,1.0,0.3,0.567904807627657,0.5000000000000001,0.022262524102968737,69,76,False,False,False,338f74b4a20fb415c3c5a301cf5f80af74a9a38428f961af28180f5020160b1e,4e458b7871f38da238cf08e4621d2dea49ce9bd89e9b84687f15cc29ff6e79a6,2.05,1.82,True,2025-11-14T18:15:00+00:00,2025-11-14T19:43:00+00:00,0.4832558841211687,0.48454017574434277,0.48454927294075434
te:3075182,2025-11-18,2025,2025-11-18,gengel,jones-44ce4,2025-11-18T04:15:00+00:00,2025-11-16T11:04:00+00:00,1.0,2025-11-20T23:00:00+00:00,2025-11-18,1.99,1.82,0.47769028871391084,-0.08929813764769673,0.6134090238485421,0.5509628754790608,1.6,0.13333333333333333,0.7628847490943594,0.6833595996308348,2.5340766096615397e-08,154,104,False,False,False,7a1b0d65f5e3023eabbfe4fb20c47418abb905ae7484d2553d71946ac4059246,c2ab2b6b297540838412f0452cabf1407d3e0933858e2de770c5c5fecd2e44ee,,,False,,,0.4951096636630291,0.4967792505358085,0.4975027199919143
te:3075706,2025-11-18,2025,2025-11-18,robertson-52862,elsayed-8f65f,2025-11-18T10:50:00+00:00,2025-11-17T17:29:00+00:00,1.0,2025-11-20T23:00:00+00:00,2025-11-18,1.91,1.91,0.5,0.0,0.564642833232924,0.2600266104626953,0.0,0.0,0.62314300672233,0.7412183005729538,4.059835800873657e-12,49,135,False,False,False,be1880ae3bfe76ccdf250f7bab5f14ed88ab921a4b55310c9f2886ddddb7bcac,4ed779c15727671c0db252aa4edbb322635c1e91551a162da5da7d286849ce61,1.88,1.94,True,2025-11-17T23:05:00+00:00,2025-11-18T09:05:00+00:00,0.5157922741783226,0.5145530227413149,0.5111532462492296
te:3076588,2025-11-18,2025,2025-11-18,ambrogi,mccormick-1f674,2025-11-18T15:10:00+00:00,2025-11-18T09:05:00+00:00,0.0,2025-11-20T23:00:00+00:00,2025-11-18,2.0,1.81,0.4750656167979003,-0.09982033528221068,0.5822835618842345,0.43197505948401443,2.4166666666666665,0.7166666666666667,0.7198013267491069,0.6198362006133787,9.178074966698091e-12,163,183,False,False,False,db9ca9fcdfe3127e45ac5c8b8b29087b4782875c4f0ad7b6e41b75efab8f18ee,fbab2d55acd2c73161307aa8956f8f6afdd5d7e35755115becd75ff8583fb851,1.96,1.86,True,2025-11-18T10:25:00+00:00,2025-11-18T10:25:00+00:00,0.49267231699428515,0.49308153837887087,0.49788843846088515
te:3077810,2025-11-18,2025,2025-11-18,marcondes,crawford-71058,2025-11-18T06:30:00+00:00,2025-11-17T15:53:00+00:00,0.0,2025-11-20T23:00:00+00:00,2025-11-18,1.8,2.01,0.5275590551181102,0.11034805716886517,0.6327216265969232,0.43356242867369166,1.8,0.4666666666666667,0.6806606336690699,0.663524400056228,5.271566930198368e-08,133,222,False,False,False,b9f550bd53a8e02b3c9639bc9a70130a7681364ea8afe2e06ce6487f9fb19532,29d8bf19b18cc931224104b3c5a35e95cdda06e0ce4b17b3de79d8cc5510bc0b,1.81,2.02,True,2025-11-18T03:45:00+00:00,2025-11-18T06:17:00+00:00,0.5412681657711192,0.542002643428408,0.5444549115794776
te:3078722,2025-11-18,2025,2025-11-18,sels,ouakaa,2025-11-18T12:15:00+00:00,2025-11-17T17:45:00+00:00,0.0,2025-11-20T23:00:00+00:00,2025-11-18,1.97,1.85,0.48429319371727747,-0.06284790365966375,0.5636467219304537,0.3188233932855798,2.0833333333333335,0.25,0.6937366836145824,0.5798902965835181,1.3352374761410601e-12,171,169,False,False,False,e37f034b5486ac1bf79b6c04bff1029bd9e1f9f32ff6e2e185bc0e32f4313097,d3ed588bbdfad69d54c192b183ffe61941f506212afdc02401c8a0360ca1bcf8,1.98,1.86,True,2025-11-18T09:37:00+00:00,2025-11-18T09:37:00+00:00,0.5012373261057668,0.5005181793502222,0.5027719117232957
te:3080110,2025-11-21,2025,2025-11-21,mccabe-b71c6,hijikata,2025-11-21T00:15:00+00:00,2025-11-19T19:06:00+00:00,0.0,2025-11-23T23:00:00+00:00,2025-11-21,1.75,2.13,0.5489690721649485,0.19650619178591125,0.6262801981922276,0.3197853565149771,0.0,0.0,0.6791982710226772,0.7359808962116432,5.949410730732296e-08,162,141,False,False,False,f85e221141003fd023a1050d08c0c244a3727f58bd608a6aaf2528450863a955,c5362ea0c83fafc822c68f8f0f9a894e6df882801622b9f9da3b0301da161de3,1.67,2.28,True,2025-11-20T22:19:00+00:00,2025-11-20T22:19:00+00:00,0.5610171925311199,0.5606999876225699,0.5573639267695324
te:3080502,2025-11-21,2025,2025-11-21,matsuoka-5fe86,sach,2025-11-21T00:10:00+00:00,2025-11-19T19:06:00+00:00,1.0,2025-11-23T23:00:00+00:00,2025-11-21,1.93,1.92,0.49870129870129865,-0.0051948168771042275,0.578082422624091,0.32010129439417323,1.9166666666666667,1.35,0.6051921823031244,0.5134921940977157,8.58371151934989e-11,173,145,False,False,False,09176709622f6bb02a98b5573374a81c3ca352c737477c251fb8e5efcf8e827b,a2cd8f3b52b533d744e193ae869825e23f0cab22174971ff11a56533bc2b5639,1.88,1.99,True,2025-11-20T22:19:00+00:00,2025-11-20T22:19:00+00:00,0.5145898837587798,0.5139706607867497,0.5200899887534475
te:3080930,2025-11-21,2025,2025-11-21,giustino-1d545,gakhov,2025-11-21T16:25:00+00:00,2025-11-20T10:51:00+00:00,1.0,2025-11-23T23:00:00+00:00,2025-11-21,1.88,1.97,0.5116883116883117,0.04676176590803954,0.5328178040191645,0.08469844584156458,0.3,0.3,0.7395480896521341,0.597112985386828,3.485304156392033e-09,209,212,False,False,False,8b84e8fe03d6c3e2d5386054792357404a3fb148070994ece5ca13f6b759468a,63e55f2a1d35459212e02ef392151213e39c4cb89c8b7be2e865e7e5a9f22f17,1.74,2.17,True,2025-11-21T09:47:00+00:00,2025-11-21T09:47:00+00:00,0.526605841245703,0.5236087844549913,0.5220388158540955
te:3081212,2025-11-21,2025,2025-11-21,uchida-ea757,nishikori,2025-11-21T04:25:00+00:00,2025-11-20T10:59:00+00:00,0.0,2025-11-23T23:00:00+00:00,2025-11-21,1.97,1.88,0.4883116883116883,-0.04676176590803932,0.6046822728273636,0.4717751029531941,1.0166666666666666,1.0166666666666666,0.5056750366313177,0.5534278834752858,5.143664563722616e-09,172,60,False,False,False,3cd36b216d54056689842c242f71adf8904b97fa6b769253357d27c5dc883892,16e3fa3a8e5764f468fc6f8cdc30fd98492c538e3a8185db273d904f670562b7,1.85,2.01,True,2025-11-21T02:59:00+00:00,2025-11-21T00:35:00+00:00,0.5049638989748338,0.5058686259504809,0.5086846737589978
te:3081214,2025-11-21,2025,2025-11-21,marcondes,oberleitner,2025-11-21T02:05:00+00:00,2025-11-20T10:51:00+00:00,0.0,2025-11-23T23:00:00+00:00,2025-11-21,1.83,2.01,0.5234374999999999,0.09381875521765437,0.5276197935962539,0.01677299784628332,0.65,0.65,0.7371381339928988,0.5910252358935911,1.2456949693984143e-08,137,177,False,False,False,977fe864859efeb4e321942f4c90a335caaa04fd3590f21a0477c5f0c9fcc5e8,75a25b7302da7933d96d41eddd616e7e88fdbc973317bf707f1fbae313c9b7e0,1.73,2.17,True,2025-11-21T00:11:00+00:00,2025-11-21T00:11:00+00:00,0.5374625184714283,0.5338361154262793,0.5343996225617048
te:3081524,2025-11-21,2025,2025-11-21,prado-angelo,sakamoto-b1d5b,2025-11-21T15:40:00+00:00,2025-11-21T10:33:00+00:00,1.0,2025-11-23T23:00:00+00:00,2025-11-21,1.93,1.92,0.49870129870129865,-0.0051948168771042275,0.5889557181575229,0.36484486590432874,0.45,0.45,0.5760379673802117,0.5000000000000001,0.02056346720106203,184,146,False,False,False,7781f3e5651e91914172b21edc7cdd6e3d22478e9f935152a72a588d719a8d79,4b0704e580613bd84ac0be806da5f03040576b9394108c03c16e28b7dfcdf44a,1.94,1.93,True,2025-11-21T12:09:00+00:00,2025-11-21T12:09:00+00:00,0.5145898837587798,0.5144383292798094,0.5137911255297634
te:3081554,2025-11-21,2025,2025-11-21,dutra-da-silva,justo,2025-11-21T15:45:00+00:00,2025-11-21T10:33:00+00:00,0.0,2025-11-23T23:00:00+00:00,2025-11-21,1.77,2.09,0.5414507772020726,0.166184519390982,0.6185752423708976,0.31732071446311627,0.85,0.21666666666666667,0.6139420437410669,0.6524491964022294,5.037165129451182e-12,180,176,False,False,False,94db47ea9912e1a46b18bc24ac482aa90a0f9f52fca8e581679fdffe87ddbb1f,ea13685e9aa3d60f5a220d8bf2fb7587bbb825c9df7da81434fc4e9bf097b7fa,1.79,2.08,True,2025-11-21T12:49:00+00:00,2025-11-21T12:49:00+00:00,0.5540856483920557,0.5536971993314349,0.5530694989646292
te:3081586,2025-11-21,2025,2025-11-21,guillen-meza,mena-99e7a,2025-11-21T22:40:00+00:00,2025-11-21T10:33:00+00:00,0.0,2025-11-23T23:00:00+00:00,2025-11-21,1.95,1.9,0.49350649350649356,-0.025975486403260445,0.5757025599860643,0.3311319060553616,0.35,0.35,0.7298420170112251,0.6224993583685047,4.654748808619047e-12,169,118,False,False,False,6abcae0b49b081e7b1d5626da64430a0f71463c22b0128f2ba36c15effbee8b9,274d2274978f149216ea2f812a3290cfc8ec572940d959cd5a02941e2a4c535f,2.01,1.85,True,2025-11-21T21:29:00+00:00,2025-11-21T21:29:00+00:00,0.509778447313484,0.5092432825513572,0.5079815919836932
te:3082400,2025-11-25,2025,2025-11-25,simakin,bakshi-c841e,2025-11-25T10:20:00+00:00,2025-11-24T18:17:00+00:00,0.0,2025-11-27T23:00:00+00:00,2025-11-25,2.16,1.69,0.43896103896103894,-0.24537969276109162,0.5999302166910443,0.6505540455340044,0.3333333333333333,0.3333333333333333,0.6605220107755645,0.5896970924857483,1.9657480476720224e-08,164,134,False,False,False,1efecf14d4414c699dc71479a61446240494636b9a00af87d65cf8b1ef35dc77,33d1a9a0f8d34b87c93a2a2e7823e83cd94bb204d8b38445ba0a1d16f3cd1db4,2.18,1.7,True,2025-11-25T09:30:00+00:00,2025-11-25T07:38:00+00:00,0.4590415184441295,0.4615043849362874,0.46014599720263416
te:3082972,2025-11-25,2025,2025-11-25,silva-cb43c,bondioli,2025-11-25T15:50:00+00:00,2025-11-24T18:17:00+00:00,1.0,2025-11-27T23:00:00+00:00,2025-11-25,1.9,1.92,0.5026178010471204,0.010471299867295303,0.5963209798114154,0.37968772126750056,0.8333333333333334,0.8333333333333334,0.7067251515454753,0.6229541866714424,1.9647061755279083e-12,141,191,False,False,False,f1fc584372dd0b6826abe231dd52219764a245c97a7baabfcd6ca36610798cd4,036fd26551da391106cb8d4bd816b1822308bed500736050188bb9b598a5bbff,1.84,1.98,True,2025-11-25T15:14:00+00:00,2025-11-25T14:50:00+00:00,0.5182153875085893,0.5182423183097973,0.5199365350352386
te:3083490,2025-11-25,2025,2025-11-25,ribeiro-a7963,milavsky,2025-11-25T18:55:00+00:00,2025-11-24T19:45:00+00:00,1.0,2025-11-27T23:00:00+00:00,2025-11-25,1.81,2.0,0.5249343832020998,0.09982033528221135,0.6054756333005342,0.3285130802128824,1.1,1.1,0.5454467391139186,0.5000000000000001,0.005135016786903729,102,155,False,False,False,ef1b73716860f9473095b99f1ac9225fa74821330fc1f0062a1a55c58c94213c,87c92d71dd2b152e87cc5a1d49c8044b5edeb5d1ccd3e24f666b9040340c5c24,1.87,1.97,True,2025-11-25T13:38:00+00:00,2025-11-25T13:38:00+00:00,0.5388448291401245,0.5384720802711116,0.5417816999478582
te:3083492,2025-11-25,2025,2025-11-25,gomez-e101b,boscardin-dias-3afa8,2025-11-25T20:50:00+00:00,2025-11-24T18:49:00+00:00,0.0,2025-11-27T23:00:00+00:00,2025-11-25,1.85,1.98,0.5169712793733681,0.06791120561621009,0.6220188105340583,0.43021469761812137,0.8666666666666667,0.3,0.6137038723123956,0.6059864213697562,3.741434395632126e-08,124,204,False,False,False,9c1341148bb11ff879f8b3ba7915b83100fe71d8879644fc6a891289f624dce3,c6d53d50a5fda3cd2ef86df9689c6269b6ae211d48db787323381c4a945fa0d4,1.96,1.87,True,2025-11-25T19:46:00+00:00,2025-11-25T19:46:00+00:00,0.5314890318143395,0.5321276822428352,0.5318502099000774
te:3084408,2025-11-25,2025,2025-11-25,mccabe-b71c6,bicknell-8dc8a,2025-11-25T07:30:00+00:00,2025-11-24T10:13:00+00:00,0.0,2025-11-27T23:00:00+00:00,2025-11-25,1.71,2.15,0.5569948186528497,0.2289744716250029,0.6187530864643104,0.2552845982258454,1.9833333333333334,0.08333333333333333,0.7317905600904344,0.6671416218799999,7.455425166114082e-12,159,119,False,False,False,3858dd210954f5536708cd0c2280063ad9acebdafc8ecbb428cb3333f0bbbcd5,ac5882fb18e29a45fffb5bbad5643554135a0226470464e335b925a72a231062,1.84,2.0,True,2025-11-25T07:06:00+00:00,2025-11-25T07:06:00+00:00,0.5684130785568576,0.5674823584314262,0.5688624992689559
te:3086558,2025-11-28,2025,2025-11-28,duckworth,noguchi-08bde,2025-11-27T23:35:00+00:00,2025-11-27T06:03:00+00:00,0.0,2025-11-30T23:00:00+00:00,2025-11-28,2.15,1.74,0.44730077120822626,-0.21158272891313362,0.5497234178331776,0.41113598299191273,1.45,0.85,0.8091945260875318,0.6726760885518397,3.6708211886837816e-08,176,150,False,False,False,4862985cd228727e868147298807af870dd830be6c5afd7f2680d2b535e8b9b0,c2eb80c22d8ee7994d9f30467beeb52f5fff71a9bf793070c8a9825f20af5191,2.23,1.7,True,2025-11-27T23:15:00+00:00,2025-11-27T23:15:00+00:00,0.4668281935139869,0.4668525839214385,0.46997379368346903
te:3086586,2025-11-28,2025,2025-11-28,stephens-6e9bc,palan,2025-11-28T06:50:00+00:00,2025-11-27T09:23:00+00:00,0.0,2025-11-30T23:00:00+00:00,2025-11-28,2.03,1.81,0.47135416666666663,-0.11470894777596173,0.5854228697379273,0.45978435061656037,1.6166666666666667,0.9833333333333333,0.6406319152133245,0.7411544057263338,1.3471593451885866e-08,127,116,False,False,False,0622f33ef25f7318dd1e39c05a4b615940479d7d9ce59948730efda0518f4450,ce830ba06423251cfc314a652a810ebc88369959f3cddd0b20c116861d0edf3b,2.08,1.79,True,2025-11-27T21:07:00+00:00,2025-11-28T01:55:00+00:00,0.48922416269848756,0.4899018518564023,0.49393453469883436
te:3086698,2025-11-28,2025,2025-11-28,barroso-campos,callejon-hernando,2025-11-28T11:45:00+00:00,2025-11-27T09:23:00+00:00,,,,1.9,1.95,0.5064935064935064,0.025975486403260445,0.5976203435273991,0.3695841268611435,0.31666666666666665,0.31666666666666665,0.5000000000000001,0.5618429920923443,0.0031890506299044746,179,167,False,False,False,1651856528a2feedb3315ee5e4846c40f2fba595eb94f8377a8909c231274b68,eafc54d77c0db4b6408e0659e7776decff89d1c98b29aa53b612022ce5287a12,1.93,1.94,True,2025-11-28T08:43:00+00:00,2025-11-28T08:43:00+00:00,0.5218015307948707,0.5217460543218719,0.5202889134207196
te:3086966,2025-11-28,2025,2025-11-28,midon,la-serna,2025-11-28T21:15:00+00:00,2025-11-27T09:23:00+00:00,1.0,2025-11-30T23:00:00+00:00,2025-11-28,1.99,1.85,0.4817708333333334,-0.0729489996461672,0.6033361532934778,0.4923343209251222,0.2833333333333333,0.2833333333333333,0.5504292747631612,0.5000000000000001,0.00936156230367935,179,142,False,False,False,ddb3257c8fdba67c6022ddcf7fbfabaeb199497e7974b3cd8ef159c087341472,ae652490f28e35014a2f55221f1ba96e2dace25104a9e7cbac24d09ebeb89345,,,False,,,0.49889717315349114,0.4999779802801608,0.498312283526965
te:3087366,2025-11-28,2025,2025-11-28,yevseyev,nikles,2025-11-28T05:05:00+00:00,2025-11-27T16:51:00+00:00,1.0,2025-11-30T23:00:00+00:00,2025-11-28,2.14,1.74,0.4484536082474227,-0.20692071580732238,0.6136686018351579,0.6696802162246643,0.0,0.0,0.5000000000478874,0.5156767799033605,0.02384692837688482,173,141,False,False,False,1f58062ed3484b76371a54848f33e65599d6b42f0acb3a863c01799eda92503b,d73ff852c90143cc830ef5462bd06f801fe66eaaaadae83f90c6904ef1648d0c,2.18,1.72,True,2025-11-28T03:07:00+00:00,2025-11-28T03:07:00+00:00,0.46790365744354895,0.4706293075624958,0.4672427896741295
te:3087626,2025-11-28,2025,2025-11-28,gomez-e101b,diaz-acosta,2025-11-28T16:40:00+00:00,2025-11-28T13:24:00+00:00,1.0,2025-11-30T23:00:00+00:00,2025-11-28,1.67,2.25,0.5739795918367347,0.29810658978766524,0.6344016313735609,0.2530402746631458,1.35,0.85,0.6698155629383247,0.6848683560460932,1.2192038545411066e-08,131,102,False,False,False,e6bcafe68b5ebe5b56e63e9fa9734c4d9e5642120afd4bd975f669aec3a424e5,01de4e3fbd43d681b39e72e081481db2c9a4979c79bea03b809dc75f4de22b9c,1.68,2.26,True,2025-11-28T13:32:00+00:00,2025-11-28T13:32:00+00:00,0.5840554142259442,0.5832111915133027,0.5860693659460955
