event_id,date,year,sample_date,player1,player2,start_at,opening_at,y,label_available_at,label_source_date,odds_a,odds_b,market_p,market_logit,kernel_p,structure_gap,workload_total,workload_difference,hold1,hold2,kernel_residual,history_sets_player1,history_sets_player2,history_missing_player1,history_missing_player2,current_event_history_inconsistency,source_sha256,history_feature_sha256,close_a,close_b,closing_valid,close_a_at,close_b_at,p_calibration,p_set_shape,p_workload
te:2524939,2024-01-02,2024,2024-01-02,kolar-d6d52,samrej-f05ce,2024-01-02T03:10:00+00:00,2023-12-31T09:41:00+00:00,1.0,2024-01-04T23:00:00+00:00,2024-01-02,1.99,1.83,0.4790575916230366,-0.08381867188307154,0.578254463156427,0.39943055244957015,0.0,0.0,0.6546564296331376,0.5590063388772863,1.9023104064208596e-09,164,112,False,False,False,cac2bfbe1c323506cd0cca35fd32064fd13cea1b06d84b555156e76099af2557,b1e7120019831a2f308d89800d6aba0b0ce9cc3daee26fbcf393882ca2148608,1.93,1.9,True,2024-01-02T02:50:00+00:00,2024-01-02T02:50:00+00:00,0.48861548810941985,0.48840126393435107,0.485813060876473
te:2525291,2024-01-02,2024,2024-01-02,gigante-f720d,nava-337db,2024-01-01T23:10:00+00:00,2024-01-01T07:47:00+00:00,1.0,2024-01-04T23:00:00+00:00,2024-01-02,1.77,2.07,0.5390625,0.15656906069153992,0.6526992950705275,0.4743564754382204,0.0,0.0,0.7262871123947351,0.745179163428956,2.5181055018919096e-09,143,168,False,False,False,8841edc5d79013ef0c3612a591980a246efe2e7c1bb52e4be4c38709e2dc7ee7,766661f1ff65567487735a6f3ebd0bb9114c7deee6d075a05c40ffac74375e28,1.75,2.12,True,2024-01-01T12:24:00+00:00,2024-01-01T21:04:00+00:00,0.547066556306424,0.5478565141306672,0.5452723133323936
te:2525363,2024-01-02,2024,2024-01-02,gakhov,weber-173d1,2024-01-02T06:30:00+00:00,2024-01-01T12:07:00+00:00,0.0,2024-01-04T23:00:00+00:00,2024-01-02,1.69,2.18,0.5633074935400517,0.2545963478660157,0.6335140178278409,0.29272550646939866,0.0,0.0,0.6757819972825687,0.6661361483740822,1.0729955479682474e-08,148,122,False,False,False,1d9aae817a30375f692d89497a8689dbe7ec79549b1e38ff1e128599ea160c4f,56204753233d70266ede836b1fb723a8e843c43b1d27a5913f5608106f19b085,1.81,2.05,True,2024-01-02T05:44:00+00:00,2024-01-02T02:33:00+00:00,0.5706243889049358,0.5697728885730453,0.5672509020920137
te:2526613,2024-01-05,2024,2024-01-05,pouille,hong-0ce56,2024-01-05T04:10:00+00:00,2024-01-04T09:57:00+00:00,0.0,2024-01-07T23:00:00+00:00,2024-01-05,1.66,2.29,0.579746835443038,0.3217342151976963,0.5857742776661471,0.02478926020407124,1.3666666666666667,0.3,0.5806530864759568,0.5000000000000001,0.009851645561627848,67,147,False,False,False,46417035bc635494ea68385cad363deb52cc8740cc881e4a19909d675069f3a4,312faf9abc93da16ae450e02ca135b8128c8b47067c9742721bdc46edb7a64d9,1.98,1.89,True,2024-01-05T02:24:00+00:00,2024-01-05T02:24:00+00:00,0.5865828053947929,0.5832659774441075,0.5868035960977047
te:2526643,2024-01-05,2024,2024-01-05,cazaux,mayot,2024-01-05T09:40:00+00:00,2024-01-04T13:36:00+00:00,1.0,2024-01-07T23:00:00+00:00,2024-01-05,1.75,2.15,0.5512820512820513,0.20585205420414893,0.619583603030603,0.2819291559016199,0.23333333333333334,0.23333333333333334,0.690790863994276,0.6407036523815237,4.605205050633998e-09,189,161,False,False,False,6ac5ed4857230f64a76324e4893be1da83482ab548d78b55449fc2a245fa44e3,2c7e8ae3912b8ca03a7d8cdfc5290d7f266f466f0a79c8f92cc6357cea9022b9,1.78,2.12,True,2024-01-05T07:49:00+00:00,2024-01-05T07:49:00+00:00,0.5589433485166726,0.5579267656504678,0.555769293129843
te:2526683,2024-01-05,2024,2024-01-05,mensik,nakashima-68876,2024-01-05T09:40:00+00:00,2024-01-04T14:50:00+00:00,1.0,2024-01-07T23:00:00+00:00,2024-01-05,1.73,2.17,0.5564102564102563,0.22660575904268024,0.6244770189845951,0.28198910034420144,0.9833333333333333,0.2833333333333333,0.7261280392750237,0.8101086138325728,6.740996649767794e-13,151,125,False,False,False,4e2fb68a7af661e3f4f61385c712b0be9fdd5e7eac3c8cc6b843e9c81c0baa42,edab5626a48f46aa1a8accb932a7a55119469067f7c11249f3971fd9810950e5,1.79,2.1,True,2024-01-05T07:54:00+00:00,2024-01-05T07:54:00+00:00,0.5639255040381025,0.5629355910392326,0.5645247409414149
te:2526707,2024-01-05,2024,2024-01-05,elias-3e14c,faria-4754c,2024-01-05T15:05:00+00:00,2024-01-04T18:19:00+00:00,1.0,2024-01-07T23:00:00+00:00,2024-01-05,1.77,2.11,0.5438144329896907,0.17570840090223716,0.6181530884590238,0.3060079686775926,0.0,0.0,0.5967961743149274,0.5796255102947614,7.3240723486023285e-09,91,176,False,False,False,12f39b713db988867d2709b75007dd56c454252dcd99489d6c06846f61460edc,75de87201090fc4fa76a13aed350033ace99e334f7c290244add4a6bd6fa7025,1.83,2.05,True,2024-01-05T09:35:00+00:00,2024-01-05T11:34:00+00:00,0.5516861055716414,0.5508651961292964,0.5483180438435366
te:2527999,2024-01-09,2024,2024-01-09,casanova-dbdaf,weis-6ba1c,2024-01-09T13:10:00+00:00,2024-01-08T14:58:00+00:00,0.0,2024-01-11T23:00:00+00:00,2024-01-09,1.91,1.91,0.5,0.0,0.6297440252173655,0.5311188374654584,0.0,0.0,0.6497094145673732,0.6606322348856022,2.1852174919567702e-07,155,209,False,False,False,9100ec443591bb4acefc6155d74fb8e277cb84438e1cec6a3f69f6c15e50601e,03aaf09188f957ee4f39dc5e2f761e3b21cfa8aa8ba63f61e7038fd9b039149c,1.98,1.86,True,2024-01-09T08:59:00+00:00,2024-01-09T08:59:00+00:00,0.5090427389828361,0.5102145801514318,0.5075979812547707
te:2528007,2024-01-09,2024,2024-01-09,sakamoto-b1d5b,taberner,2024-01-09T15:15:00+00:00,2024-01-07T20:28:00+00:00,1.0,2024-01-11T23:00:00+00:00,2024-01-09,2.0,1.83,0.47780678851174935,-0.08883121370661573,0.6125422522686846,0.5468423323064914,0.0,0.0,0.5589264358994401,0.593809642926716,2.2530269871978703e-09,139,113,False,False,False,98ef3a9a124c1d8223176f592ca8b31e40f2aab383937279634882831b61243a,da470de97e9bd38f945868c04c7e8e34093093711cc1c0cb725309cf960d4c6c,1.99,1.85,True,2024-01-08T22:54:00+00:00,2024-01-08T22:54:00+00:00,0.4873944204696159,0.4886174049439324,0.4859990135882708
te:2528587,2024-01-09,2024,2024-01-09,noguchi-08bde,uchida-ea757,2024-01-09T06:40:00+00:00,2024-01-08T12:38:00+00:00,1.0,2024-01-11T23:00:00+00:00,2024-01-09,1.85,1.96,0.5144356955380577,0.05775883415219216,0.6146232239477613,0.4090291070944706,1.3666666666666667,0.43333333333333335,0.6649251211405105,0.6149199269753696,1.2630230195043168e-11,120,117,False,False,False,893ade75a3198514e9550c42022fa0a28dd72357ee817ca519e88bf756944842,0727fe28becd06327e6f5040168d8baa217ee8928703fc81bc7a77fc07b5a5ab,1.88,1.95,True,2024-01-08T23:15:00+00:00,2024-01-09T02:31:00+00:00,0.5231055618216158,0.5231486504861477,0.5262169818863555
te:2529281,2024-01-09,2024,2024-01-09,descotte,ficovich,2024-01-09T19:30:00+00:00,2024-01-09T06:19:00+00:00,1.0,2024-01-11T23:00:00+00:00,2024-01-09,2.03,1.8,0.4699738903394256,-0.12024912815157689,0.5803636134893,0.4445153651695863,0.0,0.0,0.6243118302401813,0.7271330453374224,2.3936963522430688e-12,149,147,False,False,False,9ce7d217713b0db5d3cd28f91492d330e3f0db8feafa8ef4b5fb51326a1b54ac,7f8a114fc1422378d229ceab39a9774486f1e2a9b17630b65af7d12d4224b47f,2.06,1.79,True,2024-01-09T16:58:00+00:00,2024-01-09T16:58:00+00:00,0.4797449465156266,0.4799298153595694,0.4773356378096027
te:2530325,2024-01-12,2024,2024-01-12,vacherot,fery,2024-01-12T05:00:00+00:00,2024-01-11T10:00:00+00:00,,,,1.72,2.18,0.558974358974359,0.237000585975636,0.6095493313959431,0.20841766465276268,0.95,0.95,0.5300217057818037,0.5677099785883484,3.9471080084951815e-08,221,112,False,False,False,f4ad9512993853fe516c9c1a5e65e952cb8685538a98919e9a611d969bb843a1,4f6a472d0455c7dc6f1384bcd5c2d1aeacdaf8f20d60620af988d7ce36de326b,1.71,2.22,True,2024-01-12T00:34:00+00:00,2024-01-12T00:34:00+00:00,0.5664161192665564,0.5647309215487823,0.5637497866341213
te:2530327,2024-01-12,2024,2024-01-12,guinard,noguchi-08bde,2024-01-12T05:10:00+00:00,2024-01-11T13:10:00+00:00,0.0,2024-01-14T23:00:00+00:00,2024-01-12,1.88,1.97,0.5116883116883117,0.04676176590803954,0.6144992079596883,0.419502626598341,0.75,0.75,0.5000000001373345,0.507882583743784,0.008799172046108764,145,123,False,False,False,b0a4393c0d9b6643868c7bd753077285fe603da33b2065bd205614eed9abedc8,8118cb55c7065f0550681044dc314de0bddfc4a39d650cc3312c9b29bf5abd09,1.87,2.0,True,2024-01-12T01:32:00+00:00,2024-01-12T01:32:00+00:00,0.5204301915556336,0.5205630308675596,0.5191981589618603
te:2530903,2024-01-16,2024,2024-01-16,onclin-89017,tabur,2024-01-16T07:10:00+00:00,2024-01-13T17:51:00+00:00,0.0,2024-01-18T23:00:00+00:00,2024-01-16,1.96,1.86,0.486910994764398,-0.0523679855173157,0.5949189316878201,0.4367059167684906,0.95,0.21666666666666667,0.5665796977728339,0.5000000000000001,0.008044516325172932,166,215,False,False,False,7b510de5351c0035adb4fedf65533e313ecffac53eb21feccbb7058fc557e6a2,2a1e00e8f005969b8b6aaae0202e65ada8958ff98ec7c938005b8e55a9341971,1.95,1.88,True,2024-01-16T06:48:00+00:00,2024-01-15T02:51:00+00:00,0.4962794698616529,0.4964665358495075,0.49811996068113595
te:2530911,2024-01-16,2024,2024-01-16,dougaz,sachko,2024-01-16T03:10:00+00:00,2024-01-13T13:51:00+00:00,,,,1.72,2.14,0.5544041450777203,0.21848153820839877,0.6279146424120469,0.30479941546207034,0.7,0.03333333333333333,0.6597660149442796,0.6988316915017432,1.7797097129346184e-11,193,205,False,False,False,3eac0c9e0268057c7b4c73701c7bd25cf31c7ff5c081d2b55a6160565ae01752,16e0bd65974d2f68f42f0f780f3b925f2783bac303a974e5ca2ce27595bd6e26,1.78,2.08,True,2024-01-16T02:50:00+00:00,2024-01-16T02:50:00+00:00,0.5619766748716426,0.5611966184344394,0.5622053985274198
te:2531021,2024-01-16,2024,2024-01-16,virtanen-7d161,shelbayh,2024-01-16T13:30:00+00:00,2024-01-14T21:50:00+00:00,1.0,2024-01-18T23:00:00+00:00,2024-01-16,1.72,2.14,0.5544041450777203,0.21848153820839877,0.6494111609214969,0.3979703696201101,1.1166666666666667,0.6166666666666667,0.719149616239768,0.7256137196459236,2.143713817570614e-09,157,169,False,False,False,ff96332381300c349898d73bdbf25272bf58de37c8481ac9d8ded80532486245,0e2af1685bea316ff11ad9fc17d98c245c0356b56d2f037eb9fa6cb030c703d2,1.77,2.1,True,2024-01-16T12:59:00+00:00,2024-01-16T12:59:00+00:00,0.5619766748716426,0.5620953036284906,0.563153159587162
te:2531023,2024-01-16,2024,2024-01-16,meligeni-rodrigues-alves,kuzmanov,2024-01-16T11:40:00+00:00,2024-01-15T23:16:00+00:00,1.0,2024-01-18T23:00:00+00:00,2024-01-16,1.74,2.12,0.5492227979274612,0.1975309754574837,0.6393932457394773,0.37520065646628553,0.9666666666666667,0.23333333333333334,0.7016841096162296,0.6878093207076145,1.8740717311338528e-10,153,137,False,False,False,949f246d463302d309edcf0958e4cc0e4b4503fd950b46f524ea855363166cc9,f9924d0216f3b15129356640c0222eada5ed4d2aeb9b234734d5bbfb42b60193,1.72,2.16,True,2024-01-16T09:22:00+00:00,2024-01-16T09:22:00+00:00,0.5569423853956353,0.5568172968124967,0.5584865560203123
te:2531025,2024-01-16,2024,2024-01-16,kukushkin,damm-4f98a,2024-01-16T20:15:00+00:00,2024-01-14T21:50:00+00:00,1.0,2024-01-18T23:00:00+00:00,2024-01-16,1.67,2.24,0.5728900255754477,0.2936522394382851,0.6589263716651351,0.364861188608273,1.2,1.2,0.7451549256076121,0.7816805727299071,8.304007481640951e-11,101,190,False,False,False,b6c48befc011d897117916741dce1ab60b713b09bcceac7ed59a656744895d90,6174158a4b8e511637a86127b68b97d592be322f507f57a4cad08b23efdc1c7e,1.73,2.15,True,2024-01-16T18:51:00+00:00,2024-01-16T18:51:00+00:00,0.5799279133510343,0.5798139098964147,0.5792088859063825
te:2531163,2024-01-16,2024,2024-01-16,kumar-5a863,gaio,2024-01-16T18:10:00+00:00,2024-01-15T00:59:00+00:00,0.0,2024-01-18T23:00:00+00:00,2024-01-16,1.74,2.12,0.5492227979274612,0.1975309754574837,0.6110041651437925,0.2540041643695585,0.4666666666666667,0.4666666666666667,0.528911127940388,0.500000005029603,6.0851672537595713e-05,185,181,False,False,False,b9e32b355c0fcb2834d68146ce2939206cb64a2df6da3b4e25e404eb7424a5e6,b51c9aeac239338b4d83ed74115294a3f09d7e73d3c49766b1304e08f5c2b2bb,1.85,1.99,True,2024-01-16T17:58:00+00:00,2024-01-16T17:58:00+00:00,0.5569423853956353,0.5556452594664113,0.5538688623641151
te:2531167,2024-01-16,2024,2024-01-16,lock-92b29,gerch-539c1,2024-01-15T23:05:00+00:00,2024-01-15T00:59:00+00:00,0.0,2024-01-18T23:00:00+00:00,2024-01-16,1.86,1.95,0.5118110236220472,0.047252884850545476,0.565654918255844,0.2168919849720361,0.0,0.0,0.5000000000000001,0.6055260286773612,0.012525080547386797,176,133,False,False,False,211bcffc30d50c7a434e35ec56c5b4aa089c551e759d3722d712f122aea32183,8decccb432ad8dc45469900212a3b2af0a07ed97232551d18ebfd058d1a2469b,1.78,2.08,True,2024-01-15T18:34:00+00:00,2024-01-15T18:34:00+00:00,0.520549697273551,0.5187017236320077,0.5161514394921805
te:2533287,2024-01-16,2024,2024-01-16,handel,tracy-d0c0b,2024-01-16T19:45:00+00:00,2024-01-16T06:39:00+00:00,0.0,2024-01-18T23:00:00+00:00,2024-01-16,1.81,2.02,0.5274151436031332,0.10977066613537934,0.6012482234563872,0.3008980911590175,0.0,0.0,0.5000000000000001,0.5548664601523862,0.0006396128418420938,214,39,False,False,False,a5f43c44f7d5a6c0bd1c95a1741d3f50985a910519166a67c4ce220a5b27308e,c20ba642076417439d8a06ef6f804ccd9675bb965d37cd4f8554d2cf41a4a8fc,1.93,1.88,True,2024-01-16T16:52:00+00:00,2024-01-16T16:52:00+00:00,0.5357384945689019,0.5347874153739518,0.5322279726068049
te:2534019,2024-01-19,2024,2024-01-19,fonio,moreno-de-alboran-a31d1,2024-01-19T03:40:00+00:00,2024-01-18T12:59:00+00:00,0.0,2024-01-21T23:00:00+00:00,2024-01-19,1.73,2.17,0.5564102564102563,0.22660575904268024,0.6547663758630604,0.41345137563048107,1.8833333333333333,0.25,0.7343465867327079,0.7665295251823468,1.892930256985892e-14,207,175,False,False,False,7f88e64c2bc0e2d34266b282d9b7b865ef98b50c90ab41892cf77af9e461ce79,b082d33250a70859d224f8bfbca2fd5f891f0ce267aae51b535932ab4b6aeb33,1.78,2.13,True,2024-01-19T00:04:00+00:00,2024-01-19T00:32:00+00:00,0.5639255040381025,0.5642023765896423,0.570577454237967
te:2534265,2024-01-19,2024,2024-01-19,lavagno,rodriguez-taverna,2024-01-19T16:15:00+00:00,2024-01-19T01:43:00+00:00,1.0,2024-01-21T23:00:00+00:00,2024-01-19,1.85,2.01,0.5207253886010362,0.08294908298075078,0.6092939794439408,0.3613963815147243,0.3,0.3,0.5887714152447823,0.6417921197282723,1.8747697561050103e-08,160,196,False,False,False,fcbcf199b4b7664f9372200876c884420fa9841d706379e9ed1aacba567ab065,1f5f7002bec322323f296fb3b3aa4653aaf62a648fed5df0c9c7bd52aebf0c2f,1.87,2.0,True,2024-01-19T12:03:00+00:00,2024-01-19T12:03:00+00:00,0.5292286116995867,0.5288356781150554,0.5267500713340829
te:2534309,2024-01-19,2024,2024-01-19,jubb,kumar-5a863,2024-01-19T19:50:00+00:00,2024-01-19T01:48:00+00:00,1.0,2024-01-21T23:00:00+00:00,2024-01-19,1.94,1.91,0.49610389610389616,-0.015584731016698041,0.5976453840659617,0.411248476876316,0.5333333333333333,0.03333333333333333,0.5617974522915724,0.5000000000000001,0.005775363251486157,85,187,False,False,False,e76ded0e4cfae3c51d72c25d286123962cd9aaf8eaac6806394961cdb0a282dc,7fb40cdd976372fb0772a25d3d173373a3618486295470280eb424403ee5a497,1.95,1.92,True,2024-01-19T19:36:00+00:00,2024-01-19T19:36:00+00:00,0.505244865397158,0.5052250825769855,0.505343576626977
te:2535093,2024-01-23,2024,2024-01-23,bicknell-8dc8a,mayo-58e8a,2024-01-23T21:00:00+00:00,2024-01-22T03:06:00+00:00,0.0,2024-01-25T23:00:00+00:00,2024-01-23,1.91,1.91,0.5,0.0,0.6139686607491043,0.46402532978098276,0.8166666666666667,0.11666666666666667,0.6113653094379411,0.6614884787437142,3.865160969063197e-11,131,183,False,False,False,29589142132759ad3f19f95afdc3ed5a98d74403508e0ba39de2830030c5ddf9,d66695004915a0ac767debe7360ab8da84a0583035b0dbdb86096496f532165e,1.88,1.96,True,2024-01-23T01:21:00+00:00,2024-01-23T17:27:00+00:00,0.5090427389828361,0.5095576939437624,0.5108638651768884
te:2535583,2024-01-23,2024,2024-01-23,soto-fec8d,fancutt,2024-01-23T18:55:00+00:00,2024-01-22T04:11:00+00:00,1.0,2024-01-25T23:00:00+00:00,2024-01-23,1.8,1.93,0.517426273458445,0.06973333801467523,0.6153474124434343,0.4001131116549235,0.8833333333333333,0.8833333333333333,0.7594434029232792,0.6827815992342943,2.881868677029331e-08,91,124,False,False,False,d532ef3815d6116cca99389f0d1587f47dbeac2d559f212520f9f5ef6717b606,e180533d729349f3f9668120a5d36af4481718eb7c78549399de11b3ded153d9,1.76,2.0,True,2024-01-23T10:35:00+00:00,2024-01-23T10:35:00+00:00,0.5260172106578537,0.5259869757277272,0.5248450073617289
te:2535663,2024-01-23,2024,2024-01-23,berankis,durasovic,2024-01-23T09:10:00+00:00,2024-01-22T16:54:00+00:00,1.0,2024-01-25T23:00:00+00:00,2024-01-23,1.69,2.03,0.5456989247311828,0.18330726411871368,0.6152368623873788,0.2860721536551219,1.2833333333333334,0.21666666666666667,0.7332352342273624,0.6640498467958689,1.8805623724915677e-11,112,155,False,False,False,3be69dc257492161b0a20bfb7b306df63a9c399566877334126592e1acc5108c,256db069d8011626d8cc90f488f9473495d8df9924e9075214dedcdf0139272d,1.77,1.98,True,2024-01-23T08:52:00+00:00,2024-01-23T08:52:00+00:00,0.553517772716414,0.5525130778407757,0.5559264082812055
te:2535851,2024-01-23,2024,2024-01-23,kasnikowski,kukushkin,2024-01-23T09:10:00+00:00,2024-01-22T16:56:00+00:00,1.0,2024-01-25T23:00:00+00:00,2024-01-23,1.75,1.99,0.5320855614973262,0.1285188508009784,0.6491346279251862,0.4867186888651807,1.05,1.05,0.78016739826602,0.731921762415099,9.894571273427744e-11,174,107,False,False,False,010ca322b7495d1e909b77a2a0ee4e8d545688ba5ae90fa17198c1f16ad595fd,1af8f0c618fd146e9bc664fa587ad837029e2db59b63a72bee056d23f46ecb98,1.78,2.01,True,2024-01-22T22:21:00+00:00,2024-01-23T06:40:00+00:00,0.5402817901335175,0.5411617408263287,0.540277460256183
te:2536017,2024-01-23,2024,2024-01-23,riedi-a3a3d,squire,2024-01-23T11:30:00+00:00,2024-01-22T18:15:00+00:00,1.0,2024-01-25T23:00:00+00:00,2024-01-23,1.94,1.78,0.47849462365591405,-0.08607460877124268,0.5527730958927862,0.2979561299773467,0.43333333333333335,0.43333333333333335,0.6463498246024979,0.5261007943649679,8.549050217743215e-10,97,202,False,False,False,7b3578de8df7ade2e6ffd3785ddbcd7528ada39a40931cbd17af584aa492339c,8a0fd2c787b1f18d44c5f45455e1c59eda83d307ca0bb405a2eab0760ff2598c,1.85,1.92,True,2024-01-23T10:12:00+00:00,2024-01-23T10:12:00+00:00,0.4880659185930261,0.48685585299737383,0.4849976131633567
te:2536265,2024-01-23,2024,2024-01-23,kachmazov,geerts,2024-01-23T13:00:00+00:00,2024-01-22T23:48:00+00:00,1.0,2024-01-25T23:00:00+00:00,2024-01-23,1.67,2.11,0.5582010582010583,0.2338643210593116,0.6220524844362473,0.2644048099782381,0.43333333333333335,0.43333333333333335,0.758971725604409,0.6892881301040858,5.484138421163465e-09,170,180,False,False,False,ffd4909b77146c82ecde6a5f614344f3fe8a706d8fb0ed7248dd4f6d271f7dbb,17343496ed0b8b14af3ebaf48047f47764d2cf7b0f92f6dc611bbc85e8681020,1.61,2.28,True,2024-01-23T12:23:00+00:00,2024-01-23T12:23:00+00:00,0.5656650131806477,0.5645148898920969,0.5626900099608335
te:2537063,2024-01-26,2024,2024-01-26,cecchinato,albot,2024-01-26T21:10:00+00:00,2024-01-25T00:56:00+00:00,1.0,2024-01-28T23:00:00+00:00,2024-01-26,1.87,1.99,0.5155440414507771,0.06219620786990554,0.6369122380527449,0.4997910908597173,0.3,0.3,0.6791374468648629,0.6902580703537374,9.797785915921509e-10,88,177,False,False,False,555a2ec4c5a9f9dc0b89d10a65f8672b84dbc5faf8352d6e5f58a9ac95e5e9bc,7b55007c6dd715b1b12a70c93f9bd36156b166dbe99b00e261cd7ab659d01c1c,1.85,2.02,True,2024-01-26T20:31:00+00:00,2024-01-26T20:31:00+00:00,0.5241847208619012,0.5251197104996296,0.5230043430086104
te:2537141,2024-01-26,2024,2024-01-26,nakashima-68876,choinski,2024-01-26T13:30:00+00:00,2024-01-25T23:24:00+00:00,1.0,2024-01-28T23:00:00+00:00,2024-01-26,1.98,1.88,0.4870466321243523,-0.05182506786458622,0.5506671947107281,0.2551918645635187,1.4166666666666667,0.6833333333333333,0.81949919878077,0.6824679710317306,3.296446449141399e-10,135,206,False,False,False,93a2fab7b764dfdff9a889f5beb5f68dd1aa06641ef93a0f653615a5c5a25719,859ed6299f6cfe68eb0fce8acad7a5f34f4c4f7a950f64db76f2077eff8b7e22,2.04,1.84,True,2024-01-26T12:25:00+00:00,2024-01-26T12:25:00+00:00,0.49641179510727285,0.49482179334312526,0.49727626887778603
te:2537275,2024-01-26,2024,2024-01-26,bicknell-8dc8a,holt-669c7,2024-01-26T20:05:00+00:00,2024-01-25T23:18:00+00:00,,,,2.11,1.78,0.4575835475578406,-0.17007458318398147,0.571621454564091,0.45854430612449726,2.05,1.4166666666666667,0.6589055363054845,0.7760894959356296,1.5436629752230147e-10,133,119,False,False,False,baecfe670f95c6ea6ed99cf00167fb7dc0a2d4d3a97b5b01b5a84700bec1c01f,8f148bff62a7e909159fe124ad0a445109dd5a737873c00e1d9481ce5a6606cb,2.24,1.7,True,2024-01-26T18:53:00+00:00,2024-01-26T18:53:00+00:00,0.46763457403026626,0.4678985053396192,0.47096993824740135
te:2537277,2024-01-26,2024,2024-01-26,fanselow-fef29,tien,2024-01-26T18:10:00+00:00,2024-01-25T23:18:00+00:00,1.0,2024-01-28T23:00:00+00:00,2024-01-26,1.97,1.88,0.4883116883116883,-0.04676176590803932,0.5871072990827402,0.3987816062044796,1.0,0.3333333333333333,0.5262734295613419,0.6069614055849681,1.7703219126752323e-08,218,87,False,False,False,a7ad16c4bb14ae50df15b4ae7509e90302a79e14ecf4f0085c6b76ab2a3cb2e0,782dac41ef2126b1fae7ff2c6c30ca39a7edb04bbbb93cd97aecbe01a84af69b,1.98,1.89,True,2024-01-26T16:45:00+00:00,2024-01-26T16:45:00+00:00,0.4976458947308096,0.4974680020508176,0.4989659548771615
te:2537283,2024-01-26,2024,2024-01-26,coric,shelbayh,2024-01-26T20:35:00+00:00,2024-01-25T23:30:00+00:00,0.0,2024-01-28T23:00:00+00:00,2024-01-26,1.89,1.96,0.5090909090909091,0.03636764417087508,0.6157306723899457,0.435098322883398,0.5333333333333333,0.5333333333333333,0.7634895730200932,0.6860348613290188,1.301877611270541e-08,110,164,False,False,False,757deed6c3084874918c4f4aaf02194da86cc0b4043baa053f10cfae6e5e2844,719ecd3f170082e27a70c15c811fbf50907a2ce9200dcbdd45d10850204aad9c,1.81,2.08,True,2024-01-26T19:35:00+00:00,2024-01-26T19:35:00+00:00,0.5179004260675614,0.5181738797016937,0.5164510776856537
te:2537549,2024-01-30,2024,2024-01-30,sekulic-13abc,ellis-b4efc,2024-01-30T00:45:00+00:00,2024-01-27T10:56:00+00:00,0.0,2024-02-01T23:00:00+00:00,2024-01-30,1.71,2.16,0.5581395348837209,0.23361485118150513,0.625964730602578,0.28132908127100753,0.0,0.0,0.7211526117069667,0.6695885053706315,2.6881830095248915e-12,149,171,False,False,False,7fdf23dcbc08ab48070fe3f372573d43cb3078994c2913749fdef80942ccd30f,5e5f0c9ad7567f5a380282c9bec502ca2e3758092799382104745dfe38337e75,1.68,2.22,True,2024-01-30T00:10:00+00:00,2024-01-30T00:10:00+00:00,0.5656052544835014,0.5646178136177699,0.5620912638281961
te:2538231,2024-01-30,2024,2024-01-30,cecchinato,andreozzi,2024-01-30T15:55:00+00:00,2024-01-28T01:41:00+00:00,0.0,2024-02-01T23:00:00+00:00,2024-01-30,1.97,1.85,0.48429319371727747,-0.06284790365966375,0.6056484858133829,0.49190498547864614,0.6166666666666667,0.6166666666666667,0.6605303225257223,0.5976101855092232,2.917278807412771e-09,92,136,False,False,False,ea08727a9f4abec3f1d233f8f3c6e19b5c9409d95c1c9ad76998fb5b5c507ec3,cc8b04554c0c989af9be67db98b1a06a5707eab5f5271bdb1fb897245c955cc5,2.05,1.81,True,2024-01-30T14:40:00+00:00,2024-01-30T14:39:00+00:00,0.49372532512633255,0.4944408413656232,0.4928416603811634
te:2538239,2024-01-30,2024,2024-01-30,stodder,ficovich,2024-01-30T14:20:00+00:00,2024-01-28T01:40:00+00:00,1.0,2024-02-01T23:00:00+00:00,2024-01-30,1.86,1.96,0.5130890052356021,0.052367985517315925,0.6401802088718129,0.5237784016448458,0.31666666666666665,0.31666666666666665,0.6907404900482431,0.7001630976576279,3.3334002225160475e-11,185,148,False,False,False,c86a0bfdd833443339707106cf996c85950afa2f5d86d87dc54bfb89bb4ff315,65f871060b61501a87601eda7870bb7ae9c7a7761a3c2253f6718b9d58ab3063,1.85,1.99,True,2024-01-29T21:55:00+00:00,2024-01-30T10:00:00+00:00,0.5217942305536234,0.5229527657377351,0.520858950847422
te:2539155,2024-01-30,2024,2024-01-30,royer,michalski-8906f,2024-01-30T15:45:00+00:00,2024-01-29T22:48:00+00:00,1.0,2024-02-01T23:00:00+00:00,2024-01-30,1.88,1.93,0.5065616797900262,0.026248226074936154,0.5643223531290114,0.2324747823908968,0.0,0.0,0.6069862127677143,0.5000000000000001,0.01743419775593942,182,137,False,False,False,e4b9de528200baf577ee1c3326213e4e2e15dd337eb39cc687fc2901ae59dd4c,976490ed6f09687b0307de7200aea877a89d7dfe92cae94a093a81ec26511222,1.96,1.88,True,2024-01-30T14:04:00+00:00,2024-01-30T14:04:00+00:00,0.5154366361232112,0.5137156411297119,0.5111607809830839
te:2539455,2024-01-30,2024,2024-01-30,kozlov,kirchheimer,2024-01-30T17:10:00+00:00,2024-01-30T00:59:00+00:00,1.0,2024-02-01T23:00:00+00:00,2024-01-30,1.94,1.88,0.4921465968586388,-0.03141619623337862,0.6301806035720334,0.5644078781650926,0.9666666666666667,0.2,0.6865128470439776,0.6584432755621932,5.109218603749355e-12,50,140,False,False,False,2ee1b17091ebedb31967684ae949a842b458ceacffac697c56435344039b2076,028886740e795e739dea082c8304867c40f942b2e60bf0243744a93c0b6f82c2,1.88,1.95,True,2024-01-30T01:04:00+00:00,2024-01-30T13:31:00+00:00,0.5013862472162119,0.5028482616937994,0.5046251799329533
te:2539801,2024-02-02,2024,2024-02-02,nava-337db,brady-beba3,2024-02-01T23:50:00+00:00,2024-01-31T03:02:00+00:00,0.0,2024-02-04T23:00:00+00:00,2024-02-02,2.03,1.8,0.4699738903394256,-0.12024912815157689,0.5950043053949537,0.5049413331837229,0.31666666666666665,0.31666666666666665,0.8165390543810289,0.7090925673411442,1.602826205093777e-11,160,117,False,False,False,ecbe77a673000eabca67fc6834e46fb6952170736fea1b0dd044e7738139e583,3370fd99f2a110dfdd57bc38db3f06faa21ee291df2eef53df491ed9b6fc5214,2.04,1.81,True,2024-02-01T20:46:00+00:00,2024-02-01T20:46:00+00:00,0.4797449465156266,0.480520727963771,0.4784313770287991
te:2539803,2024-02-02,2024,2024-02-02,bolt-fa7eb,moriya,2024-02-02T02:05:00+00:00,2024-01-31T02:46:00+00:00,1.0,2024-02-04T23:00:00+00:00,2024-02-02,1.93,1.92,0.49870129870129865,-0.0051948168771042275,0.6010493300120169,0.4150340527996198,0.0,0.0,0.7588230846462066,0.6688219689672523,6.882217018500114e-12,114,148,False,False,False,894152a5bce34e072e3f531dfdd0725df063549881f8829d225e248dc05158c8,4283cd39bb0027d6677f0c0652924d54a75507ded5b079ef687ed441ceef2a38,1.92,1.95,True,2024-02-01T18:21:00+00:00,2024-02-01T18:21:00+00:00,0.5077768982127332,0.5078061828747525,0.5052129979538862
te:2539819,2024-02-02,2024,2024-02-02,uchiyama,polmans,2024-02-02T00:40:00+00:00,2024-01-31T13:39:00+00:00,1.0,2024-02-04T23:00:00+00:00,2024-02-02,1.68,2.25,0.5725190839694657,0.2921364228011615,0.6413100817048827,0.2889183860484875,0.0,0.0,0.6956187284651788,0.718726757942902,1.6400625302281924e-10,120,189,False,False,False,1bf5e958906228b1d0772085303eaed0991b56f0370bd7e27bf4d89b889f662a,f541263864106800f4f05d1fa2a35fdaa6caf5003ed2111cd99e4821c0aba318,1.72,2.2,True,2024-02-02T00:29:00+00:00,2024-02-01T23:53:00+00:00,0.5795678427444382,0.5787268998545184,0.5762188886645011
te:2540129,2024-02-02,2024,2024-02-02,kudla,sandgren-fb235,2024-02-02T16:05:00+00:00,2024-02-01T00:33:00+00:00,1.0,2024-02-04T23:00:00+00:00,2024-02-02,1.65,2.3,0.5822784810126582,0.33213383502261473,0.6375127492849109,0.23245113745318158,0.5833333333333334,0.5833333333333334,0.7019882631529888,0.6821907655702295,2.3798827353260776e-09,128,123,False,False,False,bb6e1141b2149741728a205741dc874df977b1272a97de5c93e840593d1af320,2673d194b06345d7f9c01085d7e2c47e0bb84210eb820be04916aefbc300d8ab,1.66,2.32,True,2024-02-01T21:40:00+00:00,2024-02-02T15:55:00+00:00,0.5890394506775297,0.587712805534599,0.5861578656414038
te:2540367,2024-02-02,2024,2024-02-02,pucinelli-de-almeida,weis-6ba1c,2024-02-02T16:35:00+00:00,2024-02-01T18:39:00+00:00,1.0,2024-02-04T23:00:00+00:00,2024-02-02,1.83,2.03,0.5259067357512953,0.10371982620036632,0.6166967596911453,0.3718311754468888,0.0,0.0,0.6493691630785583,0.6080141130601495,4.839414979862511e-11,96,215,False,False,False,1eccb83317de199faaedba3ed61f2eaee6b5f6012ff892379914ad2cdfe7306a,6e3a2f159f42726b03b581647818e7d9d3e96993b82c26f5dd41ab0002775ea5,1.88,2.0,True,2024-02-02T15:04:00+00:00,2024-02-02T07:11:00+00:00,0.5342708751589578,0.5340040527278707,0.531429646695012
te:2540449,2024-02-02,2024,2024-02-02,quinn-d0193,kwiatkowski,2024-02-02T18:15:00+00:00,2024-02-01T22:58:00+00:00,1.0,2024-02-04T23:00:00+00:00,2024-02-02,1.69,2.23,0.5688775510204082,0.27727305653704526,0.645705129485247,0.32294035316803127,1.3,0.7,0.7115028130358267,0.710961197995829,6.081218861808679e-11,95,158,False,False,False,221759ecc8e1f2fe8a5bf253688002a859f71c1d84a8af6337e9f95cd4690c47,58a56f73545127a226346c35cfcd80926bb5e1dab6e9b21dfe2c3d72e71af804,1.7,2.25,True,2024-02-02T14:33:00+00:00,2024-02-02T14:33:00+00:00,0.5760327340808306,0.5754987868277978,0.5772152731736897
te:2540931,2024-02-06,2024,2024-02-06,shimizu-38ca9,bolt-fa7eb,2024-02-06T02:50:00+00:00,2024-02-04T13:42:00+00:00,0.0,2024-02-08T23:00:00+00:00,2024-02-06,1.84,1.98,0.518324607329843,0.0733312730855498,0.6238279903938853,0.43249688972560113,0.5333333333333333,0.5333333333333333,0.6826801004394498,0.7460766817256786,2.6339336323122353e-08,129,118,False,False,False,12768625af5ec3351c6f492df186971ab0fc94e9fc15283e8221bebb3147c8cd,bc5fd962018039c8c9fb7beaf414bf340ab2df3d82770bb9ff8f4dfc3ad8cf3d,1.94,1.89,True,2024-02-06T01:24:00+00:00,2024-02-06T01:24:00+00:00,0.5268917265538919,0.5271818948153532,0.5254621000321017
te:2541339,2024-02-06,2024,2024-02-06,echargui,hsu-b2ce0,2024-02-06T13:55:00+00:00,2024-02-03T19:50:00+00:00,1.0,2024-02-08T23:00:00+00:00,2024-02-06,2.07,1.78,0.4623376623376624,-0.15093524297328376,0.5875386530006182,0.5047347820285588,0.0,0.0,0.5000000000000001,0.5781253655137717,0.0015317598735601068,174,114,False,False,False,f844d1079fa9543bcec7bc106f77aefd841793dc90dadcad74019a640ed415f7,2c0874d16c9a435f6fa1e930f0991c1993760d3fced575dda3177299e8346411,2.01,1.83,True,2024-02-06T00:51:00+00:00,2024-02-06T00:51:00+00:00,0.4722827773750611,0.47302011100040126,0.47041740602029913
te:2541343,2024-02-06,2024,2024-02-06,donskoy,wu-f664e,2024-02-06T12:40:00+00:00,2024-02-03T19:48:00+00:00,,,,1.82,2.01,0.5248041775456919,0.09929822098228022,0.6035072650595402,0.3208021397603704,0.0,0.0,0.5826393852018191,0.64568796878161,8.819957961203606e-08,168,132,False,False,False,1f036263cae5f806f1c84e3fad7ac6fcbec0d107e0b10bffdc8d15721d4d5f34,ede51f48fa98ceb7d8d169ec997be5700d4af3a051f48b8d81189c12ac444e6c,1.88,1.94,True,2024-02-06T12:06:00+00:00,2024-02-06T09:40:00+00:00,0.5331980466741715,0.5324283966885698,0.5298633903759411
te:2541345,2024-02-06,2024,2024-02-06,vincent-ruggeri,dougaz,2024-02-06T11:10:00+00:00,2024-02-03T19:42:00+00:00,0.0,2024-02-08T23:00:00+00:00,2024-02-06,1.66,2.24,0.5743589743589743,0.29965826349849645,0.6358525975587973,0.2577497707078946,0.0,0.0,0.6937044480520786,0.6758008310346785,6.441385758115814e-09,205,203,False,False,False,c082003f4e1952d51730e991701da04002b39c831735bbf2674e86eea42491b9,b1c01984d4039eda40fd2d583a1a92c002bdd27d05dd36062e8ee26365d67e1a,1.74,2.14,True,2024-02-06T04:49:00+00:00,2024-02-06T06:15:00+00:00,0.5813537585796515,0.5802248731924704,0.5777254541752562
te:2542661,2024-02-06,2024,2024-02-06,hulme-b1bd8,mochizuki-7f854,2024-02-05T23:10:00+00:00,2024-02-05T04:40:00+00:00,1.0,2024-02-08T23:00:00+00:00,2024-02-06,2.09,1.76,0.4571428571428572,-0.17185025692665906,0.5786103837728,0.48892173574802417,1.6,0.2,0.6422703428316192,0.7500723038003624,1.061401988522448e-08,153,134,False,False,False,916316e29aa715c524a29a1db585f13db179fd577ed257179489fe9dc0acdead,9a6fffe9b2b037fac3a4be965193c272e4666c53db7df50e23435bfa21bd5f55,2.0,1.84,True,2024-02-05T19:34:00+00:00,2024-02-05T19:34:00+00:00,0.4672036039451471,0.46776174513683283,0.47290209968947927
te:2542717,2024-02-06,2024,2024-02-06,dalla-valle,zakharov-faf08,2024-02-06T12:50:00+00:00,2024-02-05T17:19:00+00:00,1.0,2024-02-08T23:00:00+00:00,2024-02-06,1.74,2.12,0.5492227979274612,0.1975309754574837,0.6117250106311305,0.25703805296654225,0.0,0.0,0.5388522258872755,0.5710374813463652,4.495314398500483e-10,178,80,False,False,False,7cc01961304d6e5433f3fe8da5cd71c074fd9605f1c192831041f712df460536,90eee4a39e53fb4fe709e157b5f6b85238789bb079d75c74ae5a401d1e888c6f,1.83,2.02,True,2024-02-06T10:59:00+00:00,2024-02-06T10:59:00+00:00,0.5569423853956353,0.5556746064659351,0.5531423798619812
te:2544325,2024-02-09,2024,2024-02-09,svrcina,mukund,2024-02-09T11:25:00+00:00,2024-02-08T15:29:00+00:00,1.0,2024-02-11T23:00:00+00:00,2024-02-09,1.99,1.87,0.4844559585492228,-0.06219620786990577,0.5917976478147728,0.433597960505141,0.0,0.0,0.670093267636927,0.5875968369535125,2.654433550741686e-08,156,137,False,False,False,facb1e2cf16ffd4894eba2c6c7bd2d1fbdcb48bfea23b9b7a226371557b03bc8,8a6e53684eb56e5f9835c1ec290577b2da6853d3f72b9a8a8367c7bcf1d1e90c,1.89,1.98,True,2024-02-09T07:33:00+00:00,2024-02-09T07:33:00+00:00,0.4938841469503699,0.49402941039014464,0.49143289878889856
te:2544405,2024-02-09,2024,2024-02-09,kukushkin,kuzmanov,2024-02-09T14:55:00+00:00,2024-02-08T21:27:00+00:00,0.0,2024-02-11T23:00:00+00:00,2024-02-09,1.76,2.12,0.5463917525773196,0.1861022796338609,0.6262777586428293,0.3301788456306208,0.4666666666666667,0.4666666666666667,0.7190543253549864,0.6687624486164616,3.2829572393922035e-12,115,143,False,False,False,2d52474b70ae8bdab06cc90d2b6368d635e0f7dbd6b2188585da17af49149de8,18e33b45f60be9bf4a9fcbdfbd0abc840fae3e805b9fd890644b1e9e125e0a97,1.79,2.1,True,2024-02-09T06:59:00+00:00,2024-02-09T11:04:00+00:00,0.5541911342562021,0.5536169949782879,0.5518236705609131
te:2545105,2024-02-13,2024,2024-02-13,fatic-cddef,oliveira-43505,2024-02-13T12:10:00+00:00,2024-02-11T01:16:00+00:00,1.0,2024-02-15T23:00:00+00:00,2024-02-13,1.68,2.22,0.5692307692307692,0.27871340246902043,0.6140388749455659,0.18560818581865735,0.0,0.0,0.5128017230528176,0.500000001002657,0.007641725509279759,160,239,False,False,False,55465829b4681f729d7c78b1ca4f90022c774a671fecc8c51be37f7d43cb8e79,ed8a6401be4b6ec97c8c0dc03602583080fd7dd98df3cee2df00d7e2f91bb56e,1.75,2.12,True,2024-02-13T08:04:00+00:00,2024-02-13T11:27:00+00:00,0.5763756532796365,0.5745287694331603,0.5720350492917283
te:2545109,2024-02-13,2024,2024-02-13,ritschard,ymer,2024-02-13T13:15:00+00:00,2024-02-11T01:12:00+00:00,0.0,2024-02-15T23:00:00+00:00,2024-02-13,1.72,2.14,0.5544041450777203,0.21848153820839877,0.6361329676150163,0.3401375666026193,0.85,0.85,0.6854672533036668,0.676447587494994,1.089131507203689e-09,157,183,False,False,False,ccbd179a9352b8490007f8aa76a02f7d71d5ae954762d3214955f0fea67f90a4,b30e09ec9742aa20aada5874ec45f9189c3b4c477573bff0c767aaf81cc2d3f5,1.84,2.0,True,2024-02-11T23:47:00+00:00,2024-02-13T12:12:00+00:00,0.5619766748716426,0.5615375219570087,0.5603670093242606
te:2545137,2024-02-13,2024,2024-02-13,nagal,blancaneaux,2024-02-13T13:05:00+00:00,2024-02-11T01:25:00+00:00,0.0,2024-02-15T23:00:00+00:00,2024-02-13,2.16,1.71,0.441860465116279,-0.23361485118150538,0.5511859166869819,0.43907828662981724,0.5833333333333334,0.5833333333333334,0.6712397643268715,0.5480740414291682,1.8432160978076872e-08,187,151,False,False,False,0dd29ec0ccfd8997ef07e5a03275cdecce3af7a72cefc04838fc6c56b5c519c9,3ec6767ce294ed257bbdd8c153b942f05505b545a951ea7043e7ae1dcd767df5,2.06,1.79,True,2024-02-13T10:30:00+00:00,2024-02-13T09:02:00+00:00,0.4522477514131934,0.4522487346091236,0.4506221287340913
te:2545733,2024-02-13,2024,2024-02-13,gerasimov,safwat,2024-02-13T10:45:00+00:00,2024-02-11T14:40:00+00:00,0.0,2024-02-15T23:00:00+00:00,2024-02-13,1.85,1.98,0.5169712793733681,0.06791120561621009,0.6172454679454684,0.4099617050127483,1.2333333333333334,0.26666666666666666,0.7415134087006134,0.6721294213083331,1.2151668560278495e-12,126,202,False,False,False,f2812f62b1be8f65ec0fc773abaa0a465f5f6ca1065c3e9621d17f81e15b93c1,bef59e904b6fa1ef3698cc10181331ae8fab1c41a10817f529f2bb9610ad55ce,1.88,1.95,True,2024-02-12T12:29:00+00:00,2024-02-13T08:33:00+00:00,0.5255742610153654,0.5256381332175473,0.5286091967597197
te:2547019,2024-02-13,2024,2024-02-13,elias-3e14c,ilkel,2024-02-13T14:35:00+00:00,2024-02-12T21:00:00+00:00,1.0,2024-02-15T23:00:00+00:00,2024-02-13,1.84,1.98,0.518324607329843,0.0733312730855498,0.6040220216119956,0.34892078423026057,0.0,0.0,0.6091649408666987,0.5533970106397985,3.0030212816445356e-08,108,110,False,False,False,608aba6c2c200e36668e9f100de1c4b396bdcf0b1d784d564a980339694088bb,688fa17ed86267759a59a8315eefe7b71052a8d9ecb3613241d9dcb134ccc7a5,1.88,1.94,True,2024-02-13T12:44:00+00:00,2024-02-13T13:16:00+00:00,0.5268917265538919,0.5263656611581684,0.5237915637102576
te:2547025,2024-02-13,2024,2024-02-13,rincon-d1dab,durasovic,2024-02-13T17:20:00+00:00,2024-02-12T21:07:00+00:00,1.0,2024-02-15T23:00:00+00:00,2024-02-13,1.62,2.33,0.589873417721519,0.36344211833331663,0.6154968692381821,0.10703580940802349,0.0,0.0,0.6182057453227994,0.5841808550090124,1.574290436900938e-08,161,155,False,False,False,b42b2a18eb07ac72e90f88bea7436e709ff9a8bb8655141788ba731a3caf47f7,4809f36f22866d8ea759b83a2966c9b0a39ee45aabdbcf524dbbb9c0c63a6eed,1.65,2.3,True,2024-02-13T15:29:00+00:00,2024-02-13T15:29:00+00:00,0.5964080223775372,0.5939391980018741,0.5914933761001625
te:2548289,2024-02-16,2024,2024-02-16,piros,vylegzhanin,2024-02-16T20:10:00+00:00,2024-02-15T16:15:00+00:00,1.0,2024-02-18T23:00:00+00:00,2024-02-16,2.07,1.8,0.4651162790697674,-0.13976194237515893,0.5422410880713078,0.30913000450311523,0.7666666666666667,0.7666666666666667,0.6704916911914099,0.5396187138458662,9.630597468113233e-08,203,119,False,False,False,e4937f09ccce915c1efc39028b8747862e058249a2e5483dbbc2ce0bc3f24b1c,35a7de5f9c7d4d4ca3019e16fc066ab131c3ccc32014c1427483fd278139d03d,2.01,1.87,True,2024-02-16T18:03:00+00:00,2024-02-16T18:03:00+00:00,0.47499861408419414,0.4738382713018556,0.4725261072988432
te:2548321,2024-02-16,2024,2024-02-16,guinard,kuhn-c28ab,2024-02-16T12:05:00+00:00,2024-02-15T14:29:00+00:00,1.0,2024-02-18T23:00:00+00:00,2024-02-16,1.84,2.02,0.5233160621761658,0.09333193979221903,0.6090152325311855,0.3498427386251346,0.9166666666666666,0.9166666666666666,0.5357406000816755,0.5000000000000001,0.010241053007988096,155,90,False,False,False,6b506ff206a95131fd42b6b36e70426c1ed11243c64b70537ef0ea877b236ceb,a3044f627092de386d051b3da1e87fd36a89493d85f148f918c4ee32fdc4e9df,1.82,2.07,True,2024-02-16T08:32:00+00:00,2024-02-16T09:47:00+00:00,0.5317499434443759,0.531256476997939,0.5301803412751691
te:2548407,2024-02-16,2024,2024-02-16,jubb,searle-78f04,2024-02-16T14:00:00+00:00,2024-02-15T18:49:00+00:00,1.0,2024-02-18T23:00:00+00:00,2024-02-16,1.83,2.03,0.5259067357512953,0.10371982620036632,0.6018934999696856,0.30964113560359796,1.0833333333333333,0.31666666666666665,0.7105465339372771,0.6320759113504554,3.911625631736193e-08,106,53,False,False,False,7473592c63f243e6592fedf8aedfe0ec8099cc6c209c57802b7299424ff64d6c,f43bf0e630c7bd5c2cc773435fa4f6feb395b86cd2c8641012582aeeb7b84efa,1.84,2.04,True,2024-02-16T09:34:00+00:00,2024-02-16T09:34:00+00:00,0.5342708751589578,0.5333977035226158,0.5354074626058651
te:2549199,2024-02-20,2024,2024-02-20,sweeny,janvier,2024-02-20T04:40:00+00:00,2024-02-17T18:46:00+00:00,1.0,2024-02-22T23:00:00+00:00,2024-02-20,1.74,2.13,0.5503875968992248,0.202236866494896,0.6365480162805381,0.3581757927056032,1.2333333333333334,0.06666666666666667,0.7299814357427471,0.6906331329493183,3.088061584222146e-09,169,163,False,False,False,c27068cb8c7d806676360ab22e9ecbf26df181a9e1f9f66f60e8ed187ef43c80,e270084f513a4ec0ee395b9d9f959b5ee92d6823613fae16baea3ab2f985b164,1.76,2.1,True,2024-02-19T22:54:00+00:00,2024-02-20T04:15:00+00:00,0.5580742385157477,0.5577900625500599,0.5614619230420416
te:2549209,2024-02-20,2024,2024-02-20,ramanathan-8ace3,napolitano,2024-02-20T12:00:00+00:00,2024-02-18T00:49:00+00:00,1.0,2024-02-22T23:00:00+00:00,2024-02-20,1.76,2.08,0.5416666666666667,0.16705408466316649,0.5897167379313778,0.19574042750544443,1.8333333333333333,0.23333333333333334,0.6107441866464538,0.7003510944421861,9.7794494724468e-11,109,207,False,False,False,0bd1520ae8486ca9ab771481678826f25a9ceac6a50099efed166cd1f2b5216b,0ceec0f600fa84807fb6b9d9c74ffff4fdc54916140c3b7ce34f9f25b380deb7,1.7,2.19,True,2024-02-20T11:43:00+00:00,2024-02-20T07:37:00+00:00,0.5495983203923896,0.5476968566874405,0.5539649984082522
te:2551031,2024-02-20,2024,2024-02-20,ajdukovic,fanselow-fef29,2024-02-20T11:10:00+00:00,2024-02-19T20:49:00+00:00,1.0,2024-02-22T23:00:00+00:00,2024-02-20,1.85,1.96,0.5144356955380577,0.05775883415219216,0.5893468760682931,0.30350722242458494,0.3,0.3,0.5754521687107497,0.5000000000000001,0.00640818126750492,239,215,False,False,False,4b798ca91c7e4297135f333be49d7ce6980dc789dcda91853252b9fa006f2a79,6f00908f6324cf9c958b4d906d9741a3ebf888b165aa6da7bc5b6e5b37095f5c,1.81,2.04,True,2024-02-20T05:08:00+00:00,2024-02-20T07:37:00+00:00,0.5231055618216158,0.5221172409872695,0.5200408830110075
te:2551223,2024-02-20,2024,2024-02-20,de-jong-57322,holmgren-a5794,2024-02-20T10:10:00+00:00,2024-02-19T20:44:00+00:00,1.0,2024-02-22T23:00:00+00:00,2024-02-20,1.86,1.96,0.5130890052356021,0.052367985517315925,0.597437977777629,0.34243331255229625,0.38333333333333336,0.38333333333333336,0.7556312200299218,0.663077015938417,4.613950888021634e-11,177,171,False,False,False,37ba9c6b93294e26140964a3030c04d0619fed3bfe13f693e40dbf6f910e961a,b16d958a144cddf7be788592632ca44e4ba3018a3aa6ca26449b74feb114edd0,1.79,2.07,True,2024-02-20T09:59:00+00:00,2024-02-20T09:59:00+00:00,0.5217942305536234,0.5211800538262843,0.5192316760607761
te:2551543,2024-02-20,2024,2024-02-20,virtanen-7d161,lamasine,2024-02-20T11:45:00+00:00,2024-02-19T20:47:00+00:00,1.0,2024-02-22T23:00:00+00:00,2024-02-20,1.73,2.13,0.5518134715025906,0.208000571211646,0.6341684415609085,0.3421410240118358,1.5833333333333333,1.0833333333333333,0.7013360450411238,0.6736575327325315,3.528093484028716e-08,153,218,False,False,False,214d1e59b272f0630b0d03cb0aeffc7adef9bbcb5679bc37bd2640007f282ec7,6e9c89416b02c102f3f1648f42bb879ed3009458c742917bb0057228690c80f0,1.72,2.16,True,2024-02-20T10:03:00+00:00,2024-02-20T10:03:00+00:00,0.5594596925054355,0.5590274099115179,0.5608510264269199
te:2552495,2024-02-23,2024,2024-02-23,walton,mukund,2024-02-23T06:30:00+00:00,2024-02-21T12:42:00+00:00,,,,1.78,2.1,0.5412371134020618,0.16532398042538338,0.5818188228343814,0.1649203410571793,0.85,0.85,0.7687471335382157,0.6605726400837703,1.0393477745118673e-10,198,136,False,False,False,c905ffb4b0bf0c0fb546538020ae53a749e32634b533f1c9d5db65f5db565822,f27d3186afcac1caddcea777f4ada8ca40c8ae24ca3a8e91d5dcbd15cada2350,1.76,2.15,True,2024-02-23T05:49:00+00:00,2024-02-23T05:49:00+00:00,0.54918073447869,0.5469777961557886,0.5458357713366085
te:2552751,2024-02-23,2024,2024-02-23,travaglia,kovalik,2024-02-23T10:40:00+00:00,2024-02-21T18:24:00+00:00,,,,1.74,2.16,0.5538461538461539,0.2162231084696361,0.6127540072095169,0.24268032224926733,0.0,0.0,0.7299632950543449,0.6588913908356284,8.560122055634167e-11,180,161,False,False,False,3579df43d3bc71cd80b83691788f74b727054e79e7fda00a3a1ca3e0a2ba3576,b790cd0900b25d039122c3e23d88309623b90a5df70689e481ae5386282d028e,1.8,2.09,True,2024-02-23T10:09:00+00:00,2024-02-23T10:09:00+00:00,0.5614345826862347,0.5600521885640467,0.5575278272177752
te:2552753,2024-02-23,2024,2024-02-23,gigante-f720d,caruso-7cfdb,2024-02-23T15:20:00+00:00,2024-02-22T02:25:00+00:00,1.0,2024-02-25T23:00:00+00:00,2024-02-23,2.0,1.85,0.4805194805194806,-0.07796154146971143,0.5737316574516809,0.3750542727070175,0.7333333333333333,0.7333333333333333,0.7145522309192343,0.6074842361282871,3.3301786328543415e-10,132,172,False,False,False,6e5acaadf808557884d0cb9a4933303c2c9db3999395772b11ea6e16a4526f59,3ec80e15c6f5402f0954682cb88ee7885be10c71a4e72e2e2b24b470a33a1fcb,2.07,1.82,True,2024-02-23T07:42:00+00:00,2024-02-23T07:42:00+00:00,0.4900424707438095,0.4895963307722378,0.4882125958770025
te:2552909,2024-02-23,2024,2024-02-23,ajdukovic,zakharov-faf08,2024-02-23T08:40:00+00:00,2024-02-22T10:47:00+00:00,0.0,2024-02-25T23:00:00+00:00,2024-02-23,1.73,2.17,0.5564102564102563,0.22660575904268024,0.5978129117711478,0.16975471542702217,1.0333333333333334,1.0333333333333334,0.5614919424045216,0.5000000000000001,0.002951645417141685,239,102,False,False,False,d19afc2d17894ce625a2981589dc69adc31b1538fe86059e2d3011473b69f1c7,d9aaf7b800bc8061d117ac81969b7d6fc7573646e9b01c253aac4639dcca943c,1.74,2.19,True,2024-02-23T07:36:00+00:00,2024-02-23T04:48:00+00:00,0.5639255040381025,0.5618534369664895,0.5610131253334454
te:2553059,2024-02-23,2024,2024-02-23,nakashima-68876,bellucci-47e7e,2024-02-23T15:10:00+00:00,2024-02-22T17:58:00+00:00,1.0,2024-02-25T23:00:00+00:00,2024-02-23,1.75,2.14,0.5501285347043702,0.20119004109833744,0.5965347262703334,0.1898569940812681,0.3333333333333333,0.3333333333333333,0.8053326848429448,0.7013882372797291,1.2276846206304981e-12,161,163,False,False,False,c61fcb716878f5157ac942c4d9d4cf5682eb348ab5047c2aedbff5aad4df9765,d52f31e0b5a098ff2b2fbad63aebb97cf8208a0122df32ba15b6a26b13402777,1.88,2.0,True,2024-02-23T14:57:00+00:00,2024-02-23T14:57:00+00:00,0.557822509551649,0.5559097382102564,0.5539307749869463
te:2553085,2024-02-23,2024,2024-02-23,marie,rocha-0492a,2024-02-23T10:40:00+00:00,2024-02-23T01:09:00+00:00,0.0,2024-02-25T23:00:00+00:00,2024-02-23,1.83,2.03,0.5259067357512953,0.10371982620036632,0.613382999360254,0.35783516911290236,0.8666666666666667,0.8666666666666667,0.5175766015433384,0.5000000000103142,0.0243963406755673,206,189,False,False,False,a828fbf6eec0d8cc7f60c0f5a43b77d4ba3883005f10ce71c5e81932a3708056,e811e7dd12ba3362172e8889017a6a935349bd737b7d000d549794afae18f2a9,1.84,2.04,True,2024-02-23T07:39:00+00:00,2024-02-23T07:39:00+00:00,0.5342708751589578,0.5338676011924258,0.5327089870841515
te:2553925,2024-02-27,2024,2024-02-27,denolly,casanova-dbdaf,2024-02-27T08:05:00+00:00,2024-02-26T01:29:00+00:00,1.0,2024-02-29T23:00:00+00:00,2024-02-27,2.06,1.78,0.46354166666666663,-0.14609261849749608,0.6079880649046406,0.5849555841811316,0.0,0.0,0.5000000000000001,0.5388042759443179,0.004978601349693607,145,147,False,False,False,0e5211b63e5410b965e16b1d635637245ec8fc49c3b1a5936e3547035dbf5fd4,2ea9974a928a60277407851afe68fa8700560a57b8a361753e45a0cea6c61557,2.02,1.82,True,2024-02-27T01:03:00+00:00,2024-02-26T19:25:00+00:00,0.47345965725855943,0.4749864440190852,0.47236620978654276
te:2554917,2024-02-27,2024,2024-02-27,merida-aguilar,demin,2024-02-27T13:30:00+00:00,2024-02-25T20:22:00+00:00,0.0,2024-02-29T23:00:00+00:00,2024-02-27,1.89,1.93,0.5052356020942408,0.020943173845242972,0.6157443834824076,0.45058074254495156,1.9833333333333334,0.45,0.5399531660702414,0.5454330291176663,6.853646260240875e-08,168,62,False,False,False,ecf1e48210e81fe6f7deab95fe4be820be64c11c947d7e2822d45db5950cb52d,b4cb6273d6fbdd3dfcf32e57330b8f4186563d25700bc9c5f76cad19faf43251,1.88,1.95,True,2024-02-27T12:21:00+00:00,2024-02-27T12:21:00+00:00,0.5141446996137423,0.5145520019493974,0.5208269743341868
te:2554923,2024-02-27,2024,2024-02-27,neumayer,travaglia,2024-02-27T14:45:00+00:00,2024-02-25T20:26:00+00:00,0.0,2024-02-29T23:00:00+00:00,2024-02-27,1.82,2.01,0.5248041775456919,0.09929822098228022,0.5947026486007093,0.28414231069691476,1.1833333333333333,0.18333333333333332,0.5000000000000001,0.5669449995808941,0.0045035764953918755,182,183,False,False,False,09c259d6e57dc1d2c8b8cfeb8579cfaebf9ddc024edb4e4fd0d5f9937704c28a,e329b93fe6c71dde9d55d7fbadec8a9af043db4cea989393f01cde3189fd2203,1.84,2.0,True,2024-02-27T14:29:00+00:00,2024-02-27T14:29:00+00:00,0.5331980466741715,0.5320708280312523,0.5351031665796734
te:2556139,2024-02-27,2024,2024-02-27,yunchaokete,habib,2024-02-27T10:10:00+00:00,2024-02-26T18:38:00+00:00,1.0,2024-02-29T23:00:00+00:00,2024-02-27,1.7,2.17,0.5607235142118864,0.24409891649019808,0.6224519004120107,0.2558694637494081,0.0,0.0,0.657072609762243,0.6254849557286022,1.984540429211812e-08,107,199,False,False,False,e5e67c65892aaeee9eebe30ab6f6bcf8aa127f8565f369a752dd3cc94ddc27cc,da91856e572ac6e6fa8e7bd17563e786dd3186269f8e7284c21de88d7378f882,1.71,2.19,True,2024-02-27T06:48:00+00:00,2024-02-27T09:44:00+00:00,0.5681149714057714,0.566895876339996,0.5643774077224949
te:2556895,2024-02-27,2024,2024-02-27,bouquet,lock-92b29,2024-02-27T13:00:00+00:00,2024-02-27T10:34:00+00:00,1.0,2024-02-29T23:00:00+00:00,2024-02-27,1.87,1.95,0.5104712041884817,0.041890941709160225,0.5842073332757938,0.2981782621234657,0.0,0.0,0.5000000000000001,0.5828371291009457,0.01978422370040364,111,173,False,False,False,3974259f8e3a33659fbc9484fd2c37610a129c9098a344c4255092439f3e02f9,6107c37c000f6cf7b5ff120dcddb53604d66a6441d237445932a4f75f317484d,1.86,1.96,True,2024-02-27T12:19:00+00:00,2024-02-27T12:19:00+00:00,0.519244832195848,0.5181854525857205,0.5156183922706024
te:2557623,2024-03-01,2024,2024-03-01,wong-d3ead,schoolkate,2024-03-01T05:45:00+00:00,2024-02-28T13:52:00+00:00,1.0,2024-03-03T23:00:00+00:00,2024-03-01,1.74,2.16,0.5538461538461539,0.2162231084696361,0.6370192496400972,0.3462269623139743,0.25,0.25,0.680471971339902,0.7003036119196082,3.4450244323913637e-09,181,169,False,False,False,4ffdf171e7ff64828ded121feaf535f0f7996f887abe62bf0621327e3cf2843c,eed173c133a2cd5a62e5c3341f53ffa3c5dc3787453e215420b7439cf3f3cbb6,1.73,2.2,True,2024-03-01T04:34:00+00:00,2024-03-01T04:34:00+00:00,0.5614345826862347,0.5610514952781406,0.5589110729845819
te:2558215,2024-03-01,2024,2024-03-01,landaluce-84126,neumayer,2024-03-01T14:45:00+00:00,2024-02-29T20:40:00+00:00,0.0,2024-03-03T23:00:00+00:00,2024-03-01,1.79,2.09,0.538659793814433,0.1549484461240559,0.6119418914635012,0.3005337906122656,0.0,0.0,0.602513068932413,0.5640320830232142,4.55732451776214e-10,143,180,False,False,False,66f99306364011dc194645b369289a2af9ccec1e7a41a484e345bf9b1b090ad0,ba27d1177859c72165db312ee7494019182acecb8624e708c136e6c6ad005575,1.81,2.08,True,2024-03-01T14:36:00+00:00,2024-03-01T14:36:00+00:00,0.5466750142283816,0.5457755420327256,0.5432247043657401
te:2558375,2024-03-01,2024,2024-03-01,trungelliti,kozlov,2024-03-01T11:35:00+00:00,2024-03-01T09:04:00+00:00,1.0,2024-03-03T23:00:00+00:00,2024-03-01,1.88,1.97,0.5116883116883117,0.04676176590803954,0.5918765278595759,0.32496652300114226,0.7166666666666667,0.05,0.5715542303695371,0.5000000000007299,0.008673398208697627,175,53,False,False,False,4d2b12ad7fb0932c87c969d307dc28024a8cd0c6c1d088e9bc5243ca95c0b5b6,a673f97355e6027961712fa0e702fa8449c27908ec6a74944bcdeeb6be8960c8,2.12,1.76,True,2024-03-01T11:19:00+00:00,2024-03-01T11:19:00+00:00,0.5204301915556336,0.5196385995764566,0.5206855306705916
te:2559295,2024-03-05,2024,2024-03-05,safwat,houkes,2024-03-05T08:10:00+00:00,2024-03-02T20:08:00+00:00,0.0,2024-03-07T23:00:00+00:00,2024-03-05,1.99,1.84,0.4804177545691906,-0.07836906711550673,0.6073270556582524,0.5144594570529469,1.1166666666666667,0.45,0.6450864801366696,0.7195641123575047,2.7771650812358217e-09,197,180,False,False,False,5fe2aa04d2a3ebef020cc4c7e1304b9dfc353e8450145fc43a95481fefe0e473,af9f44273a993adc1890793f708860b24eb68b892be78f64aa8e64bd6aa2aca0,2.04,1.81,True,2024-03-05T07:10:00+00:00,2024-03-05T07:10:00+00:00,0.489943179056941,0.49086144009325766,0.4925264643223415
te:2559573,2024-03-05,2024,2024-03-05,escoffier,yunchaokete,2024-03-05T14:50:00+00:00,2024-03-03T05:10:00+00:00,0.0,2024-03-07T23:00:00+00:00,2024-03-05,1.79,2.05,0.5338541666666666,0.13562417329765303,0.6242284694222158,0.3719109376895648,1.2,0.36666666666666664,0.6796980714437155,0.6420792394274909,1.268485150252019e-09,158,105,False,False,False,a7ec51789d9af448c67522cc3642bd85e63c75b507c27775b9b1ce975588526d,5ebb16700c923b3e5680dd614e8d235cceafade4ac615c90a4d63f9d05b12c41,1.74,2.14,True,2024-03-05T11:56:00+00:00,2024-03-05T11:56:00+00:00,0.5420019343557244,0.5417731067718914,0.5441975016243247
te:2559843,2024-03-05,2024,2024-03-05,sakamoto-b1d5b,cecchinato,2024-03-05T21:30:00+00:00,2024-03-03T22:08:00+00:00,0.0,2024-03-07T23:00:00+00:00,2024-03-05,1.96,1.86,0.486910994764398,-0.0523679855173157,0.6074907532531394,0.48914484409800074,0.5166666666666667,0.5166666666666667,0.6112153630747662,0.6746979115906211,7.318293193669945e-11,157,96,False,False,False,0310ea1622cfb60582c7b38681f0f88dbb1b8808b31e4eca2c77f66ee45a125f,4356da0ffeaf29f4768f00b31e0f066432326ea73ac4cfd8988dd82debe9334a,1.99,1.85,True,2024-03-05T19:43:00+00:00,2024-03-05T19:43:00+00:00,0.4962794698616529,0.49698012357433935,0.4952175770658483
te:2560827,2024-03-05,2024,2024-03-05,kozlov,schachter,2024-03-05T10:05:00+00:00,2024-03-04T15:41:00+00:00,0.0,2024-03-07T23:00:00+00:00,2024-03-05,2.21,1.68,0.4318766066838046,-0.2741987221144939,0.5226897642072426,0.36502015612396616,2.6333333333333333,1.2,0.646216306071894,0.5000000000000001,0.00028888454828282506,62,114,False,False,False,1038fc9c082d0a6a2b6c170a8f9395a1912995c35bdccedfcc693bb9af717c1b,d8aeb3c74ae896c224f971030b187832560ef36c1d3f3585cdb6ae3b5b276475,2.15,1.73,True,2024-03-05T09:37:00+00:00,2024-03-05T09:37:00+00:00,0.442465706962636,0.441704819065969,0.4486193473017748
te:2560829,2024-03-05,2024,2024-03-05,fancutt,dev,2024-03-05T10:10:00+00:00,2024-03-04T15:43:00+00:00,0.0,2024-03-07T23:00:00+00:00,2024-03-05,1.77,2.08,0.5402597402597403,0.16138834712748912,0.6243176138780855,0.3465268196926669,0.2833333333333333,0.2833333333333333,0.63045808835612,0.6210494823261263,2.4698840750403406e-09,101,137,False,False,False,05fd95d1549047eee7733e345b0328248f2b130544bbbb0084be3fcbd1bee83e,d2d757bdb9de8bca4612fd3aeb67de3c4ed6a6ebd0db3eec1a0cdae4a31f0f1e,1.83,2.01,True,2024-03-05T09:14:00+00:00,2024-03-05T09:56:00+00:00,0.5482305547558006,0.5477853836566701,0.545687064352528
te:2563579,2024-03-08,2024,2024-03-08,wenger-18fed,cukierman,2024-03-08T08:40:00+00:00,2024-03-07T13:29:00+00:00,1.0,2024-03-10T23:00:00+00:00,2024-03-08,1.93,1.93,0.5,0.0,0.5991949077254665,0.4021116787456751,0.0,0.0,0.7256716757279604,0.6411081914185568,8.359348407926959e-09,192,123,False,False,False,f91c0147e6208d17d1d9d203d56b77de6c309813fea12460c5dcfc8746d6d7a2,b78922c25804aeed66635e1e83bbf729c61f417bf6f8fb6e25807734ca519de9,2.04,1.84,True,2024-03-08T08:24:00+00:00,2024-03-08T08:24:00+00:00,0.5090427389828361,0.5089514923454825,0.5063610882329719
te:2563597,2024-03-08,2024,2024-03-08,masur-d87d6,albot,2024-03-08T11:15:00+00:00,2024-03-07T16:38:00+00:00,1.0,2024-03-10T23:00:00+00:00,2024-03-08,1.71,2.21,0.5637755102040817,0.25649914501509313,0.6193380102014534,0.23024022163852886,1.4333333333333333,0.26666666666666666,0.6314701270437694,0.6773063891686965,2.2427172952088625e-08,179,183,False,False,False,c57e22c646db7196f9dfa04d30ee595f0fd0e5ceaaf8aeb187093c651595095d,4554fc0b24bb48ee8d83cde6ebe28083471bc2f567ed8ee326b08c47cf0a2748,1.7,2.24,True,2024-03-08T08:06:00+00:00,2024-03-08T08:06:00+00:00,0.5710788692557756,0.5696297086726567,0.5736241204304923
te:2563629,2024-03-08,2024,2024-03-08,bergs,kukushkin,2024-03-08T13:35:00+00:00,2024-03-07T15:00:00+00:00,0.0,2024-03-10T23:00:00+00:00,2024-03-08,1.62,2.38,0.595,0.3846743384390905,0.6352722880784544,0.17022828821418523,1.45,0.8833333333333333,0.7023315528912127,0.6765774122979304,1.687386519400036e-08,152,142,False,False,False,093a91cfb163b3ebd8b3a38ec2a13b0b89931d0a4ead10d27e15345c525de514,8c66738d5a5aa588f488d9df568ab8c3741d262bfd7bdde54e41792651bd9a6d,1.7,2.24,True,2024-03-08T12:09:00+00:00,2024-03-08T12:23:00+00:00,0.6013807194423942,0.5995399691761255,0.6013739067296819
te:2564725,2024-03-12,2024,2024-03-12,kolar-d6d52,misolic,2024-03-12T11:55:00+00:00,2024-03-10T12:09:00+00:00,1.0,2024-03-14T23:00:00+00:00,2024-03-12,1.98,1.84,0.48167539267015713,-0.07333127308554936,0.5844000213721563,0.4141937817329541,0.0,0.0,0.5235279355687558,0.6077359434109741,3.439617883571611e-08,139,141,False,False,False,d351ef67c6f90f04ec999eaed575aefe0229e56033878197fd78d9b88278ab0c,0d2876aa0fe6bed56f2311d7cf5e5aee9711f30b18af9fbddcc3f6be48879d75,2.06,1.79,True,2024-03-12T00:27:00+00:00,2024-03-11T17:53:00+00:00,0.49117066690761363,0.49111305689153434,0.4885211168565406
te:2565601,2024-03-12,2024,2024-03-12,passaro-5f6f1,dellien-e101c,2024-03-12T17:20:00+00:00,2024-03-11T01:56:00+00:00,0.0,2024-03-14T23:00:00+00:00,2024-03-12,1.84,1.98,0.518324607329843,0.0733312730855498,0.6111231473194073,0.3787044968060003,1.0833333333333333,0.55,0.5000000000000001,0.5284511475904863,0.010639145656149124,134,196,False,False,False,c11718ced9238969ac12fed03490bfc0b83692574ea8fbd16e2663ad3c1d6300,9f136227a78c9af69065cfb7b92adb5d8ccac8e7ee8db8598220cca0ccfe5ded,1.85,1.99,True,2024-03-11T20:01:00+00:00,2024-03-11T20:01:00+00:00,0.5268917265538919,0.5266565557651784,0.5278007169768528
te:2567805,2024-03-12,2024,2024-03-12,paul-b9a07,bertola-e4bb8,2024-03-12T09:40:00+00:00,2024-03-11T20:18:00+00:00,0.0,2024-03-14T23:00:00+00:00,2024-03-12,1.91,1.91,0.5,0.0,0.6130651670704592,0.46021495023296166,0.35,0.35,0.5000000000000001,0.5194746837440101,0.007817838545937206,143,196,False,False,False,446f74a09b5484510af30c6377e1242d715276eff88ebc8628c032a163b965ef,4ecc315aa496c91b42cbb746c238f1f758fae3459168ada5137799f55bf3c22a,1.92,1.92,True,2024-03-12T08:21:00+00:00,2024-03-12T08:21:00+00:00,0.5090427389828361,0.5095203870008393,0.507491055635342
te:2567811,2024-03-12,2024,2024-03-12,chidekh,andreev-8a7ee,2024-03-12T09:45:00+00:00,2024-03-11T20:58:00+00:00,1.0,2024-03-14T23:00:00+00:00,2024-03-12,1.86,1.96,0.5130890052356021,0.052367985517315925,0.6138929183836911,0.41133778288724115,0.0,0.0,0.5140055463131092,0.500000000308109,0.002463430123137822,125,160,False,False,False,d13cae6614fee0b4f73829f69883671277da51510e498e782cbf6537da0c11e2,a5fc4018fbabfa2f58d2cd1f515bb91fbcfe1b1c7f81094f0ea8f0a81c9ae725,1.91,1.93,True,2024-03-12T09:06:00+00:00,2024-03-12T09:06:00+00:00,0.5217942305536234,0.5218536844796754,0.5192648322215987
te:2567813,2024-03-12,2024,2024-03-12,topo-77408,edmund,2024-03-12T17:00:00+00:00,2024-03-11T23:18:00+00:00,1.0,2024-03-14T23:00:00+00:00,2024-03-12,2.12,1.74,0.45077720207253885,-0.19753097545748347,0.5528088977872726,0.40955731865303635,0.0,0.0,0.638687193907864,0.7688672934503014,2.1779014980349842e-08,125,99,False,False,False,4eb4c8f8f7bd8c805910b905a631188b326d56d55de8f1851b1cf43b5db9d24e,4c9538343eb67486c43c3bcd02a9b34e0c576c519bde1cf179ff08b67b265dc3,2.2,1.7,True,2024-03-12T16:47:00+00:00,2024-03-12T16:25:00+00:00,0.46097648118473733,0.46073151574540216,0.45815729423590495
te:2567903,2024-03-12,2024,2024-03-12,aboian-f7ddc,pucinelli-de-almeida,2024-03-12T20:30:00+00:00,2024-03-12T07:34:00+00:00,0.0,2024-03-14T23:00:00+00:00,2024-03-12,2.07,1.77,0.4609375,-0.15656906069153992,0.5723647891991742,0.4480750712096066,1.2666666666666666,0.3333333333333333,0.5000000000000001,0.5978780818048773,0.006844543608109155,189,114,False,False,False,58c16b9284d7b59d8cb8013a13530f257819d49ec1a74925aface62d62c71f32,319fd41da234971b28551cfe13383be12a33005f2da20ea420a0ac7216a3e007,2.06,1.79,True,2024-03-12T16:44:00+00:00,2024-03-12T16:44:00+00:00,0.47091400604088,0.47109149692267693,0.4739882278839244
te:2569803,2024-03-15,2024,2024-03-15,varillas,passaro-5f6f1,2024-03-15T14:10:00+00:00,2024-03-14T04:25:00+00:00,1.0,2024-03-17T23:00:00+00:00,2024-03-15,1.89,1.96,0.5090909090909091,0.03636764417087508,0.5987841385182373,0.364033928837867,0.5166666666666667,0.5166666666666667,0.6079427451191904,0.5437061143995865,3.198420694960902e-11,136,134,False,False,False,1a48ff7871f196a627feaadaeb930848974da6f8794f268eae003201779d3baa,59f7f4846245e9ad01f0d0c891e714da89e89b36ba25957e72f37589f985b670,1.88,1.99,True,2024-03-15T11:34:00+00:00,2024-03-15T11:34:00+00:00,0.5179004260675614,0.5174787287429929,0.5157430436435506
te:2569975,2024-03-15,2024,2024-03-15,maestrelli,michalski-8906f,2024-03-15T13:50:00+00:00,2024-03-14T19:09:00+00:00,0.0,2024-03-17T23:00:00+00:00,2024-03-15,1.89,1.96,0.5090909090909091,0.03636764417087508,0.6095356374733119,0.40899306907483546,1.4833333333333334,0.85,0.534084821960302,0.5000000000000001,0.01764477483551337,147,144,False,False,False,b9c375ab096075b416828f05be273ccfc542357c9210ddafeed225efb714bc2e,1ad4fa2bbffaa85c5b997226c29a2c2dce8fc8f2abe919646ae66d5afff9de1c,1.9,1.97,True,2024-03-15T09:35:00+00:00,2024-03-15T09:35:00+00:00,0.5179004260675614,0.5179185264875956,0.5200794808445398
te:2569977,2024-03-15,2024,2024-03-15,droguet,piros,2024-03-15T11:10:00+00:00,2024-03-14T13:35:00+00:00,1.0,2024-03-17T23:00:00+00:00,2024-03-15,1.83,2.02,0.5246753246753246,0.09878154455978364,0.6292133362501181,0.43006195507537903,0.2833333333333333,0.2833333333333333,0.6472566286385045,0.6558567389189788,2.0115122975616906e-07,168,208,False,False,False,07f6a57a84036f4c4b120aa34e99437571a42effbe53da9ae9b77177f15fe19a,84b1f28f8ac82c43027d62b521827b7e4a03938a15524751631dada973ff2de5,1.85,2.03,True,2024-03-15T06:34:00+00:00,2024-03-15T06:34:00+00:00,0.5330726635602493,0.5333679169840888,0.5312433047708659
te:2569997,2024-03-15,2024,2024-03-15,blockx,ritschard,2024-03-15T11:10:00+00:00,2024-03-14T13:30:00+00:00,0.0,2024-03-17T23:00:00+00:00,2024-03-15,1.72,2.19,0.5601023017902813,0.2415772530030477,0.63635592341607,0.3180052041318814,0.38333333333333336,0.38333333333333336,0.7000768294310945,0.6786177201248936,6.477477776378748e-09,146,146,False,False,False,ad204b86e44082e62e00b419f23615560b9691abe9ceb71080505b82c94f0ff4,2ba614a534bd69f3bf30a6ad3732af92d46a7a59172bbf68f85217c1b2118e21,1.75,2.16,True,2024-03-15T07:30:00+00:00,2024-03-15T07:30:00+00:00,0.5675116399492002,0.5668870716886334,0.5649731621427405
te:2570125,2024-03-15,2024,2024-03-15,shimizu-38ca9,bellucci-47e7e,2024-03-15T10:15:00+00:00,2024-03-14T18:40:00+00:00,1.0,2024-03-17T23:00:00+00:00,2024-03-15,1.86,2.0,0.5181347150259067,0.07257069283483525,0.6075549377310901,0.3644753520859652,0.0,0.0,0.6577046561655865,0.7360012661205912,1.4288689675900912e-10,118,166,False,False,False,9a22df7fd6c51a320329d9157bb63e728af46c4af0051e4692597f97f45407e7,c823e75fd38b634ae1f6b988e8497d830de606f7b2aeae9645d35458e4b0ad99,1.88,1.99,True,2024-03-15T06:34:00+00:00,2024-03-15T09:44:00+00:00,0.5267068731098654,0.526331839187165,0.5237545510484444
te:2571043,2024-03-19,2024,2024-03-19,kolar-d6d52,bonadio,2024-03-19T09:25:00+00:00,2024-03-18T01:37:00+00:00,1.0,2024-03-21T23:00:00+00:00,2024-03-19,1.82,2.01,0.5248041775456919,0.09929822098228022,0.6221976461600683,0.3995883949476896,1.3666666666666667,1.3666666666666667,0.6630673606912733,0.6282822878227433,1.6456749657445258e-08,147,116,False,False,False,0573bf2c9556d228aad0d87709d5930935be6e21e6d6d77094b9ed202876a4b4,42875a5d23a98e51494a9d96819e6012d4767420223a3736aede3b872f5e2de0,1.93,1.9,True,2024-03-19T06:25:00+00:00,2024-03-19T06:25:00+00:00,0.5331980466741715,0.5331967403266974,0.5328445514015834
te:2571925,2024-03-19,2024,2024-03-19,pucinelli-de-almeida,blancaneaux,2024-03-19T00:10:00+00:00,2024-03-17T23:30:00+00:00,1.0,2024-03-21T23:00:00+00:00,2024-03-19,1.88,1.93,0.5065616797900262,0.026248226074936154,0.6182466268518336,0.4558644442770179,0.3333333333333333,0.3333333333333333,0.5774827582635418,0.5912572002377865,9.153901164848932e-09,116,151,False,False,False,84dc771595747f9a7ebffec218dbd6b4daac0f900a7819eaa13c8800f915f268,11e28098a9641cd8a52d569dd92a08b3847427d164ffc5ac14aa5ab736858ffa,1.89,1.94,True,2024-03-18T17:29:00+00:00,2024-03-18T17:29:00+00:00,0.5154366361232112,0.5159016945837399,0.5138470329904797
te:2571933,2024-03-19,2024,2024-03-19,mager,sekulic-13abc,2024-03-19T19:15:00+00:00,2024-03-17T23:29:00+00:00,0.0,2024-03-21T23:00:00+00:00,2024-03-19,1.96,1.85,0.4855643044619423,-0.05775883415219216,0.6021011837512391,0.47198660222663547,1.5,0.3,0.8144423086113205,0.7124599588970368,1.7429890863951414e-11,101,154,False,False,False,3e9b93b055bd1678f5c4be983398bdbf55e73cd301e838c651e9b15ff34b73e5,2feb73ecbc088cb42c06e14677699704a8d5390bb6c1bb61e9923549fcb2b963,2.04,1.81,True,2024-03-19T12:54:00+00:00,2024-03-19T12:54:00+00:00,0.494965590331688,0.49549194685312853,0.4997541464710557
te:2573327,2024-03-19,2024,2024-03-19,dalla-valle,gea,2024-03-19T13:35:00+00:00,2024-03-19T01:19:00+00:00,1.0,2024-03-21T23:00:00+00:00,2024-03-19,1.9,1.92,0.5026178010471204,0.010471299867295303,0.6144009064847948,0.45537814547219085,0.25,0.25,0.5000000000061771,0.5091574574747428,0.015154377090412466,186,116,False,False,False,36ffa98f295824cfaf984bc9e2f79b49fae3b18fcecfb6f30420857e79949655,4c0d3a84afeb3677ab7e0aabcff344a364e153f2911d14978bd46c875834dfa5,1.89,1.94,True,2024-03-19T09:32:00+00:00,2024-03-19T09:32:00+00:00,0.5115939513229681,0.512036236275596,0.5098445787130845
te:2575389,2024-03-22,2024,2024-03-22,skatov,kopp-0e635,2024-03-22T13:10:00+00:00,2024-03-20T19:35:00+00:00,1.0,2024-03-24T23:00:00+00:00,2024-03-22,1.96,1.89,0.49090909090909085,-0.03636764417087508,0.623563531241976,0.5410690073112,1.2166666666666666,1.2166666666666666,0.710859191157052,0.6597100493929141,5.0916049154636767e-11,132,195,False,False,False,88edb1b476676ebd6936b2bb656713f23723cac05c07980f34d68978b0a04a69,0457173c1121285102160331f8503978976e25837b38440596dbfb62693d917d,1.97,1.9,True,2024-03-22T03:44:00+00:00,2024-03-22T03:44:00+00:00,0.5001793705527184,0.5014070990932735,0.5007796992937132
te:2576129,2024-03-22,2024,2024-03-22,ramos-vinolas,yunchaokete,2024-03-22T15:00:00+00:00,2024-03-21T22:50:00+00:00,1.0,2024-03-24T23:00:00+00:00,2024-03-22,1.94,1.91,0.49610389610389616,-0.015584731016698041,0.6062740730465827,0.44726183022335647,0.0,0.0,0.6995011075346592,0.6286131647128054,7.602079254986904e-08,165,112,False,False,False,a4f5015a576375ef03f70da109de4d1b9260256a7a02854de955bb9b4cd5f90b,04c1b280188b58b18145bd4d4fd3f9e99bf14828627b4443e8739dc0fe775340,1.93,1.94,True,2024-03-22T12:31:00+00:00,2024-03-22T12:31:00+00:00,0.505244865397158,0.5055777719581487,0.5029778048543906
te:2577499,2024-03-26,2024,2024-03-26,de-jong-57322,choinski,2024-03-26T13:05:00+00:00,2024-03-25T06:41:00+00:00,0.0,2024-03-28T23:00:00+00:00,2024-03-26,1.88,1.93,0.5065616797900262,0.026248226074936154,0.6016029999659646,0.3859005375467727,0.7166666666666667,0.15,0.5840198097747901,0.5273492948634381,6.716110446947088e-08,163,189,False,False,False,5494ddbfe9fc273efb2da56e4131bbefef418ee7bb3c40242ed4aa1babf06b94,5a7bc80a2ca63f3f55cc645c8607dbd2f62db39a58544440624bb93d8c9502e2,1.85,1.98,True,2024-03-26T12:06:00+00:00,2024-03-26T12:06:00+00:00,0.5154366361232112,0.515217101126625,0.5158851119917158
te:2579053,2024-03-26,2024,2024-03-26,sakamoto-b1d5b,kuzuhara,2024-03-26T21:30:00+00:00,2024-03-26T01:49:00+00:00,0.0,2024-03-28T23:00:00+00:00,2024-03-26,2.09,1.76,0.4571428571428572,-0.17185025692665906,0.5861235534187395,0.5198133752168652,0.5833333333333334,0.5833333333333334,0.6466302849187981,0.5606810683920287,1.3760307338017697e-09,168,162,False,False,False,7141088d8263b555e22320bd30c0a2fc1cad1306d9822320ebc75942f9de90df,c251fdb9c557e5c27668be3db5b051fb132f08b410b063907ad27408d606c50f,2.05,1.8,True,2024-03-26T17:34:00+00:00,2024-03-26T17:34:00+00:00,0.4672036039451471,0.46806306527255614,0.46641116210055544
te:2580113,2024-03-29,2024,2024-03-29,coria-df292,krajinovic-96172,2024-03-29T09:10:00+00:00,2024-03-28T19:00:00+00:00,1.0,2024-03-31T23:00:00+00:00,2024-03-29,1.92,1.9,0.4973821989528796,-0.010471299867295303,0.6037865022904148,0.4317387606833315,0.0,0.0,0.5588565826034118,0.5087891738940965,2.0907489628463338e-10,162,53,False,False,False,d33dbd8b302c04daca268dbe90c20ab1cdb2cf3b4f98473c62524dba6383c600,ecd664d5c95aab4f15baba0d62f537e9754ce489026fabf997d085eb2df56f6d,1.97,1.87,True,2024-03-29T08:04:00+00:00,2024-03-29T08:45:00+00:00,0.5064910555509993,0.5066778344137023,0.504081123583737
te:2580237,2024-03-29,2024,2024-03-29,hassan-1d510,garin,2024-03-29T15:15:00+00:00,2024-03-28T19:49:00+00:00,0.0,2024-03-31T23:00:00+00:00,2024-03-29,1.88,1.97,0.5116883116883117,0.04676176590803954,0.6319629628130493,0.4938854457433099,0.3,0.3,0.6978616456617664,0.7550169694772098,4.2401243627310237e-10,217,131,False,False,False,9abf8d8561456c66ce36bc5dc9b18f3ba6cab3af42781a57eccc8c1662f519bb,127e373a273537532ff4834be333920627d8c1959db760c0b938793570abc708,1.83,2.05,True,2024-03-29T14:09:00+00:00,2024-03-29T14:09:00+00:00,0.5204301915556336,0.5212902924754824,0.5191747925442799
te:2580273,2024-03-29,2024,2024-03-29,herbert-fa5ad,gea,2024-03-29T15:00:00+00:00,2024-03-28T18:38:00+00:00,1.0,2024-03-31T23:00:00+00:00,2024-03-29,1.88,1.97,0.5116883116883117,0.04676176590803954,0.6299074575097461,0.4850580606427633,0.45,0.45,0.6945149230941999,0.6614539837824639,4.795330799112207e-12,129,115,False,False,False,383da54cd2be50c7db6b64660a20d385512da10949cc63b7fda580dcc06237c3,23327750cf80a2bff8f1f996d8192072d3fc7ab37e755fe0cc2a8d308ea02575,1.85,2.03,True,2024-03-29T10:25:00+00:00,2024-03-29T12:19:00+00:00,0.5204301915556336,0.5212039893238175,0.5193354712052132
te:2580319,2024-03-29,2024,2024-03-29,vallejo-d7859,luz-2f442,2024-03-29T19:15:00+00:00,2024-03-29T01:39:00+00:00,0.0,2024-03-31T23:00:00+00:00,2024-03-29,1.88,1.98,0.5129533678756476,0.051825067864585767,0.6062219276987402,0.3796335861563329,1.0333333333333334,0.03333333333333333,0.5999880177379248,0.6625077318197778,1.5857560820009553e-09,156,162,False,False,False,8145663cdd2b8e290a9a734360c0e8bf2b00532f9b5f5bc3a27dfec320b9c763,edd741d2976d45407aa570af5042516d23116b1467e8d8f2d9ee7b40c013f070,1.85,2.03,True,2024-03-29T15:05:00+00:00,2024-03-29T15:05:00+00:00,0.5216621481429977,0.5214110305221746,0.5241865146793129
te:2580331,2024-03-29,2024,2024-03-29,couacaud,ugo-carabelli,2024-03-29T17:05:00+00:00,2024-03-29T08:27:00+00:00,1.0,2024-03-31T23:00:00+00:00,2024-03-29,2.02,1.84,0.4766839378238342,-0.09333193979221903,0.5997617481822995,0.49780443045050204,0.85,0.08333333333333333,0.690373908092599,0.7880429970821293,1.2741125376969364e-09,104,163,False,False,False,605e0c5e70d72781cf254234d6990125a7a9404084640f7d17fcad32bf9ace17,87b22a40fc9ab5813c133cb3c3a5bd5c372ebe3aa26e8605721d73871cd6f520,2.03,1.85,True,2024-03-29T15:09:00+00:00,2024-03-29T15:09:00+00:00,0.48629816017323946,0.4870358278406577,0.4886349366981162
te:2580927,2024-04-02,2024,2024-04-02,barranco-cosano,erhard,2024-04-02T08:10:00+00:00,2024-03-31T21:22:00+00:00,1.0,2024-04-04T22:00:00+00:00,2024-04-02,2.0,1.83,0.47780678851174935,-0.08883121370661573,0.576522768949116,0.3973462988829418,1.5666666666666667,1.5666666666666667,0.5928537287044083,0.5000000000000001,0.010268243489159848,173,219,False,False,False,dc6464ed1c1089bb1c21b4373ee38ba4bdfac30ea8b7b4a6f10a87caa5117543,f46a6d0fbace5049ef935c30e3488be58c1e8174778e5161e533205b3f100009,2.08,1.78,True,2024-04-02T07:52:00+00:00,2024-04-02T07:52:00+00:00,0.4873944204696159,0.48715403588299266,0.48712941123365855
te:2581765,2024-04-02,2024,2024-04-02,mejia-a7d27,fonio,2024-04-02T19:45:00+00:00,2024-03-31T21:19:00+00:00,0.0,2024-04-04T22:00:00+00:00,2024-04-02,1.72,2.14,0.5544041450777203,0.21848153820839877,0.6452670049551023,0.3798172742476047,1.3333333333333333,1.3333333333333333,0.7214269425116653,0.7062489722365312,1.0079159729059484e-12,137,190,False,False,False,c55d83a8a7b0ffb1f64281d9c4084306b7411cbd53bb5e14f3edf318100bd2a2,4df42242a3e75be10c08c2aa839d42fb072cca094d8ed3d8280bdfc4d5d59672,1.83,2.01,True,2024-04-02T19:40:00+00:00,2024-04-02T19:40:00+00:00,0.5619766748716426,0.5619202387899875,0.561521392238416
te:2583141,2024-04-02,2024,2024-04-02,taberner,squire,2024-04-02T13:45:00+00:00,2024-04-01T21:40:00+00:00,0.0,2024-04-04T22:00:00+00:00,2024-04-02,1.87,1.94,0.5091863517060368,0.03674954220874159,0.6259130461910039,0.4779736481882537,1.8833333333333333,0.31666666666666665,0.6402021873037506,0.6302904567370118,3.1214947293634054e-10,132,205,False,False,False,d5ce5a62b6db5a16a6e390edf18c9857862bf5d7a700f46fc59beca22b96e847,205bf09fb0f7632b68a0d043b8d46ed78a4590365c8f4f2b4147eb2617a488fd,1.99,1.85,True,2024-04-02T13:33:00+00:00,2024-04-02T13:33:00+00:00,0.5179933910695417,0.5186866477097211,0.5249107535983454
te:2583143,2024-04-02,2024,2024-04-02,giustino-1d545,novak-77d05,2024-04-02T11:45:00+00:00,2024-04-01T21:39:00+00:00,,,,1.96,1.86,0.486910994764398,-0.0523679855173157,0.5967950015280117,0.44449654523179205,2.0,0.4,0.5594073743666667,0.6294952127215866,3.971512618772266e-09,160,160,False,False,False,891625a1bf851ed472a2258d31e9004981c11b453fb32e162f9f70e06eb2b82a,a6720590585d1ccb2c89e182f510b212792b16a72373910ae7017481c288a0ce,1.95,1.88,True,2024-04-02T11:06:00+00:00,2024-04-02T11:06:00+00:00,0.4962794698616529,0.4965428369486529,0.5030997512749783
te:2584163,2024-04-05,2024,2024-04-05,berrettini,jianu-c67fb,2024-04-05T11:05:00+00:00,2024-04-03T23:00:00+00:00,1.0,2024-04-07T22:00:00+00:00,2024-04-05,2.19,1.72,0.43989769820971864,-0.2415772530030479,0.5715964397051717,0.5299448211740757,0.4166666666666667,0.4166666666666667,0.5018424989062307,0.6007145819372846,1.562641895047623e-08,41,243,False,False,False,fbf0f1c6f8cd2a5fdd8dbc92e868245876c48a2f70fdd5c1b640e4a4f6636279,be991ca0fb111cfd1768e1b3a1c70a8005100da36b23beac469b6c01f043968b,2.06,1.83,True,2024-04-05T10:55:00+00:00,2024-04-05T10:55:00+00:00,0.45032539695565255,0.45119862883540596,0.44928427021897516
te:2584323,2024-04-05,2024,2024-04-05,mayot,kasnikowski,2024-04-05T09:10:00+00:00,2024-04-03T22:57:00+00:00,0.0,2024-04-07T22:00:00+00:00,2024-04-05,1.88,1.97,0.5116883116883117,0.04676176590803954,0.6294460961857371,0.4830795308092078,0.36666666666666664,0.36666666666666664,0.7339898464587352,0.6821765354672441,3.11705374012039e-08,175,169,False,False,False,d9ddf5948f74b454d0486802c45c471b59f681666ecc5cbbe95bc4f0902a7fd5,04b667f6050e0a4f99f4ba5680872224f1463d88f373a58f7082dc53aae9e214,1.86,2.01,True,2024-04-05T08:45:00+00:00,2024-04-05T08:45:00+00:00,0.5204301915556336,0.5211846455552176,0.5191803011294333
te:2584369,2024-04-05,2024,2024-04-05,hardt-79c77,ionel,2024-04-05T11:40:00+00:00,2024-04-03T22:57:00+00:00,0.0,2024-04-07T22:00:00+00:00,2024-04-05,2.03,1.83,0.47409326424870474,-0.1037198262003661,0.6053006997143839,0.5313209751848289,1.7166666666666666,0.11666666666666667,0.5458740215446447,0.5000000000000001,0.006015761860758417,161,206,False,False,False,f7e3caf3aa0dbca08b421543c5792806d318c27e36f39bda3b6c545e0869acc7,cd847e3519bc0620d483b5d4c8a23f72b4a02067566bf71772126d6cf91d3d42,1.99,1.88,True,2024-04-05T04:20:00+00:00,2024-04-05T01:34:00+00:00,0.4837684608525616,0.48482189175761364,0.4908939401691012
te:2584547,2024-04-05,2024,2024-04-05,mager,cukierman,2024-04-05T18:10:00+00:00,2024-04-04T05:56:00+00:00,0.0,2024-04-07T22:00:00+00:00,2024-04-05,2.16,1.74,0.4461538461538462,-0.21622310846963588,0.5842588122066713,0.5565042427917551,1.0166666666666666,0.45,0.7994580556656284,0.6877832798608391,4.0402806100736655e-10,107,134,False,False,False,38afb4688f169da7641bb6bfeb74d3ce415064c778343faa5fd4949be3fcd69f,142aacaf514848c729ba5d1898995d028bf392dc3610fb705f4e4310d1268d0e,2.17,1.75,True,2024-04-05T16:05:00+00:00,2024-04-04T08:51:00+00:00,0.45645150264162754,0.4576140521105736,0.45873258363620106
te:2584565,2024-04-05,2024,2024-04-05,ugo-carabelli,luz-2f442,2024-04-05T14:45:00+00:00,2024-04-04T16:59:00+00:00,1.0,2024-04-07T22:00:00+00:00,2024-04-05,1.92,1.93,0.5012987012987012,0.005194816877103783,0.5991239309577518,0.3966213314800383,2.033333333333333,0.5,0.7710175158492124,0.6766151053654872,3.1691316237925093e-13,172,165,False,False,False,575fe39cf16cacc741e1453f45b9fe4de716142ffc2973c2d918c0bf7a834a60,b1b44b0524468613df422db93e2d065c1e42e6c5d40da580561359ed5395e21f,1.88,1.99,True,2024-04-05T14:08:00+00:00,2024-04-05T14:08:00+00:00,0.5103084638083637,0.5101694704869925,0.5165407615986378
te:2584673,2024-04-05,2024,2024-04-05,zapata-miralles,harris-5a94c,2024-04-05T09:10:00+00:00,2024-04-04T16:56:00+00:00,1.0,2024-04-07T22:00:00+00:00,2024-04-05,2.02,1.84,0.4766839378238342,-0.09333193979221903,0.6118814749601159,0.5485597653009611,0.2833333333333333,0.2833333333333333,0.7046634273526549,0.6394705956992914,9.380973192696374e-09,123,228,False,False,False,5f822288ebf9a6219216ba7ed22f2fd99fbaf41858fe4e00549287b976505c2f,03eb5915809b51aa5767a95555637a44041a4aeb686b7ac0540307be6df2ab8e,2.06,1.83,True,2024-04-05T07:08:00+00:00,2024-04-05T07:08:00+00:00,0.48629816017323946,0.48753262626588784,0.48537765624362006
te:2586193,2024-04-09,2024,2024-04-09,bergs,crawford-71058,2024-04-08T23:20:00+00:00,2024-04-07T20:56:00+00:00,0.0,2024-04-11T22:00:00+00:00,2024-04-09,1.93,1.89,0.4947643979057591,-0.02094317384524342,0.5753781422759482,0.324771610900394,1.5166666666666666,0.15,0.6907344265686488,0.5881311371613661,2.6963401844604107e-08,161,194,False,False,False,d98ee9aeee1beeba7ea80c2bf37fa7efdb30f21d7234b1744cfd16cdf05e6a12,b682e80faa9e762cdf1e5c7b6d71dbc339887ce6a0b8f78a3f11f557917d4908,2.12,1.75,True,2024-04-08T22:17:00+00:00,2024-04-08T22:17:00+00:00,0.5039388939799557,0.5030659713418286,0.5079975658368905
te:2586831,2024-04-09,2024,2024-04-09,kachmazov,celikbilek,2024-04-09T01:10:00+00:00,2024-04-08T06:01:00+00:00,1.0,2024-04-11T22:00:00+00:00,2024-04-09,1.81,2.02,0.5274151436031332,0.10977066613537934,0.6401238898743503,0.4661312357321836,0.0,0.0,0.7235402082943535,0.6944558313830761,5.129141278370497e-10,160,122,False,False,False,75bb4bba1f3c49b6bbed4d8f8b741ef199489a81a433874df1b5d039bbe383ee,e1818bf34e852b41628f4a0d14cf5bb8fd1b0c07fec73adfd808ccc45e4e59dd,1.79,2.06,True,2024-04-08T23:37:00+00:00,2024-04-08T23:37:00+00:00,0.5357384945689019,0.5363975790024303,0.5338055916189421
te:2587647,2024-04-09,2024,2024-04-09,kozlov,kudla,2024-04-09T17:45:00+00:00,2024-04-09T01:18:00+00:00,1.0,2024-04-11T22:00:00+00:00,2024-04-09,2.13,1.73,0.4481865284974093,-0.20800057121164622,0.5877380003994058,0.5626227736611829,0.5,0.5,0.5275068069492898,0.6074102744256039,1.199082395875184e-08,85,142,False,False,False,6b050f34e61c6efee46bb501ad3580f522e103cd5e3207729af348ede44c9982,2205c17b454f0488b85cafada5df0919ce7e6c851d88420ddfb5fde26983a8d6,2.04,1.81,True,2024-04-09T15:44:00+00:00,2024-04-09T15:44:00+00:00,0.4584411680494494,0.4596734714373197,0.4578817456285552
te:2588275,2024-04-12,2024,2024-04-12,diallo-dd116,boyer-64ede,2024-04-12T00:30:00+00:00,2024-04-10T03:17:00+00:00,1.0,2024-04-14T22:00:00+00:00,2024-04-12,1.81,2.03,0.5286458333333333,0.11470894777596129,0.6429404005624257,0.47344036947805024,0.0,0.0,0.7232146907789411,0.7004758748957878,3.8330533191910376e-11,144,159,False,False,False,046e820534604f88c3519d3455311c9e0477b5d7f1d7c8a1a1b113dbf0192994,4d322a2f819bb563aeb3af4721ffa22069e4ac717b4fcd239a10f02e208db53d,1.83,2.02,True,2024-04-11T15:19:00+00:00,2024-04-11T15:22:00+00:00,0.5369358077442896,0.5376715136666925,0.5350789545025102
te:2588719,2024-04-12,2024,2024-04-12,sandgren-fb235,kozlov,2024-04-12T15:15:00+00:00,2024-04-10T22:09:00+00:00,0.0,2024-04-14T22:00:00+00:00,2024-04-12,1.72,2.18,0.558974358974359,0.237000585975636,0.6405954891321168,0.3409490841673194,1.2,0.3,0.6992920957829882,0.6926979138176561,5.775685485431836e-12,120,89,False,False,False,57ebc1654ce5984b5d2a9507a9d9128df0b3a344c49de0ed7820ea51dda3b22d,b4d78cf42a1f91f7c4b8d69c26ecaef3d1a119a7e2f0dcab3d4ef6720530f6ad,1.87,2.0,True,2024-04-12T14:59:00+00:00,2024-04-12T14:59:00+00:00,0.5664161192665564,0.5660068044957437,0.5686511923024395
te:2588747,2024-04-12,2024,2024-04-12,bergs,krueger-d6035,2024-04-12T15:15:00+00:00,2024-04-11T01:02:00+00:00,1.0,2024-04-14T22:00:00+00:00,2024-04-12,1.94,1.91,0.49610389610389616,-0.015584731016698041,0.6043040141707821,0.439015933181114,0.9666666666666667,0.03333333333333333,0.7454318685671537,0.6615693067673436,5.888489695848875e-11,159,140,False,False,False,e2ac15a5fdda9f88b588e075201c711dea5347f816ec096879a3e8e850d3c602,48cc1682b238b21cdfa58d6ca457aea7833c2e0ef18beb8964337a0035a1cad3,2.04,1.85,True,2024-04-12T14:38:00+00:00,2024-04-12T14:38:00+00:00,0.505244865397158,0.5054970179359604,0.507911895018177
te:2588749,2024-04-12,2024,2024-04-12,mejia-a7d27,pospisil-9e7de,2024-04-12T20:20:00+00:00,2024-04-11T06:38:00+00:00,0.0,2024-04-14T22:00:00+00:00,2024-04-12,1.68,2.27,0.5746835443037974,0.3009860380781436,0.637631660861721,0.26411353852901076,1.0,1.0,0.6918211946789379,0.6818346178839597,4.0398173695166406e-10,148,60,False,False,False,c9f452213b2d8ea4bfa99e7f33b5cefe0c7105ce3f453466f029a0abfc558e4a,6bc162d882fe4f810d35cdd2253372c7535494fff4638b1c93e5f4e437f45e7d,1.67,2.3,True,2024-04-12T20:05:00+00:00,2024-04-12T20:05:00+00:00,0.5816687931211818,0.5806023489351815,0.5796986219120459
te:2588993,2024-04-12,2024,2024-04-12,bonzi-a38fa,squire,2024-04-12T10:15:00+00:00,2024-04-12T00:08:00+00:00,1.0,2024-04-14T22:00:00+00:00,2024-04-12,1.75,2.14,0.5501285347043702,0.20119004109833744,0.6279837045877183,0.3223865187390084,0.6166666666666667,0.08333333333333333,0.7145487152245802,0.6686834018905212,2.4806268150712185e-12,125,203,False,False,False,b940ae6df9c3611f91157c09759cc30bdea4279370d21743b6c0638accda4ac5,2327954c562163014e96180e6a8b9202af56e3fc8ac9db34aa901bf2d729ac00,1.76,2.15,True,2024-04-12T09:45:00+00:00,2024-04-12T09:45:00+00:00,0.557822509551649,0.5571911852392925,0.5575802770189715
te:2589017,2024-04-12,2024,2024-04-12,riedi-a3a3d,fonseca-57dc1,2024-04-12T15:25:00+00:00,2024-04-12T00:07:00+00:00,1.0,2024-04-14T22:00:00+00:00,2024-04-12,1.76,2.12,0.5463917525773196,0.1861022796338609,0.6137344308232346,0.27693489591114817,0.8166666666666667,0.11666666666666667,0.5730858138617122,0.5469383720290111,6.568313051791286e-08,120,82,False,False,False,3055450e35d800df563bde88063f97ea8c68bc83a7da7c7ab6c8e1f895f695de,f6b3db3e9a07d2c0a7704fb0c2320bef6a0a3813dd6fdadc4c2f77f4f6f76e62,1.77,2.14,True,2024-04-12T11:35:00+00:00,2024-04-12T12:51:00+00:00,0.5541911342562021,0.5531014396670523,0.5544297357802619
te:2589057,2024-04-12,2024,2024-04-12,kokkinakis-7b2e6,diallo-dd116,2024-04-12T17:45:00+00:00,2024-04-12T07:30:00+00:00,1.0,2024-04-14T22:00:00+00:00,2024-04-12,1.67,2.29,0.5782828282828284,0.315728191137485,0.6453433793919333,0.2829042996702113,0.8,0.06666666666666667,0.7924594208710944,0.7339060993494699,5.4762391288321055e-09,143,141,False,False,False,a8126a399ab67b74dda86273903c76d3ca62c9e0a5d1a8b18aff7bb3eea4ffb2,9b99d6a99744156e6daeaef626c00a671dcfcb5757daef343e572535e2fa1d23,1.7,2.24,True,2024-04-12T16:45:00+00:00,2024-04-12T16:45:00+00:00,0.585162061253234,0.5842935239093655,0.5856890415911313
te:2590179,2024-04-16,2024,2024-04-16,nam-ad0c4,virtanen-7d161,2024-04-16T02:05:00+00:00,2024-04-13T17:11:00+00:00,0.0,2024-04-18T22:00:00+00:00,2024-04-16,2.13,1.73,0.4481865284974093,-0.20800057121164622,0.5803935504244468,0.532389732690626,0.55,0.016666666666666666,0.6828371360889823,0.7968298825219186,5.588943446932504e-09,67,156,False,False,False,0490ddb608b11c8d84bc65d71614178d50c13e1f69ee1de7d335f554aabd1694,d51074cf4b9feb3cd728c1dd29f9ef87b898f3c0c9e4832350daffd4f6c0cf55,2.19,1.7,True,2024-04-15T23:25:00+00:00,2024-04-15T23:25:00+00:00,0.4584411680494494,0.459379296082099,0.4596224538522781
te:2590851,2024-04-16,2024,2024-04-16,blanchet,rocha-0492a,2024-04-16T10:55:00+00:00,2024-04-15T11:22:00+00:00,1.0,2024-04-18T22:00:00+00:00,2024-04-16,1.93,1.89,0.4947643979057591,-0.02094317384524342,0.5920471773342816,0.3933779599999619,0.0,0.0,0.5000000000000001,0.5712839887827521,0.019373973894877244,176,201,False,False,False,d402d2f00f36689f15cff1ca9db2abad1d21d6f6971e4a88bc78275b07cf1199,75f219adfdb4e699995c877e9d1159f2d0fcf163ff0d8b80469636717344cf43,1.97,1.87,True,2024-04-16T10:33:00+00:00,2024-04-16T10:33:00+00:00,0.5039388939799557,0.5037379007731746,0.5011488737260416
te:2592323,2024-04-16,2024,2024-04-16,harris-9f62b,saville,2024-04-16T06:55:00+00:00,2024-04-15T14:19:00+00:00,0.0,2024-04-18T22:00:00+00:00,2024-04-16,1.83,1.99,0.5209424083769634,0.08381867188307154,0.6046275749363211,0.3409658490224453,1.0666666666666667,1.0666666666666667,0.842510140603623,0.7355002283953979,3.5626668282162655e-10,122,160,False,False,False,d091b87fd66777a1b1a5d0da3fca3b1d7ac6b73b29f201b96ff0d753bd9b8895,31c4b7dd431c86150b530458d704c66f1c07643c8c21810132411e18af331c56,1.88,1.95,True,2024-04-16T04:45:00+00:00,2024-04-16T05:38:00+00:00,0.5294398382544726,0.5288484901404125,0.5280184177056058
te:2593203,2024-04-16,2024,2024-04-16,villanueva-55ff0,lingua-lavallen,2024-04-16T17:25:00+00:00,2024-04-16T04:19:00+00:00,1.0,2024-04-18T22:00:00+00:00,2024-04-16,1.9,1.92,0.5026178010471204,0.010471299867295303,0.612970120850141,0.44934299523022503,0.0,0.0,0.5000000000000001,0.5200074611880567,0.0025261396238985684,199,95,False,False,False,06334d9c170f4246feeb77bc68e191f41cefc3410d4e3bb91fd22f8313b08962,5b55757cfa32022e1118835a7c1c1518dbea7a4248303658f00e6d1a96aa8804,1.97,1.87,True,2024-04-16T13:32:00+00:00,2024-04-16T13:32:00+00:00,0.5115939513229681,0.5119771594561113,0.5093775947790259
te:2593205,2024-04-16,2024,2024-04-16,corwin-48373,brumm,2024-04-16T13:10:00+00:00,2024-04-16T04:17:00+00:00,0.0,2024-04-18T22:00:00+00:00,2024-04-16,2.15,1.71,0.4430051813471503,-0.2289744716250029,0.5640107883096123,0.48643035193513756,0.5333333333333333,0.5333333333333333,0.6073250565163621,0.5000000000000001,0.017928764111067003,149,122,False,False,False,5efdfb12430652c4d3ad263d3edf8579b3a0c1f8f24afe50350c95f5454c67cf,41004a42d7c7c20017219447aa053509e47f5bc0c91b0c0f3872ab7151b191f9,2.12,1.75,True,2024-04-16T10:55:00+00:00,2024-04-16T10:49:00+00:00,0.4533687346671227,0.45383482441899026,0.45211647906130004
te:2594463,2024-04-19,2024,2024-04-19,harris-9f62b,shimabukuro,2024-04-19T02:05:00+00:00,2024-04-18T11:57:00+00:00,0.0,2024-04-21T22:00:00+00:00,2024-04-19,1.85,2.0,0.5194805194805195,0.0779615414697121,0.6357902805993325,0.47917736608200523,0.4166666666666667,0.4166666666666667,0.851011247987146,0.7615094324220787,7.823061642930895e-11,122,149,False,False,False,10822c879ae9ccbda16d1a1ae39433279a4448a2d552e53fb702702ed33510bc,d5ff7c6151a272d31af718f5b64aea2f0bd9d3eaaf179575f32380c3c6eb0195,1.83,2.05,True,2024-04-19T01:47:00+00:00,2024-04-19T01:47:00+00:00,0.528016918380555,0.5287680639756633,0.5268488584764285
te:2594465,2024-04-19,2024,2024-04-19,galarneau-32e1f,hijikata,2024-04-18T23:55:00+00:00,2024-04-18T14:49:00+00:00,0.0,2024-04-21T22:00:00+00:00,2024-04-19,1.88,1.98,0.5129533678756476,0.051825067864585767,0.6592483556852641,0.6081213670052357,0.7166666666666667,0.7166666666666667,0.7418056413317833,0.765113723860618,6.5503158452884236e-15,128,189,False,False,False,66102433abe5b33d0058d20a6683ede4e74e8a37499f4bbdec4cc94b468e1edb,9bb56d05c3e0fed85f2073b116c3a72fb4e5bc69d98023d67bbc08ebfcfe4803,1.81,2.08,True,2024-04-18T23:25:00+00:00,2024-04-18T23:25:00+00:00,0.5216621481429977,0.5236443932601482,0.5221871992227529
te:2594679,2024-04-19,2024,2024-04-19,comesana-c17e0,vincent-ruggeri,2024-04-19T13:40:00+00:00,2024-04-18T17:09:00+00:00,0.0,2024-04-21T22:00:00+00:00,2024-04-19,1.84,2.02,0.5233160621761658,0.09333193979221903,0.6153485981845189,0.3765195194546748,0.38333333333333336,0.38333333333333336,0.6195902594101768,0.5847561436253645,1.482156530840939e-08,175,212,False,False,False,1de7cb575d31c7024b0fcb16b96705eb859ebd5cd37f66862c7628aa5d96db13,a142e4f0890249cdfe3b928981fb11f280dc9ba5c9f11f30908f9ebfce7868eb,1.8,2.09,True,2024-04-19T09:04:00+00:00,2024-04-19T09:04:00+00:00,0.5317499434443759,0.5315167314868581,0.5295652321564356
te:2594743,2024-04-19,2024,2024-04-19,blanchet,napolitano,2024-04-19T15:25:00+00:00,2024-04-18T20:49:00+00:00,1.0,2024-04-21T22:00:00+00:00,2024-04-19,1.97,1.88,0.4883116883116883,-0.04676176590803932,0.5810638365088006,0.37390383635467833,0.65,0.65,0.5575637577770037,0.6496208403697927,3.066584111643955e-09,176,194,False,False,False,e04b443eb65b8ec06f7894a5b14094b88f92582a603e910c6d71f72f2a2110b1,d7c07ba3889b2ece6df0c9009596b686e3ef34b530021470622b3853f513b458,1.95,1.92,True,2024-04-19T12:34:00+00:00,2024-04-19T12:34:00+00:00,0.4976458947308096,0.4972243451431391,0.495703613178942
te:2596203,2024-04-23,2024,2024-04-23,ritschard,kozlov,2024-04-23T14:10:00+00:00,2024-04-21T02:12:00+00:00,0.0,2024-04-25T22:00:00+00:00,2024-04-23,1.95,1.87,0.4895287958115184,-0.041890941709159774,0.6203989948821482,0.5331330383312001,1.6666666666666667,0.1,0.6498465981448844,0.6164222575322874,1.230023118636847e-07,152,103,False,False,False,4df337f9666a3802a5e80c272486e202cb727852969f6caf936073314fb10c59,93af305709b4440c29befe84d12f2f44ba741042bdf68065cb8ea003d7c8ea51,1.96,1.88,True,2024-04-21T20:17:00+00:00,2024-04-21T20:17:00+00:00,0.4988331081994429,0.4999767311879383,0.5058470028777019
te:2596213,2024-04-23,2024,2024-04-23,krueger-d6035,tabur,2024-04-23T20:35:00+00:00,2024-04-21T02:11:00+00:00,0.0,2024-04-25T22:00:00+00:00,2024-04-23,1.85,1.97,0.5157068062827225,0.06284790365966353,0.6314260691917397,0.47549164167843905,1.4833333333333334,0.11666666666666667,0.7112113364186328,0.6726228909913001,3.048949981376836e-13,141,219,False,False,False,a823685609363f148d55eb1f86f1fff4605b5bd995e8df1cc040702f4def01e5,6f6ba885449b17f8e4182397b45acf91633ca337a535616bdd7c00586b187d0c,1.86,1.98,True,2024-04-23T20:09:00+00:00,2024-04-23T19:08:00+00:00,0.5243431929966006,0.5250415071636362,0.5298731202891306
te:2597599,2024-04-23,2024,2024-04-23,berankis,ellis-b4efc,2024-04-23T04:30:00+00:00,2024-04-22T15:39:00+00:00,,,,1.68,2.08,0.5531914893617021,0.21357410029805912,0.6363401231088773,0.3459400781942562,1.8666666666666667,0.6666666666666666,0.7556345846622858,0.7036108749040305,6.300579502571679e-11,121,180,False,False,False,2b594eea2eb01ee68572e13c38655c321a7139916702013779e7f9d180a3eb29,07858300fbc3fc5badfacc3e44f7fb64b60f310f68baab08f921a64bb95ff58f,1.72,2.09,True,2024-04-22T20:12:00+00:00,2024-04-23T03:50:00+00:00,0.5607985529025056,0.560409561425353,0.5652190701806776
te:2599469,2024-04-26,2024,2024-04-26,dellien,harris-5a94c,2024-04-26T13:45:00+00:00,2024-04-25T01:00:00+00:00,1.0,2024-04-28T22:00:00+00:00,2024-04-26,1.77,2.11,0.5438144329896907,0.17570840090223716,0.634520857283974,0.3759525452227641,0.9166666666666666,0.016666666666666666,0.7280700804159805,0.686399285082024,9.022310343276274e-09,149,220,False,False,False,27a78873ac1efcf52cb2156d34b85388c8926c62c847d9d932f05e6227874e0b,3a18dfeec08d043b902196253ec44b34e25645ca75f266216731453da8e91d65,1.78,2.12,True,2024-04-25T19:02:00+00:00,2024-04-25T19:02:00+00:00,0.5516861055716414,0.551543079227243,0.5537410414564298
te:2599797,2024-04-26,2024,2024-04-26,ficovich,prado-angelo,2024-04-26T18:25:00+00:00,2024-04-25T16:39:00+00:00,1.0,2024-04-28T22:00:00+00:00,2024-04-26,1.99,1.86,0.4831168831168831,-0.06755815101129117,0.6142297178255353,0.532685074046417,1.0166666666666666,0.5166666666666667,0.6821374696626257,0.6264862284793483,8.682987526209551e-08,158,125,False,False,False,1b404f35a117023783a41acc75fa2b9c70bdab0a36c4d3374f0e3569be6bf4a3,e1519d97c90e2996a6a9727e16afac5dd591bad5b0bf955d44b53201fe48e289,2.0,1.88,True,2024-04-26T10:39:00+00:00,2024-04-26T15:36:00+00:00,0.49257745174755885,0.4936868367716266,0.49457196510428186
te:2599899,2024-04-26,2024,2024-04-26,popko,brouwer-44152,2024-04-26T18:05:00+00:00,2024-04-25T16:08:00+00:00,1.0,2024-04-28T22:00:00+00:00,2024-04-26,1.88,1.97,0.5116883116883117,0.04676176590803954,0.6336320181455907,0.5010683637916888,0.7166666666666667,0.08333333333333333,0.6667971006045326,0.6819240000808199,2.1476349559845787e-08,247,142,False,False,False,11dc269f4271fbf29b770d0a2cf1a915f41fbd3c8636e7a014075089acc7de87,026fbfc9dc45d6f3c9b508a16fc7daa2659fb3096e2079aeee1efe636dd0f5fa,1.91,1.96,True,2024-04-26T15:28:00+00:00,2024-04-26T15:28:00+00:00,0.5204301915556336,0.521360517143645,0.5222488548436113
te:2599943,2024-04-26,2024,2024-04-26,duckworth,bellucci-47e7e,2024-04-26T05:10:00+00:00,2024-04-25T06:55:00+00:00,1.0,2024-04-28T22:00:00+00:00,2024-04-26,1.65,2.33,0.5854271356783919,0.34509297966511965,0.642179277992503,0.23974244979665138,0.0,0.0,0.7505953137739309,0.7090184397772901,9.536649248076401e-12,166,167,False,False,False,2fa0eab64f004ed419406304e34e30e40fb2cc9a6b0d769709085c727b7386d0,771db40982a2500a6c55a894b141e5104938c0e738e99f6230ff0636f54172ac,1.6,2.44,True,2024-04-25T23:42:00+00:00,2024-04-26T04:53:00+00:00,0.5920945034513508,0.5908543999930019,0.5883766615131175
te:2600847,2024-04-30,2024,2024-04-30,duckworth,sweeny,2024-04-30T03:05:00+00:00,2024-04-28T09:36:00+00:00,1.0,2024-05-02T22:00:00+00:00,2024-04-30,1.88,1.93,0.5065616797900262,0.026248226074936154,0.5898156157469374,0.33695497000241237,0.9166666666666666,0.38333333333333336,0.7246228270184549,0.6309872700723604,7.024945586353581e-08,165,149,False,False,False,11bcab2a72f81f3746a269300d4d35e15349ee2c5a71471dda368bf1f47eb6dc,84a036ef8ed3e19c060fff04ea6fc4859316836f61b494c4c660851992f13363,1.84,2.0,True,2024-04-30T02:31:00+00:00,2024-04-30T02:31:00+00:00,0.5154366361232112,0.5147381370003007,0.5156208843260782
te:2601711,2024-04-30,2024,2024-04-30,bueno-01b7e,guillen-meza,2024-04-30T19:00:00+00:00,2024-04-28T07:02:00+00:00,1.0,2024-05-02T22:00:00+00:00,2024-04-30,1.95,1.87,0.4895287958115184,-0.041890941709159774,0.6150590047849345,0.5105190842924504,1.2166666666666666,0.21666666666666667,0.5223459186031543,0.5211278205010688,1.2371082280970835e-05,143,191,False,False,False,6015cfb73bcd2b738eedd5e1f2da1a45347a888c5684037bb7713c235c9bd7e6,ecd6111ec5cf58d68dbb93f83a1ac37c1ef62768dcc3f12177b7dd781ac5d753,1.98,1.85,True,2024-04-30T18:41:00+00:00,2024-04-30T18:41:00+00:00,0.4988331081994429,0.49975524023450063,0.5028104228318888
te:2602171,2024-04-30,2024,2024-04-30,darderi,tirante,2024-04-30T13:00:00+00:00,2024-04-29T09:39:00+00:00,1.0,2024-05-02T22:00:00+00:00,2024-04-30,1.83,2.0,0.5221932114882506,0.08883121370661551,0.6127755778811605,0.370163123531123,1.3333333333333333,0.03333333333333333,0.7373306978441267,0.6642461787975469,1.832345386532097e-11,206,156,False,False,False,757eb207c912231f485c52dd3318ad8e2b86727b84bfcfdfb9e6a27719b08237,9278f81452094d9cf376eb404202619e3111e0b100c21bf0708938803c2fcd15,1.93,1.9,True,2024-04-30T10:42:00+00:00,2024-04-30T12:36:00+00:00,0.5306571964348933,0.5303567148858728,0.5347151639149288
te:2602217,2024-04-30,2024,2024-04-30,gasquet,mayot,2024-04-30T12:15:00+00:00,2024-04-29T10:40:00+00:00,1.0,2024-05-02T22:00:00+00:00,2024-04-30,1.8,2.03,0.5300261096605744,0.12024912815157689,0.624724465465856,0.3894010541998824,0.9833333333333333,0.9833333333333333,0.6261597077030022,0.6249840112465004,2.97096330759139e-07,154,192,False,False,False,82c1996e4f87f1b9f70171a5f041bbacbd5f5670c8f844c5f4a0148e749a3024,d3a5d358156e4de6e67413fcc5cb0a0af16bb9897114afa84c22e1a411bf1df8,1.81,2.04,True,2024-04-30T04:43:00+00:00,2024-04-30T04:43:00+00:00,0.5382785470991577,0.5382021013999402,0.5372283289863864
te:2602227,2024-04-30,2024,2024-04-30,munar-d1298,giron-49e97,2024-04-30T11:00:00+00:00,2024-04-29T10:46:00+00:00,0.0,2024-05-02T22:00:00+00:00,2024-04-30,1.83,1.99,0.5209424083769634,0.08381867188307154,0.6160376511786776,0.3889449139898361,1.2333333333333334,0.13333333333333333,0.6612075791402262,0.6148097114477128,9.594686156688681e-12,155,149,False,False,False,14e99942e9a0726f8417c8bb920bb21d7b9530f6b6be0b26996921163c56d6aa,5b7e942c02cd197bbd557ed67ec3ff67a59a8cdc146f48ffafb0929a5285ca3f,1.89,1.94,True,2024-04-30T05:00:00+00:00,2024-04-30T05:00:00+00:00,0.5294398382544726,0.5293168282250347,0.532777638197089
te:2602715,2024-04-30,2024,2024-04-30,lajal,cui-f99f9,2024-04-30T07:05:00+00:00,2024-04-29T16:09:00+00:00,1.0,2024-05-02T22:00:00+00:00,2024-04-30,2.15,1.71,0.4430051813471503,-0.2289744716250029,0.5652602746070297,0.49151324013365116,1.1666666666666667,1.1666666666666667,0.718567613517899,0.6035834789934889,9.232576370088452e-10,162,121,False,False,False,bcacb1e7c932fbd2545b0ec9f4c3b87abdc3aa8937b8f6fc0a56039760fe70d2,5759b97e1446e06bf60123b4f978f11557004886328da97d396a49b273df7716,2.13,1.75,True,2024-04-30T05:35:00+00:00,2024-04-30T05:35:00+00:00,0.4533687346671227,0.45388418450282014,0.4531923345158252
te:2602735,2024-04-30,2024,2024-04-30,meligeni-rodrigues-alves,kuzmanov,2024-04-30T09:10:00+00:00,2024-04-30T00:34:00+00:00,0.0,2024-05-02T22:00:00+00:00,2024-04-30,1.8,1.93,0.517426273458445,0.06973333801467523,0.640516279508436,0.507872307489212,0.4166666666666667,0.4166666666666667,0.7062860496120044,0.6915719137519436,8.7272578053188e-11,160,141,False,False,False,bb16a47f063cc4c67266753630c3f3d0c17d211fbb0bdd8a68a450be3f9428dc,054d04f41cf677fa8b8cb0d8183f1114bed12f39e3c48f4e84390ede31475297,1.82,1.96,True,2024-04-30T04:09:00+00:00,2024-04-30T08:48:00+00:00,0.5260172106578537,0.5270394484165442,0.5251137167863584
te:2602961,2024-04-30,2024,2024-04-30,kukushkin,llamas-ruiz,2024-04-30T09:10:00+00:00,2024-04-29T20:47:00+00:00,,,,1.9,1.82,0.489247311827957,-0.043017385083690754,0.6574969507568755,0.6951769509304453,1.6333333333333333,0.7666666666666667,0.7508863229225785,0.8010095482084693,1.4314127605441485e-08,151,169,False,False,False,dd4d9b1085ec6d0d492767b55e36e66149b437e04aaf1f6430806c8edb12f463,e081d369deec966353bf74301de7e55b05014375c8434ab447e1677948c69080,1.96,1.81,True,2024-04-30T08:49:00+00:00,2024-04-30T08:49:00+00:00,0.4985585475158508,0.501287993936932,0.5044972403608264
te:2603403,2024-04-30,2024,2024-04-30,de-jong-57322,passaro-5f6f1,2024-04-30T09:50:00+00:00,2024-04-30T00:37:00+00:00,1.0,2024-05-02T22:00:00+00:00,2024-04-30,1.79,1.94,0.520107238605898,0.08047235322257275,0.615750203866725,0.3910761630038151,1.1,0.26666666666666666,0.6119735354850875,0.5806220652645078,2.8312609756664386e-08,143,151,False,False,False,042d430e1f7fd0c40fd2ad4a7de8b7b3b0e17fa88148f0a162b5c0b8a3d614f7,fac336e495a469a64ddd86a75c98343a6e010237503a935735f9ef1c0a766a24,1.81,1.96,True,2024-04-30T00:54:00+00:00,2024-04-30T04:10:00+00:00,0.5286269472104896,0.5285208683787673,0.5307880296499383
te:2604959,2024-05-03,2024,2024-05-03,bagnis,shevchenko-3bd40,2024-05-03T09:50:00+00:00,2024-05-01T19:48:00+00:00,1.0,2024-05-05T22:00:00+00:00,2024-05-03,1.85,2.01,0.5207253886010362,0.08294908298075078,0.6284129720095354,0.44246536830449845,1.4166666666666667,0.11666666666666667,0.6449775069745143,0.6467041294763639,7.213926206395271e-09,160,174,False,False,False,b42261759c45e660db8771a7461a282d224e90a5a4804c6ab14c537895b6df46,4ff130f0cbb3fb111c1e3dd851876707a3201d00198e892ac1ad9156167126ea,1.84,2.04,True,2024-05-02T13:53:00+00:00,2024-05-02T13:53:00+00:00,0.5292286116995867,0.52962698923427,0.5341073546980986
te:2605245,2024-05-03,2024,2024-05-03,galan-e4b30,fucsovics,2024-05-03T10:05:00+00:00,2024-05-02T20:17:00+00:00,,,,2.14,1.75,0.4498714652956298,-0.20119004109833744,0.5717935087152756,0.4903624330429733,0.5,0.5,0.6461419267235152,0.7610635932349217,4.641596967891459e-09,170,137,False,False,False,bb732ab6a424fd9db848566729e837f00b044d8579592151d362c758ab68e7d0,f9b964a1147ee3cc8fe08991a29e139b99eac6858786436e03c337e2db1b0c86,2.19,1.74,True,2024-05-03T09:50:00+00:00,2024-05-03T09:50:00+00:00,0.46009016698703525,0.46062750664935403,0.45884987373281266
te:2605341,2024-05-03,2024,2024-05-03,musetti,borges-8d823,2024-05-03T12:10:00+00:00,2024-05-02T20:19:00+00:00,1.0,2024-05-05T22:00:00+00:00,2024-05-03,1.92,1.93,0.5012987012987012,0.005194816877103783,0.6340581889744498,0.5444715795726064,0.3333333333333333,0.3333333333333333,0.7429312596620334,0.6935988296517341,1.9701788533943443e-09,155,157,False,False,False,9ad84faf479d26c36045a8308afee63518932f007c7119f4f479a16739964148,4365ccbe873aaf2d278fabf99a0d8d20a092b8465cfed50c7d8e99bdc7a45077,1.85,2.02,True,2024-05-03T11:52:00+00:00,2024-05-03T11:52:00+00:00,0.5103084638083637,0.5116168922373401,0.5095433297791541
te:2605389,2024-05-03,2024,2024-05-03,darderi,coria-df292,2024-05-03T17:50:00+00:00,2024-05-02T20:19:00+00:00,,,,1.93,1.92,0.49870129870129865,-0.0051948168771042275,0.6058132625750021,0.43494185802011925,0.38333333333333336,0.38333333333333336,0.6200294248144053,0.5655243718711042,5.830746996338121e-10,204,188,False,False,False,32ad9dc544f14f4011e6f0e161df08e61a4e2e0ceb5c0e0fb1c8a4313c8c97ee,cf57cfbe5ac2f927927d5d717fb1ecb0d3dd7d8e83f036103552085bfd9bfc0b,1.94,1.93,True,2024-05-03T15:24:00+00:00,2024-05-03T15:24:00+00:00,0.5077768982127332,0.5080011199169152,0.5060313683916652
te:2605409,2024-05-03,2024,2024-05-03,kirkin,torres-dc0bf,2024-05-03T15:50:00+00:00,2024-05-03T02:24:00+00:00,1.0,2024-05-05T22:00:00+00:00,2024-05-03,1.96,1.89,0.49090909090909085,-0.03636764417087508,0.6050884685069704,0.463080551536278,0.0,0.0,0.5000000000000001,0.5463872232218615,0.008828011314520212,199,102,False,False,False,171429bf393da96eafbd8b773401989c8fb5e8bd1066a003988f08b0c10c1262,769d10f12f4c7780a2b0b7e89150709647a24e98011b5b2925c138f307b3ac22,1.93,1.93,True,2024-05-03T12:58:00+00:00,2024-05-03T12:35:00+00:00,0.5001793705527184,0.500643249350617,0.49803999039136165
te:2605807,2024-05-07,2024,2024-05-07,bolt-fa7eb,escoffier,2024-05-07T03:10:00+00:00,2024-05-04T18:40:00+00:00,1.0,2024-05-09T22:00:00+00:00,2024-05-07,1.65,2.26,0.578005115089514,0.31458952537170504,0.6564075046237468,0.332735918074583,1.3833333333333333,0.18333333333333332,0.7353476120547664,0.7484413214877276,1.2414846928265888e-11,142,157,False,False,False,0fc732dbf1434f4e2871e212f4c2b0b8d6ef2c5e9bbc4559597e086b721e9be6,cf79760fcf8341418b6e9051669399eb0ff46d8e8fe956ef7006d0427ed59594,1.7,2.2,True,2024-05-06T23:49:00+00:00,2024-05-07T01:26:00+00:00,0.5848925456896775,0.5844967792999871,0.5884716187600831
te:2605897,2024-05-07,2024,2024-05-07,kovalik,gaubas,2024-05-07T08:10:00+00:00,2024-05-05T10:53:00+00:00,0.0,2024-05-09T22:00:00+00:00,2024-05-07,1.74,2.11,0.548051948051948,0.19280283426153733,0.6301708836940991,0.34014714117111067,1.05,0.35,0.6614447057094933,0.6516834231214659,1.3180396152279172e-07,180,191,False,False,False,7a696926d4f654c7d4c28a360c6c80641b2d52c68e6c3b7f9e5e45515de56e2d,8084ccb00f014787bcaac10e26be45f5244c00bd4e25770a87e51dcaceb9ff8a,1.75,2.12,True,2024-05-06T04:53:00+00:00,2024-05-06T04:53:00+00:00,0.5558045849556063,0.5553349400287272,0.5570261578943645
te:2606035,2024-05-07,2024,2024-05-07,guillen-meza,aboian-f7ddc,2024-05-07T13:10:00+00:00,2024-05-06T16:17:00+00:00,1.0,2024-05-09T22:00:00+00:00,2024-05-07,1.93,1.88,0.4934383202099738,-0.026248226074936154,0.6080027697612028,0.46517288951087477,0.9666666666666667,0.0,0.5387621031467514,0.5000000000000001,0.0005560945341209489,197,207,False,False,False,63ce28c602d1b45c1e974fc280e253c7b133fd8a20bbae6a1576c3bda1a241d5,f79deda7328e6e20bdf6fc1389c755918497343ef85c69f221650ed34c49c1ab,1.9,1.93,True,2024-05-07T12:51:00+00:00,2024-05-07T12:51:00+00:00,0.502645882029,0.503141924573479,0.5056742944822307
te:2606345,2024-05-07,2024,2024-05-07,walton,mccabe-b71c6,2024-05-07T05:25:00+00:00,2024-05-06T14:48:00+00:00,0.0,2024-05-09T22:00:00+00:00,2024-05-07,1.79,2.05,0.5338541666666666,0.13562417329765303,0.6389491535082987,0.4351819085172974,0.85,0.85,0.8090712858708012,0.7374310048189765,5.5067062021407764e-14,205,132,False,False,False,38e8239d6940703b3953c268eb8f7eb4e77dd8773379ab9d57d301c91b78cbea,272cfb3ff162920edffaae4d5bb438a0cd7d2d9175233349c37d4766bf6ea356,1.88,1.95,True,2024-05-07T04:48:00+00:00,2024-05-07T04:48:00+00:00,0.5420019343557244,0.5423884208370958,0.5411897514289631
te:2606349,2024-05-07,2024,2024-05-07,bertola-e4bb8,cressy,2024-05-07T05:00:00+00:00,2024-05-06T14:49:00+00:00,0.0,2024-05-09T22:00:00+00:00,2024-05-07,1.79,2.04,0.5326370757180157,0.13073418800346137,0.6086042315548683,0.3107147587952319,0.75,0.75,0.7342480747973924,0.8374311288728487,1.6998766283471411e-10,207,135,False,False,False,5d7bc3fd4a3efbc315329e3088cd4843c6847319452a014ce4fce8700f422da5,35e8754153077f20a8a86bb702dcba42d9476a5652a07f718e84a40825e3f31a,1.72,2.17,True,2024-05-07T04:38:00+00:00,2024-05-07T04:38:00+00:00,0.5408182112486094,0.5399881923469215,0.538651217656578
te:2609865,2024-05-10,2024,2024-05-10,lingua-lavallen,olivo,2024-05-10T16:55:00+00:00,2024-05-08T15:17:00+00:00,0.0,2024-05-12T22:00:00+00:00,2024-05-10,1.92,1.9,0.4973821989528796,-0.010471299867295303,0.6091290320157066,0.45412391999942847,0.23333333333333334,0.23333333333333334,0.5000000000000001,0.5353850679850265,0.007231965195278023,97,148,False,False,False,3f7057703ea86464871b05b3b9b30e20c6ca76e9cc27ebf8d412956ce42062dc,a524fdb3d6cf7a07560f74f912ab3b7b49114662203a2eeaeb0664f7e1bdd037,1.91,1.93,True,2024-05-09T09:18:00+00:00,2024-05-09T09:18:00+00:00,0.5064910555509993,0.5068970440645969,0.504677739899485
te:2610749,2024-05-10,2024,2024-05-10,vesely,fonio,2024-05-10T12:50:00+00:00,2024-05-09T17:28:00+00:00,1.0,2024-05-12T22:00:00+00:00,2024-05-10,1.67,2.27,0.5761421319796954,0.3069562050646476,0.6417393860595464,0.27596538203346943,1.1333333333333333,0.06666666666666667,0.6989566653701987,0.6989566653704504,2.4421734079460578e-09,98,183,False,False,False,0139d94c8882789a1059c4fcbbee52a990ce9ac4952e03c30b6951a575176153,45e635d1b652be0917ef07274cd3d18270cf153a48efca9add2c2a8d37a7ff01,1.69,2.26,True,2024-05-10T09:30:00+00:00,2024-05-10T11:14:00+00:00,0.5830844787303888,0.5821387132082352,0.5852584287513525
te:2610753,2024-05-10,2024,2024-05-10,onclin-89017,barranco-cosano,2024-05-10T11:10:00+00:00,2024-05-09T17:30:00+00:00,1.0,2024-05-12T22:00:00+00:00,2024-05-10,1.91,1.94,0.5038961038961038,0.015584731016698041,0.6147158495008643,0.4515942813826692,0.26666666666666666,0.26666666666666666,0.533812027003608,0.5229650951485075,4.0751502007607687e-07,150,189,False,False,False,22c61815926892ec172d219fb1252e5f3bdceb0b24966c97717b4f3f09b0d6c1,a526cce4677e6443540bd094132357d34cbc9d484c7546e6cfc124776b3e0c3d,1.9,1.97,True,2024-05-10T08:19:00+00:00,2024-05-10T08:19:00+00:00,0.5128395690654634,0.5132506657148128,0.5110872679334965
te:2611855,2024-05-14,2024,2024-05-14,marchenko,moriya,2024-05-14T13:15:00+00:00,2024-05-12T00:21:00+00:00,1.0,2024-05-16T22:00:00+00:00,2024-05-14,1.88,1.93,0.5065616797900262,0.026248226074936154,0.6300347541308882,0.5061176859331358,0.65,0.05,0.7190004166419669,0.6744400993309894,3.1674662892555716e-13,135,168,False,False,False,c42f3a14b33ceb64ef285ff80ddc3265b671628329cf63549a506536a3d3b0d9,06eaed30372d5c3c1456c2b299059967388520a1f7b8974d65cc92c832c4cee6,1.86,1.97,True,2024-05-14T11:32:00+00:00,2024-05-14T11:32:00+00:00,0.5154366361232112,0.5163933834552946,0.5170500902939786
te:2611867,2024-05-14,2024,2024-05-14,walton,shimizu-38ca9,2024-05-14T07:25:00+00:00,2024-05-12T00:24:00+00:00,0.0,2024-05-16T22:00:00+00:00,2024-05-14,1.95,1.87,0.4895287958115184,-0.041890941709159774,0.6194226863320724,0.5289894885529717,1.4833333333333334,1.4833333333333334,0.795168843864834,0.7116900214948249,9.936496070395151e-15,218,111,False,False,False,4081583ef21be79d35fec554da08cd82b9f93c828a0969daa45737056e9a3fc0,02e54f867e597ff5d046b20ec100a2155a7e7292e12e0dc1414f0d2ec4cbce45,1.93,1.9,True,2024-05-12T00:34:00+00:00,2024-05-14T06:12:00+00:00,0.4988331081994429,0.4999361474464619,0.4997478206116114
te:2612265,2024-05-14,2024,2024-05-14,landaluce-84126,hemery,2024-05-14T09:10:00+00:00,2024-05-12T09:39:00+00:00,1.0,2024-05-16T22:00:00+00:00,2024-05-14,1.78,2.06,0.5364583333333334,0.14609261849749608,0.631479920121609,0.3924783246768163,0.3,0.3,0.6695381997235187,0.6575444151300358,7.511375635371742e-08,138,191,False,False,False,ae5c21fbb684c0364efa4eaa0f71cb5867884bd3126721f75a36c114972296c7,e6cb0cc495637382880cac5637b0c59135c4b62ba0878666214105b1b3348d42,1.79,2.07,True,2024-05-13T22:44:00+00:00,2024-05-14T06:25:00+00:00,0.54453442994356,0.5445176549953413,0.5424346831423924
te:2614373,2024-05-14,2024,2024-05-14,tabur,cecchinato,2024-05-14T09:05:00+00:00,2024-05-13T16:49:00+00:00,1.0,2024-05-16T22:00:00+00:00,2024-05-14,1.93,1.89,0.4947643979057591,-0.02094317384524342,0.6107548722149948,0.47142956767486527,0.85,0.85,0.5147168450185875,0.5460078846443128,9.41583441632643e-08,200,94,False,False,False,097d1a8f5c0eec46aa56ed2bc738bcdbd8b5e980ace1aca65f4362a2b06aaf71,13d6ba7863739c33beda912b95f9dc558e99e1c101121c0a0fae5a07625c5a5d,2.04,1.81,True,2024-05-14T07:17:00+00:00,2024-05-14T07:17:00+00:00,0.5039388939799557,0.5045023203554346,0.5032888738961445
te:2614387,2024-05-14,2024,2024-05-14,novak-77d05,added,2024-05-14T11:40:00+00:00,2024-05-14T01:47:00+00:00,,,,2.17,1.7,0.43927648578811374,-0.24409891649019763,0.5680043837158779,0.517812612289045,0.4666666666666667,0.4666666666666667,0.7620082029754573,0.6440058354264347,7.3714793158430325e-09,167,175,False,False,False,f332a77546c51b7050392d93ebd5846b447af7214dc3627d1573e7aa99863cc1,83abd2700dc461ac46dcd9d203892b69e79b1251fcc467ef4894eebb970580f4,2.1,1.76,True,2024-05-14T11:30:00+00:00,2024-05-14T11:19:00+00:00,0.4497169006768467,0.45046937120403413,0.44863904310164043
te:2614393,2024-05-14,2024,2024-05-14,burruchaga,andreev-8a7ee,2024-05-14T10:10:00+00:00,2024-05-14T01:46:00+00:00,1.0,2024-05-16T22:00:00+00:00,2024-05-14,1.88,1.93,0.5065616797900262,0.026248226074936154,0.6147377129331603,0.4410231002855869,1.3166666666666667,0.2833333333333333,0.503071863821001,0.5000000054739353,0.021026083143159457,203,171,False,False,False,ebca8cbd45c6bdf11f7dd66ee807effd1fae9a2a2a20b9085cadbe82774b407d,78eb06bf86530daa55c4a8bcc5924bcef34d6150acdfda8bef2dc4835c9f6e90,1.87,1.97,True,2024-05-14T09:01:00+00:00,2024-05-14T09:01:00+00:00,0.5154366361232112,0.5157564776479769,0.5191076499765931
te:2614397,2024-05-14,2024,2024-05-14,harris-9f62b,silva-cb43c,2024-05-14T10:10:00+00:00,2024-05-14T01:49:00+00:00,1.0,2024-05-16T22:00:00+00:00,2024-05-14,1.88,1.93,0.5065616797900262,0.026248226074936154,0.6289226200225609,0.5013493901987756,0.9166666666666666,0.9166666666666666,0.7428571830368109,0.6868047465092957,1.127020643476584e-08,137,112,False,False,False,c4cce81633dc2e39fb850e74530bb32345f79a2a74610e21e452e20ca4df048f,0fea88186dffcf6231a49ea4b1c33c54cb555cc679f2dc4d4c72afa60c299963,1.82,2.03,True,2024-05-14T09:56:00+00:00,2024-05-14T09:56:00+00:00,0.5154366361232112,0.5163467307393393,0.5152370307282413
te:2613865,2024-05-17,2024,2024-05-17,goffin,varillas,2024-05-17T09:35:00+00:00,2024-05-13T15:48:00+00:00,1.0,2024-05-19T22:00:00+00:00,2024-05-17,1.9,1.95,0.5064935064935064,0.025975486403260445,0.6322704771766342,0.5159941108048222,0.36666666666666664,0.36666666666666664,0.6711093166135965,0.6609319711722131,3.113058535952895e-08,182,150,False,False,False,8393d5ff40ab6e2ff28a19335242975a9152144c48eebb4c5ebc258ab460b9eb,433a55b8ea15cb9f2338a0baa71b4a0c35456738bca3be3cd9999ea761ca096b,1.93,1.93,True,2024-05-17T07:47:00+00:00,2024-05-17T04:42:00+00:00,0.5153702208608525,0.5164232919051386,0.5144109845533289
te:2613871,2024-05-17,2024,2024-05-17,wolf-e839f,nardi-e2cda,2024-05-17T09:45:00+00:00,2024-05-13T15:39:00+00:00,1.0,2024-05-19T22:00:00+00:00,2024-05-17,2.04,1.83,0.4728682170542636,-0.10863384100279541,0.563652424880042,0.36463251818307063,1.4666666666666666,0.8,0.5922780364901504,0.7074779995026547,1.1787593512391226e-08,119,179,False,False,False,7730a7cfe07d91a9e959d1cf0a373d151474f0ccd6bac6e055c7af6c6a03f3c3,795c3742ba2c8c7033a47f559c5895de253829634fa1301a9dcb72ea6d3bf7d9,2.23,1.71,True,2024-05-16T15:53:00+00:00,2024-05-16T14:18:00+00:00,0.4825720622895335,0.48198897228934656,0.4842557376168737
te:2616431,2024-05-17,2024,2024-05-17,marchenko,hsu-b2ce0,2024-05-17T08:35:00+00:00,2024-05-16T13:15:00+00:00,1.0,2024-05-19T22:00:00+00:00,2024-05-17,1.78,2.11,0.5424164524421594,0.17007458318398147,0.6099118884387466,0.276867277681633,0.0,0.0,0.6545095195085232,0.7283162176556777,2.746368132910959e-10,135,125,False,False,False,06d90df5c17637cec482828dbe594453d2d9b896ea9ff672c147f506031b9514,cb5a107964c54715022507a9a9b40b93f9ee3625120c4c91d48694d3d80911a0,1.76,2.15,True,2024-05-17T04:33:00+00:00,2024-05-17T04:33:00+00:00,0.5503271939951822,0.5492167501579794,0.5466738938496044
te:2616671,2024-05-17,2024,2024-05-17,roca-batalla,dzumhur,2024-05-17T11:10:00+00:00,2024-05-17T03:55:00+00:00,1.0,2024-05-19T22:00:00+00:00,2024-05-17,1.93,1.93,0.5,0.0,0.6145205360002769,0.4663544269808186,0.8666666666666667,0.16666666666666666,0.6254234999045644,0.6800157227149092,1.0056866125984776e-07,208,176,False,False,False,6fe968333f22a587d2ea868cba2aa83a46f178d3fcd13b698379ebe4dffa4ef0,03cac7cf5f750476bb37394563d2e92fee94bace71e9c58e59ca2e2b7bdeb872,1.85,2.03,True,2024-05-17T10:40:00+00:00,2024-05-17T10:40:00+00:00,0.5090427389828361,0.5095804977866726,0.5109680070731917
te:2616743,2024-05-17,2024,2024-05-17,nakashima-68876,navone,2024-05-17T12:20:00+00:00,2024-05-16T23:10:00+00:00,1.0,2024-05-19T22:00:00+00:00,2024-05-17,1.78,2.1,0.5412371134020618,0.16532398042538338,0.6411603062532275,0.415079779749809,0.2833333333333333,0.2833333333333333,0.6953499020163958,0.7190588338764384,1.943362692991002e-10,196,181,False,False,False,1c19b6c2b86585de58c564758dcab29f2db42951403f43d7cf374553a9c0235d,7b457c5a37c568f1e57a35d335f5ec35c850403a19c1071da51134ed49139e40,1.81,2.08,True,2024-05-17T11:10:00+00:00,2024-05-17T11:10:00+00:00,0.54918073447869,0.5494052009886292,0.5472942488942322
te:2616871,2024-05-17,2024,2024-05-17,wolf-e839f,hanfmann,2024-05-17T13:25:00+00:00,2024-05-17T11:40:00+00:00,0.0,2024-05-19T22:00:00+00:00,2024-05-17,1.94,1.91,0.49610389610389616,-0.015584731016698041,0.6070392003799132,0.4504682401375309,0.36666666666666664,0.36666666666666664,0.6439804102865442,0.7185289915231434,3.561406058949501e-09,117,154,False,False,False,3464b80d6e49fdc13b51387ee10d511a5e24e122ed754174321cfb812be8bfe3,750a5ee8ef1de07b21315b001d439f46d5ac3aa70b9400eb29bb416c3de256fe,1.97,1.88,True,2024-05-17T13:18:00+00:00,2024-05-17T13:18:00+00:00,0.505244865397158,0.5056091730112953,0.5036088053702927
te:2618139,2024-05-21,2024,2024-05-21,basic,vincent-ruggeri,2024-05-21T11:10:00+00:00,2024-05-19T14:49:00+00:00,0.0,2024-05-23T22:00:00+00:00,2024-05-21,1.93,1.89,0.4947643979057591,-0.02094317384524342,0.617310836708667,0.499092782530376,1.1,0.16666666666666666,0.6854121985078772,0.7604001472473608,1.524185855306115e-08,86,202,False,False,False,34c0b0c4565b71fb374952281aae6809ed10cd4ef5585d5a7157effc3277dd5a,cc1aa416d17a0c15eadc150176e9e9ffa39c7b169a1df3ae73059827854fba4b,2.05,1.8,True,2024-05-21T06:28:00+00:00,2024-05-21T06:28:00+00:00,0.5039388939799557,0.5047732426831839,0.5073941800455518
te:2618141,2024-05-21,2024,2024-05-21,paulson-c9bf3,vesely,2024-05-21T12:00:00+00:00,2024-05-19T14:47:00+00:00,1.0,2024-05-23T22:00:00+00:00,2024-05-21,1.86,1.96,0.5130890052356021,0.052367985517315925,0.6048870093231907,0.3735019172798603,0.5,0.5,0.6579359817993503,0.7399166339597001,1.5255549601356222e-10,126,107,False,False,False,0e20bccac14bae147ba15c5e8c1e425b29ac57b8535022a69bac52a334e5f5b1,e693ff23d950b0547d971fe6d7056ad4e1a05b4b27080ca9f6db1dd1163c3462,1.98,1.85,True,2024-05-21T10:49:00+00:00,2024-05-21T10:49:00+00:00,0.5217942305536234,0.5214837994553074,0.5197198695894638
te:2618153,2024-05-21,2024,2024-05-21,soto-fec8d,tkemaladze,2024-05-21T07:45:00+00:00,2024-05-19T01:49:00+00:00,0.0,2024-05-23T22:00:00+00:00,2024-05-21,2.06,1.78,0.46354166666666663,-0.14609261849749608,0.5669535579179665,0.41552503164523635,1.2666666666666666,0.5,0.6040854105191478,0.5000000000000001,0.003317159187071858,135,145,False,False,False,507e5017de0bf6a58336be9834df96d0d71a399534d2f0dcb5f86a3b0ab9e403,7efb03cfcb03602ca455c15663ab7fec223848355c529942645316900a1c1d8d,2.0,1.84,True,2024-05-21T06:54:00+00:00,2024-05-21T06:54:00+00:00,0.47345965725855943,0.4733314010300153,0.47562478661244445
te:2618173,2024-05-21,2024,2024-05-21,masur-d87d6,geerts,2024-05-21T09:15:00+00:00,2024-05-19T14:48:00+00:00,1.0,2024-05-23T22:00:00+00:00,2024-05-21,1.66,2.24,0.5743589743589743,0.29965826349849645,0.6398324092176397,0.2749785648906037,0.3333333333333333,0.3333333333333333,0.71750180670605,0.6918952077578129,6.267413532601296e-10,188,178,False,False,False,8a56212433ac457080caf8c0055a39bdea2437f3c9309a3db4e46d3fd3a2f5d6,f921e31758df42e9795072b13dd20ecddd7ab139c11c4f6472fa459c63f55afd,1.8,2.06,True,2024-05-21T07:36:00+00:00,2024-05-21T06:22:00+00:00,0.5813537585796515,0.5803892664156691,0.5784190478567236
te:2620025,2024-05-21,2024,2024-05-21,strombachs,ayeni-bd31c,2024-05-21T08:50:00+00:00,2024-05-20T20:18:00+00:00,1.0,2024-05-23T22:00:00+00:00,2024-05-21,1.76,2.08,0.5416666666666667,0.16705408466316649,0.6247077800481075,0.3425249280984082,1.2833333333333334,0.18333333333333332,0.688800723887417,0.648226434301784,4.1796510696912037e-10,175,146,False,False,False,e0e392174c5b555e6bdd4df06cb384459a6e6a6669d949c4978e55e24b004ccf,e09bf8d82b8374eb86ff1b8244f6cecedea80b21c2c2d78f2e846f8b87a8bf90,1.73,2.16,True,2024-05-21T07:41:00+00:00,2024-05-21T07:41:00+00:00,0.5495983203923896,0.5491210510696498,0.5526491598849984
te:2620029,2024-05-21,2024,2024-05-21,sekulic-13abc,stewart-a929c,2024-05-21T11:15:00+00:00,2024-05-20T20:18:00+00:00,0.0,2024-05-23T22:00:00+00:00,2024-05-21,1.83,1.99,0.5209424083769634,0.08381867188307154,0.6242168062407383,0.4236667172969495,1.0166666666666666,0.35,0.718025042194564,0.665159383614597,1.1482093054127063e-11,184,149,False,False,False,825d0c3555fafa2176901dc6fbb83d7501188e1254c667ca89bb21656180434f,480b3ee818ff731b876bf9e8b54f9b1322c19f9f8dafb717b68b4b781327c8e8,1.79,2.06,True,2024-05-21T07:46:00+00:00,2024-05-21T07:46:00+00:00,0.5294398382544726,0.529655726045679,0.5311694289457044
te:2620501,2024-05-21,2024,2024-05-21,weis-6ba1c,nikles,2024-05-21T10:10:00+00:00,2024-05-21T01:43:00+00:00,1.0,2024-05-23T22:00:00+00:00,2024-05-21,2.18,1.7,0.43814432989690716,-0.2486966257388275,0.5607122044997545,0.49274962627473323,0.3,0.3,0.6551316966645694,0.5417753771221071,1.1390081780526806e-07,183,71,False,False,False,606ae656a8c8d32d2d4d1f1e424f00c684cc90b986a8d61fa429a5b0e0710ca1,dc8d61f39b6088ce6132f14a9bd69676a8de2b8970b7ff17c78011471aacd5b1,2.16,1.72,True,2024-05-21T08:16:00+00:00,2024-05-21T07:10:00+00:00,0.4486078274525876,0.4491117550624684,0.44701775160419044
te:2620515,2024-05-21,2024,2024-05-21,dedura-palomero-d612d,dutra-da-silva,2024-05-21T09:10:00+00:00,2024-05-20T20:17:00+00:00,1.0,2024-05-23T22:00:00+00:00,2024-05-21,1.9,1.92,0.5026178010471204,0.010471299867295303,0.6114079320728716,0.442762958314846,1.2833333333333334,1.2833333333333334,0.500000001119938,0.5273189989190852,0.02367337454812729,23,146,False,False,False,269038933dec48b18c42b9503a853a515f0da46225096991a4f70dba3e679b96,1d2cd270343c065ca0e02e708223de4035a8fac75aa5d466a0f27b23dadce838,1.93,1.91,True,2024-05-21T04:35:00+00:00,2024-05-21T04:35:00+00:00,0.5115939513229681,0.5119127484740783,0.5114145892259913
te:2623823,2024-05-28,2024,2024-05-28,fatic-cddef,skatov,2024-05-28T14:10:00+00:00,2024-05-26T16:12:00+00:00,0.0,2024-05-30T22:00:00+00:00,2024-05-28,1.93,1.89,0.4947643979057591,-0.02094317384524342,0.5929706093663456,0.3972026133002374,1.4333333333333333,0.8,0.5310290679615298,0.603424280751952,5.789300858149993e-09,154,145,False,False,False,ccac990f94e0898ab59a394b5bc3025698c508201a0046639b3d248e4b0eb4df,b1b005ed1797a02dc7b9276efc8b6c172a58815059c5e81abc8f2c3fd960d230,1.92,1.92,True,2024-05-28T12:51:00+00:00,2024-05-28T12:51:00+00:00,0.5039388939799557,0.5037753589885501,0.5058601703796575
te:2624347,2024-05-28,2024,2024-05-28,hong-0ce56,cassone,2024-05-28T15:05:00+00:00,2024-05-26T15:49:00+00:00,1.0,2024-05-30T22:00:00+00:00,2024-05-28,2.18,1.7,0.43814432989690716,-0.2486966257388275,0.504761542979919,0.2677433734503184,0.4666666666666667,0.4666666666666667,0.753395823795311,0.5904582323106015,1.2758847436900034e-08,174,34,False,False,False,cfe70dfbedd8711b7821057e31b339650a35b249c3fcddf348ebe64c3486ed3b,539ddc5da2184870df838f72d0d31571e695a7feef136a38bac984251254eec3,2.12,1.75,True,2024-05-28T11:18:00+00:00,2024-05-28T11:18:00+00:00,0.4486078274525876,0.4469317653530023,0.44515478995279795
te:2626855,2024-05-28,2024,2024-05-28,martin-e6e6e,hsu-b2ce0,2024-05-28T19:30:00+00:00,2024-05-27T23:38:00+00:00,0.0,2024-05-30T22:00:00+00:00,2024-05-28,2.1,1.75,0.4545454545454546,-0.18232155679395445,0.5496150896449125,0.38143717951075246,0.0,0.0,0.5000000000000001,0.6220716882281675,0.0034632453537947333,80,132,False,False,False,c553ce6dc7eec7e4f1d10354815661973e64c672202ebe2ae4b7c99874d243cd,b50bb67e317013442c4a10391a16d7bfe11f0d9fab3afe11cc18034e1a938e98,2.02,1.83,True,2024-05-28T15:30:00+00:00,2024-05-28T15:30:00+00:00,0.46466315284713194,0.46416137575077865,0.46159002111470104
te:2626857,2024-05-28,2024,2024-05-28,shimizu-38ca9,smith-8b3b8,2024-05-28T19:10:00+00:00,2024-05-27T23:38:00+00:00,0.0,2024-05-30T22:00:00+00:00,2024-05-28,1.94,1.88,0.4921465968586388,-0.03141619623337862,0.5940047642349011,0.41196211119717524,0.0,0.0,0.7583611470466245,0.6622130275182228,6.298758736811294e-11,113,172,False,False,False,9f324cee32929b51f9e3cac712e3c197b451dd75780b3b8e2c4df778f9cce7be,d44bb4ac2e9729cd7e65adc48a829567010cf8ed336fcde2c89cb8b3fa952db3,1.89,1.94,True,2024-05-28T15:30:00+00:00,2024-05-28T15:30:00+00:00,0.5013862472162119,0.5013551685573312,0.4987623412639724
te:2627595,2024-05-31,2024,2024-05-31,shimizu-38ca9,tomic-4ca3d,2024-05-30T23:10:00+00:00,2024-05-29T08:40:00+00:00,,,,1.81,2.03,0.5286458333333333,0.11470894777596129,0.6465103269440761,0.4890259524368272,0.0,0.0,0.7337064182593012,0.7107747176714578,1.0940692796168605e-12,113,176,False,False,False,79dd360b319aa7ecfee821dbb624a74ee0df5558c22b594a01150d257a42bfeb,7f70d68ed08f11b0d21c9e810f251ac9bb66b4b2538c86138cc047c6cf55b981,1.79,2.06,True,2024-05-30T06:50:00+00:00,2024-05-30T06:50:00+00:00,0.5369358077442896,0.5378232956579195,0.5352276761476883
te:2627903,2024-05-31,2024,2024-05-31,tseng-5c1bc,prado-angelo,2024-05-31T13:35:00+00:00,2024-05-29T15:49:00+00:00,0.0,2024-06-02T22:00:00+00:00,2024-05-31,1.96,1.86,0.486910994764398,-0.0523679855173157,0.5937250398746631,0.43175412981161965,0.0,0.0,0.6306660186513675,0.5562015634778986,9.124860866904783e-09,133,141,False,False,False,96a1baf9aab910b9ca036f96cf77e07cb79dd517ee0107a85598e1e2ce4ef589,291683b467c9241114b34507d5af00afc5c7b8d8fd1f1094866a8baabefdd93b,1.94,1.89,True,2024-05-30T09:52:00+00:00,2024-05-30T09:52:00+00:00,0.4962794698616529,0.49641803833424347,0.49382153978780785
te:2628593,2024-05-31,2024,2024-05-31,basavareddy,svajda-cce6f,2024-05-31T17:10:00+00:00,2024-05-31T01:10:00+00:00,0.0,2024-06-02T22:00:00+00:00,2024-05-31,1.97,1.88,0.4883116883116883,-0.04676176590803932,0.6045067465741463,0.4710408677659542,0.6833333333333333,0.05,0.5477661954489502,0.5000000000021328,0.024091279661966294,57,50,False,False,False,624ea702209a4673c786627deb0db077738a50708c0ef95f931a75910607a4a9,654875c034384c485b00101d5b4cb46232321e469914497814893f0c16dba086,1.96,1.91,True,2024-05-31T16:57:00+00:00,2024-05-31T16:57:00+00:00,0.4976458947308096,0.4981757273661511,0.4990179289630862
te:2629379,2024-06-04,2024,2024-06-04,choinski,hanfmann,2024-06-04T14:00:00+00:00,2024-06-02T15:25:00+00:00,0.0,2024-06-06T22:00:00+00:00,2024-06-04,1.96,1.86,0.486910994764398,-0.0523679855173157,0.5990817942688321,0.45400869490953266,0.0,0.0,0.6548638417404362,0.7432714461327786,4.1261247196722195e-10,172,148,False,False,False,5cea5d92fbf4ca4c35e4815f1570efa4199b54105211c2139f6278ec46707bc9,4f9d473a72c52429da5234cce9cb80b270454470f9ab1b26d58a0c116ff8eaa4,2.01,1.83,True,2024-06-04T07:49:00+00:00,2024-06-04T07:49:00+00:00,0.4962794698616529,0.4966359987747143,0.4940349220134027
te:2631811,2024-06-04,2024,2024-06-04,jubb,michelsen-a98bb,2024-06-04T11:40:00+00:00,2024-06-03T18:30:00+00:00,1.0,2024-06-06T22:00:00+00:00,2024-06-04,1.8,2.07,0.5348837209302325,0.1397619423751585,0.5874617784920353,0.21372038395754583,0.0,0.0,0.6058451107601968,0.6972966954656266,3.8402131474768453e-10,174,208,False,False,False,9af2250cdc598aa052738e96002a5e10a1d989f8ace34502ce5877f5ec2e3d4c,937a22d8804055372f577b2a05659a323b11dead9fd38a617cb2859e6cb66fb1,1.7,2.23,True,2024-06-04T09:00:00+00:00,2024-06-04T08:31:00+00:00,0.5430031981168052,0.5412407437976712,0.5387037329166824
te:2632437,2024-06-04,2024,2024-06-04,moro-canas,gill-59a09,2024-06-04T09:40:00+00:00,2024-06-03T19:08:00+00:00,1.0,2024-06-06T22:00:00+00:00,2024-06-04,1.89,1.93,0.5052356020942408,0.020943173845242972,0.6148855618320995,0.4469524662100853,0.0,0.0,0.6689995798907664,0.6182320197517265,4.572620060372401e-12,181,185,False,False,False,e516d4c2d90987a473eb7f6c3c67aabc03d601b79fcd313d970e7b4132799018,4e7e061bbb8034c125802d02ffadbe55b27cfb2d411f2ded17ad8f04a3c5a102,1.87,1.97,True,2024-06-04T09:11:00+00:00,2024-06-04T06:04:00+00:00,0.5141446996137423,0.5145164950493553,0.5119179838034957
te:2632443,2024-06-04,2024,2024-06-04,marterer,masur-d87d6,2024-06-04T12:40:00+00:00,2024-06-03T18:03:00+00:00,0.0,2024-06-06T22:00:00+00:00,2024-06-04,1.79,2.04,0.5326370757180157,0.13073418800346137,0.6314209214562614,0.40758323821503717,0.0,0.0,0.7565640551599728,0.6981429027556028,3.664546166515237e-10,176,195,False,False,False,d4b121cdb59204e947fc38771c0bcecc1a72f0db912d3c3e0e5e6500e2b59147,57565d7485329b26ece3390486bb977dc992b70077faf09bff33e894823aa421,1.91,1.93,True,2024-06-04T09:00:00+00:00,2024-06-04T09:00:00+00:00,0.5408182112486094,0.5409307519407112,0.5383540812375528
te:2634449,2024-06-07,2024,2024-06-07,kym,cachin,2024-06-07T09:10:00+00:00,2024-06-06T17:20:00+00:00,1.0,2024-06-09T22:00:00+00:00,2024-06-07,1.79,2.05,0.5338541666666666,0.13562417329765303,0.6237859780976224,0.3700249637813537,1.35,0.6166666666666667,0.6246164505569844,0.6483100652666317,9.435961206838428e-09,100,129,False,False,False,8a0ab941fa40e50fb6f8959a21b48c08584e8f253d064e2381e7a336a630eecb,d8fa8d518f4de66ed1957d6f3abbc6b78866bc1284fa642ff8658dae0acde66a,1.77,2.1,True,2024-06-07T06:11:00+00:00,2024-06-07T05:06:00+00:00,0.5420019343557244,0.5417547635949693,0.5440584439717154
te:2634537,2024-06-07,2024,2024-06-07,tseng-5c1bc,djere,2024-06-07T11:25:00+00:00,2024-06-06T22:43:00+00:00,0.0,2024-06-09T22:00:00+00:00,2024-06-07,1.83,2.01,0.5234374999999999,0.09381875521765437,0.6249278428252107,0.416699009781054,1.7833333333333334,1.1833333333333333,0.6615893596061246,0.7105823069000003,2.650044073071456e-11,142,122,False,False,False,a25784f4d26969ae4cb565abd01e158cbd99a36111fe62383757f95799033684,f8d5595c6471be887e0cf13a36e07bb0e7564295270098dda88a90de9db30482,1.81,2.03,True,2024-06-07T09:55:00+00:00,2024-06-07T06:25:00+00:00,0.5318681210015879,0.5320274165511154,0.5345469241991567
te:2634589,2024-06-07,2024,2024-06-07,draxl,hong-0ce56,2024-06-07T17:40:00+00:00,2024-06-06T22:48:00+00:00,0.0,2024-06-09T22:00:00+00:00,2024-06-07,1.65,2.27,0.5790816326530612,0.3190045435808221,0.620415658397324,0.17230831044379713,0.48333333333333334,0.48333333333333334,0.6172127840889357,0.6511095355649217,1.1236696251248901e-07,144,174,False,False,False,76a3c972ec580e7c9f00c6a4b0bf2b18fe4814992378f4eaf4308de98150fe52,9e92d220dcaa8a59694914a11320ee10fd5b2092fb70efab0f0b85a58903c768,1.69,2.22,True,2024-06-07T14:04:00+00:00,2024-06-07T14:04:00+00:00,0.5859372700355328,0.5840206262624081,0.5823144501756634
te:2634591,2024-06-07,2024,2024-06-07,villanueva-55ff0,farjat,2024-06-07T14:10:00+00:00,2024-06-06T22:45:00+00:00,1.0,2024-06-09T22:00:00+00:00,2024-06-07,2.0,1.83,0.47780678851174935,-0.08883121370661573,0.5895497889561013,0.4509357567836606,1.1,0.5666666666666667,0.6259033224620772,0.5465298885408617,1.0618469561962662e-07,197,158,False,False,False,8876edbac6cbee7a1a3e908e2d62cbc45872ff721aa08213795dd823a18386da,c76e06ee8624d32989d32a1a8c10b25723e97eee8667736cef7b3c00b9ae5e1a,1.97,1.87,True,2024-06-07T10:31:00+00:00,2024-06-07T10:31:00+00:00,0.4873944204696159,0.48767858200620307,0.4888390400671772
te:2634675,2024-06-07,2024,2024-06-07,holt-669c7,galarneau-32e1f,2024-06-07T19:20:00+00:00,2024-06-07T03:40:00+00:00,1.0,2024-06-09T22:00:00+00:00,2024-06-07,1.83,2.0,0.5221932114882506,0.08883121370661551,0.6356850620515151,0.4678533338361769,0.8166666666666667,0.2833333333333333,0.6746376208709071,0.6847449642024146,2.1465248467578135e-09,126,143,False,False,False,9e9a2f2bfe748e335773342af362087a1283770606e79b689f067f15c0ee3e80,c63e816e4a925c5dd86469c5e88e340bbe9cc800ac19fdd18acf01336e8d0662,1.74,2.14,True,2024-06-07T18:56:00+00:00,2024-06-07T18:56:00+00:00,0.5306571964348933,0.5313098967391671,0.5319997632120606
te:2635803,2024-06-11,2024,2024-06-11,neumayer,marchenko,2024-06-11T08:05:00+00:00,2024-06-09T16:30:00+00:00,1.0,2024-06-13T22:00:00+00:00,2024-06-11,1.9,1.9,0.5,0.0,0.6152985996825343,0.4696402281388168,0.8833333333333333,0.8833333333333333,0.740776850468163,0.6694663329390943,3.2759073231858338e-12,169,141,False,False,False,8cf37d555133cf015295236be0ef3203212c3aec8751fb713e8b272032f01281,130cae58d17deaceaf3212813bc789e2a79466c3e04e43312f5767bd3da2a540,2.03,1.8,True,2024-06-11T07:52:00+00:00,2024-06-11T07:52:00+00:00,0.5090427389828361,0.5096126685073629,0.5084543295212213
te:2635943,2024-06-11,2024,2024-06-11,mayot,polmans,2024-06-11T16:50:00+00:00,2024-06-09T15:49:00+00:00,0.0,2024-06-13T22:00:00+00:00,2024-06-11,1.78,2.04,0.5340314136125655,0.13633644355213126,0.5915928989480744,0.23421781045028578,0.43333333333333335,0.43333333333333335,0.6948764198053387,0.6081585088487962,1.8281881564163882e-10,190,141,False,False,False,569a49a95d158c8ea505664607bd2371a2be5633a4db8d2daea8afc48b9815ec,8cdc54ac0f3e876d50d93d41aa62fd9b91c33b3aa8496f43e4bb0cbef9dfb2d5,1.9,1.92,True,2024-06-11T13:35:00+00:00,2024-06-11T13:35:00+00:00,0.5421743150171965,0.5406068825259257,0.5387704397245758
te:2636465,2024-06-11,2024,2024-06-11,pucinelli-de-almeida,guillen-meza,2024-06-11T15:10:00+00:00,2024-06-09T14:59:00+00:00,0.0,2024-06-13T22:00:00+00:00,2024-06-11,1.99,1.82,0.47769028871391084,-0.08929813764769673,0.6015167891547529,0.5010872183520556,0.7333333333333333,0.23333333333333334,0.6271017006320391,0.5643295730055002,9.17370485131741e-10,101,186,False,False,False,fb19bcc45c2c657c62c49882fd36790910297a781f0e2e71ebfa34f2a650802b,e651727958883b779798bd104b765c5a70e352d9b35d4cf883826a4add6fe513,2.09,1.75,True,2024-06-11T03:00:00+00:00,2024-06-11T03:00:00+00:00,0.48728068407308617,0.48805521682960995,0.4884829893670921
te:2638149,2024-06-11,2024,2024-06-11,pellegrino-fd654,fonio,2024-06-11T11:35:00+00:00,2024-06-10T18:14:00+00:00,0.0,2024-06-13T22:00:00+00:00,2024-06-11,1.85,1.95,0.513157894736842,0.0526437334854217,0.6308879520873893,0.4833842904917248,0.0,0.0,0.6722458753788361,0.6556775350124231,1.6811444539244214e-07,134,203,False,False,False,206cbdc2201782d6893e11a155a734ffdc9a8e8f95b64b90d7281b9f65407aaf,84fa75ae9f7cf9007bb386e87b826526945eb4ce89ccccf37145dfbb58702264,1.78,2.06,True,2024-06-10T18:25:00+00:00,2024-06-11T08:30:00+00:00,0.5218613140666206,0.5226253397902133,0.5200220912336486
te:2638159,2024-06-11,2024,2024-06-11,de-jong-57322,bonadio,2024-06-11T08:05:00+00:00,2024-06-10T18:13:00+00:00,1.0,2024-06-13T22:00:00+00:00,2024-06-11,1.98,1.83,0.48031496062992135,-0.07878087785311394,0.5781353001497274,0.39390415627728115,0.4666666666666667,0.4666666666666667,0.7420713141140676,0.6350749994565444,4.283265869764463e-08,150,115,False,False,False,8d28a5f06d05638ea505f0f2fdea87df5854bebf113affd68bc53f8ef6e64108,8c8b5462b41a9849f20be425877083951ee0e1cd8b907a933a29f434f13ed08d,1.89,1.93,True,2024-06-11T07:28:00+00:00,2024-06-10T18:35:00+00:00,0.48984284413390755,0.4895803080855749,0.4877564080875703
te:2638861,2024-06-11,2024,2024-06-11,bolt-fa7eb,choinski,2024-06-11T11:50:00+00:00,2024-06-11T08:02:00+00:00,1.0,2024-06-13T22:00:00+00:00,2024-06-11,1.65,2.24,0.5758354755784061,0.30570057795445893,0.6566894013969784,0.34287500322489295,1.75,1.1166666666666667,0.7974545999139425,0.7484449543550984,7.585706840451678e-09,141,181,False,False,False,a3abc029548e5b6a7c850627007ae829ad6cf72dae22062a719c8c85fe2fb6b3,27e0867633a79e7513f4eb55664927a27128caefafdf423fc84f405eb109f2d1,1.68,2.21,True,2024-06-11T11:29:00+00:00,2024-06-11T11:38:00+00:00,0.5827868490149652,0.5824771291048243,0.5850162944772895
te:2639891,2024-06-14,2024,2024-06-14,barreto-sanchez,rodriguez-taverna,2024-06-14T00:35:00+00:00,2024-06-12T14:59:00+00:00,1.0,2024-06-16T22:00:00+00:00,2024-06-14,1.78,2.04,0.5340314136125655,0.13633644355213126,0.6172708264721962,0.3416438045167314,0.5333333333333333,0.5333333333333333,0.5855863259034245,0.6128217589479187,4.900756356285285e-09,160,179,False,False,False,cb649442c0904ec1ca0f85eb76d5e2eb68a19cc2a3474c88b4c7a816562f3d17,4c996e83f9a8580fc7d90453a177205454d074ac06624ae98c051afedd5830cf,1.82,2.03,True,2024-06-13T20:15:00+00:00,2024-06-13T09:01:00+00:00,0.5421743150171965,0.5416519398094563,0.5399569307274272
te:2640657,2024-06-14,2024,2024-06-14,gaston-e1fa4,basilashvili,2024-06-14T13:55:00+00:00,2024-06-13T07:11:00+00:00,1.0,2024-06-16T22:00:00+00:00,2024-06-14,2.01,1.85,0.4792746113989638,-0.08294908298075057,0.5941741180046025,0.46419728180987885,1.05,0.4166666666666667,0.5678297528460623,0.5000000000000001,0.0017602060019173,200,114,False,False,False,ca2446b99d312fb496138568a16553be129c1ac9d1b87eab639b2e958ff95a34,a604f92914f94ff7e09380f3756000fee169c03198949fac58e191521889a203,1.99,1.88,True,2024-06-14T10:09:00+00:00,2024-06-14T05:25:00+00:00,0.48882733636568354,0.48924815456340753,0.49069169393340994
te:2641089,2024-06-14,2024,2024-06-14,rocha-0492a,gombos,2024-06-14T10:55:00+00:00,2024-06-13T18:46:00+00:00,0.0,2024-06-16T22:00:00+00:00,2024-06-14,1.69,2.23,0.5688775510204082,0.27727305653704526,0.6173936901461627,0.2012272865285225,0.2833333333333333,0.2833333333333333,0.6130629192417141,0.5861136100127015,4.138437204037615e-09,195,86,False,False,False,099c2b9897971e5a463de8e336228380e65029257f9e1913a1e4013fdfa75c90,3066f0dbe8447e30b4fc5711467e7af7857dea471e0158294ee2b740efb209ce,1.68,2.28,True,2024-06-14T09:19:00+00:00,2024-06-14T09:19:00+00:00,0.5760327340808306,0.574333438851707,0.5722905206458828
te:2641103,2024-06-14,2024,2024-06-14,jacquet-d2059,halys,2024-06-14T12:10:00+00:00,2024-06-13T16:18:00+00:00,,,,1.76,2.12,0.5463917525773196,0.1861022796338609,0.6006677486405122,0.22214589059975148,0.3333333333333333,0.3333333333333333,0.5000000000000001,0.5560392846875344,0.006695642866402396,112,125,False,False,False,3cae58d2559f7eba0fa85e20acd79d6c1c4068676571768f94a00b06ef7712a3,26c160e7f8a4e892055551884cd3b766ffffe6dc02205b7d8cb045f808ce4bef,1.75,2.16,True,2024-06-14T08:23:00+00:00,2024-06-14T08:33:00+00:00,0.5541911342562021,0.5525708045160703,0.5505825422005134
te:2641163,2024-06-14,2024,2024-06-14,kovalik,landaluce-84126,2024-06-14T13:05:00+00:00,2024-06-13T18:45:00+00:00,0.0,2024-06-16T22:00:00+00:00,2024-06-14,1.81,2.06,0.5322997416020672,0.12937913752375527,0.6170393586144285,0.34762145475230655,0.0,0.0,0.7726393430445652,0.6937594952068503,1.2025648532532074e-09,193,131,False,False,False,fa50692d3e33c379b7b56e3e4dabeaefb53b660c25dd81bf73daaf009df90ce0,8e10f21ee6aa3f5b69ccc52b3ba4aea4638967c5d78850bbd80fe6d2edcf16aa,1.92,1.95,True,2024-06-14T09:34:00+00:00,2024-06-14T09:34:00+00:00,0.5404901108680855,0.5400176341827101,0.5374524396012491
te:2645559,2024-06-18,2024,2024-06-18,weis-6ba1c,royer,2024-06-18T10:55:00+00:00,2024-06-17T16:44:00+00:00,1.0,2024-06-20T22:00:00+00:00,2024-06-18,1.81,2.03,0.5286458333333333,0.11470894777596129,0.6302608290663256,0.41862698669398046,1.1333333333333333,0.06666666666666667,0.6734646187538258,0.7165677146173014,3.873290577161015e-13,183,205,False,False,False,bdca451e9e91a14885a23cc11e6d15a86fe945292fd244ceec798c2f888b3e75,d9701b39e7153bc38d65086cbf1a5cd8ebc6f1c605df0b0fd03c6ca8b9ad6521,1.84,2.0,True,2024-06-18T08:35:00+00:00,2024-06-18T08:35:00+00:00,0.5369358077442896,0.5371376519587746,0.540300248302945
te:2646009,2024-06-18,2024,2024-06-18,elias-3e14c,michalski-8906f,2024-06-18T10:30:00+00:00,2024-06-17T22:59:00+00:00,1.0,2024-06-20T22:00:00+00:00,2024-06-18,1.93,1.88,0.4934383202099738,-0.026248226074936154,0.6141012231804214,0.4908329003782347,0.8166666666666667,0.8166666666666667,0.5122515421805373,0.5000000012850233,0.017302917518770097,140,148,False,False,False,584a087d42086ad114b7f54fd87a575d801470f61b952b7e5c91ec03d51151dd,b6df99a3525f3bf8cf23ab8aa89800804f0e2f68ffe6a6052782bc2fa5756d01,2.04,1.81,True,2024-06-18T07:04:00+00:00,2024-06-18T07:04:00+00:00,0.502645882029,0.5033932392225108,0.5021212476299036
te:2646293,2024-06-18,2024,2024-06-18,pereira-9b0a8,boscardin-dias-3afa8,2024-06-18T21:40:00+00:00,2024-06-18T06:55:00+00:00,0.0,2024-06-20T22:00:00+00:00,2024-06-18,1.89,1.93,0.5052356020942408,0.020943173845242972,0.6129465462946859,0.43877175135582464,0.9666666666666667,0.9666666666666667,0.5000000000012148,0.5201374336022311,0.029459371715303495,89,108,False,False,False,641da08b1302ac86cd2ef372389263fa98a241903fbc637b9b8f8932a9c86c6b,017c94eb27bc503c2c33b59c3972bbfd04ff3f7d77e7fd88d04c1d1478932000,1.94,1.89,True,2024-06-18T16:45:00+00:00,2024-06-18T16:45:00+00:00,0.5141446996137423,0.5144364367112821,0.5134211219578779
te:2647643,2024-06-21,2024,2024-06-21,habib,prado-angelo,2024-06-20T22:55:00+00:00,2024-06-20T05:12:00+00:00,1.0,2024-06-23T22:00:00+00:00,2024-06-21,1.78,2.1,0.5412371134020618,0.16532398042538338,0.6310924159768984,0.37158216807217576,0.0,0.0,0.6620902770679972,0.6564068709278553,1.6226979815403553e-08,201,144,False,False,False,2d5ddcaf109b68aaabcdab77e9e3fed60ee9895ef8df86acf26043bf2919624a,76026151ab40da4a3ef4c308355940642ad6fd1cdab9ae9a666243f1b4939e64,1.83,2.04,True,2024-06-20T22:20:00+00:00,2024-06-20T22:49:00+00:00,0.54918073447869,0.5489832904912789,0.5464210066759886
te:2648115,2024-06-21,2024,2024-06-21,ugo-carabelli,olivieri-ff875,2024-06-21T11:10:00+00:00,2024-06-20T20:32:00+00:00,0.0,2024-06-23T22:00:00+00:00,2024-06-21,2.01,1.85,0.4792746113989638,-0.08294908298075057,0.5674734430876257,0.35449930716752587,0.0,0.0,0.6640317193728545,0.5564885569364537,3.1910271092172593e-09,172,115,False,False,False,9b4bb0e509d9b2a8b8550e7704be0a87d8ce04fe77621f41425e2dcf620def40,bb432f2e3b5b7d35b243767b823449b68b5fae29f27d34f247cc83f5a177fb02,2.06,1.83,True,2024-06-21T10:31:00+00:00,2024-06-21T10:31:00+00:00,0.48882733636568354,0.4881742726424763,0.4855953184945036
te:2648119,2024-06-21,2024,2024-06-21,hemery,kachmazov,2024-06-21T11:30:00+00:00,2024-06-20T20:30:00+00:00,0.0,2024-06-23T22:00:00+00:00,2024-06-21,1.73,2.18,0.5575447570332481,0.23120346829131025,0.6342069112860874,0.31910394923939644,0.0,0.0,0.6887984725216477,0.6698716487104178,2.312095559453553e-08,187,156,False,False,False,328a1d6aafdef548cf76d4bb8ddab634cb44c7230b67a46707ba04ec0c943f4d,7b12944db4bfd599991439324657085a5670397b2eeeadc9736d58584d5d1ad8,1.68,2.27,True,2024-06-21T09:36:00+00:00,2024-06-21T09:23:00+00:00,0.5650275271652748,0.5644009263130203,0.561866492738764
te:2648203,2024-06-21,2024,2024-06-21,cerundolo-08df6,habib,2024-06-21T21:00:00+00:00,2024-06-21T06:59:00+00:00,1.0,2024-06-23T22:00:00+00:00,2024-06-21,1.97,1.88,0.4883116883116883,-0.04676176590803932,0.5773095835654778,0.3585003934519199,1.8,1.0666666666666667,0.7037184540553797,0.6013446895643634,1.446874342558857e-09,159,203,False,False,False,d6c6e0f948cdbbba76934a98905333b3004f5554968ce0f029058fc590646c27,0d477f51591860d623e1a31ef1e1eb097eef466bd340fe93cbaff605a0af7905,1.89,1.97,True,2024-06-21T19:48:00+00:00,2024-06-21T20:41:00+00:00,0.4976458947308096,0.4970734819817263,0.5001344594735143
te:2652527,2024-06-25,2024,2024-06-25,schachter,blanch-5d667,2024-06-25T17:40:00+00:00,2024-06-25T06:58:00+00:00,1.0,2024-06-27T22:00:00+00:00,2024-06-25,1.95,1.87,0.4895287958115184,-0.041890941709159774,0.5874851759230943,0.39546981265265446,0.9333333333333333,0.03333333333333333,0.5000000000000001,0.578203109116647,0.02370279972986747,135,140,False,False,False,75f9cfa561f48748b2baf2016ae519e15d2c0614dcb4b200881eb416571ba33b,d83ccf3ae4597a296027d4f8ccfad060ab6809ce76bd5c7f77c70443f2f7fbe5,2.0,1.85,True,2024-06-25T15:56:00+00:00,2024-06-25T15:56:00+00:00,0.4988331081994429,0.4986284006862236,0.5008756834158911
te:2654319,2024-06-28,2024,2024-06-28,jianu-c67fb,dalla-valle,2024-06-28T13:45:00+00:00,2024-06-27T19:21:00+00:00,1.0,2024-06-30T22:00:00+00:00,2024-06-28,1.88,1.97,0.5116883116883117,0.04676176590803954,0.6144973134636408,0.41949462923728087,0.9166666666666666,0.05,0.5000000000055573,0.5079090943487116,0.022874307310533887,244,186,False,False,False,2ffed8649c83cd23c1a46741f2b1b30a9d92e3827ddb172b39e22025d475cfdc,5c70ccc7d834ad1c0e84cac62dd5b1e1981c0726582fb278defc7814f5ba7835,1.86,2.01,True,2024-06-28T09:33:00+00:00,2024-06-28T09:33:00+00:00,0.5204301915556336,0.5205629526703843,0.5226510122020342
te:2654351,2024-06-28,2024,2024-06-28,guillen-meza,mejia-a7d27,2024-06-28T20:05:00+00:00,2024-06-28T10:20:00+00:00,0.0,2024-06-30T22:00:00+00:00,2024-06-28,1.83,2.03,0.5259067357512953,0.10371982620036632,0.6196279092918463,0.384249365670863,1.35,0.85,0.5873395893701602,0.5950584842490213,1.2407508354073116e-10,184,151,False,False,False,d8081b9f09d6fe2c7df2f06dbab4824833d80b5b5d5b8ceba906ed1318f3d54a,2f4f9b34349da677d5ef6153a06c250d9711e043f06c11b5491048b6d44c6cea,1.81,2.08,True,2024-06-28T19:46:00+00:00,2024-06-28T19:46:00+00:00,0.5342708751589578,0.5341251173705913,0.5355782790134326
te:2655589,2024-07-02,2024,2024-07-02,jianu-c67fb,echargui,2024-07-02T12:40:00+00:00,2024-06-30T17:37:00+00:00,1.0,2024-07-04T22:00:00+00:00,2024-07-02,2.17,1.7,0.43927648578811374,-0.24409891649019763,0.5833732471920082,0.5807353723776276,1.0,0.36666666666666664,0.5839779845838173,0.5000000000000001,0.0018587206035855924,250,168,False,False,False,5e1cff4ede97992a21fb9ca83a5bcb575e34e0a175c8910f0962c9c9ff5e8fe9,c44c0ff7baec59886074bbac8be2e135859c2c80eeb40ca14cbc66f78f7b538a,2.18,1.71,True,2024-07-02T12:26:00+00:00,2024-07-02T12:26:00+00:00,0.4497169006768467,0.4510796907287172,0.45240664731479713
te:2656263,2024-07-02,2024,2024-07-02,yunchaokete,peniston,2024-07-02T14:10:00+00:00,2024-06-30T16:18:00+00:00,0.0,2024-07-04T22:00:00+00:00,2024-07-02,1.87,1.95,0.5104712041884817,0.041890941709160225,0.5968204272387733,0.3503432818624546,1.5,0.8,0.5632811239905188,0.5000000000000001,0.004886272947236606,112,106,False,False,False,1ed8c1c5a208a122144d580c0bfb786358a5d2907ea69374aa1f373f38ecc02f,4c6df33cb679c50331a744999bd9da26eaedca0f8f8327f0d7d60efeaaad90e5,1.96,1.88,True,2024-07-02T06:15:00+00:00,2024-07-01T08:14:00+00:00,0.519244832195848,0.5186956846255043,0.5211402251450051
te:2658379,2024-07-02,2024,2024-07-02,pieczkowski,denolly,2024-07-02T10:45:00+00:00,2024-07-02T00:07:00+00:00,0.0,2024-07-04T22:00:00+00:00,2024-07-02,1.99,1.83,0.4790575916230366,-0.08381867188307154,0.5896190027988808,0.44620925255500077,0.3333333333333333,0.3333333333333333,0.5000000000000001,0.5750420783811028,0.006139358887345209,149,173,False,False,False,67c1c37a55fc123015023118250e4d1eeed448ebe778adf14bae0370425dc88b,86837683cc038388c90d6938339717639cf8c5741966b9095f13f059af981e0e,2.21,1.69,True,2024-07-02T10:21:00+00:00,2024-07-02T10:21:00+00:00,0.48861548810941985,0.48885919807059836,0.4868066156658054
te:2658399,2024-07-02,2024,2024-07-02,vandecasteele-87d37,schoolkate,2024-07-02T17:45:00+00:00,2024-07-02T02:17:00+00:00,1.0,2024-07-04T22:00:00+00:00,2024-07-02,2.02,1.81,0.47258485639686687,-0.10977066613537889,0.5692132633617508,0.3884126767790377,0.0,0.0,0.6462398110318042,0.763506896438173,4.463776875907044e-09,86,168,False,False,False,1508b312172e3858514e9e2da6c45cf6ceb4737a32d1e5ce3cd7d4e404a19ccd,7df61e534386bb4fa81b9a3e71adb75bcbe1db5d787317bb033c365b3241ab66,1.93,1.91,True,2024-07-02T16:53:00+00:00,2024-07-02T16:53:00+00:00,0.4822953112748477,0.4819435388179331,0.4793599109472962
te:2658405,2024-07-02,2024,2024-07-02,brouwer-44152,langmo,2024-07-02T16:05:00+00:00,2024-07-02T02:13:00+00:00,0.0,2024-07-04T22:00:00+00:00,2024-07-02,1.94,1.88,0.4921465968586388,-0.03141619623337862,0.5951431593287032,0.4166846519584541,0.0,0.0,0.782245207464399,0.6821572008657024,2.449936281623266e-08,165,145,False,False,False,f57583a3c54d1bca258c282ac48401a1a53bd784ece2d9cf4231c5f5405f823b,868fa8220f1c6b2bb038aea41c435be141a0c95cce8999cc62f9a51231a8fb4b,1.89,1.94,True,2024-07-02T15:44:00+00:00,2024-07-02T15:44:00+00:00,0.5013862472162119,0.5014014228389678,0.4988076285540498
te:2657573,2024-07-05,2024,2024-07-05,moreno-de-alboran-a31d1,barranco-cosano,2024-07-05T13:05:00+00:00,2024-07-02T11:50:00+00:00,0.0,2024-07-07T22:00:00+00:00,2024-07-05,1.71,2.16,0.5581395348837209,0.23361485118150513,0.6310684772404003,0.30318847560515394,0.75,0.016666666666666666,0.7365775237133394,0.6859116419525861,1.366755134069031e-08,172,200,False,False,False,f06401d18832c244e9e6efd06d8071723092d751bee6f2e66569e208d0d61501,db4eabbcf5d5a262308131043d284b78f9397553665e0ee88db958bba937abbb,1.8,2.05,True,2024-07-05T07:58:00+00:00,2024-07-05T07:58:00+00:00,0.5656052544835014,0.5648283265664074,0.5661566941206323
te:2658841,2024-07-05,2024,2024-07-05,dodig-b6156,kirkin,2024-07-05T13:55:00+00:00,2024-07-02T15:59:00+00:00,0.0,2024-07-07T22:00:00+00:00,2024-07-05,1.77,2.07,0.5390625,0.15656906069153992,0.6181976470180105,0.32533608867878033,1.2,1.2,0.6282464152418447,0.5977985553580129,2.459011050337523e-10,190,200,False,False,False,7c9cffacd903cc8e64b3933d095613722ac4bf197d2ca9e1b3cfa2427abce8e2,d40913d2d631919944442d9ddfaac8b39001f6165a05198d45523ea6581a0e09,1.78,2.08,True,2024-07-03T10:00:00+00:00,2024-07-05T07:04:00+00:00,0.547066556306424,0.5464099142122423,0.5458033681044009
te:2659957,2024-07-05,2024,2024-07-05,tien,sekulic-13abc,2024-07-05T15:50:00+00:00,2024-07-05T00:20:00+00:00,1.0,2024-07-07T22:00:00+00:00,2024-07-05,1.81,2.06,0.5322997416020672,0.12937913752375527,0.6171902032188527,0.3482598582165366,0.9,0.03333333333333333,0.7563884524765443,0.6824763622712617,3.0265030814824456e-08,112,166,False,False,False,ce1fed1ae9556fe1899a3be7bc1edb0ac5b8d40e1dd153de2367bf51dbcf7220,85f3557a2b70e08fc962238fbd9570e255f95f2cb566803a521bb24e4cf013d3,1.78,2.12,True,2024-07-05T15:04:00+00:00,2024-07-05T15:04:00+00:00,0.5404901108680855,0.5400238469264707,0.5420885694488738
te:2660383,2024-07-05,2024,2024-07-05,seggerman,brouwer-44152,2024-07-05T16:10:00+00:00,2024-07-05T02:19:00+00:00,0.0,2024-07-07T22:00:00+00:00,2024-07-05,1.69,2.24,0.5699745547073791,0.2817473369319663,0.6259392313246082,0.23308768758989573,1.4,0.8333333333333334,0.7137631523432335,0.7899057063234486,1.0679426676318826e-08,139,167,False,False,False,b5e2150fea6eb7eb207e48be1e8af929897c7e03ac6701b6b04cf965d742b992,3a8cc5024fc8b1076a1e0840ea42a7223a9bb6ce9a8feb3a010922d9d581370c,1.62,2.4,True,2024-07-05T15:11:00+00:00,2024-07-05T15:11:00+00:00,0.5770977348377496,0.5757095403436787,0.57748391117667
te:2661403,2024-07-09,2024,2024-07-09,kukushkin,rodionov-f5e38,2024-07-09T08:45:00+00:00,2024-07-07T10:29:00+00:00,1.0,2024-07-11T22:00:00+00:00,2024-07-09,1.83,1.99,0.5209424083769634,0.08381867188307154,0.6615733756677269,0.586494926934457,0.0,0.0,0.7588823453281845,0.7470357434341793,6.144892372716981e-10,165,156,False,False,False,2b92c028bb6926a895c2f494c6a3f655c63f9893c9943df6843ed6470406886e,f3a6035ea6079417083fdeed865199bba7c4ad137eb68d801931877816f1ce2b,1.8,2.05,True,2024-07-09T07:21:00+00:00,2024-07-09T08:20:00+00:00,0.5294398382544726,0.53124462058578,0.5286247383394155
te:2662229,2024-07-09,2024,2024-07-09,wolf-e839f,gea,2024-07-09T16:10:00+00:00,2024-07-07T15:30:00+00:00,0.0,2024-07-11T22:00:00+00:00,2024-07-09,1.88,1.94,0.5078534031413613,0.031416196233379066,0.5877669340020093,0.32332541876994114,0.65,0.65,0.5777926725727024,0.5000000000000001,0.004505415975373503,109,141,False,False,False,1f28c496f8ed01b63899024079b0fdff31af80aeedc734942fc38024365e8f63,f0387cc661924389bcdd64644d1e64ad118c7fd180e672ffc5a74fb8c669c378,1.97,1.86,True,2024-07-09T15:25:00+00:00,2024-07-09T15:25:00+00:00,0.5166949908931872,0.5158692065084886,0.5143596351975219
te:2662233,2024-07-09,2024,2024-07-09,draxl,brouwer-44152,2024-07-08T23:05:00+00:00,2024-07-07T15:20:00+00:00,1.0,2024-07-11T22:00:00+00:00,2024-07-09,1.88,1.93,0.5065616797900262,0.026248226074936154,0.616149427438497,0.44698794215104176,1.4,0.16666666666666666,0.6154156656741581,0.6617948633561648,7.857908768116317e-12,136,167,False,False,False,66e0ab95c467fb35074b5ad0654be049dc053e34f70df3020b81a18d81849592,70c2cba13aa20b7e8adf042f3e7a50601ddaeec694e7c47070671b039be0d3e5,1.86,1.98,True,2024-07-08T22:40:00+00:00,2024-07-08T21:58:00+00:00,0.5154366361232112,0.5158148416900256,0.5200351192239013
te:2662237,2024-07-09,2024,2024-07-09,shimabukuro,marchenko,2024-07-09T16:05:00+00:00,2024-07-07T15:19:00+00:00,0.0,2024-07-11T22:00:00+00:00,2024-07-09,1.81,2.03,0.5286458333333333,0.11470894777596129,0.6591596177506914,0.5448424890116679,0.0,0.0,0.7821157677269202,0.7456176120795881,9.364947706202997e-11,123,137,False,False,False,531ddd8fa6b4026555cc4e1c17d463c8f7de607fefa66c2b11eddf91b567044a,d212816507ca4f47d13d08dfa9c966f09e294add39bbd44da2893e2a2ab31338,1.82,2.02,True,2024-07-09T11:08:00+00:00,2024-07-09T15:58:00+00:00,0.5369358077442896,0.5383668137070734,0.5357602403369885
te:2663839,2024-07-09,2024,2024-07-09,obradovic-71e10,faria-4754c,2024-07-09T08:10:00+00:00,2024-07-08T16:58:00+00:00,0.0,2024-07-11T22:00:00+00:00,2024-07-09,2.2,1.69,0.43444730077120824,-0.263728831429288,0.5505470191237796,0.4666099503407367,0.8,0.8,0.560698988575207,0.6853748134106092,5.843952266548769e-10,142,214,False,False,False,9319876253199a5026102ab7e63f920c43c92d33d64fa972773e05bbbd63d256,32856b47d7888a08fb5ab9be6b9337e52db23ad4bbe85a281e85a34b141790fb,2.13,1.75,True,2024-07-09T05:53:00+00:00,2024-07-08T19:52:00+00:00,0.44498533627390774,0.4452183639716287,0.44394141471145543
te:2665665,2024-07-12,2024,2024-07-12,holt-669c7,atmane,2024-07-11T23:05:00+00:00,2024-07-10T20:08:00+00:00,0.0,2024-07-14T22:00:00+00:00,2024-07-12,1.78,2.06,0.5364583333333334,0.14609261849749608,0.6430459830247802,0.44251664694828363,0.0,0.0,0.7028505150232018,0.7311953971175744,4.251293761470265e-11,139,193,False,False,False,8d58b870ed4732c2e62a3db2c947a433c46f447522a8f2cfa6591bee6a221c58,d5a1a6354992bebcaa06f21613ee9b4bd6ed0525c0db6fd573d5da7414c9e71b,1.68,2.24,True,2024-07-11T22:59:00+00:00,2024-07-11T22:59:00+00:00,0.54453442994356,0.5450038245194039,0.542423477038804
te:2666391,2024-07-12,2024,2024-07-12,bonzi-a38fa,shimizu-38ca9,2024-07-12T16:10:00+00:00,2024-07-11T14:29:00+00:00,0.0,2024-07-14T22:00:00+00:00,2024-07-12,1.88,1.98,0.5129533678756476,0.051825067864585767,0.6380711784514638,0.5151772072923397,0.6666666666666666,0.0,0.7504888265863696,0.7031337815472732,9.372913556404683e-11,173,116,False,False,False,5d19ae9d0000262b79b2363517db25c7cf2679e19c79c0cc930caf715a5f8900,093aeb07187c68e2b860bb0ec010eb91af40c88fa8073ba2bed59bae47612697,1.9,1.97,True,2024-07-12T15:47:00+00:00,2024-07-12T15:47:00+00:00,0.5216621481429977,0.5227360159558075,0.5236618150971906
te:2666591,2024-07-12,2024,2024-07-12,monteiro-f1500,moro-canas,2024-07-12T15:10:00+00:00,2024-07-11T13:10:00+00:00,0.0,2024-07-14T22:00:00+00:00,2024-07-12,1.64,2.34,0.5879396984924623,0.35545468753350296,0.6258151964541434,0.15885062414864048,0.55,0.55,0.7184992485552982,0.6677499778156903,4.648392781803068e-12,177,188,False,False,False,191ad104ccea4685f9cdbb8fac8337b2d59a1f8b963cd22171d4b0727e5ab8db,7ecab17cbd5d376c584e86847e7d8f9f5b0c5c417cffaf233165995937a47ae3,1.69,2.26,True,2024-07-12T14:42:00+00:00,2024-07-12T14:42:00+00:00,0.5945321251786945,0.5925409671624419,0.590953228073038
te:2666769,2024-07-12,2024,2024-07-12,buse,medjedovic,2024-07-12T13:10:00+00:00,2024-07-12T00:00:00+00:00,1.0,2024-07-14T22:00:00+00:00,2024-07-12,2.01,1.85,0.4792746113989638,-0.08294908298075057,0.5778083206800873,0.3967318442235339,0.9,0.9,0.6670635737600811,0.7802185132481088,1.0024758800852851e-11,181,115,False,False,False,68cf93707fcba824a5c5c9aa8c6881ede072007ab4f025bea4f69562d68110c3,5e4eb0ad3fe04a1a1c9b549de3c740cd7bfc57998d2dbfd0c12e0fe6489a3813,2.15,1.76,True,2024-07-12T10:44:00+00:00,2024-07-12T09:21:00+00:00,0.48882733636568354,0.4885876932184319,0.4874723629811561
te:2666827,2024-07-12,2024,2024-07-12,jacquet-d2059,neumayer,2024-07-12T15:40:00+00:00,2024-07-11T23:58:00+00:00,1.0,2024-07-14T22:00:00+00:00,2024-07-12,1.85,2.0,0.5194805194805195,0.0779615414697121,0.6146989771115233,0.38914623198373155,0.6166666666666667,0.05,0.504242004272327,0.5000000324815518,0.007092299734180282,106,156,False,False,False,319cdfe0d8e05c486f3b135f093a1eb921187a72504f4faef4e00b153f6317ca,88be5956d2b404b808efb7dfdd41e245b7355e1d522266374d00e7513931b13d,1.83,2.05,True,2024-07-12T12:01:00+00:00,2024-07-12T12:01:00+00:00,0.528016918380555,0.5278890904571688,0.5283914430600306
te:2666829,2024-07-12,2024,2024-07-12,barrios-vera,andreev-8a7ee,2024-07-12T15:15:00+00:00,2024-07-12T00:00:00+00:00,,,,1.81,2.05,0.5310880829015544,0.12451294787258244,0.6154733373735756,0.34586554799461927,0.45,0.45,0.6220368594915798,0.5867438041321801,9.464134143044589e-09,132,178,False,False,False,3cdecd011e5f8ce7ee7e1db58caf8307655fdd57da7fb638345b6937ed6ac062,1df79f067d3b95741242c32260255134ea761449a1a193941eaee6ca0435d23d,1.82,2.06,True,2024-07-12T14:42:00+00:00,2024-07-12T14:42:00+00:00,0.5393115657682719,0.5388162308054127,0.5369832342629322
te:2666911,2024-07-12,2024,2024-07-12,shimabukuro,schoolkate,2024-07-12T20:45:00+00:00,2024-07-12T11:29:00+00:00,0.0,2024-07-14T22:00:00+00:00,2024-07-12,1.71,2.2,0.5626598465473145,0.25196398984970136,0.655883044284427,0.39303690991173457,0.31666666666666665,0.31666666666666665,0.7369664157315199,0.7395823924502639,5.3121664483901654e-08,125,151,False,False,False,ad6d57b2350c545f260b997f6bf5572feecc16f5fc9974296d01e9e0ec2a9bbb,ab110739aa2f5cc98c46af347b2de73668c418b7dfe3c0bfebdbdb9f14b6975f,1.72,2.21,True,2024-07-12T18:02:00+00:00,2024-07-12T18:02:00+00:00,0.5699954577850885,0.5701041138364583,0.5680713315947902
te:2667857,2024-07-16,2024,2024-07-16,oberleitner,basic,2024-07-16T05:10:00+00:00,2024-07-14T13:03:00+00:00,0.0,2024-07-18T22:00:00+00:00,2024-07-16,1.78,2.06,0.5364583333333334,0.14609261849749608,0.6550936562959526,0.4954126809746273,0.35,0.35,0.7440141844558238,0.7324646048365182,5.1985749038863105e-11,178,98,False,False,False,bd254b7e96cd51a90eabf434eb052a38880b91f2ea1f6a4a137ff080ecc017ca,ae254522d12cc41586a58010a384678eba14eff34f36f46b78a34b9755522c1a,1.88,1.96,True,2024-07-16T00:25:00+00:00,2024-07-16T00:25:00+00:00,0.54453442994356,0.5455176661261889,0.5434957512025494
te:2667861,2024-07-16,2024,2024-07-16,simakin,vishwakarma,2024-07-16T10:15:00+00:00,2024-07-15T07:05:00+00:00,1.0,2024-07-18T22:00:00+00:00,2024-07-16,2.08,1.77,0.4597402597402597,-0.1613883471274889,0.5894972199814509,0.5232756500577029,0.0,0.0,0.7830438630559342,0.6783479111711275,8.412714969097124e-14,145,85,False,False,False,375b7e250e3063b03dd73dec0d7cd84600a0a192a730a55351250dd14cad3398,1715680cb63a23df2b039e82a3a996f6be3d732b08b8afa6f44c9a92b11614be,2.17,1.71,True,2024-07-16T01:05:00+00:00,2024-07-16T03:22:00+00:00,0.46974347643243924,0.4706493177800969,0.46804435708767494
te:2668155,2024-07-16,2024,2024-07-16,lokoli,gautier,2024-07-16T20:10:00+00:00,2024-07-14T11:00:00+00:00,0.0,2024-07-18T22:00:00+00:00,2024-07-16,1.98,1.85,0.4830287206266319,-0.06791120561621031,0.557536597226825,0.2990815966154964,0.0,0.0,0.6141635483441111,0.5000000000000001,0.008472024023805591,97,167,False,False,False,2652b957ada720fe8739d222abf85fdf2299f42b96fcb6f5b5ffc21fa997f573,0d96483a5939ec3c67a83bba4b95bcdcc3220c801e5c0107e8631bdcec9b90dc,2.19,1.7,True,2024-07-16T18:45:00+00:00,2024-07-14T11:17:00+00:00,0.4924914163845163,0.4913128984270723,0.4887444424070757
te:2668161,2024-07-16,2024,2024-07-16,holmgren-a5794,merida-aguilar,2024-07-16T18:15:00+00:00,2024-07-14T13:05:00+00:00,0.0,2024-07-18T22:00:00+00:00,2024-07-16,1.75,2.1,0.5454545454545455,0.1823215567939549,0.6256330650393275,0.3312060584025248,1.0666666666666667,1.0666666666666667,0.6609692950709027,0.635674733209865,1.1145737666140576e-09,169,181,False,False,False,9053944c1669a1e7dde31d28166ce46b6cd8e5324c54363b16113ba046fba32d,61f77182d1493a1df8c5997e9635eed4f25b562f79e5238897f8dbd9ce537d6e,1.74,2.13,True,2024-07-16T17:36:00+00:00,2024-07-16T17:36:00+00:00,0.5532802539257691,0.5527115197542555,0.551889217812174
te:2668909,2024-07-16,2024,2024-07-16,yunchaokete,pacheco-mendez,2024-07-16T14:10:00+00:00,2024-07-14T15:18:00+00:00,1.0,2024-07-18T22:00:00+00:00,2024-07-16,1.87,1.95,0.5104712041884817,0.041890941709160225,0.6061429102424678,0.3892367148913103,0.9333333333333333,0.9333333333333333,0.6838801488657678,0.6164518039360347,1.581579311960013e-11,123,105,False,False,False,aff125c64251267a0d348d9eec5ace6f5f5f94b2ca944e2f7c45b2609646bfcc,343a1a5af902487eb0f06f919545a909776847efbe5f7c2ac38379b8f08888a7,1.92,1.92,True,2024-07-16T03:21:00+00:00,2024-07-16T03:21:00+00:00,0.519244832195848,0.5190760804407174,0.5180168750664287
te:2671507,2024-07-16,2024,2024-07-16,andaloro,cui-f99f9,2024-07-16T16:25:00+00:00,2024-07-15T23:50:00+00:00,1.0,2024-07-18T22:00:00+00:00,2024-07-16,1.98,1.85,0.4830287206266319,-0.06791120561621031,0.5812935797676119,0.39599712901482864,0.48333333333333334,0.48333333333333334,0.5000000000000001,0.5867614856747558,0.006184018812254388,114,140,False,False,False,4b22a38598023f7a19fe3704192954fbe9d9d5788eafbbd5baecd5b32fb629da,186de4549cd993b491f39b4b16871194807acb993a9ce3dd562ec0a2a49023a4,2.1,1.76,True,2024-07-16T15:39:00+00:00,2024-07-16T13:04:00+00:00,0.4924914163845163,0.49226187523280684,0.49046436150844497
te:2673097,2024-07-19,2024,2024-07-19,holmgren-a5794,added,2024-07-19T16:10:00+00:00,2024-07-18T10:07:00+00:00,1.0,2024-07-21T22:00:00+00:00,2024-07-19,1.81,2.06,0.5322997416020672,0.12937913752375527,0.6048290871284681,0.29624841785071787,1.5333333333333334,0.8666666666666667,0.7710445328711424,0.681555398410546,3.679263096967311e-08,174,176,False,False,False,4f3e0f86c9097da761c457ff270821d060cf628179760b24dc2f25fa245df1aa,21eb6dbd839f887cdd5d96de7cdd2ad21704de85b35329bb38bd2aa0e4cf07bc,1.8,2.09,True,2024-07-19T03:03:00+00:00,2024-07-19T03:03:00+00:00,0.5404901108680855,0.539517647179554,0.5418927700428448
te:2673463,2024-07-19,2024,2024-07-19,rincon-d1dab,guillen-meza,2024-07-19T12:20:00+00:00,2024-07-18T18:18:00+00:00,0.0,2024-07-21T22:00:00+00:00,2024-07-19,1.81,2.06,0.5322997416020672,0.12937913752375527,0.621143708573652,0.3650263775282786,0.8333333333333334,0.8333333333333334,0.5997252361795291,0.608580138321643,1.639349275217583e-07,133,195,False,False,False,e04148a51f2abe63389973ee263b4a8b6fa8e25b4d39a16995fcc13bd27dacc9,b1af17f1035571ed9d3f07ec9104f9bf04a8048985b74344788437b82d06b347,1.78,2.12,True,2024-07-18T22:28:00+00:00,2024-07-19T08:06:00+00:00,0.5404901108680855,0.5401870090136799,0.5389746737076038
te:2673465,2024-07-19,2024,2024-07-19,zakharov-faf08,dalla-valle,2024-07-19T09:10:00+00:00,2024-07-18T17:55:00+00:00,0.0,2024-07-21T22:00:00+00:00,2024-07-19,1.87,1.98,0.5142857142857141,0.057158413839947964,0.6190584025667846,0.428395128459447,1.3333333333333333,0.0,0.5890037446721756,0.6078241121930208,6.051087131364596e-10,153,189,False,False,False,3b089d31ea2b9251d6937300e5d3b678809a35ce1a349f3a5a4bef9d8e3cc144,10bfd25eb7a37921d4b12eef1a90410ee483601a0824747b830fc47edfdfdbd1,1.92,1.95,True,2024-07-19T05:31:00+00:00,2024-07-19T05:31:00+00:00,0.5229595241929305,0.5231911966272366,0.5276673916984799
te:2673739,2024-07-19,2024,2024-07-19,uchiyama,shimabukuro,2024-07-19T18:40:00+00:00,2024-07-18T22:09:00+00:00,1.0,2024-07-21T22:00:00+00:00,2024-07-19,1.66,2.29,0.579746835443038,0.3217342151976963,0.6447301922309925,0.2742201847752741,1.75,0.6833333333333333,0.7059023645173,0.7293229105500901,7.430001058850166e-12,113,135,False,False,False,af90274fe120c643e8af8926e5ea546b7eeef122a665d98106d1268b4d537688,920fa5fb531115454b2c3c05ec95ed56a3631db7bb2c516fa814b92a0219497a,1.68,2.27,True,2024-07-19T03:12:00+00:00,2024-07-19T14:03:00+00:00,0.5865828053947929,0.5856393107105674,0.589729009344426
te:2673773,2024-07-19,2024,2024-07-19,escoffier,barroso-campos,2024-07-19T18:55:00+00:00,2024-07-19T07:00:00+00:00,1.0,2024-07-21T22:00:00+00:00,2024-07-19,1.97,1.88,0.4883116883116883,-0.04676176590803932,0.6067764464259944,0.4805439078349075,2.0166666666666666,0.8833333333333333,0.7268579056840678,0.649988057478544,9.308838699872979e-10,169,203,False,False,False,8b2a8c963f558b119332aebe572a5d9b78c7fef131677ba60b97931521636245,2a01d2edc5c5209229e74afdab50fa977279105c5c8861186ba8ef0d5a0dc731,1.98,1.89,True,2024-07-19T17:48:00+00:00,2024-07-19T17:48:00+00:00,0.4976458947308096,0.498268803126956,0.5031300144807711
te:2674893,2024-07-23,2024,2024-07-23,blanchet,fatic-cddef,2024-07-23T08:20:00+00:00,2024-07-21T10:00:00+00:00,1.0,2024-07-25T22:00:00+00:00,2024-07-23,1.73,2.13,0.5518134715025906,0.208000571211646,0.6173046473293927,0.2701228378110243,1.3,1.3,0.575421904452299,0.5651940758127424,1.3043362351305987e-07,151,144,False,False,False,e7cf8eafb70ac05293fc12e0292f9e7bd44541cf4b33dfe5f052a6d8a1e17a3d,e9dad9160b236e7faa840e489c5ea1235e8dcec700c58fd7ff1325e7efc166a1,1.8,2.06,True,2024-07-23T07:01:00+00:00,2024-07-23T06:18:00+00:00,0.5594596925054355,0.5583317476528592,0.557900593570726
te:2674897,2024-07-23,2024,2024-07-23,gaubas,dalla-valle,2024-07-23T14:35:00+00:00,2024-07-21T09:34:00+00:00,1.0,2024-07-25T22:00:00+00:00,2024-07-23,1.81,2.02,0.5274151436031332,0.10977066613537934,0.606755379016583,0.32392318024413613,1.0666666666666667,0.6,0.5000000000000001,0.5421920232810447,0.0023632932700074216,210,190,False,False,False,fb9dc627ed85ef4686d7184404a3598a8e385b96544c58d372d3b230491030b0,d0a434f5a77e440cbe101acb76c1b871fcef0af350d05e16bf95a29e938a4e5c,1.82,2.03,True,2024-07-22T03:37:00+00:00,2024-07-23T05:55:00+00:00,0.5357384945689019,0.535011834471651,0.5358935545427622
te:2677557,2024-07-23,2024,2024-07-23,echeverria-ef17c,holmgren-a5794,2024-07-23T12:20:00+00:00,2024-07-22T20:37:00+00:00,1.0,2024-07-25T22:00:00+00:00,2024-07-23,1.88,1.93,0.5065616797900262,0.026248226074936154,0.5886740730960431,0.33223853831605454,0.9833333333333333,0.9833333333333333,0.67419230687438,0.778707664903707,6.965261700742076e-13,104,178,False,False,False,42d9b59ace2a43fc9b601e38bba04f052e35d1d2eba005eb69c0abebb28c6a73,55110962d4de40c5aa184ced9675e2988d35ee3bdb5df061d9df4ee23960f27b,1.83,2.02,True,2024-07-23T11:58:00+00:00,2024-07-23T11:58:00+00:00,0.5154366361232112,0.5146919822129298,0.513725726962868
te:2677965,2024-07-23,2024,2024-07-23,krajinovic-96172,picchione,2024-07-23T11:35:00+00:00,2024-07-22T21:46:00+00:00,0.0,2024-07-25T22:00:00+00:00,2024-07-23,1.9,1.92,0.5026178010471204,0.010471299867295303,0.6015626609312872,0.401509160690224,0.6,0.6,0.6684378186840234,0.5982737521314528,2.5987019480755436e-09,36,193,False,False,False,068c8e2611342791f408b63df576939e44a1ba76f105863709623ea654248b85,f70f0dcd99cc8e0af4066772f8e6ef16637729f8c8e7d74ace0614c6fe47aa22,1.89,1.94,True,2024-07-23T10:21:00+00:00,2024-07-23T10:21:00+00:00,0.5115939513229681,0.5115089123846375,0.5099009656627183
te:2677967,2024-07-23,2024,2024-07-23,basilashvili,andreev-8a7ee,2024-07-23T11:00:00+00:00,2024-07-22T21:45:00+00:00,,,,1.79,2.05,0.5338541666666666,0.13562417329765303,0.6129521804965617,0.32411450061315145,0.7666666666666667,0.7666666666666667,0.5000000000010316,0.5201064469596262,0.023070549739056062,134,181,False,False,False,0178f300a54a66ae849e82615ec3ca40124779a8db3265e93f1f68d3afc764d8,8c6682ceccafbbfac843fb190bc04c35d069d6e269881ec1492d4880317684a7,1.7,2.2,True,2024-07-23T10:42:00+00:00,2024-07-23T10:42:00+00:00,0.5420019343557244,0.541308198895035,0.5399961456549356
te:2678065,2024-07-23,2024,2024-07-23,jubb,wu-f664e,2024-07-23T21:55:00+00:00,2024-07-23T01:47:00+00:00,1.0,2024-07-25T22:00:00+00:00,2024-07-23,1.81,2.02,0.5274151436031332,0.10977066613537934,0.6179893815976137,0.3712522042086823,1.15,1.15,0.6835188594853592,0.6333116530430766,2.027065815202178e-08,205,128,False,False,False,d320489d52a3a7565050f514c15721de70227a6eb76b5b16006dc670a7d55cb7,8d2466602e899925e369f32be1c93496e96d7be67441cb31ccfc6218112b6fb8,1.8,2.05,True,2024-07-23T20:53:00+00:00,2024-07-23T20:32:00+00:00,0.5357384945689019,0.5354730926036143,0.5347738534177585
te:2678867,2024-07-26,2024,2024-07-26,yunchaokete,jubb,2024-07-25T22:15:00+00:00,2024-07-24T12:30:00+00:00,0.0,2024-07-28T22:00:00+00:00,2024-07-26,1.78,2.06,0.5364583333333334,0.14609261849749608,0.6059248267378835,0.28412162540949126,1.5166666666666666,1.5166666666666666,0.662087642406025,0.5992302641876075,1.9365643533220123e-09,141,205,False,False,False,4d7b96c15d974f80a958ac7e461b9516223aa73121972d7f61b8c7d9df246a4a,67c20877a4d503739eb6aac8c24b2174f7658d5ef5125fe674014ab50e2a77d3,1.74,2.14,True,2024-07-25T22:09:00+00:00,2024-07-25T22:09:00+00:00,0.54453442994356,0.543464577750976,0.5433803997076038
te:2678985,2024-07-26,2024,2024-07-26,rincon-d1dab,taberner,2024-07-26T11:10:00+00:00,2024-07-25T08:11:00+00:00,1.0,2024-07-28T22:00:00+00:00,2024-07-26,1.91,1.94,0.5038961038961038,0.015584731016698041,0.6147653870575513,0.4518034465921565,1.2833333333333334,0.7833333333333333,0.5018227478778178,0.5000000000633518,0.018326977913400697,135,182,False,False,False,3b84e8dd04a6d1830a3433d328ab3b7c743ef25b0c35bd2e8c4ac634ab6e05f0,8b88cf5177cdd2f5120eb61f51d21d0f06a5684b5e70680efc50117428b407ee,1.88,1.99,True,2024-07-25T22:20:00+00:00,2024-07-26T02:12:00+00:00,0.5128395690654634,0.5132527129314739,0.5145895222913328
te:2679217,2024-07-26,2024,2024-07-26,barranco-cosano,comesana-c17e0,2024-07-26T16:00:00+00:00,2024-07-25T08:08:00+00:00,0.0,2024-07-28T22:00:00+00:00,2024-07-26,1.92,1.93,0.5012987012987012,0.005194816877103783,0.5990026972797272,0.39611658329878385,0.0,0.0,0.576575428863307,0.6461489241820573,9.359318875468148e-12,198,175,False,False,False,a7b03f35a7ddaa55ebb1f2e24f73680582cff52d00d22aa8d6c7395dc5075028,2c1778c8b1012aeba4ca7091f37c4ba1fff64d6c0078b64b342e23dfd0f59f6f,1.9,1.97,True,2024-07-26T09:47:00+00:00,2024-07-26T09:47:00+00:00,0.5103084638083637,0.5101645288062658,0.5075755265546892
te:2679323,2024-07-26,2024,2024-07-26,arnaboldi-d7371,bueno-01b7e,2024-07-26T11:05:00+00:00,2024-07-25T08:11:00+00:00,0.0,2024-07-28T22:00:00+00:00,2024-07-26,1.86,2.0,0.5181347150259067,0.07257069283483525,0.6144071766482644,0.39330521874952357,0.6,0.6,0.5090814861048193,0.5000000045178439,0.002025773288315144,154,151,False,False,False,83d0c78d46b17390d38bd5358816c8331e5e66a16b6243d727833d2b170e52ad,f6ff456fb1188734640e667a1096de64c4fb5f737d4aeaa4a489ebe8da742a1c,1.84,2.04,True,2024-07-26T02:22:00+00:00,2024-07-26T02:22:00+00:00,0.5267068731098654,0.5266134199777244,0.5250103013793427
te:2679367,2024-07-26,2024,2024-07-26,basilashvili,de-jong-57322,2024-07-26T16:10:00+00:00,2024-07-25T09:07:00+00:00,1.0,2024-07-28T22:00:00+00:00,2024-07-26,1.93,1.93,0.5,0.0,0.5791035604509379,0.3190945058584122,0.6166666666666667,0.6166666666666667,0.5304028117429597,0.6221166715106847,1.2641373781097087e-09,138,154,False,False,False,f73279b8dc6983dbf8e38d467a1ac4af1099e2f7a25fd7b06282237fb25c706c,f131bb1abe48f771f8f3c98313f4dbd1a4f2f695288c04308c9bb5369b245c31,2.08,1.81,True,2024-07-26T15:07:00+00:00,2024-07-26T07:09:00+00:00,0.5090427389828361,0.5081386234496162,0.5065745072378138
te:2679911,2024-07-26,2024,2024-07-26,burruchaga,shelbayh,2024-07-26T16:35:00+00:00,2024-07-25T17:12:00+00:00,0.0,2024-07-28T22:00:00+00:00,2024-07-26,1.88,1.97,0.5116883116883117,0.04676176590803954,0.6044240401192109,0.3771714097324899,0.3,0.3,0.547959097977622,0.5000000000000001,0.00042707026713584284,192,158,False,False,False,7804802202828d4fcc31c74584937e19fb6a906be375cdc648b9a348c0a82ec9,8e872e6bae3abfbd9ad244d19f80d1e46e96715d6f8d1003cff54617aa7e96c5,1.89,1.98,True,2024-07-26T11:13:00+00:00,2024-07-26T11:13:00+00:00,0.5204301915556336,0.5201491076160586,0.5180570966737473
te:2681819,2024-07-30,2024,2024-07-30,campana-lee,barranco-cosano,2024-07-30T14:10:00+00:00,2024-07-28T08:19:00+00:00,1.0,2024-08-01T22:00:00+00:00,2024-07-30,1.86,1.96,0.5130890052356021,0.052367985517315925,0.6067332605188048,0.3812331618931498,1.4833333333333334,0.21666666666666667,0.5000000000000001,0.5422503676942712,0.007947306528459347,135,202,False,False,False,3faa9f7a4c7c88c6287e61849cc2147268220a16c6601d35e9db0580492b1b19,aa925346877bae9b7553c5eecf6425b79cbd8f365a20590ee7696f59bbb30125,1.87,1.97,True,2024-07-29T02:20:00+00:00,2024-07-29T02:20:00+00:00,0.5217942305536234,0.5215593823584029,0.5260471604215415
te:2683617,2024-07-30,2024,2024-07-30,lopez-montagud,ramos-vinolas,2024-07-30T11:00:00+00:00,2024-07-29T18:39:00+00:00,1.0,2024-08-01T22:00:00+00:00,2024-07-30,1.9,1.92,0.5026178010471204,0.010471299867295303,0.5998600192426843,0.3944105890852957,0.35,0.35,0.6178989420120196,0.6955399227811462,9.50617362605044e-12,171,165,False,False,False,be188a4a49d9b9b80ddb6ff87169ee05f24bfb327eabe23f5c732e4429b14f8b,d1ee44d7dab0625081d18c93e57ab79539f039a2bb5857f82c27258026db395d,1.97,1.87,True,2024-07-30T07:33:00+00:00,2024-07-30T07:33:00+00:00,0.5115939513229681,0.5114394224790629,0.5094237895378197
te:2685555,2024-08-02,2024,2024-08-02,diallo-dd116,quinn-d0193,2024-08-02T16:05:00+00:00,2024-07-31T06:28:00+00:00,1.0,2024-08-04T22:00:00+00:00,2024-08-02,1.76,2.08,0.5416666666666667,0.16705408466316649,0.6141891816112465,0.2979017678785748,1.2666666666666666,1.2666666666666666,0.8127630341844347,0.7200541890312446,6.424416554295931e-12,157,153,False,False,False,8c3552a735af803ffb08da57c184cdec60ba21b41f614be6ac17bd7a1f145b65,999f62203412c62e85b1f49854bcb75bf948df3751dcfa20b33939d396e0ae9a,1.81,2.04,True,2024-08-01T12:15:00+00:00,2024-08-01T12:15:00+00:00,0.5495983203923896,0.5486881735034573,0.5481957835734115
te:2685889,2024-08-02,2024,2024-08-02,moro-canas,butvilas,2024-08-02T10:10:00+00:00,2024-08-01T08:20:00+00:00,1.0,2024-08-04T22:00:00+00:00,2024-08-02,1.74,2.16,0.5538461538461539,0.2162231084696361,0.6279589201168564,0.3072473640627006,0.65,0.65,0.699521344349544,0.6602208557067324,1.609665178925468e-11,184,164,False,False,False,fb97e45372f596b189d3a38a66109167a5eb51f95b4826d8ec14c13097d0d4a2,ec5b6d77ba20a4c31a30cc1b4b4784cb5e9a0165c9b6ba01d295cc77e55d6070,1.73,2.2,True,2024-08-02T08:08:00+00:00,2024-08-02T04:42:00+00:00,0.5614345826862347,0.560675369081665,0.5591882024550391
te:2686217,2024-08-02,2024,2024-08-02,wong-d3ead,braswell-7a1b7,2024-08-02T18:40:00+00:00,2024-08-01T08:26:00+00:00,1.0,2024-08-04T22:00:00+00:00,2024-08-02,1.83,2.04,0.5271317829457364,0.10863384100279519,0.6511503308054148,0.5154656153326584,0.6833333333333333,0.6833333333333333,0.7243168782209665,0.7291001487748557,1.9157730957175545e-10,164,56,False,False,False,0468d5346ccff18478c49af8d873c1b78f592abf1bfecba80f59cf3267577d7b,21b567b1e49f1229d6529bf1391072be957015ea6281aa3194ac0cd929b05fe1,1.8,2.09,True,2024-08-02T03:29:00+00:00,2024-08-02T03:29:00+00:00,0.535462806295795,0.5366012842570979,0.535112756661026
te:2686371,2024-08-02,2024,2024-08-02,van-de-zandschulp,droguet,2024-08-02T12:50:00+00:00,2024-08-01T21:17:00+00:00,,,,1.88,1.97,0.5116883116883117,0.04676176590803954,0.6329837558109379,0.49827688451028,0.3333333333333333,0.3333333333333333,0.7490688427925319,0.695641728716303,1.0369545777599853e-09,161,160,False,False,False,153630ed295a72e8d7fe10670a8ef020fc6d3d01e06b01f5dee8b1c2883cc438,880ddaa928256c9ac0ba970115191fe1e7d5a4bfa4bb75990ad28697f4860d71,1.85,2.02,True,2024-08-02T11:35:00+00:00,2024-08-02T11:35:00+00:00,0.5204301915556336,0.5213332260085406,0.519271332910594
te:2686501,2024-08-02,2024,2024-08-02,tu-41622,nava-337db,2024-08-02T17:55:00+00:00,2024-08-02T00:40:00+00:00,1.0,2024-08-04T22:00:00+00:00,2024-08-02,1.74,2.17,0.5549872122762148,0.22084205432593051,0.6386491415312773,0.3486637815166309,0.7,0.13333333333333333,0.7116466865515184,0.7650853997489352,9.835743330910418e-13,155,170,False,False,False,592a751175cdfcb450603ab4df58e9523a70d415ced75213677bb1a54acd3f51,164f569ccb6b7477ae0d58d15ec8cdbb466edb6d9a415ef5382610ea05380c5a,1.75,2.16,True,2024-08-02T00:44:00+00:00,2024-08-02T12:34:00+00:00,0.5625431127724193,0.5621889886250102,0.5628266146965024
te:2686557,2024-08-02,2024,2024-08-02,holmgren-a5794,reymond,2024-08-02T13:15:00+00:00,2024-08-02T00:20:00+00:00,1.0,2024-08-04T22:00:00+00:00,2024-08-02,1.7,2.22,0.5663265306122449,0.26687894482201774,0.5993117258418575,0.1357191745271416,1.35,0.48333333333333334,0.7379322719338484,0.6508884755578174,1.055680987072094e-09,179,62,False,False,False,576f9fc818380cc841a99b050840745037857107eb4412703e6cf28a81658be5,bccdbe83b79cef0b37ad1602b6658e9b9c21d78b26bfaa14beab0bd3c7df755e,1.78,2.12,True,2024-08-02T07:05:00+00:00,2024-08-02T11:45:00+00:00,0.5735559402983649,0.571213855918355,0.5740116596092673
te:2688105,2024-08-06,2024,2024-08-06,kingsley-84b50,johns-b2ed0,2024-08-06T15:10:00+00:00,2024-08-04T13:20:00+00:00,0.0,2024-08-08T22:00:00+00:00,2024-08-06,1.68,2.2,0.5670103092783505,0.26966356694910254,0.6377611551429927,0.29599649464287225,0.7333333333333333,0.7333333333333333,0.6829487415072503,0.7023337124279327,1.8821131042567885e-09,100,119,False,False,False,df5a729e12b0f5a5c3fdbc480945ea1f5f94c0f270bd1061c0caca894b809b01,43f368fcd0c459342e696290fe0f7b840d20314d0af3aed4b380fe56fd4947cf,1.71,2.18,True,2024-08-06T14:35:00+00:00,2024-08-06T14:35:00+00:00,0.5742198500906075,0.5734185222130476,0.5720770768924388
te:2688119,2024-08-06,2024,2024-08-06,fearnley,brouwer-44152,2024-08-06T20:40:00+00:00,2024-08-04T20:13:00+00:00,0.0,2024-08-08T22:00:00+00:00,2024-08-06,1.89,1.93,0.5052356020942408,0.020943173845242972,0.6034209732600688,0.39879657870980906,0.0,0.0,0.625793906938048,0.5662440789737017,4.771160133643093e-10,98,162,False,False,False,08ecb609e75e840e8d7b3ee9db34a953f855cf11321df09a64434580a7d0ae6e,52764bacdab94733ac0078e1c57c98d2bed02a1a5cee265b4aa138aa1273edba,1.93,1.91,True,2024-08-06T18:54:00+00:00,2024-08-06T18:54:00+00:00,0.5141446996137423,0.5140452199919401,0.5114564375857107
te:2689781,2024-08-06,2024,2024-08-06,ambrogi,sanchez-izquierdo-99add,2024-08-06T13:20:00+00:00,2024-08-05T18:48:00+00:00,1.0,2024-08-08T22:00:00+00:00,2024-08-06,1.98,1.84,0.48167539267015713,-0.07333127308554936,0.609143880306625,0.5170462576122179,1.95,0.38333333333333336,0.5000000000000001,0.5353384182675109,0.0018352642190184593,147,169,False,False,False,bd6d66fab55e12633bc9d7048c6e8fbf9c881ac2b58c0fb97d034a859eefc790,6a1925567c6f41ae2a4a7aa12f1e591d56a93499ee93e51860658f8c71afa344,2.02,1.83,True,2024-08-06T09:16:00+00:00,2024-08-06T09:16:00+00:00,0.49117066690761363,0.49212015555825345,0.49845739448752197
te:2689783,2024-08-06,2024,2024-08-06,giustino-1d545,picchione,2024-08-06T10:15:00+00:00,2024-08-05T18:49:00+00:00,1.0,2024-08-08T22:00:00+00:00,2024-08-06,2.01,1.82,0.47519582245430814,-0.09929822098228022,0.6060544937144146,0.5300555358173151,0.7,0.03333333333333333,0.5440038493682274,0.5000000000000001,0.012799171892245234,174,192,False,False,False,5bf3d9f24912cf2bfe71d613c24ba2df902b61212e6812871cd7faaa8d398310,17f3670968f318776bb65814f9c9fa35020c66860aa98944b323335f5df40207,1.98,1.86,True,2024-08-06T06:34:00+00:00,2024-08-06T06:34:00+00:00,0.48484513356537307,0.4858914202153484,0.4868709825787921
te:2691919,2024-08-09,2024,2024-08-09,mejia-a7d27,popko,2024-08-09T20:00:00+00:00,2024-08-08T16:10:00+00:00,1.0,2024-08-11T22:00:00+00:00,2024-08-09,1.73,2.17,0.5564102564102563,0.22660575904268024,0.6133855420779979,0.23495995852233095,0.0,0.0,0.539865362946759,0.5653971649081464,1.4234115275346682e-10,160,236,False,False,False,cace60f6795167a33b9f69c490a2a5f6d7623701139c51118fb089f0ee6f4d57,d9c92e340e3be58463c0a5576574e401315f1122441a166c72303ccba4a8b961,1.74,2.18,True,2024-08-09T19:03:00+00:00,2024-08-09T19:03:00+00:00,0.5639255040381025,0.5624822124977391,0.5599623316214675
te:2692269,2024-08-09,2024,2024-08-09,dellien,hemery,2024-08-09T11:10:00+00:00,2024-08-08T19:07:00+00:00,0.0,2024-08-11T22:00:00+00:00,2024-08-09,1.85,2.01,0.5207253886010362,0.08294908298075078,0.5991151573780509,0.3188305354787787,1.7333333333333334,0.5,0.6950649041161233,0.616659964426169,1.3888584726728936e-11,166,177,False,False,False,ae37289a0fc348eed635b5bc09ad1cf308bc7e5d4b4972533b261d86e1a1725b,ad9a2caa1a8413264ef2a56f3fd81e0b506c966098d97324e83553c3f6858766,1.88,2.0,True,2024-08-09T07:34:00+00:00,2024-08-09T10:47:00+00:00,0.5292286116995867,0.5284201363166845,0.5331992068448648
te:2692351,2024-08-09,2024,2024-08-09,taberner,bonadio,2024-08-09T18:15:00+00:00,2024-08-09T07:17:00+00:00,0.0,2024-08-11T22:00:00+00:00,2024-08-09,1.93,1.92,0.49870129870129865,-0.0051948168771042275,0.6082775710544114,0.44527262645181653,1.0166666666666666,0.4166666666666667,0.5379654895245254,0.5000000000000001,0.011232247646411384,186,113,False,False,False,42c396dc806ac0185ddc30069a1994e6d162eb08bf973d6669e8265a19c301dd,dd97942d494ec728d935200475031958fd773215e050c1117dc514b455507ddb,1.9,1.97,True,2024-08-09T17:48:00+00:00,2024-08-09T17:48:00+00:00,0.5077768982127332,0.5081022777494787,0.509372272402664
te:2692413,2024-08-09,2024,2024-08-09,fearnley,mayo-58e8a,2024-08-09T19:20:00+00:00,2024-08-09T07:21:00+00:00,1.0,2024-08-11T22:00:00+00:00,2024-08-09,2.13,1.76,0.4524421593830334,-0.19080817067127342,0.5616619767546344,0.43871801945741357,0.5666666666666667,0.1,0.7103296886237306,0.593118044054965,9.815791179867972e-09,100,148,False,False,False,cc2ba81f920fce41f9ef0f3b68342d71e5572bb93f7072c184a885a025eb7f2a,65f43306a06051b986b3fae5a4fb6d3b59cf4732785cfbca988b64b5ccf64434,2.1,1.79,True,2024-08-09T17:42:00+00:00,2024-08-09T17:42:00+00:00,0.462605546386025,0.46265218488376225,0.46269796087162574
te:2692875,2024-08-13,2024,2024-08-13,basavareddy,walton,2024-08-13T01:15:00+00:00,2024-08-11T12:46:00+00:00,0.0,2024-08-15T22:00:00+00:00,2024-08-13,1.88,1.94,0.5078534031413613,0.031416196233379066,0.6156244166950889,0.4396007120912994,0.9833333333333333,0.38333333333333336,0.5724484969501134,0.6003615166002366,1.3122979586333017e-07,79,207,False,False,False,c2997cb708a6a24c8b040bceea7fa03aace71e393b0c1d6fdff5012554138618,2d72bad5650b03ba61db303dc8b4e1f0d0a744fba9d7144bf1d9a15182845e85,1.84,2.0,True,2024-08-12T20:18:00+00:00,2024-08-12T20:18:00+00:00,0.5166949908931872,0.517006826269246,0.5182220547056892
te:2693361,2024-08-13,2024,2024-08-13,agamenone,olivieri-ff875,2024-08-13T08:40:00+00:00,2024-08-11T13:09:00+00:00,0.0,2024-08-15T22:00:00+00:00,2024-08-13,1.87,1.95,0.5104712041884817,0.041890941709160225,0.6145372297995187,0.4245339579933451,0.2833333333333333,0.2833333333333333,0.5000000005152996,0.5073302911357489,0.007176973792718977,124,110,False,False,False,ee3d5ab0358fd715d0df2f110460431c1387e566b7cd6e129c03b3df0699396d,3870f4dde0eea5027509bdf29641ec4779930b30ac122c0b3336149a762c04a1,1.88,1.96,True,2024-08-12T07:12:00+00:00,2024-08-12T07:12:00+00:00,0.519244832195848,0.5194212847210915,0.5172921364005378
te:2695659,2024-08-13,2024,2024-08-13,weightman-28077,bakshi-c841e,2024-08-13T08:45:00+00:00,2024-08-12T23:40:00+00:00,0.0,2024-08-15T22:00:00+00:00,2024-08-13,2.1,1.75,0.4545454545454546,-0.18232155679395445,0.6011854072081215,0.592728312430754,0.31666666666666665,0.31666666666666665,0.5000000000000001,0.5549945501797953,0.00979770818489703,56,126,False,False,False,f0b32ee4d897d7840c520017ba0381b3bea07097d32043adf6ff2421236ee672,878d163159bf800fe6aae7e677ac1f017f152edcc60edab20b87b12f6369b7ce,2.04,1.81,True,2024-08-13T07:26:00+00:00,2024-08-13T07:26:00+00:00,0.46466315284713194,0.4662208206784126,0.46412060525042004
te:2696071,2024-08-13,2024,2024-08-13,castagnola,ferrari-a3c58,2024-08-13T10:45:00+00:00,2024-08-12T17:17:00+00:00,0.0,2024-08-15T22:00:00+00:00,2024-08-13,1.91,1.91,0.5,0.0,0.6160652832135859,0.47288040739499804,0.4166666666666667,0.4166666666666667,0.6116773221858419,0.6565725803032206,2.2490370676919724e-11,125,164,False,False,False,d4acbefa150b171601c70dfe901bae04bd78c7b3785e7ecec8ab030c8a560a86,470c75063cd82d8401fe3f9eb224923eba9261024023e1895060e7dd10d41dcc,1.92,1.92,True,2024-08-13T09:44:00+00:00,2024-08-13T09:44:00+00:00,0.5090427389828361,0.5096443924737993,0.5077216014304009
te:2696727,2024-08-13,2024,2024-08-13,seggerman,pacheco-mendez,2024-08-13T20:05:00+00:00,2024-08-13T07:36:00+00:00,0.0,2024-08-15T22:00:00+00:00,2024-08-13,1.7,2.17,0.5607235142118864,0.24409891649019808,0.659557081944969,0.41722213529339014,1.0666666666666667,1.0666666666666667,0.7448002904946109,0.7489668012491589,1.0941367534211821e-09,130,120,False,False,False,3143eebe24f1d839b29f6cf8cfe415e809391f6d1ea84a55c962fc068a11f3ce,d5fb2ef846ec10e8400bbbf4491db25853ddb028db1498253af04913475924d6,1.69,2.21,True,2024-08-13T16:33:00+00:00,2024-08-13T16:33:00+00:00,0.5681149714057714,0.568447285080469,0.56761360088613
te:2698625,2024-08-16,2024,2024-08-16,djere,seggerman,2024-08-15T23:20:00+00:00,2024-08-15T10:29:00+00:00,0.0,2024-08-18T22:00:00+00:00,2024-08-16,1.89,1.96,0.5090909090909091,0.03636764417087508,0.5881797145684207,0.3200778402737302,1.2,0.3333333333333333,0.831069078405832,0.7160870499183593,2.684872046909703e-10,104,134,False,False,False,c54538b7374ac14531658d9150044e2c28182ce8630b1a4fda4c317469bdadd6,2b54cf920aef0c1d52121d524a030ac90cc6c613f01480f1418f4759da4e2a70,1.93,1.94,True,2024-08-15T19:31:00+00:00,2024-08-15T19:31:00+00:00,0.5179004260675614,0.5170487168294425,0.519621493567835
te:2698987,2024-08-16,2024,2024-08-16,huesler,escoffier,2024-08-16T14:55:00+00:00,2024-08-16T00:38:00+00:00,1.0,2024-08-18T22:00:00+00:00,2024-08-16,1.79,2.09,0.538659793814433,0.1549484461240559,0.6248564680440584,0.35526482148687477,0.7333333333333333,0.06666666666666667,0.7567176072965169,0.690796480208546,3.5595263958576595e-09,160,178,False,False,False,b904ae4ffd0e3d4fff19c0ee1ff64a99d9d0aaf4606b5f5d25895933ace925b7,b15b0eee1037e221b9eca4c93889adaf11e88603cab5d370685358ded1f43164,1.83,2.05,True,2024-08-16T12:18:00+00:00,2024-08-16T13:45:00+00:00,0.5466750142283816,0.5463070563144369,0.5473666992856648
te:2699083,2024-08-16,2024,2024-08-16,kopriva,naw,2024-08-16T17:10:00+00:00,2024-08-16T00:40:00+00:00,1.0,2024-08-18T22:00:00+00:00,2024-08-16,2.01,1.85,0.4792746113989638,-0.08294908298075057,0.5900688592753585,0.44719912756538893,1.4166666666666667,0.7833333333333333,0.5743594546813906,0.5000000000038227,0.008809404281960767,169,191,False,False,False,62ae2f2349f64bd2b2dd2fbaed7e84bf831a00a6c975b7bc92e3e1b3eaa90182,502af43a8c481e50bcbbc17b74a3db2ff07a63bc782f99d3d9b3406ce343337f,1.95,1.92,True,2024-08-16T13:31:00+00:00,2024-08-16T13:31:00+00:00,0.48882733636568354,0.4890817453767713,0.49112882247621803
te:2699167,2024-08-16,2024,2024-08-16,andrade-58258,djere,2024-08-16T21:10:00+00:00,2024-08-16T09:54:00+00:00,1.0,2024-08-18T22:00:00+00:00,2024-08-16,2.12,1.76,0.45360824742268036,-0.1861022796338609,0.5701111233771641,0.4684068259235875,1.1333333333333333,0.26666666666666666,0.6362329724921203,0.7511397717266479,3.6485595433788376e-08,160,104,False,False,False,051febd4b710d86bc0db7096ace25d2432fc469f51af0efc0723b831c08522c4,72bac337a3ae2517df8ffe6eb9b1789fd03cd59f0d4b61cb03513d91ab665e8b,2.16,1.75,True,2024-08-16T20:32:00+00:00,2024-08-16T20:32:00+00:00,0.46374635181175766,0.4640876853039121,0.4665140949976455
te:2699725,2024-08-20,2024,2024-08-20,bai-0d924,donskoy,2024-08-20T08:55:00+00:00,2024-08-17T15:37:00+00:00,0.0,2024-08-22T22:00:00+00:00,2024-08-20,1.99,1.83,0.4790575916230366,-0.08381867188307154,0.5966774056148373,0.4754585560480734,0.31666666666666665,0.31666666666666665,0.5635349502994734,0.5000000000000001,0.020217760648099298,161,124,False,False,False,7785124651e352abcfe66e80a616be11b004c3cd8811d8f283c0b1a0794153a0,f060eab173eb3c93ddf9b5c4d9d7bf8af3c56784a2eeceb09e15d9dbd0f1f5cd,1.93,1.9,True,2024-08-19T06:21:00+00:00,2024-08-19T06:21:00+00:00,0.48861548810941985,0.489145539958369,0.4870596481509066
te:2701961,2024-08-20,2024,2024-08-20,shin-15be9,peniston,2024-08-20T08:45:00+00:00,2024-08-19T18:46:00+00:00,0.0,2024-08-22T22:00:00+00:00,2024-08-20,2.07,1.77,0.4609375,-0.15656906069153992,0.5494315793385586,0.354943369706991,0.7833333333333333,0.7833333333333333,0.5000000000000001,0.6222496335560125,0.0009419805145070292,128,84,False,False,False,6eb7d846a2cd95cf1cd24329347493999dce526457c3bb913239eef3f5248c62,040506889cab3e7de95c3ac2bc78bc600f02252d5ee1627dc370c73cfce959e4,1.98,1.86,True,2024-08-20T08:36:00+00:00,2024-08-20T08:36:00+00:00,0.47091400604088,0.4701824703448676,0.46888935049133146
te:2702187,2024-08-20,2024,2024-08-20,aboian-f7ddc,nedelchev,2024-08-20T08:50:00+00:00,2024-08-19T23:25:00+00:00,1.0,2024-08-22T22:00:00+00:00,2024-08-20,2.02,1.81,0.47258485639686687,-0.10977066613537889,0.5857437974229528,0.4561685251241504,0.26666666666666666,0.26666666666666666,0.580696099067309,0.5000000000000001,0.011536856216055907,198,131,False,False,False,88825860766710426400ff4ac7a63f84022175aeb74f6c9e01191e19ec1d64f7,f83bdf627a71ba120ac9717b5ad2587e6c801bb9b6c4977fdb782925eecd3474,1.96,1.88,True,2024-08-20T05:59:00+00:00,2024-08-20T05:59:00+00:00,0.4822953112748477,0.48260633519063445,0.48044447785062244
te:2702189,2024-08-20,2024,2024-08-20,ambrogi,basic,2024-08-20T09:05:00+00:00,2024-08-19T23:24:00+00:00,1.0,2024-08-22T22:00:00+00:00,2024-08-20,1.81,2.02,0.5274151436031332,0.10977066613537934,0.6460858754232869,0.4921074651404873,0.7,0.7,0.7242501255184058,0.7086182113277893,1.5760348345827957e-07,152,103,False,False,False,3480de0b4ce2c1b6b3ba9b1b1440f71373a0ce09f6376d415a7112f1ac6b1f5a,48ba35881223657c5f3cb86d254d35791adc9593a5802ac3a940f5687b3d9b8f,1.86,1.97,True,2024-08-20T08:16:00+00:00,2024-08-20T08:16:00+00:00,0.5357384945689019,0.53665064395808,0.5351940402598151
te:2702195,2024-08-20,2024,2024-08-20,gea,martin-3dfa5,2024-08-20T11:40:00+00:00,2024-08-19T23:20:00+00:00,1.0,2024-08-22T22:00:00+00:00,2024-08-20,1.99,1.83,0.4790575916230366,-0.08381867188307154,0.6147736478914545,0.5512417306519803,1.85,0.75,0.5000000000762165,0.5012236909815667,0.014870305265610395,153,74,False,False,False,c7413acb4af7b1c03dedd7bc1e7fd2711a2fa35b48686bd23b88e5565c7a6ffd,d9e57c2a0636152f1fca589b365cfaa094a97acab43b19bec6bf550f1d2fe46f,2.0,1.84,True,2024-08-20T07:34:00+00:00,2024-08-20T07:34:00+00:00,0.48861548810941985,0.48988746712875625,0.4943379508793174
te:2704557,2024-08-23,2024,2024-08-23,noguchi-08bde,shimizu-38ca9,2024-08-23T04:40:00+00:00,2024-08-22T09:49:00+00:00,1.0,2024-08-25T22:00:00+00:00,2024-08-23,1.97,1.88,0.4883116883116883,-0.04676176590803932,0.6195017678318,0.5341957894008451,0.6666666666666666,0.06666666666666667,0.6784276193357464,0.7470166515629791,1.1071699113074374e-13,157,123,False,False,False,2d39ee0f3896a160b86494cd3fdc3cf1d5f449056b407b0ec88df168f120f34f,7f39680ce01503e36a0ddab0745f80e5af75dad205d3325bde354efea669ca02,1.91,1.96,True,2024-08-23T00:35:00+00:00,2024-08-23T00:35:00+00:00,0.4976458947308096,0.4987942885788177,0.49947373252444927
te:2704559,2024-08-23,2024,2024-08-23,wu-9762d,smith-8b3b8,2024-08-23T02:40:00+00:00,2024-08-22T09:49:00+00:00,1.0,2024-08-25T22:00:00+00:00,2024-08-23,1.9,1.95,0.5064935064935064,0.025975486403260445,0.5521446423168204,0.1833642407623862,0.6333333333333333,0.6333333333333333,0.6352109910084545,0.5149447353998372,3.802933040697454e-08,19,146,False,False,False,fefefaa459b06b945f89f96a63b86a931e1ec19584bedc4f28eeb3408a3d334f,b3e482889d555956ffc97d0b852ae66711682f8d6f98877fb120b5ef4ed93ae2,2.0,1.88,True,2024-08-23T00:52:00+00:00,2024-08-23T00:52:00+00:00,0.5153702208608525,0.5131682336076449,0.5116596226427156
te:2705767,2024-08-27,2024,2024-08-27,dalla-valle,habib,2024-08-27T16:15:00+00:00,2024-08-25T09:10:00+00:00,1.0,2024-08-29T22:00:00+00:00,2024-08-27,1.85,1.96,0.5144356955380577,0.05775883415219216,0.6195574680738768,0.429911495017566,1.2666666666666666,1.2666666666666666,0.587484949756927,0.5886830112874977,1.3068193072118817e-07,174,216,False,False,False,3e046b5d9b2563d3ac5c59a5cf96c87e2a8333d3984e0d420afcba62ecd69db8,e568620d19f72a78d6d7fb74cc9bf9f14655a299689ea4e53a01cfb252d2a8ac,1.88,1.95,True,2024-08-26T03:10:00+00:00,2024-08-27T05:04:00+00:00,0.5231055618216158,0.523352739464976,0.5228304683528783
te:2707297,2024-08-27,2024,2024-08-27,herbert-fa5ad,broady-9ff27,2024-08-27T12:00:00+00:00,2024-08-26T08:30:00+00:00,1.0,2024-08-29T22:00:00+00:00,2024-08-27,1.79,2.05,0.5338541666666666,0.13562417329765303,0.6524581183147408,0.4942375967705039,1.4833333333333334,0.65,0.7256224396101563,0.7414850622987188,2.1697711682922005e-09,157,79,False,False,False,f625f01830834758bc3c98aaa7c28f24bc2c6b72d8295f5bb3647f7923cb39f4,e2ac0ca07c76035da3b6600c30fe51608639e30002631246210c1fb1e3ea50a6,1.77,2.09,True,2024-08-27T08:06:00+00:00,2024-08-27T08:06:00+00:00,0.5420019343557244,0.5429626243998024,0.5458211589755391
te:2710121,2024-08-30,2024,2024-08-30,taberner,prizmic,2024-08-30T14:35:00+00:00,2024-08-28T18:36:00+00:00,1.0,2024-09-01T22:00:00+00:00,2024-08-30,1.92,1.93,0.5012987012987012,0.005194816877103783,0.614116622527814,0.4594548392912748,0.0,0.0,0.5121118116422638,0.5000000020810372,0.01294599961242976,192,86,False,False,False,047ba9368f341c31faa36921c6795ccd1c8508da0104061800e72fec8658cc40,58b8c2bb1fb53947f5980d53e0dc8f89d916ba9811f21c935716525e95e2d8e8,1.97,1.9,True,2024-08-30T07:14:00+00:00,2024-08-30T07:14:00+00:00,0.5103084638083637,0.5107846190975736,0.5081827679536706
te:2710321,2024-08-30,2024,2024-08-30,uchiyama,wu-f664e,2024-08-30T03:10:00+00:00,2024-08-29T09:44:00+00:00,1.0,2024-09-01T22:00:00+00:00,2024-08-30,1.66,2.3,0.5808080808080808,0.326091520566652,0.6425730899705373,0.2604581546799042,0.25,0.25,0.7025059765700352,0.7008635311205301,3.6198395947373285e-09,122,126,False,False,False,bef3beab31410ff0b7feac2aefb2ccd087a267a80d242de9fe8f60d7d9aa2758,fdaa611f17a5d6b28bb238494b5540c3c434e1753913b2b5b5556988a759b419,1.67,2.31,True,2024-08-29T23:32:00+00:00,2024-08-29T23:32:00+00:00,0.5876126398846369,0.5865439733860106,0.5844521637409564
te:2710323,2024-08-30,2024,2024-08-30,hong-0ce56,sun-2f389,2024-08-30T03:15:00+00:00,2024-08-29T09:50:00+00:00,1.0,2024-09-01T22:00:00+00:00,2024-08-30,1.93,1.93,0.5,0.0,0.5658339201141706,0.2648734743368958,0.2833333333333333,0.2833333333333333,0.6897830248032564,0.5783051906119668,2.4944768473034173e-12,188,137,False,False,False,4be0bba496d5fffc37cd724e9d1525a5cfd5271c87a6a94ff8eabcf0046b0ff4,06945aa351ba60042ff5e05961434def67e10fe9aa4b0aa8894ab30f8a3382a3,2.02,1.86,True,2024-08-30T02:01:00+00:00,2024-08-30T02:01:00+00:00,0.5090427389828361,0.5076076906382925,0.5055089932904244
te:2710513,2024-08-30,2024,2024-08-30,buse,aboian-f7ddc,2024-08-30T11:55:00+00:00,2024-08-29T17:30:00+00:00,1.0,2024-09-01T22:00:00+00:00,2024-08-30,2.17,1.73,0.4435897435897435,-0.2266057590426809,0.561903624127754,0.4754971845035487,0.3333333333333333,0.3333333333333333,0.7084806702436381,0.5916608706248295,1.3334541137943745e-08,189,204,False,False,False,6b982e4aaaa2725f66b21d4294a83ecb2243f24a5de23931cf7c20681dec908a,58d7965fc37692dcca6c85ead4abc922c247cb3b6d333063929e97ccd9516fcf,2.22,1.71,True,2024-08-30T10:00:00+00:00,2024-08-30T07:32:00+00:00,0.4539411311028685,0.454303841104237,0.4522629342783101
te:2710671,2024-08-30,2024,2024-08-30,ajdukovic,huesler,2024-08-30T16:55:00+00:00,2024-08-30T04:36:00+00:00,1.0,2024-09-01T22:00:00+00:00,2024-08-30,1.65,2.33,0.5854271356783919,0.34509297966511965,0.6340283244330652,0.2044447082908165,0.65,0.016666666666666666,0.6939645561645168,0.7436665753756829,1.780263603201604e-09,180,164,False,False,False,aa131542e5a4e5c8f31756d398940771909fb30fc19f6b6e02269fc576e27d83,897e8a9dee9d9d31d134efede80a4cea0e09e03c88517105f331633cb0a1b32a,1.64,2.36,True,2024-08-30T16:43:00+00:00,2024-08-30T16:43:00+00:00,0.5920945034513508,0.5905200515585222,0.5913319996664868
te:2711885,2024-09-03,2024,2024-09-03,varillas,cadenasso,2024-09-03T17:00:00+00:00,2024-09-01T14:59:00+00:00,1.0,2024-09-05T22:00:00+00:00,2024-09-03,2.17,1.7,0.43927648578811374,-0.24409891649019763,0.5492376693976979,0.44168996015770995,0.0,0.0,0.7555098356212491,0.6240082474248935,2.7984281558701696e-12,141,156,False,False,False,ab1661655a4c41e868978da48fbf02db23e9a3e038fdc71495b66a2622499526,970736803523a79bbfbc0f2a74507cfc48a8573b24bb9a62ec023a472252eb64,2.01,1.83,True,2024-09-03T14:50:00+00:00,2024-09-03T11:35:00+00:00,0.4497169006768467,0.44973121864572313,0.447161282737118
te:2711905,2024-09-03,2024,2024-09-03,janvier,taberner,2024-09-03T09:15:00+00:00,2024-09-01T13:13:00+00:00,1.0,2024-09-05T22:00:00+00:00,2024-09-03,2.04,1.79,0.46736292428198434,-0.13073418800346137,0.5713034497180117,0.4179053654371943,0.6666666666666666,0.6666666666666666,0.6376774687978152,0.751700199010932,2.7616640307925877e-08,174,196,False,False,False,871db7fb785226fda1f3c8484e69bedd8a0bae2862ba0cba1963fbafa57a394c,341cabea94b1735e22fef75df0e176c81267b8868d718ff28e36fc5fe3b46c89,2.25,1.67,True,2024-09-03T06:04:00+00:00,2024-09-03T06:04:00+00:00,0.47719403219139284,0.4771066459762416,0.4756080095792157
te:2712001,2024-09-03,2024,2024-09-03,bonzi-a38fa,broom-cb719,2024-09-03T15:10:00+00:00,2024-09-01T12:49:00+00:00,1.0,2024-09-05T22:00:00+00:00,2024-09-03,1.97,1.85,0.48429319371727747,-0.06284790365966375,0.5949802818087021,0.4474404160253858,0.9666666666666667,0.9666666666666667,0.7506939128833875,0.6569492882386203,2.711491031703872e-10,173,196,False,False,False,ffa618be90a71a8d0fc7bad46a65901b8a85da682d84f9a1175d717feab40cc9,6fbb1eb74984861e022a05f938f262ada2e00d7507b00ce39fc27c881606a822,1.96,1.88,True,2024-09-03T14:37:00+00:00,2024-09-03T14:37:00+00:00,0.49372532512633255,0.49400539405552113,0.49298822502807016
te:2713473,2024-09-03,2024,2024-09-03,added,salvestre,2024-09-03T13:55:00+00:00,2024-09-02T16:57:00+00:00,0.0,2024-09-05T22:00:00+00:00,2024-09-03,1.87,1.95,0.5104712041884817,0.041890941709160225,0.5988194483125965,0.35865760956345166,0.6333333333333333,0.6333333333333333,0.7284421727492183,0.6429179306452838,5.930802515763389e-09,172,48,False,False,False,e344634fd13994fcd820a2976c669d9187d0d0820eec4d3314004a65f268dc1c,1d8b39ef96e028b4cd9e159a341ef1e803b33a8967677039160de5cfc705827c,1.9,1.93,True,2024-09-03T11:05:00+00:00,2024-09-03T11:05:00+00:00,0.519244832195848,0.5187770044432569,0.5172334688316035
te:2714127,2024-09-03,2024,2024-09-03,andreev-8a7ee,olivieri-ff875,2024-09-03T13:55:00+00:00,2024-09-02T17:45:00+00:00,1.0,2024-09-05T22:00:00+00:00,2024-09-03,1.88,1.93,0.5065616797900262,0.026248226074936154,0.5972157725026187,0.36762924707459954,2.35,0.31666666666666665,0.562574332201726,0.5000000000000001,0.015260221131897511,161,114,False,False,False,c877b272b805fec809d2455fdab94ed5e9003577ae2a9d5d0dbea1301322b461,c2972d30454f5e6a11d3e1d95b97567cefcc33fa064747eb257e5d4e417ab820,1.81,2.04,True,2024-09-03T08:30:00+00:00,2024-09-03T08:30:00+00:00,0.5154366361232112,0.5150383079204782,0.5237632423312696
te:2715485,2024-09-06,2024,2024-09-06,neumayer,kym,2024-09-06T09:10:00+00:00,2024-09-04T16:28:00+00:00,1.0,2024-09-08T22:00:00+00:00,2024-09-06,1.86,1.99,0.5168831168831169,0.0675581510112914,0.5988051670352471,0.33293095342674894,1.4333333333333333,0.8,0.6151991966945771,0.6936906988162581,2.1883189704752226e-11,152,156,False,False,False,fbc3c02c118933f3c58c7623df9ba8726bc87ca34b8b5a7d6de11580b59882ec,e725039c5598c4da150a1d96628cd949f33e6300d6d515f38538e9b02deeeab3,1.85,2.03,True,2024-09-06T06:05:00+00:00,2024-09-06T06:05:00+00:00,0.5254884308459348,0.5247993374899409,0.5268913316897237
te:2715803,2024-09-06,2024,2024-09-06,travaglia,poljicak,2024-09-06T16:35:00+00:00,2024-09-05T16:50:00+00:00,1.0,2024-09-08T22:00:00+00:00,2024-09-06,1.81,2.07,0.5335051546391752,0.13422176199954328,0.6147654282884577,0.3331665897050663,1.15,0.5166666666666667,0.5018202479757218,0.5000000004936379,0.012564753879886661,170,197,False,False,False,3b3db17427ad7a89b60337fd85a739a5526e138699e3a701587b2f991197fdb4,67aad226b2dbd58d3502337a928b8501c8424d7cda1e90fe871c812e872bf1c9,1.79,2.1,True,2024-09-06T16:29:00+00:00,2024-09-06T16:29:00+00:00,0.541662499297447,0.5410551400295256,0.5426769613368682
te:2715969,2024-09-06,2024,2024-09-06,de-jong-57322,simakin,2024-09-06T08:10:00+00:00,2024-09-05T16:57:00+00:00,1.0,2024-09-08T22:00:00+00:00,2024-09-06,2.19,1.72,0.43989769820971864,-0.2415772530030479,0.5802442415629754,0.5653533594524613,0.6833333333333333,0.6833333333333333,0.785847715075641,0.673600415887502,5.713762796233368e-13,153,144,False,False,False,264cd365e8ab7b0a5b65f80f1bdf9271c12d374c29fad47cad822437895b10c0,6c1a997938a253ed70703286c7f0a49fcb3e32881a3d5a8db2410f81f63ee738,2.15,1.76,True,2024-09-06T07:40:00+00:00,2024-09-06T07:40:00+00:00,0.45032539695565255,0.4515421549894513,0.45005252834787096
te:2716203,2024-09-06,2024,2024-09-06,choinski,rehberg-2d8d7,2024-09-06T12:45:00+00:00,2024-09-05T17:27:00+00:00,0.0,2024-09-08T22:00:00+00:00,2024-09-06,1.78,2.1,0.5412371134020618,0.16532398042538338,0.6423100827511734,0.42008074346232466,0.6166666666666667,0.6166666666666667,0.7541465434772251,0.710849154442785,3.755551425399517e-12,165,154,False,False,False,459cb624a8b1733735259dd1d331a9b92faac01d52e2ded52fa342ea8d0d81c9,283c014e3ec1106e449069ccbd6fd8ce9d5297bda4eafbd6101becd8d735bc07,1.75,2.16,True,2024-09-06T08:36:00+00:00,2024-09-06T09:31:00+00:00,0.54918073447869,0.5494537039165646,0.5478825372889297
te:2716277,2024-09-06,2024,2024-09-06,munar-d1298,nishikori,2024-09-06T13:45:00+00:00,2024-09-05T23:48:00+00:00,1.0,2024-09-08T22:00:00+00:00,2024-09-06,1.86,1.99,0.5168831168831169,0.0675581510112914,0.6147654694157307,0.3998303743514928,0.3333333333333333,0.3333333333333333,0.5000000069431768,0.5018177573524989,0.006795068021354406,150,30,False,False,False,3e90d0c8ef59ec24759d2a1afc11fa0746266ab62cc57b6ddb9c4d65a5b44db2,982f945250ec08a8ee109b97873645bc07552375fc52d3d09089d22647f6cf86,1.85,2.02,True,2024-09-06T13:25:00+00:00,2024-09-06T12:09:00+00:00,0.5254884308459348,0.5254529249561073,0.5234125368136107
te:2716897,2024-09-10,2024,2024-09-10,svrcina,uchiyama,2024-09-10T04:30:00+00:00,2024-09-07T15:59:00+00:00,1.0,2024-09-12T22:00:00+00:00,2024-09-10,1.85,1.97,0.5157068062827225,0.06284790365966353,0.6264942661165661,0.4543583621685685,1.0666666666666667,0.1,0.6471333743621273,0.6802999175053362,2.236745233474835e-10,139,130,False,False,False,22111964748fd44d9e1994765a129a62a85b013edc3d3d8a44420dbc09fae713,ee044be013cd7d96344e35a97542d1d1938c011e8fd89763673a6d6bebb4ef80,1.68,2.22,True,2024-09-10T03:04:00+00:00,2024-09-10T03:04:00+00:00,0.5243431929966006,0.5248350334878332,0.5275255582101315
te:2717273,2024-09-10,2024,2024-09-10,campana-lee,cachin,2024-09-10T10:00:00+00:00,2024-09-08T12:49:00+00:00,0.0,2024-09-12T22:00:00+00:00,2024-09-10,1.88,1.93,0.5065616797900262,0.026248226074936154,0.6108662546708344,0.4247067104896902,0.7166666666666667,0.016666666666666666,0.6286243370754285,0.6916923681294661,7.125699091892201e-08,126,129,False,False,False,50d3902e4e4ec23b0296065fc82188057d110854783cfb60bde3f2278adf40d4,87c970134f2156f9ff51272277955b70e1dd4d83e62ac357a03112f7e79fbb4b,1.93,1.9,True,2024-09-09T21:42:00+00:00,2024-09-10T03:19:00+00:00,0.5154366361232112,0.5155968248773393,0.5167465080418316
te:2718589,2024-09-10,2024,2024-09-10,berrettini,chazal,2024-09-10T10:20:00+00:00,2024-09-08T18:10:00+00:00,1.0,2024-09-12T22:00:00+00:00,2024-09-10,1.85,1.88,0.5040214477211796,0.016086137751624395,0.6132346394891445,0.4448432917949627,1.4333333333333333,0.8333333333333334,0.6258464971246329,0.5843199738198089,2.8759086501128905e-08,111,147,False,False,False,8d133e88665a1d00f2d36a52f2e549e94109cdc214138b1f87fa7b3d9ef5bad2,c08431322ce989b1202441818ab77c91b7b99f92d70c4374280bd30a62d500e6,1.87,1.9,True,2024-09-10T02:34:00+00:00,2024-09-10T02:34:00+00:00,0.5129617020304781,0.5133072969858888,0.5152581719296424
te:2718857,2024-09-10,2024,2024-09-10,leong-e28bd,uchida-ea757,2024-09-10T02:10:00+00:00,2024-09-09T10:18:00+00:00,1.0,2024-09-12T22:00:00+00:00,2024-09-10,1.89,1.93,0.5052356020942408,0.020943173845242972,0.6154333258688732,0.4492662620843682,0.36666666666666664,0.36666666666666664,0.6507693412017519,0.7141088680375502,7.420463410401368e-10,114,151,False,False,False,50540277adc76d7c901f716bb2d4f91a575fd96b683b4f24abfbd1a636737d19,c9b1740bc177c3c2cf878002b25d51f5f62cb3db248edafada4fb1436fc5a3c0,1.95,1.88,True,2024-09-09T21:33:00+00:00,2024-09-09T20:46:00+00:00,0.5141446996137423,0.5145391382475969,0.5125400794757204
te:2719703,2024-09-10,2024,2024-09-10,basilashvili,wiskandt,2024-09-10T12:30:00+00:00,2024-09-10T09:29:00+00:00,1.0,2024-09-12T22:00:00+00:00,2024-09-10,1.93,1.88,0.4934383202099738,-0.026248226074936154,0.5764386853366275,0.3344189189834116,0.0,0.0,0.5929577930315711,0.5000000000000001,0.014120036257497193,166,183,False,False,False,9ceb619e9543580d29e268baaddef37d039f8f2763f250ff0f376dbb4d8d6531,dd6c64d54be5743df93127578ea37996c1b13380703d00bfcefed77845ae8b9b,1.96,1.86,True,2024-09-10T09:43:00+00:00,2024-09-10T09:43:00+00:00,0.502645882029,0.5018612956611159,0.4992843176595155
te:2719705,2024-09-10,2024,2024-09-10,bouquier,furness,2024-09-10T19:30:00+00:00,2024-09-10T09:38:00+00:00,1.0,2024-09-12T22:00:00+00:00,2024-09-10,1.87,1.95,0.5104712041884817,0.041890941709160225,0.5811098877289405,0.2854403091222445,0.0,0.0,0.5870033578430709,0.5000000000000001,0.000853335449045256,138,73,False,False,False,4f87a271005d59214b15406615925d0dca469d693b99c3a575ae73f1b1c79874,6d5187fb229af2c2f630bcaeacc810e7c98b673361178ae0d204fbf59307a421,1.92,1.92,True,2024-09-10T18:58:00+00:00,2024-09-10T18:58:00+00:00,0.519244832195848,0.5180608554046902,0.5154963578994679
te:2719707,2024-09-10,2024,2024-09-10,grenier-baaf0,de-schepper,2024-09-10T10:45:00+00:00,2024-09-10T01:50:00+00:00,1.0,2024-09-12T22:00:00+00:00,2024-09-10,1.85,1.97,0.5157068062827225,0.06284790365966353,0.5903279747639947,0.30247346709321143,1.0,1.0,0.7800736174365537,0.6766016898835114,2.3159252293680765e-13,172,127,False,False,False,a38cc298ff02e63c8d58e6bb040453a218be55e180c6a57603d0277a43e3c2f4,610ac210abf232c21f6955b8d9d6fe2762b2ab3ca4bf66935cd160dbcd65e269,1.84,2.0,True,2024-09-10T08:16:00+00:00,2024-09-10T08:16:00+00:00,0.5243431929966006,0.5233508614801005,0.5224189276238624
te:2720493,2024-09-13,2024,2024-09-13,martin-e6e6e,vandecasteele-87d37,2024-09-13T00:35:00+00:00,2024-09-11T10:17:00+00:00,0.0,2024-09-15T22:00:00+00:00,2024-09-13,1.84,1.98,0.518324607329843,0.0733312730855498,0.6103353305627164,0.3753907079647651,0.5166666666666667,0.5166666666666667,0.5313724722808384,0.5000000000000001,0.004453521644201958,85,70,False,False,False,d07ea24c169025dec49f04e9599ed58bbb0f537b36824cc8239034dd39c50326,0863ad7b761c833e9667d0424b3ff7bfa2df989808d0feeb0df509f927c036ac,1.77,2.1,True,2024-09-13T00:22:00+00:00,2024-09-13T00:22:00+00:00,0.5268917265538919,0.5266241912048287,0.5248886433463903
te:2721355,2024-09-13,2024,2024-09-13,fearnley,mannarino-a7108,2024-09-13T14:10:00+00:00,2024-09-12T23:10:00+00:00,0.0,2024-09-15T22:00:00+00:00,2024-09-13,1.8,2.07,0.5348837209302325,0.1397619423751585,0.6114412305209976,0.313612469896818,0.25,0.25,0.5477662288152665,0.5185351541857919,9.710948767338579e-09,113,132,False,False,False,3313f0e4e12de9af26b7edaafbf26c5d397d3341d1dd545342bb616328d4447a,79c62c84e91f41d0a6ac2079bf81312958060f5a2b14ee1c63847020d69d7ec9,1.76,2.15,True,2024-09-13T10:46:00+00:00,2024-09-13T12:02:00+00:00,0.5430031981168052,0.5422123164429726,0.5400624623388959
te:2721455,2024-09-13,2024,2024-09-13,mayot,geerts,2024-09-13T12:10:00+00:00,2024-09-13T05:43:00+00:00,0.0,2024-09-15T22:00:00+00:00,2024-09-13,1.86,1.99,0.5168831168831169,0.0675581510112914,0.5792258852011781,0.25203823509189993,0.31666666666666665,0.31666666666666665,0.7627761491329613,0.6535008577422172,7.778962474169759e-10,177,181,False,False,False,c2c100f6bc8555a0fc5708963fc394d3872adaf258f1dd9e73cda7c80aee044c,dad197d55c89dbcd7811ccc28bc7d35904a6f36b0299c24b749364ef78bb2450,1.83,2.03,True,2024-09-13T11:47:00+00:00,2024-09-13T11:47:00+00:00,0.5254884308459348,0.5240089263852022,0.5219709514122
te:2721533,2024-09-13,2024,2024-09-13,lestienne,pouille,2024-09-13T17:10:00+00:00,2024-09-13T03:26:00+00:00,1.0,2024-09-15T22:00:00+00:00,2024-09-13,1.79,2.08,0.537467700258398,0.1501522738605631,0.6193714985732375,0.3367291404738173,0.75,0.11666666666666667,0.6425153375887073,0.6940398032596845,3.37963965146848e-09,138,108,False,False,False,64c1101039e4924c4fbaa1aef0e0873f3249ff4ae358acac81cc517299b44030,0315d044f6b4265fe9c2de743886718193df69b15bf907771412c86bed180927,1.83,2.06,True,2024-09-13T16:10:00+00:00,2024-09-13T16:10:00+00:00,0.5455159177096345,0.5449622352564243,0.5459317499625687
te:2721789,2024-09-13,2024,2024-09-13,sels,nicod,2024-09-13T12:40:00+00:00,2024-09-13T12:09:00+00:00,,,,1.77,2.12,0.544987146529563,0.18043654209818355,0.6164406134411241,0.2940309843549657,1.6166666666666667,0.5833333333333334,0.5514145377870433,0.5544203434499367,7.288874174227189e-07,170,178,False,False,False,fcf2187b27a9f26abb5fde919b08c444b2ae3475d6af14924994e478ed188bb0,448493227cf137f1f87970f29065b87876db122bb4bdbd5ba9f3c9e26633c217,1.81,2.06,True,2024-09-13T12:18:00+00:00,2024-09-13T12:18:00+00:00,0.5528259678698354,0.5518948107848924,0.5557254175477403
te:2722939,2024-09-17,2024,2024-09-17,blockx,kasnikowski,2024-09-17T08:10:00+00:00,2024-09-15T12:45:00+00:00,1.0,2024-09-19T22:00:00+00:00,2024-09-17,1.76,2.09,0.5428571428571429,0.1718502569266595,0.6403905533682848,0.4052094008597347,0.0,0.0,0.6978762014548758,0.7313820802962285,3.209364163314632e-10,149,180,False,False,False,a369ddfd5296928b222323205fe0a6c04eed3c74a2a0e901e97cc976ad4d57ea,7604dba44a14c079d9bcf2df75a5ecc21fe33145a2595a7ac499921ca807cac6,1.68,2.23,True,2024-09-17T07:34:00+00:00,2024-09-17T07:34:00+00:00,0.5507555794969577,0.5508916903472973,0.5483244651301205
te:2723505,2024-09-17,2024,2024-09-17,stricker,peniston,2024-09-17T18:10:00+00:00,2024-09-15T14:02:00+00:00,0.0,2024-09-19T22:00:00+00:00,2024-09-17,1.74,2.12,0.5492227979274612,0.1975309754574837,0.5803181688662954,0.12654866541044005,0.0,0.0,0.7257163965408742,0.6230643808737865,3.5669522890913186e-12,61,94,False,False,False,cc8503a44bab8fcd62fc88806b0df5160e6763299192861c37be56180c9e5a13,8a2a2013d1374bd479b214ebc1670b343d57b102a4494ae8613fbc03c0edea36,1.78,2.08,True,2024-09-17T18:00:00+00:00,2024-09-17T18:00:00+00:00,0.5569423853956353,0.5544120259678695,0.5519048402755432
te:2723511,2024-09-17,2024,2024-09-17,basavareddy,marie,2024-09-17T00:30:00+00:00,2024-09-15T17:14:00+00:00,0.0,2024-09-19T22:00:00+00:00,2024-09-17,1.88,1.93,0.5065616797900262,0.026248226074936154,0.585073956650696,0.31738973923873526,0.8166666666666667,0.8166666666666667,0.6153914457790837,0.5313920312920907,1.746250713474673e-09,96,184,False,False,False,f8cd19a17de7da8642624a30be2be9b103b814baad907adba1909ff785974cdb,0e5d917a6a5711418ed50a677706122b91bde77de07e5794de1233c5dfd2c8bd,1.99,1.85,True,2024-09-17T00:10:00+00:00,2024-09-16T21:13:00+00:00,0.5154366361232112,0.5145466709033348,0.5133107812344686
te:2723513,2024-09-17,2024,2024-09-17,quinn-d0193,kypson,2024-09-16T22:45:00+00:00,2024-09-15T14:04:00+00:00,0.0,2024-09-19T22:00:00+00:00,2024-09-17,1.68,2.22,0.5692307692307692,0.27871340246902043,0.6612195705680807,0.3900203648592586,0.38333333333333336,0.38333333333333336,0.7485447803335152,0.7821278663827455,6.507328009774938e-11,159,115,False,False,False,5194a82d704909a7b42166861255dfbcea3074cb6f89c32ced3a42e468a049a9,c49e970924f3dc760f63010363dda30a6aad5b0cbaf4c1670ed7b3060b98f245,1.7,2.2,True,2024-09-16T22:27:00+00:00,2024-09-16T22:27:00+00:00,0.5763756532796365,0.5764852106833658,0.5745672337199271
te:2724771,2024-09-17,2024,2024-09-17,dubrivnyy,budkov-kjaer,2024-09-17T10:35:00+00:00,2024-09-16T16:39:00+00:00,1.0,2024-09-19T22:00:00+00:00,2024-09-17,1.91,1.91,0.5,0.0,0.6112658667039736,0.4526363502621944,0.5333333333333333,0.5333333333333333,0.500000000021014,0.5278894768475066,0.028383604503027654,3,43,False,False,False,f0cbaeabae482d068771d2da07a008da9f0e467d782cee5331fbead5a88dc92b,e58296f34e4249e3064fc64321f7208d641621f7760efa63d403c3f67dd7c0c4,2.08,1.78,True,2024-09-17T09:36:00+00:00,2024-09-17T03:02:00+00:00,0.5090427389828361,0.5094461855748462,0.5077184666180851
te:2726969,2024-09-20,2024,2024-09-20,pavlovic-c059e,molleker,2024-09-20T10:25:00+00:00,2024-09-19T18:48:00+00:00,0.0,2024-09-22T22:00:00+00:00,2024-09-20,1.95,1.9,0.49350649350649356,-0.025975486403260445,0.5851072614996624,0.36975064444007466,0.8666666666666667,0.8666666666666667,0.5688227102567681,0.6572189886227475,8.419523411795637e-11,143,156,False,False,False,094515271c9096387ccf97db02d6658cfd2bea8978faea61fda8736acf0e58b5,b94eafc8dbc5932d9a6774f1669933df176d0552688201655f85bf869d03d7a0,1.92,1.95,True,2024-09-20T08:56:00+00:00,2024-09-20T08:56:00+00:00,0.5027123584748252,0.5022741363131029,0.5011087688397136
te:2727289,2024-09-20,2024,2024-09-20,majchrzak-905d8,martineau-40903,2024-09-20T10:10:00+00:00,2024-09-19T18:49:00+00:00,0.0,2024-09-22T22:00:00+00:00,2024-09-20,1.7,2.21,0.5652173913043478,0.2623642644674909,0.5793465852159002,0.05772737495506031,1.2666666666666666,0.43333333333333335,0.7082290572090769,0.6071775386832428,3.3134495147635334e-10,164,178,False,False,False,0ecdb1f8b3d96830f5c950accd5486503cbd0fe9d5c86bd26cb42414400c5b19,0a05900b16cdece9ffdfa7d787eeb2f6ee6611f60f062ca0ba77cf7bb6c35f3e,1.71,2.22,True,2024-09-20T07:01:00+00:00,2024-09-20T07:01:00+00:00,0.5724789873471873,0.5693812919790223,0.5719441732159549
te:2727363,2024-09-20,2024,2024-09-20,pouille,ajdukovic,2024-09-20T11:35:00+00:00,2024-09-19T18:53:00+00:00,0.0,2024-09-22T22:00:00+00:00,2024-09-20,1.69,2.23,0.5688775510204082,0.27727305653704526,0.6270205148586251,0.24218278412308336,1.3666666666666667,0.26666666666666666,0.7002704670276991,0.6589485060433797,2.8865326795468604e-11,111,190,False,False,False,c3e4054b1f95cc087527b584f5d9107ce27d11cf8343bbb78749df0d27ea7c13,54058f770740cfd16f78c20c2345f3cb50565c54337fda3faefe5a5f531474df,1.7,2.24,True,2024-09-20T08:31:00+00:00,2024-09-20T08:31:00+00:00,0.5760327340808306,0.5747256622267052,0.5783597510590652
te:2728141,2024-09-24,2024,2024-09-24,mayot,majchrzak-905d8,2024-09-24T08:40:00+00:00,2024-09-22T08:50:00+00:00,1.0,2024-09-26T22:00:00+00:00,2024-09-24,1.67,2.22,0.570694087403599,0.28468356945552425,0.6144502656352194,0.18137422428741995,1.45,0.25,0.5000000037216501,0.5085411248726588,0.0014687035047105529,181,169,False,False,False,80e114e660b35dd4f34f6caedd11908cb9107289eaf722da9aaade3fa2d8e18f,145eabe679ea144048fcfaecf8f325fc3ccc4a290e7453711d3e7c5adb3b45e3,1.66,2.27,True,2024-09-23T06:22:00+00:00,2024-09-24T01:11:00+00:00,0.5777962496594903,0.5759172256440296,0.5800518899839502
te:2728163,2024-09-24,2024,2024-09-24,silva-cb43c,skatov,2024-09-24T11:10:00+00:00,2024-09-22T09:52:00+00:00,1.0,2024-09-26T22:00:00+00:00,2024-09-24,2.01,1.82,0.47519582245430814,-0.09929822098228022,0.5914551275775531,0.4692822843607388,1.1666666666666667,0.13333333333333333,0.6288562611404971,0.7200959494139718,3.6157188354479786e-13,133,149,False,False,False,0775bccbbdb26cee5f989e5971df5eec5237507d2bc2604ecc5be9f88171a3d1,646ca3be27a25218e57828d6248f1fff6b4df1ebf759d947844e82aa30b8de4a,2.04,1.81,True,2024-09-24T10:31:00+00:00,2024-09-24T09:43:00+00:00,0.48484513356537307,0.4852966745603975,0.48839922898359156
te:2729193,2024-09-24,2024,2024-09-24,evans-cf2af,sultanov,2024-09-24T08:45:00+00:00,2024-09-23T08:15:00+00:00,1.0,2024-09-26T22:00:00+00:00,2024-09-24,1.84,1.98,0.518324607329843,0.0733312730855498,0.608268942341708,0.3667103235258606,0.0,0.0,0.7274009165466323,0.6520205372892489,5.415735082614503e-10,101,221,False,False,False,b66591730971280766d71ac8c9c3048de5e6c19f1f545408c502b0dcc6c31dbf,dc6438779d7bba153bf069b1b69668c575e29ed9026a725f45bfa382860be9ed,1.83,2.01,True,2024-09-23T22:09:00+00:00,2024-09-24T08:27:00+00:00,0.5268917265538919,0.5265394120134063,0.5239617703088112
te:2729777,2024-09-24,2024,2024-09-24,quinn-d0193,holt-669c7,2024-09-24T14:05:00+00:00,2024-09-24T07:36:00+00:00,1.0,2024-09-26T22:00:00+00:00,2024-09-24,1.75,2.1,0.5454545454545455,0.1823215567939549,0.6233799320894692,0.32159771708189633,0.8666666666666667,0.8666666666666667,0.615234563567268,0.6246752407867796,8.973613796481317e-09,162,162,False,False,False,6a40709e80725bb9e6c1e9ebe5c847dca746efa60dbc8361c36325965fcff93d,41f38a1dfb5ac4321aba6ecd15ae73bc47917a27f9332dab7911de20c88653e9,1.67,2.23,True,2024-09-24T09:02:00+00:00,2024-09-24T09:02:00+00:00,0.5532802539257691,0.5526184555257737,0.5514741345171532
te:2730009,2024-09-24,2024,2024-09-24,leong-e28bd,ellis-b4efc,2024-09-24T06:15:00+00:00,2024-09-23T14:36:00+00:00,0.0,2024-09-26T22:00:00+00:00,2024-09-24,1.75,2.0,0.5333333333333333,0.1335313926245226,0.6412846194082985,0.4474127274599734,1.45,0.18333333333333332,0.7090066291797962,0.7533217479912676,8.802958362252866e-12,120,172,False,False,False,fd428aca0ece631e2953ac3bcfdb74675f17eb6aa4bdcdb0e09bbadd643678f7,c22c94078d29c297f8105de5302ec63aa01a7abc89b6bae43295b01801ecf7fb,1.84,1.93,True,2024-09-23T19:58:00+00:00,2024-09-23T19:58:00+00:00,0.5414953903201943,0.5419984941740258,0.5463932169791058
te:2730557,2024-09-24,2024,2024-09-24,huesler,lamasine,2024-09-24T13:15:00+00:00,2024-09-23T18:59:00+00:00,0.0,2024-09-26T22:00:00+00:00,2024-09-24,2.04,1.79,0.46736292428198434,-0.13073418800346137,0.5538385897780764,0.3469266852327209,0.0,0.0,0.8202997212269362,0.6851702569438105,2.052913394834377e-10,168,160,False,False,False,a6a0198307d0bc2aefa8a39d3e4b145ee00b34e662e8be1123a4c5e479a9ec74,0889c1dd932fd81f8cee305178d77bfede7e7cdc67713e7be537d7e33e201794,2.05,1.81,True,2024-09-24T12:57:00+00:00,2024-09-24T12:57:00+00:00,0.47719403219139284,0.4764129517206066,0.4738404610965718
te:2730911,2024-09-24,2024,2024-09-24,sell-1ce74,farjat,2024-09-24T14:40:00+00:00,2024-09-24T07:25:00+00:00,0.0,2024-09-26T22:00:00+00:00,2024-09-24,2.2,1.68,0.4329896907216495,-0.26966356694910254,0.5231707890963538,0.362413155941942,0.0,0.0,0.6870471452108838,0.5399054188158393,5.095901217666565e-08,155,164,False,False,False,2046f411bc9743da293a2fd37bec7a3509584355fc64f9cd775d1c7ce81cf9f8,890190bc83592af1ccfa9ea7f7649db419d02241689f5dc5b42d05a1bd1c2bc2,2.18,1.7,True,2024-09-24T12:38:00+00:00,2024-09-24T12:38:00+00:00,0.4435567580366962,0.44277545326950773,0.4402296307967609
te:2731333,2024-09-27,2024,2024-09-27,collignon,kovalik,2024-09-27T11:45:00+00:00,2024-09-24T17:05:00+00:00,0.0,2024-09-29T22:00:00+00:00,2024-09-27,1.68,2.21,0.5681233933161953,0.2741987221144937,0.6428057839693551,0.31336425344602126,0.0,0.0,0.710500616204252,0.6989739120369362,4.282268983857307e-12,173,184,False,False,False,131691ee3502e26ba618051be60e7536a278347538f45ecf03db0a00d94ccdf2,101e70fbba3a2c9f264f90a4b013108a72f7de7c205d2708c4aa9d17703494de,1.69,2.22,True,2024-09-25T08:52:00+00:00,2024-09-25T09:40:00+00:00,0.5753005484543605,0.574671190600204,0.5721520952182219
te:2731821,2024-09-27,2024,2024-09-27,butvilas,schoolkate,2024-09-27T19:10:00+00:00,2024-09-25T16:10:00+00:00,1.0,2024-09-29T22:00:00+00:00,2024-09-27,1.76,2.09,0.5428571428571429,0.1718502569266595,0.624516432826841,0.3369126781415464,0.21666666666666667,0.21666666666666667,0.7076103780857526,0.7826365875681701,3.2429614549300823e-13,178,167,False,False,False,b98c1540f33e969afd61e4ae6dd9294856aa2e521d135568d6a2c3973469f9f7,c30d573ddb7eaf92f169ba834358ea23246d2843a571e84f6781a568d1599b40,1.72,2.16,True,2024-09-26T13:48:00+00:00,2024-09-27T18:15:00+00:00,0.5507555794969577,0.5502296025602783,0.548027020732339
te:2731829,2024-09-27,2024,2024-09-27,tomic-4ca3d,nakagawa-7463c,2024-09-27T19:10:00+00:00,2024-09-26T08:17:00+00:00,0.0,2024-09-29T22:00:00+00:00,2024-09-27,1.66,2.25,0.5754475703324808,0.304112613847877,0.6472889496971517,0.30303101282821177,1.65,1.65,0.7546639511148671,0.7185143296757945,6.371747615641077e-08,173,97,False,False,False,b0f5b0737f3b527658073f274e395d6b1fe4d245dd4f738d5ac215eae2a4610e,96ae0d839c916c87e0ffd405dfed5e1a269a15d3bf2b32354833b5ea34569197,1.76,2.11,True,2024-09-27T13:26:00+00:00,2024-09-27T13:26:00+00:00,0.5824103568567854,0.5817189967578743,0.5818441370430383
te:2732745,2024-09-27,2024,2024-09-27,rocha-0492a,arnaboldi-d7371,2024-09-27T13:10:00+00:00,2024-09-27T01:45:00+00:00,1.0,2024-09-29T22:00:00+00:00,2024-09-27,1.89,1.93,0.5052356020942408,0.020943173845242972,0.5972747259130393,0.3731793836422414,0.3333333333333333,0.3333333333333333,0.6309917654778617,0.5613667146146638,2.163077883476916e-09,180,147,False,False,False,d5375925007fe3bc23cdc6550d26a9cf519f3bc2986d5ed9b7e790f27e85dd20,8f737d37d01e414f325913fb5ae093ef0ba6b96015d43268a0b17abdcf55010d,2.02,1.83,True,2024-09-27T12:37:00+00:00,2024-09-27T12:37:00+00:00,0.5141446996137423,0.5137945084307333,0.5117563244489853
te:2732801,2024-09-27,2024,2024-09-27,mayot,bonzi-a38fa,2024-09-27T14:00:00+00:00,2024-09-27T01:45:00+00:00,0.0,2024-09-29T22:00:00+00:00,2024-09-27,1.68,2.25,0.5725190839694657,0.2921364228011615,0.6400785678924926,0.28356874486427375,1.3666666666666667,0.26666666666666666,0.6950544042787453,0.725489626290374,5.108323763991507e-10,184,177,False,False,False,0e147ddcdb0832887ac0a18dbab19797a32262a8217c95a609c2670bfb8e2213,ccf9a048ec851fa2666d68c5d66e0b2147da4aaeee1259ba95ef07219c80f7c3,1.67,2.31,True,2024-09-27T11:02:00+00:00,2024-09-27T12:45:00+00:00,0.5795678427444382,0.5786758012860967,0.582292329476902
te:2733395,2024-10-01,2024,2024-10-01,gueymard-wayenburg,broom-cb719,2024-10-01T10:05:00+00:00,2024-09-29T15:39:00+00:00,0.0,2024-10-03T22:00:00+00:00,2024-10-01,1.68,2.22,0.5692307692307692,0.27871340246902043,0.6260925271124751,0.23677639648768534,0.5166666666666667,0.016666666666666666,0.6392467039364876,0.6661205247413503,6.199314395161082e-10,179,196,False,False,False,775010be8be1688a3c917c81aff63924f506a33df770f25b5195dad1dcd75a53,853b0dab16a38bedcdb902a8cdb7bec574aea770b2f2b2c1b30baa2cfd48bb13,1.72,2.17,True,2024-10-01T09:32:00+00:00,2024-09-29T21:13:00+00:00,0.5763756532796365,0.5750187250054376,0.5751409678747601
te:2733405,2024-10-01,2024,2024-10-01,pouille,debru-5353d,2024-10-01T16:15:00+00:00,2024-09-29T15:37:00+00:00,0.0,2024-10-03T22:00:00+00:00,2024-10-01,1.84,1.98,0.518324607329843,0.0733312730855498,0.5951871781178274,0.31211987597881397,0.38333333333333336,0.38333333333333336,0.7532963014778365,0.6592113518190873,1.4667819736580157e-10,121,130,False,False,False,157062650032e084fd44138c0b4fec246b63f816dc2e15b1d021e19381473797,264a2427bb3052a30721bc0e6770f986fff954a7a11da05470417e290d427597,1.95,1.88,True,2024-10-01T11:51:00+00:00,2024-10-01T11:51:00+00:00,0.5268917265538919,0.5260062055869438,0.5240655915109403
te:2733555,2024-10-01,2024,2024-10-01,burruchaga,vallejo-d7859,2024-10-01T18:10:00+00:00,2024-09-29T15:30:00+00:00,1.0,2024-10-03T22:00:00+00:00,2024-10-01,1.99,1.83,0.4790575916230366,-0.08381867188307154,0.6022360686996521,0.4986094891493922,0.5833333333333334,0.5833333333333334,0.5759372676458661,0.5212787387493769,2.278054828108722e-10,195,147,False,False,False,37f28d39648d49350af0853f112b5babde97469ad77cea1814cbfd2612596391,6cc83f14cd3dfda9c0dac82f60be424a1d559eeb8db0128031a1915ee732c5ab,1.98,1.85,True,2024-10-01T17:53:00+00:00,2024-10-01T17:53:00+00:00,0.48861548810941985,0.4893721856930334,0.48771780562776795
te:2735863,2024-10-01,2024,2024-10-01,vincent-ruggeri,coulibaly-f4551,2024-10-01T08:40:00+00:00,2024-10-01T05:46:00+00:00,0.0,2024-10-03T22:00:00+00:00,2024-10-01,1.8,2.04,0.53125,0.12516314295400602,0.6127308023436723,0.33364249624837095,1.0666666666666667,0.5333333333333333,0.5212901954272818,0.500000000050882,0.015410920565875064,181,175,False,False,False,fb00f815be5435d134ee9cec38e4232007f78486a11beae05856a7412a8817d7,b12f793166d8ccef333793d483b60baa3636e3c61e62bbb562ae9380766b19d0,1.83,1.99,True,2024-10-01T08:17:00+00:00,2024-10-01T08:17:00+00:00,0.5394690626013008,0.5388555058283653,0.5399776627459445
te:2736353,2024-10-01,2024,2024-10-01,dellien-e101c,aboian-f7ddc,2024-10-01T13:40:00+00:00,2024-10-01T07:57:00+00:00,1.0,2024-10-03T22:00:00+00:00,2024-10-01,1.95,1.86,0.48818897637795283,-0.04725288485054525,0.5878344451159737,0.40227313630029204,0.9166666666666666,0.35,0.5776940255278261,0.5000000000000001,0.018611771132893404,186,211,False,False,False,ceafd86b5d40806ab8179850e0eb51648399ad89881426e79db9386398dfdd42,07319567994e23cfdc08d7d5d7fa038585e4fad4ceccf341d7324bccb2ffd041,1.98,1.85,True,2024-10-01T08:59:00+00:00,2024-10-01T08:13:00+00:00,0.4975261907734243,0.49738192797447117,0.49837511137045104
te:2736359,2024-10-01,2024,2024-10-01,meligeni-rodrigues-alves,ambrogi,2024-10-01T18:00:00+00:00,2024-10-01T08:50:00+00:00,1.0,2024-10-03T22:00:00+00:00,2024-10-01,1.96,1.85,0.4855643044619423,-0.05775883415219216,0.5826061811615003,0.3912401024266997,1.0666666666666667,1.0666666666666667,0.7392056589668752,0.6365185874056152,3.093830172606893e-08,150,156,False,False,False,b234ab06c1cd345a8682092991b990b214a1dcea46f88175eaa65ec47b8dc911,1679ae7e5b88af04c407b62639b1f6e1292021440d2b5d5a20e9543209b1b102,1.94,1.89,True,2024-10-01T17:02:00+00:00,2024-10-01T17:02:00+00:00,0.494965590331688,0.49470115648594126,0.4938591140256512
te:2736363,2024-10-01,2024,2024-10-01,spizzirri,baris,2024-10-01T18:05:00+00:00,2024-10-01T10:37:00+00:00,1.0,2024-10-03T22:00:00+00:00,2024-10-01,1.7,2.17,0.5607235142118864,0.24409891649019808,0.5777263989404295,0.06934803418318727,0.0,0.0,0.7526021632575112,0.6436828706436144,7.946643343359483e-09,102,56,False,False,False,aafb40ad8b442b2384d70e53a8d36414b7da13ae4bb3e888b03740c339920a98,a907922674df7f6fc9612de6240fc260f37935fb40c0aeceb67c7341cf2d0d37,1.99,1.85,True,2024-10-01T16:26:00+00:00,2024-10-01T16:43:00+00:00,0.5681149714057714,0.5651008356879581,0.562617579998535
te:2737485,2024-10-04,2024,2024-10-04,coria-df292,heide-17a3d,2024-10-04T16:05:00+00:00,2024-10-03T15:59:00+00:00,0.0,2024-10-06T22:00:00+00:00,2024-10-04,1.83,2.03,0.5259067357512953,0.10371982620036632,0.6181130055411058,0.37782673258608857,1.0833333333333333,0.18333333333333332,0.5831167257805456,0.5735920717650653,1.3459496073231492e-08,184,140,False,False,False,49648b9da80b0bf8072c56d64261115c339746e3ee55f1f0411b305a8b8bc8ab,907e05de99b2f75b20849f19153a78b6b9bd6ed3612df95ca2ceebfbde427f3e,1.84,2.04,True,2024-10-04T10:00:00+00:00,2024-10-04T10:00:00+00:00,0.5342708751589578,0.5340625037735833,0.5365455922084776
te:2737743,2024-10-04,2024,2024-10-04,galan-e4b30,neumayer,2024-10-04T12:10:00+00:00,2024-10-03T17:32:00+00:00,0.0,2024-10-06T22:00:00+00:00,2024-10-04,1.78,2.1,0.5412371134020618,0.16532398042538338,0.6296582321746694,0.36542692703027574,1.9166666666666667,0.05,0.7096483219940911,0.668706401644108,1.5142886944374823e-12,160,162,False,False,False,7fff1e97a5d3a4c42b8669af8d4a67e9a0f6b7e543136fa2b93b20b57633f952,3569b7812f2b03004d3f370bf948b8c27de07ce646f7a0de92acd1298e58dee3,1.79,2.11,True,2024-10-04T05:31:00+00:00,2024-10-04T05:31:00+00:00,0.54918073447869,0.5489235812616584,0.5562571329955142
te:2737835,2024-10-04,2024,2024-10-04,prizmic,gueymard-wayenburg,2024-10-04T12:35:00+00:00,2024-10-03T23:30:00+00:00,1.0,2024-10-06T22:00:00+00:00,2024-10-04,1.82,2.05,0.5297157622739017,0.11900329206161245,0.6098581656538751,0.32771277192882686,0.7333333333333333,0.16666666666666666,0.6561538006878569,0.6006392144839047,1.0975990116790513e-09,81,179,False,False,False,23759da564c6126601fd79553c1dc03e1cb1d3067755451423c81c346dd6180e,bc07eaba41d303ce6e8da578be82f132663fd7da1fda3a1bcc88700fc328a85b,1.83,2.04,True,2024-10-04T10:41:00+00:00,2024-10-04T09:57:00+00:00,0.5379766491854401,0.5372979803826837,0.5380012341284034
te:2738413,2024-10-08,2024,2024-10-08,cui-f99f9,shimizu-38ca9,2024-10-08T09:45:00+00:00,2024-10-06T09:28:00+00:00,0.0,2024-10-10T22:00:00+00:00,2024-10-08,1.88,1.94,0.5078534031413613,0.031416196233379066,0.619145869729143,0.4545082608971862,0.7166666666666667,0.11666666666666667,0.665480872255134,0.7286633332400536,1.2819523220741758e-11,155,135,False,False,False,ec5ca01429fbf0631154b33224318829a20684f4a31927e888e56fadeef9bac2,303c37dc9e43f00b4cd7980db802b7aa22935ed75971093f1f7bf308f0c3137e,1.92,1.92,True,2024-10-08T09:38:00+00:00,2024-10-08T09:38:00+00:00,0.5166949908931872,0.5171526669560973,0.517928829763814
te:2739207,2024-10-08,2024,2024-10-08,kypson,artnak,2024-10-08T17:05:00+00:00,2024-10-07T17:31:00+00:00,0.0,2024-10-10T22:00:00+00:00,2024-10-08,1.81,2.01,0.5261780104712042,0.10480787679324989,0.6242637031604102,0.40287744437940565,0.2833333333333333,0.2833333333333333,0.7576694594130706,0.6907763408225476,3.6006167769553343e-09,111,175,False,False,False,4339ac3551314591978a6fc0186ade969c58629e4d86f77493def73e05f6dc87,35664e5a97dc07f5ed07f309f3e64509ba93f342d2fe67648e522401a50fa70e,2.06,1.79,True,2024-10-08T12:54:00+00:00,2024-10-08T12:54:00+00:00,0.5345348242057568,0.5345719115246536,0.5324534806353617
te:2739457,2024-10-08,2024,2024-10-08,martinez-c0caf,nava-337db,2024-10-08T13:30:00+00:00,2024-10-07T09:04:00+00:00,1.0,2024-10-10T22:00:00+00:00,2024-10-08,1.86,1.96,0.5130890052356021,0.052367985517315925,0.6260267265068904,0.46284074515919404,1.35,0.38333333333333336,0.7168800243040767,0.667075241883401,5.4473092703233306e-12,188,161,False,False,False,fdf1727b850aba03f0643b2f1bd386e590cb520aac36d7b37c4e7278f063bd08,efe87455b6df3a8ba64d2d2ff758e6035c3f24ac18a81014f88a39fab0460f5a,1.85,1.99,True,2024-10-08T05:34:00+00:00,2024-10-08T11:08:00+00:00,0.5217942305536234,0.5223571410305379,0.5255100004552742
te:2739819,2024-10-08,2024,2024-10-08,villanueva-55ff0,aboian-f7ddc,2024-10-08T13:10:00+00:00,2024-10-07T07:59:00+00:00,1.0,2024-10-10T22:00:00+00:00,2024-10-08,1.88,1.84,0.4946236559139785,-0.021506205220963567,0.6098110751043819,0.4680243568356067,1.9833333333333334,0.5166666666666667,0.5662884036274523,0.6115354655608558,3.1319855042788447e-10,171,213,False,False,False,d117edb8b5db3f3b94ab23fb76230cfdc96420fa3eb0531ed97131d4af358fd0,519b2c74b4ac95520ea725ca6b5ef92352b957641f6119a627a558655c707bf2,1.86,1.91,True,2024-10-08T05:32:00+00:00,2024-10-08T05:32:00+00:00,0.5038016673112747,0.5043310964621823,0.5103642513081206
te:2740947,2024-10-08,2024,2024-10-08,jorda-sanchis,sachko,2024-10-08T13:40:00+00:00,2024-10-08T07:56:00+00:00,1.0,2024-10-10T22:00:00+00:00,2024-10-08,1.67,2.23,0.5717948717948719,0.28917795904336396,0.6300652297945198,0.24331870098453867,0.5333333333333333,0.5333333333333333,0.7143297641225269,0.7849131497365388,4.953098486915053e-10,147,141,False,False,False,a022eaecc248f039539ad463d74e8ef864b215f9f216669e53fab6c2d5432c36,9299eeb7a4bb07d460d22b2b285ba7e0b995e289784b51ba3430656cf1313699,1.72,2.14,True,2024-10-08T13:03:00+00:00,2024-10-08T13:03:00+00:00,0.5788648387647517,0.5775843707615516,0.5759369177041405
te:2742617,2024-10-11,2024,2024-10-11,schoolkate,quinn-d0193,2024-10-11T19:40:00+00:00,2024-10-11T08:10:00+00:00,1.0,2024-10-13T22:00:00+00:00,2024-10-11,1.69,2.23,0.5688775510204082,0.27727305653704526,0.6639507931281774,0.4036773851948018,0.25,0.25,0.7624983028339121,0.752350995032924,7.124650869272386e-11,162,157,False,False,False,785db6c737a141e99a38d6802b8060dc9f6cfabe21400ac13b0897622076c969,54a4c29e952006ba63fff547fa70295ff19286fbef6b46c15adf90f7cdbdff88,1.7,2.25,True,2024-10-11T16:31:00+00:00,2024-10-11T16:31:00+00:00,0.5760327340808306,0.5762713456959464,0.5741369188550645
te:2743671,2024-10-15,2024,2024-10-15,pouille,berankis,2024-10-15T16:30:00+00:00,2024-10-13T13:03:00+00:00,1.0,2024-10-17T22:00:00+00:00,2024-10-15,2.07,1.78,0.4623376623376624,-0.15093524297328376,0.5366947874724655,0.29797876669976436,0.6666666666666666,0.0,0.79109195476486,0.6477037625286151,1.6987489748210294e-09,133,128,False,False,False,408b4f0b68595f2a2f549117d83bc5dafc50b741614300c38b30e7f91c14c19e,442bd83cf6d3f27f8224f5c0da8dff0e63b21600d6a87f039f07ee148dfcec0d,2.05,1.81,True,2024-10-15T14:40:00+00:00,2024-10-15T14:40:00+00:00,0.4722827773750611,0.4710014004994025,0.47197180864430943
te:2744539,2024-10-15,2024,2024-10-15,barrios-vera,meligeni-rodrigues-alves,2024-10-15T20:05:00+00:00,2024-10-13T15:45:00+00:00,0.0,2024-10-17T22:00:00+00:00,2024-10-15,1.76,2.09,0.5428571428571429,0.1718502569266595,0.6357886691707191,0.38528169165056375,0.75,0.75,0.677977112963756,0.6779771129630761,1.9131243442216395e-07,150,151,False,False,False,1ebf0fbe05953fcb7dc042ed75ea4e88e698ca55d2f94f0e7731698c3609cdca,af2643d5cf3d01abb954c1a17555481d42b235a3face9c969e7940a3c745eecb,1.71,2.18,True,2024-10-14T09:47:00+00:00,2024-10-14T09:47:00+00:00,0.5507555794969577,0.5506985240121,0.549351318313453
te:2744541,2024-10-15,2024,2024-10-15,sakamoto-b1d5b,gomez-e101b,2024-10-15T14:50:00+00:00,2024-10-15T07:47:00+00:00,0.0,2024-10-17T22:00:00+00:00,2024-10-15,1.84,1.98,0.518324607329843,0.0733312730855498,0.5965150280086177,0.3176339188979553,2.5,0.26666666666666666,0.5459784879585481,0.6144714017729982,7.433331727924042e-12,156,205,False,False,False,83cc24337f77c1b93555643f7d984fcfa531ad0c444307d9a52ec3f82a3ce043,53849aaa1eb3c066763d644989686fd2433d920caa8bcf0a5116b0b47919abdb,1.91,1.93,True,2024-10-15T14:21:00+00:00,2024-10-15T14:21:00+00:00,0.5268917265538919,0.526060066131664,0.5357516682860192
te:2745557,2024-10-15,2024,2024-10-15,sun-2f389,matsuda-ad000,2024-10-15T03:50:00+00:00,2024-10-14T12:37:00+00:00,0.0,2024-10-17T22:00:00+00:00,2024-10-15,2.19,1.69,0.43556701030927836,-0.25917301489342737,0.5277125413933805,0.37013689848682346,0.6333333333333333,0.6333333333333333,0.7092942135146764,0.5647029569334684,8.986383859266311e-11,159,162,False,False,False,875e3949d10755b4644842db0d35f379934ce81e921bcaa2bce594eb1629c58f,c01165a9ba135f175269769c3cff2d77575525ba58d2f9175099041d49a062bb,2.09,1.77,True,2024-10-15T00:32:00+00:00,2024-10-15T00:32:00+00:00,0.44608260688639445,0.44538712984617074,0.44386013300327004
te:2746793,2024-10-15,2024,2024-10-15,sell-1ce74,dutra-da-silva,2024-10-15T15:05:00+00:00,2024-10-15T07:48:00+00:00,0.0,2024-10-17T22:00:00+00:00,2024-10-15,1.98,1.84,0.48167539267015713,-0.07333127308554936,0.5840146109274866,0.4126071370896497,0.0,0.0,0.5831020338200791,0.5000000000000001,0.014591257274790104,165,182,False,False,False,583df00ab01ce43b2456235fcfb9782b58137723fbb9ee6508667d1a85302d16,2435908b0b38abb05e0396dfa65674e09d32aee98b1da9a9cdb59c233b17e0d5,2.09,1.77,True,2024-10-15T14:45:00+00:00,2024-10-15T14:45:00+00:00,0.49117066690761363,0.49109752151672986,0.488505909504812
te:2747127,2024-10-15,2024,2024-10-15,pospisil-9e7de,perez-37652,2024-10-15T19:35:00+00:00,2024-10-15T08:21:00+00:00,1.0,2024-10-17T22:00:00+00:00,2024-10-15,1.72,2.14,0.5544041450777203,0.21848153820839877,0.6229194085282501,0.2834766768190512,0.0,0.0,0.6813153625670986,0.640482614336557,2.481719829638962e-09,41,34,False,False,False,82b49351c41cd73b1e3e0e267c482df7b5f6c24448d9e6a91a5082800fc9faac,1c59cd508d386c15b377d2f38e544869ddf0c61bfe78da49b361d0558259e83e,1.73,2.15,True,2024-10-15T15:43:00+00:00,2024-10-15T15:43:00+00:00,0.5619766748716426,0.560990892194089,0.5584594163922004
te:2747851,2024-10-18,2024,2024-10-18,walton,mccabe-b71c6,2024-10-18T02:45:00+00:00,2024-10-16T17:59:00+00:00,,,,1.63,2.35,0.5904522613065327,0.3658353133373969,0.6458868835895204,0.23517267233519062,0.95,0.35,0.8062077773906836,0.7419598050434747,7.412752425772773e-08,195,180,False,False,False,45cd8d2d0fb7dacbce0e50c778f19436eabc2132fb0b9f596162d4fbe0f231ed,af732274dcd4de0e5698b18fd34a6694d59bab898ac863eb7204426794751c13,1.65,2.33,True,2024-10-17T11:51:00+00:00,2024-10-17T19:11:00+00:00,0.5969695332226045,0.5957140905109277,0.596871399142992
te:2748263,2024-10-18,2024,2024-10-18,ficovich,burruchaga,2024-10-18T13:10:00+00:00,2024-10-16T17:58:00+00:00,1.0,2024-10-20T22:00:00+00:00,2024-10-18,1.95,1.9,0.49350649350649356,-0.025975486403260445,0.6103188399290733,0.4746281289475828,0.9833333333333333,0.9833333333333333,0.6355509455964173,0.7020349446212348,2.070601656800619e-08,165,195,False,False,False,8d3a58ba626e845d0f5ffab6ac28a011dfbd5a56b8f513f64c7ca4d8394f9dbe,0e89d7d61a9aad0bee7518949a90cec25ba73c645cea476e547af189c2bb5b14,2.02,1.85,True,2024-10-18T00:48:00+00:00,2024-10-18T00:48:00+00:00,0.5027123584748252,0.5033013200498665,0.5023054917293737
te:2748451,2024-10-18,2024,2024-10-18,cassone,galarneau-32e1f,2024-10-18T16:10:00+00:00,2024-10-17T15:59:00+00:00,1.0,2024-10-20T22:00:00+00:00,2024-10-18,1.77,2.12,0.544987146529563,0.18043654209818355,0.6279443676378745,0.3429716414297916,1.1,0.0,0.6699229886145053,0.716796790036468,1.7981727218341348e-12,94,112,False,False,False,c8da88753ae59f5f183ad64d433cbebe7ae519cf862b30852ea57c369a507418,b1ff2aeb03d3749ec435803aa837b4c9a2714391ee78c7ad6f8043f6aef1aacb,1.76,2.15,True,2024-10-18T09:58:00+00:00,2024-10-18T09:58:00+00:00,0.5528259678698354,0.5523689460437093,0.5555956103105694
te:2748809,2024-10-18,2024,2024-10-18,cornut-chauvinc-d3371,edmund,2024-10-18T18:20:00+00:00,2024-10-17T22:35:00+00:00,1.0,2024-10-20T22:00:00+00:00,2024-10-18,1.78,2.09,0.5400516795865633,0.16055070167272584,0.6137840046122772,0.30269559405955154,1.5333333333333334,0.8,0.584121056609518,0.6239135896503075,2.657391098837003e-08,44,151,False,False,False,da8a9297d9a98ad0a5b1b6b31ee1fd8c73aaad0fddaae5c98b84a9486f217532,764ea11b48021aad075b444ea9af2c97acdc3baef4cfff99bb4595dd120cb493,1.79,2.11,True,2024-10-18T16:10:00+00:00,2024-10-18T15:12:00+00:00,0.5480282764303747,0.5471566628460245,0.5497664496554375
te:2749765,2024-10-22,2024,2024-10-22,fonseca-57dc1,majchrzak-905d8,2024-10-22T14:50:00+00:00,2024-10-20T13:00:00+00:00,1.0,2024-10-24T22:00:00+00:00,2024-10-22,1.67,2.22,0.570694087403599,0.28468356945552425,0.6125939148209334,0.17354523293830226,0.5166666666666667,0.5166666666666667,0.608509121571219,0.6607413101694063,1.0438000463963704e-10,115,193,False,False,False,25ec9908c0426e65b3188718a401dc85008a0e40bdb985968b9ac71fa346a476,03e4bf60f0db303dd11c16083232ad6bf9a8a209d4f31e5c4d8c2509307283fe,1.73,2.15,True,2024-10-22T14:24:00+00:00,2024-10-22T14:02:00+00:00,0.5777962496594903,0.5758423110999881,0.5741803896741052
te:2749881,2024-10-22,2024,2024-10-22,meligeni-rodrigues-alves,sakamoto-b1d5b,2024-10-22T20:05:00+00:00,2024-10-20T18:50:00+00:00,0.0,2024-10-24T22:00:00+00:00,2024-10-22,1.98,1.84,0.48167539267015713,-0.07333127308554936,0.5707900123701578,0.3584063801099692,1.05,0.5833333333333334,0.7098621447147191,0.6007204097532273,1.7898105497682337e-09,149,161,False,False,False,ec29d89f8f02bfd7dbbfe6ddffdb56ce8290173fbad1dfbf40b296653a761eb8,92dc75eb9a306ea8965d83833ee2533a40d72acbb723c48ae861e07c61307914,1.85,2.0,True,2024-10-22T14:27:00+00:00,2024-10-22T19:47:00+00:00,0.49117066690761363,0.4905668340824951,0.49141956001452636
te:2749883,2024-10-22,2024,2024-10-22,ficovich,rodriguez-taverna,2024-10-22T17:35:00+00:00,2024-10-20T17:49:00+00:00,0.0,2024-10-24T22:00:00+00:00,2024-10-22,1.7,2.17,0.5607235142118864,0.24409891649019808,0.6387559779269504,0.3258698923786174,1.7,0.06666666666666667,0.7171226163152397,0.6894189841598914,1.4894366295870043e-09,168,182,False,False,False,280ec1f3cf4d977a7cd073433c79e48a66f29b2746b62d6f1c7e2f9340cf8673,2d789e0a3372049543463d6206e3a0e2688ba37ca58bcfd1e359599954f7a6ea,1.74,2.13,True,2024-10-20T19:52:00+00:00,2024-10-21T11:54:00+00:00,0.5681149714057714,0.5675690946090615,0.57365594662689
te:2752807,2024-10-22,2024,2024-10-22,heide-17a3d,luz-2f442,2024-10-22T15:00:00+00:00,2024-10-22T07:06:00+00:00,0.0,2024-10-24T22:00:00+00:00,2024-10-22,1.89,1.93,0.5052356020942408,0.020943173845242972,0.5899464582862844,0.3428008695513695,0.5,0.5,0.7628814089777964,0.6623858961416157,6.154396436919285e-11,152,126,False,False,False,15174b77c99b028d21170b859975113e501255ca1e2e758c5657b903c8184024,28575eff9dec074046e561c2dc2f69da3963eca8f73f9bfb89da56b97509ec79,1.92,1.92,True,2024-10-22T13:13:00+00:00,2024-10-22T13:38:00+00:00,0.5141446996137423,0.513497189582861,0.5117378693994976
te:2753687,2024-10-25,2024,2024-10-25,burruchaga,habib,2024-10-25T16:35:00+00:00,2024-10-23T12:55:00+00:00,0.0,2024-10-27T22:00:00+00:00,2024-10-25,2.01,1.82,0.47519582245430814,-0.09929822098228022,0.5589847302715353,0.3363408775311666,0.65,0.65,0.7254012045045827,0.6044311958447561,7.382718325565918e-10,198,193,False,False,False,a8bba51cb9163534262488ce47cc8b410b70aa8ae3ef97477f5dfef1abfe86f1,3a2dcf4c018effb56e7d07efb013ec41a44c60672c434c984671431ee18922cf,2.09,1.78,True,2024-10-24T19:14:00+00:00,2024-10-24T16:30:00+00:00,0.48484513356537307,0.4839958167216397,0.48248473736045366
te:2753759,2024-10-25,2024,2024-10-25,imamura-da963,schoolkate,2024-10-25T03:00:00+00:00,2024-10-24T12:36:00+00:00,1.0,2024-10-27T22:00:00+00:00,2024-10-25,2.05,1.81,0.4689119170984456,-0.12451294787258244,0.5814855267099314,0.4533875568834677,0.31666666666666665,0.31666666666666665,0.7022883381304829,0.8194691266162997,1.1205136818404071e-10,172,169,False,False,False,e4871af907c0815ae086b0315ee7bb9bbf34be67f5dc7567704d37d4f24e776e,476193634ea61662d8a47f4bbe1ebed1dbf4012cdcbde599d742042d2d006596,2.17,1.75,True,2024-10-24T23:04:00+00:00,2024-10-24T23:04:00+00:00,0.47870746516894197,0.47897413060752503,0.4768958929049752
te:2754939,2024-10-25,2024,2024-10-25,cerundolo-08df6,guillen-meza,2024-10-25T18:05:00+00:00,2024-10-25T06:18:00+00:00,0.0,2024-10-27T22:00:00+00:00,2024-10-25,1.96,1.89,0.49090909090909085,-0.03636764417087508,0.5943184980691388,0.4182146381344821,1.5166666666666666,0.8166666666666667,0.6285430211253874,0.5551556922160567,1.2894241591121514e-08,149,178,False,False,False,bfa1272ecc49ce7ff5b88951f1c3bea48c90e50a224604b5dfc84a29153eb602,06811b50684b3fe18210ed9e0de2c7a062ae7579c2f72e96f101e27b0630abc7,1.98,1.88,True,2024-10-25T15:04:00+00:00,2024-10-25T17:20:00+00:00,0.5001793705527184,0.5002038132827052,0.5026661075433542
te:2755497,2024-10-29,2024,2024-10-29,rai-9244b,bolt-fa7eb,2024-10-29T05:25:00+00:00,2024-10-28T11:01:00+00:00,1.0,2024-10-31T23:00:00+00:00,2024-10-29,1.87,1.94,0.5091863517060368,0.03674954220874159,0.5931877714631467,0.34040972927715135,0.4166666666666667,0.4166666666666667,0.7102190339537856,0.8195508934763394,3.339384324618777e-11,146,148,False,False,False,b1e12547fe2913e1b37dfdf016618ab788615344729579b1930af3154b8c2b85,21b26c69d19413bb4db52f2eb1384b1568b49eefadf067e8c3a1ac10ca49cfdd,1.88,1.96,True,2024-10-29T04:58:00+00:00,2024-10-29T04:58:00+00:00,0.5179933910695417,0.517341036105809,0.5154465952006478
te:2755507,2024-10-29,2024,2024-10-29,polmans,winter-e2184,2024-10-28T23:05:00+00:00,2024-10-28T10:52:00+00:00,0.0,2024-10-31T23:00:00+00:00,2024-10-29,2.02,1.81,0.47258485639686687,-0.10977066613537889,0.5692503329087308,0.38856385334956345,1.85,1.0166666666666666,0.6725468177154535,0.5659555239562961,1.8834137027745612e-10,149,93,False,False,False,790fc2a140f04286e8dd3f84baa3cde34172b92735b48ac8affeeec8308aa3f5,feb1ec6549f96830f08c3ea53e77df7d2e29ded1530722ad273d57798776ada1,2.0,1.84,True,2024-10-28T20:13:00+00:00,2024-10-28T20:13:00+00:00,0.4822953112748477,0.4819450175766219,0.4854460237369634
te:2756605,2024-10-29,2024,2024-10-29,kypson,tomic-4ca3d,2024-10-28T23:20:00+00:00,2024-10-27T16:19:00+00:00,0.0,2024-10-31T23:00:00+00:00,2024-10-29,1.6,2.36,0.595959595959596,0.38865798979178345,0.6529619509320291,0.24342644426074633,0.8666666666666667,0.8666666666666667,0.8132430838711857,0.7522698660159183,3.808064974464287e-14,124,178,False,False,False,5622d1fd9231dbede89f1aeaf54e88423dcd73e1841e5aa721d0483d62b5ec5d,e06993d86ed7baf8c85c2a1371d47930fe05d37aa1f562f5cf389902c4a449dc,1.7,2.2,True,2024-10-28T10:23:00+00:00,2024-10-28T10:23:00+00:00,0.6023114190787221,0.601164311058433,0.6000683916409162
te:2757545,2024-10-29,2024,2024-10-29,moriya,den-ouden,2024-10-29T06:00:00+00:00,2024-10-28T10:49:00+00:00,1.0,2024-10-31T23:00:00+00:00,2024-10-29,1.96,1.86,0.486910994764398,-0.0523679855173157,0.5816904570726709,0.382084739276584,0.23333333333333334,0.23333333333333334,0.5956904995356993,0.6922789279834727,5.0068023060845235e-09,153,163,False,False,False,97afe2e28de5e25c49ccea8f500038b1532f29367bcc48fe197f4d37cc96b6b8,9807551ed68969cbe5ddf8133e8ef20edab32c74aec4dba7dcf25573a155cff0,2.0,1.85,True,2024-10-29T02:33:00+00:00,2024-10-29T05:00:00+00:00,0.4962794698616529,0.4959315830747566,0.4937272379780667
te:2758477,2024-10-29,2024,2024-10-29,galarneau-32e1f,nakagawa-7463c,2024-10-29T18:55:00+00:00,2024-10-29T10:06:00+00:00,0.0,2024-10-31T23:00:00+00:00,2024-10-29,1.97,1.85,0.48429319371727747,-0.06284790365966375,0.5995637453094669,0.4664956137437922,0.8166666666666667,0.8166666666666667,0.8162723559456662,0.7120684968875018,2.563729784021973e-11,124,94,False,False,False,2f2a346a21d474bcf66ad218928bf043ece80bd3ad163eac4bab76db99d7c70c,4ea005cbe430b2951068ad670d1901d55363f3ad966b200b12acbfe0f660668d,1.93,1.9,True,2024-10-29T16:41:00+00:00,2024-10-29T17:45:00+00:00,0.49372532512633255,0.49419200300932414,0.4929254014269531
te:2759553,2024-11-01,2024,2024-11-01,coulibaly-f4551,hemery,2024-11-01T10:45:00+00:00,2024-10-31T20:35:00+00:00,0.0,2024-11-03T23:00:00+00:00,2024-11-01,2.03,1.83,0.47409326424870474,-0.1037198262003661,0.5741378486530195,0.402473642619257,0.26666666666666666,0.26666666666666666,0.6019188154543903,0.7077644618567545,1.3109820173884401e-09,172,172,False,False,False,7cb8da188c197ee833e20e1b82808e918e5dc4b3378805749dedf477ea75039a,773eb0447d559cc6d4f3d9d4198a239b04428759bba0d82309fe97d5d586b69c,2.13,1.77,True,2024-11-01T08:22:00+00:00,2024-11-01T09:16:00+00:00,0.4837684608525616,0.48356116672760424,0.4814099534349893
te:2759971,2024-11-01,2024,2024-11-01,escoffier,tu-41622,2024-11-01T06:30:00+00:00,2024-10-31T09:15:00+00:00,0.0,2024-11-03T23:00:00+00:00,2024-11-01,1.81,2.06,0.5322997416020672,0.12937913752375527,0.628110645175055,0.39474082324506965,0.6,0.6,0.6648761462913081,0.7074834955702368,5.980327344445868e-12,185,149,False,False,False,24478835863cd6b3b669d6075d9470bec3be2fc6a3f0cc43a6593ea745827d58,b234548272837d49e32142ada3dd4e8945f0361ae1ef24d810458ff90f7c9b19,1.84,2.04,True,2024-11-01T05:20:00+00:00,2024-11-01T05:20:00+00:00,0.5404901108680855,0.5404761516636104,0.5388782172103121
te:2760107,2024-11-01,2024,2024-11-01,rodriguez-taverna,denolly,2024-11-01T12:40:00+00:00,2024-10-31T18:49:00+00:00,1.0,2024-11-03T23:00:00+00:00,2024-11-01,1.79,2.08,0.537467700258398,0.1501522738605631,0.6029725168987717,0.26771383929929393,0.0,0.0,0.6425808346446439,0.5793205522349356,1.7253164399932963e-07,175,199,False,False,False,04c4901aaa55bc2ac0b67dda08f0e9e4ec0894abbfd3017a998eec2eb78d1d2b,9cd3e059a37e037e8543d7520b32cda1c03ffee73153917a3cc00a2e25448880,1.85,2.02,True,2024-11-01T11:58:00+00:00,2024-11-01T11:58:00+00:00,0.5455159177096345,0.5442916541853589,0.5417461848108568
te:2760125,2024-11-01,2024,2024-11-01,collignon,diallo-dd116,2024-11-01T20:55:00+00:00,2024-11-01T09:08:00+00:00,1.0,2024-11-03T23:00:00+00:00,2024-11-01,1.61,2.39,0.5975,0.3950591869470478,0.6296344151213219,0.13558958548408817,1.4333333333333333,0.8,0.7225196150127015,0.7982338383771562,2.1649348980190553e-14,199,187,False,False,False,7ceac76ea12d6d612f502c8698200d795771cbb506d533d9f37eb90c5f567674,674040ffd696927f19784db6411c7de20fd74e9909218739ae7938933dc90eb6,1.72,2.21,True,2024-11-01T20:06:00+00:00,2024-11-01T20:06:00+00:00,0.6038053782656065,0.6016547102310508,0.6037005466800284
te:2760225,2024-11-01,2024,2024-11-01,nishikori,lestienne,2024-11-01T15:10:00+00:00,2024-10-31T18:36:00+00:00,1.0,2024-11-03T23:00:00+00:00,2024-11-01,1.83,2.03,0.5259067357512953,0.10371982620036632,0.6000873813518935,0.30210938413460375,0.5666666666666667,0.5666666666666667,0.6801106617624828,0.6057954023701051,3.570311268852322e-10,54,133,False,False,False,8580bd6d1eb35dd1073ccdd158d51895f34e12c28188e1e27e6708b2376f6708,85a464dbee0cf2eea9118474cedffd8e47859ac6fb3542cc0af4d4236b51aeb5,1.87,2.0,True,2024-11-01T11:31:00+00:00,2024-11-01T11:31:00+00:00,0.5342708751589578,0.5333242626568064,0.5316877110979189
te:2761951,2024-11-05,2024,2024-11-05,holt-669c7,walton,2024-11-05T00:05:00+00:00,2024-11-03T18:22:00+00:00,0.0,2024-11-07T23:00:00+00:00,2024-11-05,1.66,2.25,0.5754475703324808,0.304112613847877,0.6508405730526706,0.3186234742709937,1.0166666666666666,0.2833333333333333,0.7215262519723196,0.7385302009586318,9.587604127281324e-09,168,206,False,False,False,4760e0e438699b9d32d7d537ed88adc4c6b214da87639ceaee2c704b0762b7e2,0007fcb213c89f8014de1114c612b1e0f35d282dd4ab5ba1db7aae5964b9fd74,1.67,2.26,True,2024-11-04T12:25:00+00:00,2024-11-04T19:58:00+00:00,0.5824103568567854,0.5818676292946913,0.5836032775889014
te:2761955,2024-11-05,2024,2024-11-05,basavareddy,smith-4a480,2024-11-05T18:00:00+00:00,2024-11-03T18:28:00+00:00,0.0,2024-11-07T23:00:00+00:00,2024-11-05,1.95,1.87,0.4895287958115184,-0.041890941709159774,0.5922609640066074,0.4152109449421052,1.7666666666666666,0.6666666666666666,0.5709440512574652,0.5000000000000001,0.0014923894757739448,113,100,False,False,False,ed4c5e3fdb27d9f769ca04fafef4001a39130be34c6882414c39af097d2db61b,b2ef29b4907d9c6a1c1901a49e497ebc191615b5571260298ce019ecad4553db,1.92,1.92,True,2024-11-05T15:00:00+00:00,2024-11-05T15:00:00+00:00,0.4988331081994429,0.4988217527248682,0.5031644893452609
te:2761959,2024-11-05,2024,2024-11-05,monday,mejia-a7d27,2024-11-05T22:45:00+00:00,2024-11-03T18:29:00+00:00,1.0,2024-11-07T23:00:00+00:00,2024-11-05,1.81,2.02,0.5274151436031332,0.10977066613537934,0.5748615401131978,0.19194364202592296,1.1,0.5666666666666667,0.5948902863991204,0.5000000000000001,0.003492913788064364,91,173,False,False,False,c0c3aa0609f2b52f8f438f407f8895ebda01733c81a8b07f75486d891ffe3d86,a91e5d965884fbcefcaad6663cfd1c086e5af9fb119490e3f637938f7cb5e69e,1.85,1.98,True,2024-11-05T22:09:00+00:00,2024-11-05T10:42:00+00:00,0.5357384945689019,0.5337252773545417,0.5349324208048827
te:2762863,2024-11-05,2024,2024-11-05,isomura-6342d,rodionov-f5e38,2024-11-05T02:35:00+00:00,2024-11-04T11:48:00+00:00,0.0,2024-11-07T23:00:00+00:00,2024-11-05,2.08,1.77,0.4597402597402597,-0.1613883471274889,0.5917981684185823,0.5327922548193696,1.6333333333333333,1.0666666666666667,0.6835878222957738,0.7873420626096637,1.2576021585219976e-08,151,147,False,False,False,df28868eaeed6609a824684c42b100a7d1d1327b0ff7938ba2d99bd076fcb45f,231242a4adac4a9fe6b862beaa5a18ca178b6ab7efbf986db9e794745ae9b02c,2.15,1.73,True,2024-11-05T01:51:00+00:00,2024-11-05T01:51:00+00:00,0.46974347643243924,0.47074220740476225,0.4728758794418816
te:2763675,2024-11-05,2024,2024-11-05,pellegrino-fd654,gautier,2024-11-05T11:05:00+00:00,2024-11-04T23:25:00+00:00,0.0,2024-11-07T23:00:00+00:00,2024-11-05,1.74,2.12,0.5492227979274612,0.1975309754574837,0.6126341648077879,0.26086743047946626,0.0,0.0,0.5000000000000001,0.5217868564331727,0.004533314076013803,135,137,False,False,False,7c92cc9f046a23c1eb0bc14345f8da1198597c035ea33a333a4032d302af6b67,0cd3d4808d74d5cac2a91a23c593eaf6b1d808ab02097f3892b0375d7bc6e497,1.76,2.11,True,2024-11-05T09:29:00+00:00,2024-11-05T09:29:00+00:00,0.5569423853956353,0.5557116477263604,0.5531786871716106
te:2763781,2024-11-05,2024,2024-11-05,galan-e4b30,erhard,2024-11-05T15:40:00+00:00,2024-11-05T09:19:00+00:00,0.0,2024-11-07T23:00:00+00:00,2024-11-05,1.75,2.1,0.5454545454545455,0.1823215567939549,0.618729959317272,0.301839475316944,0.5,0.5,0.7540739728485658,0.6824575890366398,2.9631396752938244e-08,164,193,False,False,False,17cc26afeaf372ad6bab1ea991676ec64507571d2134718e34b132fdd539cd06,eedf1a17ebd0523923c277863ec688dc16a46f909a40d42d0e7a546ecf5a2ba4,1.72,2.15,True,2024-11-05T12:48:00+00:00,2024-11-05T12:48:00+00:00,0.5532802539257691,0.5524270700705504,0.5506926237717554
te:2763785,2024-11-05,2024,2024-11-05,vallejo-d7859,roncadelli,2024-11-05T17:35:00+00:00,2024-11-05T09:19:00+00:00,1.0,2024-11-07T23:00:00+00:00,2024-11-05,2.15,1.71,0.4430051813471503,-0.2289744716250029,0.5846134356317606,0.5707157395671186,0.23333333333333334,0.23333333333333334,0.5822763124333926,0.5000000000000001,0.012223487143185052,154,188,False,False,False,1ad2b032b8e940208527a907462338616da61885c950b7efc2444d2b0c21b357,8fcbefe085a9f950aa020a7cf1ab4bcd3547964888f3f80c6a3f5e368aef61db,2.19,1.7,True,2024-11-05T16:08:00+00:00,2024-11-05T16:08:00+00:00,0.4533687346671227,0.4546534389399562,0.4524307199112038
te:2764569,2024-11-08,2024,2024-11-08,bolt-fa7eb,atmane,2024-11-08T02:50:00+00:00,2024-11-07T09:19:00+00:00,1.0,2024-11-10T23:00:00+00:00,2024-11-08,1.67,2.27,0.5761421319796954,0.3069562050646476,0.6527993958402292,0.3244109502187894,0.25,0.25,0.757793304760075,0.8239723670440026,3.310685059432217e-13,151,174,False,False,False,e9891662c0f0fe759939ad2b745a4312a44d140bdc6b6de5192e59309ecf7c19,a5902bbb5048e8b8fb7cfdc993afaf1b361a4e788437bc43e9b4cef2727f4f68,1.66,2.32,True,2024-11-07T23:31:00+00:00,2024-11-07T20:26:00+00:00,0.5830844787303888,0.5826003329343014,0.5804902037379398
te:2765131,2024-11-08,2024,2024-11-08,cerundolo-08df6,ugo-carabelli,2024-11-08T22:05:00+00:00,2024-11-07T21:06:00+00:00,0.0,2024-11-10T23:00:00+00:00,2024-11-08,1.89,1.96,0.5090909090909091,0.03636764417087508,0.6191497760249344,0.4495733788328977,0.0,0.0,0.6029625856815143,0.632512321665857,4.3075321087826524e-11,155,183,False,False,False,e989c749ae2700117b872ceb5ab41a6cbf4e2c5e2220ad201067b146b5e72e64,1c98c4381ee0893f25439e8f9b919a2746ebfd99b22bf6afb9da4c8f2b3dfd3c,1.88,2.0,True,2024-11-08T15:07:00+00:00,2024-11-08T21:59:00+00:00,0.5179004260675614,0.5183154659706513,0.5157175146067416
te:2765137,2024-11-08,2024,2024-11-08,basavareddy,lajal,2024-11-08T21:30:00+00:00,2024-11-07T17:41:00+00:00,1.0,2024-11-10T23:00:00+00:00,2024-11-08,1.79,2.08,0.537467700258398,0.1501522738605631,0.6084825031563909,0.2907856778545431,2.2333333333333334,0.6666666666666666,0.5373605147717603,0.5000000017225772,0.0002819492256829481,117,165,False,False,False,315b97415a843d16c442400995b80f8ddf2d652eea2ef547d448126bf2ccafc3,41f86ba3c67373c83b410d892cdd2364ae62f73d232438e2fd627b6860c69ec3,1.8,2.09,True,2024-11-08T11:31:00+00:00,2024-11-08T11:31:00+00:00,0.5455159177096345,0.5445158476571095,0.5512995217174633
te:2765415,2024-11-08,2024,2024-11-08,yevseyev,virtanen-7d161,2024-11-08T15:20:00+00:00,2024-11-08T13:10:00+00:00,1.0,2024-11-10T23:00:00+00:00,2024-11-08,1.88,1.97,0.5116883116883117,0.04676176590803954,0.5847148148952381,0.29539698930826847,0.3,0.3,0.6768344753978692,0.7856935053608748,1.3594680936535042e-13,168,174,False,False,False,017630ab305d2d943e65bab3abc0a2cd318b4403f18fefcf26c6e190499539ea,5db6aa44e9cf716894cd4f4d0869d013d034195541799efeb2326c110119148a,2.05,1.82,True,2024-11-08T14:32:00+00:00,2024-11-08T14:32:00+00:00,0.5204301915556336,0.5193494228541271,0.5172738868791292
te:2765417,2024-11-08,2024,2024-11-08,nardi-e2cda,choinski,2024-11-08T14:50:00+00:00,2024-11-07T19:08:00+00:00,0.0,2024-11-10T23:00:00+00:00,2024-11-08,1.72,2.18,0.558974358974359,0.237000585975636,0.6319131997181077,0.30343267583360434,0.0,0.0,0.664105795068441,0.6606870561016892,1.4126818326243296e-09,137,171,False,False,False,b8352f1c9f5de45f301c5a0f5ef94eac0954d3f3f8b9bcd695427311ac4402b6,5199de87e4791e472930a1c68b0910ca20ad247bb30e54a7ec959bd9cab64a37,1.73,2.19,True,2024-11-08T11:31:00+00:00,2024-11-08T11:31:00+00:00,0.5664161192665564,0.5656457211966462,0.5631160453428482
te:2766019,2024-11-12,2024,2024-11-12,mccabe-b71c6,gigante-f720d,2024-11-12T02:10:00+00:00,2024-11-11T09:34:00+00:00,1.0,2024-11-14T23:00:00+00:00,2024-11-12,1.73,2.13,0.5518134715025906,0.208000571211646,0.6378168755884361,0.3579006896165791,1.4166666666666667,0.8833333333333333,0.6823937499735192,0.6968623927678589,7.984073679967452e-10,195,148,False,False,False,3e5a50db325623810ee421a849f6a0362cbd795947503ff21e28059521c32a22,20aca6a4e8310f188250af8b2dc15927a313ab830d5ea5979f43a48635b626eb,1.74,2.14,True,2024-11-11T22:31:00+00:00,2024-11-11T22:31:00+00:00,0.5594596925054355,0.559179610163631,0.5608518338747243
te:2766023,2024-11-12,2024,2024-11-12,watanuki-223ad,polmans,2024-11-12T04:35:00+00:00,2024-11-11T11:29:00+00:00,,,,2.09,1.76,0.4571428571428572,-0.17185025692665906,0.5280747446727225,0.2842674768058972,1.0333333333333334,1.0333333333333334,0.7209737908418773,0.5760680308145688,2.3330642973107274e-12,62,145,False,False,False,85da5bf096092365930af1e9d837449711101b3fc8d78c9ed8c998da4ad1a304,2017a508a8720f925604875ce620f4154e3ce7216436775586c14655aa2d9fd9,2.15,1.73,True,2024-11-12T04:29:00+00:00,2024-11-12T04:29:00+00:00,0.4672036039451471,0.46576613122707045,0.46489624740153646
te:2767145,2024-11-12,2024,2024-11-12,kypson,kozlov,2024-11-12T21:05:00+00:00,2024-11-10T16:40:00+00:00,1.0,2024-11-14T23:00:00+00:00,2024-11-12,1.87,1.95,0.5104712041884817,0.041890941709160225,0.6316704097979484,0.49749865003846555,1.0333333333333334,1.0333333333333334,0.7657294897668694,0.7039820702212727,3.6147612680892394e-11,125,133,False,False,False,9dd6381c1812fd39402836251094deaa9c0f86613feb23fff70a76b2b88edbf3,882b28bdcc1f7aa67e292dfaa4ce6748e215e6c4fbd40a6ec8bc9cda17b4c13e,1.97,1.87,True,2024-11-12T12:51:00+00:00,2024-11-12T17:43:00+00:00,0.519244832195848,0.5201348145593371,0.5192171159015243
te:2767931,2024-11-12,2024,2024-11-12,uchiyama,den-ouden,2024-11-12T02:10:00+00:00,2024-11-11T10:05:00+00:00,1.0,2024-11-14T23:00:00+00:00,2024-11-12,1.72,2.14,0.5544041450777203,0.21848153820839877,0.6320198950158751,0.3224104607341294,0.95,0.11666666666666667,0.7454472242118483,0.6923091224378353,2.783271391137987e-09,143,152,False,False,False,e845eb268fbc037be95835d58670985ec8ca73b56331047534421560f836a48f,cc12ad225b3459293e935c4c3bbda0bcbd481e6c361fb4737bd833b8eb0dc2a3,1.76,2.11,True,2024-11-11T22:31:00+00:00,2024-11-11T22:31:00+00:00,0.5619766748716426,0.5613665176241466,0.5633775024923322
te:2768401,2024-11-12,2024,2024-11-12,sachko,kukushkin,2024-11-12T15:50:00+00:00,2024-11-12T09:14:00+00:00,0.0,2024-11-14T23:00:00+00:00,2024-11-12,1.82,2.01,0.5248041775456919,0.09929822098228022,0.621695379135306,0.3974522612577468,0.31666666666666665,0.31666666666666665,0.6516840178962003,0.7026369605868262,4.037209455631796e-10,142,190,False,False,False,419b22ea77b6e2044d43f30870b5bf2f9b278ebc653fa75f2b959cce712a630d,d86e109031afe231cb8532bae39a2121888e2134d76ac973dc6bfc9eab195e69,1.86,1.95,True,2024-11-12T12:58:00+00:00,2024-11-12T15:02:00+00:00,0.5331980466741715,0.5331759102668042,0.5311122011261045
te:2769135,2024-11-12,2024,2024-11-12,luz-2f442,rocha-0492a,2024-11-12T15:00:00+00:00,2024-11-12T10:19:00+00:00,1.0,2024-11-14T23:00:00+00:00,2024-11-12,1.88,1.93,0.5065616797900262,0.026248226074936154,0.6108037349520488,0.42444370832299716,1.75,1.05,0.6552280068700377,0.7279448960736581,2.3063773113563002e-10,125,184,False,False,False,1ab0925825a129704f3aa2dd999acb239aee896f897ef05d63c44187d6c55c8e,edb10d8447862dc13557b6e9855c424f7622ac5c87ed8000c49326d463651e4f,1.91,1.91,True,2024-11-12T14:26:00+00:00,2024-11-12T14:26:00+00:00,0.5154366361232112,0.5155942514250049,0.5184335907861205
te:2769139,2024-11-12,2024,2024-11-12,midon,vallejo-d7859,2024-11-12T16:40:00+00:00,2024-11-12T11:33:00+00:00,0.0,2024-11-14T23:00:00+00:00,2024-11-12,1.9,1.92,0.5026178010471204,0.010471299867295303,0.6147533500075807,0.45686605210558634,0.6666666666666666,0.6666666666666666,0.5000000001474997,0.5024457458371223,0.011983554770577276,142,154,False,False,False,181bbc2263fffa901c6d463be49b9455010c47e28502a61a272458a936838d6b,3d51c14324e6a227fb07fa7b1caeb8b4803ea07dcfb6783ac85b4a1d8a1df681,1.89,1.94,True,2024-11-12T15:17:00+00:00,2024-11-12T15:17:00+00:00,0.5115939513229681,0.5120508010298478,0.510540693626346
te:2769721,2024-11-15,2024,2024-11-15,trotter,geerts,2024-11-14T23:40:00+00:00,2024-11-13T16:26:00+00:00,,,,1.66,2.24,0.5743589743589743,0.29965826349849645,0.6054413171842407,0.12853149689631077,1.95,0.5166666666666667,0.7339336415194274,0.6539427954446977,4.0088507513580396e-10,151,210,False,False,False,6e792d805f966767409817173e5ee7b602ae05f3af3005384df74a9eae77bca3,742e3cde40503adcf4b98367e5da820320ce4622b2e29ad33c2febe25ca171d5,1.69,2.21,True,2024-11-14T22:38:00+00:00,2024-11-14T22:38:00+00:00,0.5813537585796515,0.5789913367427887,0.5847572741852867
te:2770063,2024-11-15,2024,2024-11-15,dellien,meligeni-rodrigues-alves,2024-11-15T16:05:00+00:00,2024-11-14T16:26:00+00:00,0.0,2024-11-17T23:00:00+00:00,2024-11-15,1.81,2.05,0.5310880829015544,0.12451294787258244,0.6090021358008387,0.3186067293290878,0.0,0.0,0.6148546595880219,0.5672721059723458,2.447425040408291e-10,178,143,False,False,False,e6871da83fd8368ae64fb1d83945e87da7f80212e6f8572a7e55bb6e5c773ead,143bd208ada48797a58cef6856cecc9fdeb742fba393156fedf4b6dfac246480,1.85,2.02,True,2024-11-15T12:38:00+00:00,2024-11-15T12:01:00+00:00,0.5393115657682719,0.538550844081254,0.535990440122922
te:2770183,2024-11-15,2024,2024-11-15,ugo-carabelli,olivieri-ff875,2024-11-15T22:10:00+00:00,2024-11-14T16:28:00+00:00,0.0,2024-11-17T23:00:00+00:00,2024-11-15,2.06,1.81,0.4677002583979328,-0.1293791375237555,0.5701055427649114,0.41166091368754987,0.48333333333333334,0.48333333333333334,0.6608489844986601,0.556182228556216,3.7015170789578278e-09,185,143,False,False,False,7059b9628a7cf2910bd609c19793a29a3e0ef999dbf7f67c662fad0d109e0fd4,bd01b51c3bc665b39556f687c3d9dad45e75e5bd11c473751f352c85ff090362,2.2,1.73,True,2024-11-15T20:37:00+00:00,2024-11-15T20:37:00+00:00,0.4775236388496262,0.4773767731171381,0.47557989491620867
te:2770271,2024-11-15,2024,2024-11-15,bellucci-47e7e,hassan-1d510,2024-11-15T03:35:00+00:00,2024-11-14T10:21:00+00:00,0.0,2024-11-17T23:00:00+00:00,2024-11-15,1.9,1.95,0.5064935064935064,0.025975486403260445,0.5979905700673009,0.3711239524168869,0.0,0.0,0.8148288693293393,0.7098423761556117,1.4408918502795132e-11,194,174,False,False,False,f1e41995049f211a2167bcd17ac811c1f16a5b808d8b82ed6f2eb55086b1b6e7,bc7abb256cd780b555aff039c589fc3087879ddd8e94db8573a56a72f31e40c1,2.05,1.83,True,2024-11-15T03:24:00+00:00,2024-11-15T03:24:00+00:00,0.5153702208608525,0.5150057726520014,0.5124228846829401
te:2770503,2024-11-15,2024,2024-11-15,hemery,fonseca-57dc1,2024-11-15T13:45:00+00:00,2024-11-14T21:43:00+00:00,1.0,2024-11-17T23:00:00+00:00,2024-11-15,1.69,2.24,0.5699745547073791,0.2817473369319663,0.594535265965876,0.10099879713569848,0.65,0.05,0.6641546772889944,0.7602149016117483,3.449437957492307e-11,170,130,False,False,False,53a02968285ef480e88b056d51f7078a50998bbf157271ff72f50b27565f6e91,2a9557be8e7b21cd1ea633f5b8347ea6bf9d3325a64181db14ce6f95ffc7a035,1.79,2.1,True,2024-11-15T12:23:00+00:00,2024-11-15T12:23:00+00:00,0.5770977348377496,0.5744449737074051,0.5751672007679194
te:2770531,2024-11-15,2024,2024-11-15,collignon,barrere-ea847,2024-11-15T15:40:00+00:00,2024-11-15T05:46:00+00:00,0.0,2024-11-17T23:00:00+00:00,2024-11-15,1.68,2.27,0.5746835443037974,0.3009860380781436,0.6239156556417788,0.20521571557907548,1.1,0.23333333333333334,0.6764479470872916,0.6395989471278711,2.0167368885992687e-09,211,134,False,False,False,c1bbf7e0b5164db23dcdf7ca653aefd0933e6ebca9b6bf81900792fda2705373,a23a84f39dae7040b74870bb4ec2de0e0b7b5dcf7dfad3b32e45f576829d8f0f,1.7,2.23,True,2024-11-15T15:29:00+00:00,2024-11-15T15:29:00+00:00,0.5816687931211818,0.5800403647034871,0.5824104747900745
te:2771665,2024-11-19,2024,2024-11-19,butvilas,nagal,2024-11-19T18:40:00+00:00,2024-11-17T09:57:00+00:00,0.0,2024-11-21T23:00:00+00:00,2024-11-19,2.0,1.83,0.47780678851174935,-0.08883121370661573,0.6049329219163868,0.5148932243082436,0.31666666666666665,0.31666666666666665,0.5983542680005548,0.6627769729101758,2.471735954800991e-09,187,149,False,False,False,e1397234dae436213dee2d36cbf878b9eb9e103affe7d612b775f413a49d52aa,ff6760e0969d7e16cd6ce10cb2d0a3b0d50acb9ba52f6a6e07cf29e6929444d3,1.96,1.88,True,2024-11-19T16:46:00+00:00,2024-11-18T03:58:00+00:00,0.4873944204696159,0.48830464805407103,0.4862108920505356
te:2772507,2024-11-19,2024,2024-11-19,kicker,clarke-60a59,2024-11-19T13:10:00+00:00,2024-11-17T17:44:00+00:00,1.0,2024-11-21T23:00:00+00:00,2024-11-19,1.93,1.88,0.4934383202099738,-0.026248226074936154,0.5983787336003018,0.42496259217612586,0.8166666666666667,0.8166666666666667,0.5700519816771449,0.6393969848015938,1.116799985823036e-10,56,213,False,False,False,3318bbbdff55b15717ec31d0ba9d8d3e8e427285d0d60d089714809ecdb6b265,b81e716df2c92bc314004a6bbe3a314c7dc404041b2d1d5ca86f48003d24f714,1.98,1.85,True,2024-11-19T10:40:00+00:00,2024-11-19T12:55:00+00:00,0.502645882029,0.5027481009888777,0.5014895821276936
te:2773709,2024-11-19,2024,2024-11-19,lestienne,negritu,2024-11-19T01:10:00+00:00,2024-11-18T13:03:00+00:00,1.0,2024-11-21T23:00:00+00:00,2024-11-19,1.95,1.87,0.4895287958115184,-0.041890941709159774,0.588759405335557,0.40073013030322757,0.6166666666666667,0.6166666666666667,0.7615943262888756,0.6603424917336973,1.146356620740363e-10,135,178,False,False,False,1016234aeec126ebf808e9fe40045b142346c036d048a4bbb1431cfb6f8de206,7f526ebe93f6e96694b6c2e7bef86f29a92a7045f5a13dfcb485d492884f4d7c,1.96,1.88,True,2024-11-19T00:14:00+00:00,2024-11-19T00:14:00+00:00,0.4988331081994429,0.49867992216849716,0.4970990468943451
te:2773805,2024-11-19,2024,2024-11-19,martin-tiffon,damas,2024-11-19T12:40:00+00:00,2024-11-18T17:18:00+00:00,0.0,2024-11-21T23:00:00+00:00,2024-11-19,2.07,1.77,0.4609375,-0.15656906069153992,0.5625080451433548,0.40791618041541644,2.1166666666666667,0.15,0.6657009042703084,0.5532579568237668,6.864666002304176e-09,228,173,False,False,False,be9df4d9f90ce3a07c7781775b08f878019d7b96218a3e6228b88d995fb6d47c,678f7dd9bcda1cc1e90d02e86911154a8443f1706b4bff9c2bad97cbf73eaead,2.0,1.84,True,2024-11-19T11:00:00+00:00,2024-11-19T11:00:00+00:00,0.47091400604088,0.4706994959014476,0.47878278709830646
te:2773751,2024-11-22,2024,2024-11-22,shimizu-38ca9,imamura-da963,2024-11-22T05:00:00+00:00,2024-11-20T09:09:00+00:00,1.0,2024-11-24T23:00:00+00:00,2024-11-22,1.93,1.89,0.4947643979057591,-0.02094317384524342,0.6147555888848261,0.48828997928221124,0.0,0.0,0.7361534982037933,0.6655807529305393,1.113439895839008e-11,138,193,False,False,False,ca9adb5a7f830c2e48f721ee7c592a44f8344cd1b287fa83c6319a47e9ea5831,13f3d6482c841116ecc59f9f0e8e4369da7eccfa16e2eb3a853a6de36cb9f454,2.0,1.85,True,2024-11-22T00:22:00+00:00,2024-11-22T00:22:00+00:00,0.5039388939799557,0.504667444726136,0.5020590380488784
te:2775075,2024-11-22,2024,2024-11-22,lestienne,basilashvili,2024-11-22T06:00:00+00:00,2024-11-19T10:30:00+00:00,,,,1.78,2.07,0.5376623376623377,0.1509352429732842,0.6193945180597248,0.3360438159478889,0.6166666666666667,0.6166666666666667,0.5937981838687133,0.5854142295832345,2.998508386031773e-10,135,199,False,False,False,0d9c038f4701da483fbfeaa889543debcddda786053b5022bd01de8be180155f,1be0aaddc87adb15fd9932e6a577ccb7f9ee51d16a3001dd6414e9693b29cb6c,1.85,1.99,True,2024-11-22T05:56:00+00:00,2024-11-22T05:56:00+00:00,0.5457051727973786,0.5451457678941144,0.5435892276119448
te:2775081,2024-11-22,2024,2024-11-22,tu-41622,sekulic-13abc,2024-11-22T02:10:00+00:00,2024-11-19T10:40:00+00:00,1.0,2024-11-24T23:00:00+00:00,2024-11-22,1.75,2.11,0.5466321243523315,0.18707215955255221,0.6223767477914925,0.3125764423494738,0.43333333333333335,0.43333333333333335,0.6964335542404361,0.6488144850210191,6.549306652559039e-10,157,141,False,False,False,13f92cbb2ad5d2717bf77ad2436ef683e256960aa5384118f4fc7ce690002f88,9b10b00cab50e1eee57dfd04f32dbf952eb057ec4a5c16560c3972f39c660f03,1.95,1.88,True,2024-11-21T16:00:00+00:00,2024-11-21T16:00:00+00:00,0.5544247466583554,0.5536813610864958,0.5518376618687904
te:2775365,2024-11-22,2024,2024-11-22,zakharov-faf08,wu-f664e,2024-11-22T04:15:00+00:00,2024-11-19T10:35:00+00:00,1.0,2024-11-24T23:00:00+00:00,2024-11-22,1.8,2.03,0.5300261096605744,0.12024912815157689,0.6112284716925263,0.33222985163932095,0.5333333333333333,0.5333333333333333,0.6494221434086648,0.7193689959695895,1.044755698620392e-09,159,136,False,False,False,3ae3535c3373b552e7d37f235a08b7adb42e88d0d00709895b1a2d0ed39c97f6,274c7290a2c0d94b8b74414cae87fe33c9adbe54d6ba6d1a63c9cf85717eabc7,1.77,2.09,True,2024-11-22T04:09:00+00:00,2024-11-22T04:09:00+00:00,0.5382785470991577,0.537645363012659,0.5359502516523176
te:2776531,2024-11-22,2024,2024-11-22,landaluce-84126,blancaneaux,2024-11-22T12:10:00+00:00,2024-11-21T10:55:00+00:00,1.0,2024-11-24T23:00:00+00:00,2024-11-22,1.91,1.94,0.5038961038961038,0.015584731016698041,0.5793394859858028,0.30447777794344727,0.8333333333333334,0.8333333333333334,0.693799377369363,0.5946747813521034,6.498146853939346e-09,149,137,False,False,False,e9ab90a27da66d432e85fa9f7aad56399ce12b0b40d62f38e51fb1f9700775c1,1553225396eb738144cfaff20972a24dee2ff52df91173e33c37b2590ae15cfb,1.96,1.91,True,2024-11-22T11:03:00+00:00,2024-11-22T11:03:00+00:00,0.5128395690654634,0.5118106482272882,0.5106044029470704
te:2777035,2024-11-22,2024,2024-11-22,maestrelli,prizmic,2024-11-22T18:40:00+00:00,2024-11-21T21:39:00+00:00,1.0,2024-11-24T23:00:00+00:00,2024-11-22,1.88,1.97,0.5116883116883117,0.04676176590803954,0.5749355142293108,0.25525523079415696,0.36666666666666664,0.36666666666666664,0.5656478343231391,0.6659329712236273,2.2685930911592322e-10,158,87,False,False,False,00e20a6a78136cd008793f3aa1c0fc0cbc7c12426eb13fe6e94c913346736f49,d7aa47341c175f58c58acad50db1c3ae19708cf23b6691dc5994abe951cac30a,1.95,1.92,True,2024-11-22T15:03:00+00:00,2024-11-22T15:03:00+00:00,0.5204301915556336,0.5189568338252282,0.5169984067947389
te:2777071,2024-11-22,2024,2024-11-22,nardi-e2cda,prihodko,2024-11-22T14:35:00+00:00,2024-11-21T21:36:00+00:00,0.0,2024-11-24T23:00:00+00:00,2024-11-22,1.93,1.92,0.49870129870129865,-0.0051948168771042275,0.5455532900383565,0.18791465070777308,0.7333333333333333,0.7333333333333333,0.7607464143785596,0.6260621314587242,1.4318268792834488e-12,130,218,False,False,False,82b7482f3417e54c39c0ab6a27a4f92570fd6ffd10ba4a4856749f8f3d197a4f,e015cb52a2d97a051fe852d2a67a806467aa3d59cf2423797774bb753159110f,1.79,2.1,True,2024-11-22T14:28:00+00:00,2024-11-22T14:28:00+00:00,0.5077768982127332,0.5055820783537549,0.504235647005965
te:2777115,2024-11-22,2024,2024-11-22,barrios-vera,johns-b2ed0,2024-11-22T18:15:00+00:00,2024-11-22T12:40:00+00:00,0.0,2024-11-24T23:00:00+00:00,2024-11-22,1.78,2.1,0.5412371134020618,0.16532398042538338,0.5985722995486976,0.23419589495185783,1.4666666666666666,0.26666666666666666,0.7296302065219502,0.6436099213350064,5.206427372561606e-09,148,104,False,False,False,69f2654bb18d6b6976a5aef07f7889bbddec68d5949a15711e258eb703c66091,1e84aa78a28ad0019d3a20e4a7cbb32163510424844ec1f61c85f01c61db046d,1.71,2.19,True,2024-11-22T18:07:00+00:00,2024-11-22T18:07:00+00:00,0.54918073447869,0.5476502354346119,0.5518630870578346
te:2777965,2024-11-26,2024,2024-11-26,moro-canas,shelbayh,2024-11-26T10:40:00+00:00,2024-11-24T18:38:00+00:00,0.0,2024-11-28T23:00:00+00:00,2024-11-26,1.85,1.97,0.5157068062827225,0.06284790365966353,0.6351415193440145,0.4914903813431324,0.7666666666666667,0.16666666666666666,0.7380638762299133,0.692507569717754,2.486425565439987e-09,153,170,False,False,False,943f36f21da944e4ff49eed8aa393a3a8094b4ec480b3c1dfb7f8073b210efc9,462cc0d0f9d01c6d12254d4f3810b2fdca2cf2a5126757e7bd148ba3423f5df5,1.81,2.05,True,2024-11-26T08:07:00+00:00,2024-11-26T10:26:00+00:00,0.5243431929966006,0.5251978103219195,0.5260467758275454
te:2778361,2024-11-26,2024,2024-11-26,habib,villanueva-55ff0,2024-11-26T18:30:00+00:00,2024-11-24T15:32:00+00:00,0.0,2024-11-28T23:00:00+00:00,2024-11-26,1.68,2.2,0.5670103092783505,0.26966356694910254,0.6158546589847701,0.20232645233412405,2.316666666666667,0.18333333333333332,0.717818599016246,0.6539099315329874,3.4121758196725693e-10,186,186,False,False,False,c4c9d1785c6b2b32b7983bf82b26af02fc57c36c1379808dffbc5412adbb83eb,2c1ec7477359f108fcf1e3ef7b11e8f99baa225fb8409f6b1ae29d3decc7683d,1.9,1.93,True,2024-11-25T19:16:00+00:00,2024-11-25T19:16:00+00:00,0.5742198500906075,0.5725206170160545,0.5813888453957173
te:2778655,2024-11-26,2024,2024-11-26,dougaz,smith-8b3b8,2024-11-25T23:15:00+00:00,2024-11-24T17:52:00+00:00,0.0,2024-11-28T23:00:00+00:00,2024-11-26,1.6,2.38,0.5979899497487436,0.3970968584376474,0.612674613585464,0.06147199522630986,1.15,0.18333333333333332,0.661177703824707,0.6089607094132158,9.128822697768157e-11,202,142,False,False,False,0286e6bccd94bf7130ca08f58f582f987c02cec3ca7b2eca85204dfcee71f0f4,b16add2e269c0b5132948a8c240c4262f12af1da86c94087a83b5affb49e682b,1.61,2.37,True,2024-11-25T17:31:00+00:00,2024-11-25T17:31:00+00:00,0.6042805405533335,0.6014371508619587,0.604226609751633
te:2780075,2024-11-26,2024,2024-11-26,gaubas,butvilas,2024-11-26T12:55:00+00:00,2024-11-26T05:17:00+00:00,1.0,2024-11-28T23:00:00+00:00,2024-11-26,1.81,2.03,0.5286458333333333,0.11470894777596129,0.6134693464298895,0.34721017451464875,0.9666666666666667,0.9666666666666667,0.5170245393816104,0.5000000000000001,0.0054779612365264685,195,191,False,False,False,2afa60de32d27c0bbdafc2f77168cd919e4d73b12983fffd80c110b46f3af20d,23ffdfd9aff7b6b91853c956bb1a2827bc246b442c9b8d7cbe1e9a333e502f84,1.88,1.95,True,2024-11-26T11:14:00+00:00,2024-11-26T11:49:00+00:00,0.5369358077442896,0.5364419515243037,0.5354491545465925
te:2780641,2024-11-26,2024,2024-11-26,kodat,brady-beba3,2024-11-26T18:10:00+00:00,2024-11-26T08:39:00+00:00,0.0,2024-11-28T23:00:00+00:00,2024-11-26,1.91,1.91,0.5,0.0,0.587297329677087,0.3528038086292627,1.55,0.4166666666666667,0.5784756195781026,0.5000000000000001,0.01785576120310034,189,75,False,False,False,175aadcb26ece4a4c9e0e656d28b14bc39dc57d6ddc62ba37913a7d48d09385d,b391e82a8145be813ccec23b2b21c6f9974f5a27e001a2e25da4d9864fa0fb7c,1.89,1.94,True,2024-11-26T15:34:00+00:00,2024-11-26T15:34:00+00:00,0.5090427389828361,0.508468696056757,0.5125899697250345
te:2780645,2024-11-26,2024,2024-11-26,rosenkranz,perez-37652,2024-11-26T20:00:00+00:00,2024-11-26T08:49:00+00:00,0.0,2024-11-28T23:00:00+00:00,2024-11-26,1.63,2.3,0.5852417302798981,0.34432910811643264,0.6307438860073855,0.19108030700509188,2.05,0.45,0.6569091517622994,0.656909151762144,5.269305269894886e-10,130,55,False,False,False,2bb8eaa99515f0ed541632f82e273011efd9b835cfb4df459055a37549ff89fe,24addf9dc1b699047aed864aa0165fbcb201b50566a64699c184e1389113ba4f,1.64,2.31,True,2024-11-26T17:33:00+00:00,2024-11-26T17:33:00+00:00,0.5919146194128734,0.5902124704879139,0.5966670011341781
te:2781049,2024-11-29,2024,2024-11-29,escobedo-2bf83,geerts,2024-11-29T00:30:00+00:00,2024-11-28T08:44:00+00:00,1.0,2024-12-01T23:00:00+00:00,2024-11-29,1.73,2.13,0.5518134715025906,0.208000571211646,0.6166523039758397,0.267362367194993,0.0,0.0,0.613913111639794,0.5844436509067477,8.73189526240381e-09,118,198,False,False,False,19a8145b2362d76894ab461d6c1ee816855f7b80e2fe64679193c06a5590dbf9,db0ac7ac2085f5e60acadf57928488f6ee1019bc26fd185eeda75ddfa92e36e3,1.86,1.98,True,2024-11-28T23:22:00+00:00,2024-11-28T23:22:00+00:00,0.5594596925054355,0.5583050782131955,0.5557737041586583
te:2781491,2024-11-29,2024,2024-11-29,coria-df292,coppejans,2024-11-29T10:40:00+00:00,2024-11-28T10:30:00+00:00,1.0,2024-12-01T23:00:00+00:00,2024-11-29,1.92,1.93,0.5012987012987012,0.005194816877103783,0.6104162529356738,0.44386743551785224,0.26666666666666666,0.26666666666666666,0.5310849516682435,0.5000000000000001,0.009112086226092705,192,85,False,False,False,6b5ea5def088d13a3c76d468aa0e00433b418a3780bffdfae16cc2e108d25ef8,588c6e2a2d150044185e1715512868969f963c374bf25cd3ff5fc046da6cd4e4,1.99,1.88,True,2024-11-29T09:55:00+00:00,2024-11-29T09:55:00+00:00,0.5103084638083637,0.5106320192628534,0.5084697774198075
te:2781527,2024-11-29,2024,2024-11-29,habib,dutra-da-silva,2024-11-29T14:05:00+00:00,2024-11-28T10:05:00+00:00,0.0,2024-12-01T23:00:00+00:00,2024-11-29,1.8,2.07,0.5348837209302325,0.1397619423751585,0.5817552420399734,0.19022106405992512,1.1,1.1,0.7193597212494895,0.6189696585376013,1.2058215537180672e-11,189,191,False,False,False,49b93f462f6b6c17ca05dc0757334b3c1cadc2970ef6925e9aaa169792cb92f8,61ba78f53133cc9b58725a684a353a2272854d1b604cacb4d2aa9aeb988e784f,1.78,2.11,True,2024-11-29T11:51:00+00:00,2024-11-29T11:51:00+00:00,0.5430031981168052,0.5410121383414497,0.5402693939784647
te:2781563,2024-11-29,2024,2024-11-29,negritu,hassan-1d510,2024-11-29T01:40:00+00:00,2024-11-28T08:48:00+00:00,,,,1.82,2.04,0.5284974093264249,0.114113306767421,0.6148967448014845,0.35382955866081517,1.9666666666666666,0.3,0.6482293360259509,0.7114824200688258,1.3558915656908255e-09,175,182,False,False,False,df609b216b29cdbf45cabae69c6c2a7ca8d5a39467b8a68c7d4751160d81c1f9,a7a8ad52103f4755f6e1d55a228f5ce752339310445890e3144cf86b7e911278,1.8,2.09,True,2024-11-29T01:07:00+00:00,2024-11-29T01:07:00+00:00,0.536791413660271,0.5363613430439935,0.5430835667224839
te:2781823,2024-11-29,2024,2024-11-29,reis-da-silva,huertas-del-pino-00123,2024-11-29T14:05:00+00:00,2024-11-28T17:28:00+00:00,1.0,2024-12-01T23:00:00+00:00,2024-11-29,1.83,2.04,0.5271317829457364,0.10863384100279519,0.6014436275641729,0.30285002046367404,1.0333333333333334,1.0333333333333334,0.5676357813189529,0.5122476898319284,4.3307432751049646e-08,113,46,False,False,False,0059588efc4c1cafec45fb21f7ecd292a51496d2ab87769ff8faaaea7323ace9,3d0d39852345ecc2b519ee04670e7e258188dc8ef13a7ee6d34a5605d3d18f44,1.85,2.02,True,2024-11-28T18:03:00+00:00,2024-11-29T10:35:00+00:00,0.535462806295795,0.5345293733189816,0.5336537728180724
te:2781859,2024-11-29,2024,2024-11-29,martin-3dfa5,rocha-0492a,2024-11-29T15:10:00+00:00,2024-11-28T19:03:00+00:00,0.0,2024-12-01T23:00:00+00:00,2024-11-29,1.91,1.94,0.5038961038961038,0.015584731016698041,0.5982732277690738,0.382690634739001,0.8833333333333333,0.8833333333333333,0.5380457616963822,0.6024031738359079,5.019905185976725e-10,124,167,False,False,False,53f16ad034e584fdd5a14df08db272e2c40295acbef431ba0fa712e10dbbe785,2050de9953bf725a1a2a1b3804a7cf37d4c1994f3f3ad553947433a963ad28b8,2.02,1.85,True,2024-11-29T14:51:00+00:00,2024-11-29T14:51:00+00:00,0.5128395690654634,0.512576243475357,0.5114358896117449
te:2781921,2024-11-29,2024,2024-11-29,dzumhur,ramos-vinolas,2024-11-29T13:55:00+00:00,2024-11-29T08:26:00+00:00,0.0,2024-12-01T23:00:00+00:00,2024-11-29,1.82,2.05,0.5297157622739017,0.11900329206161245,0.6199635965760708,0.3703904224377603,0.3333333333333333,0.3333333333333333,0.5901201956418946,0.5954596276315544,3.276111501526735e-07,172,144,False,False,False,8cae2229e1b2c9923a40bf89f3559c75b16d13817c775f39bf02e98fa717b458,e6605886c59ed5113602b53087528cff4643e03c70d9e2555836f9c153e5d266,1.88,1.97,True,2024-11-29T13:48:00+00:00,2024-11-29T13:48:00+00:00,0.5379766491854401,0.5377136319656803,0.5356850467571199
te:2781961,2024-11-29,2024,2024-11-29,draxl,escobedo-2bf83,2024-11-29T21:05:00+00:00,2024-11-29T12:09:00+00:00,1.0,2024-12-01T23:00:00+00:00,2024-11-29,1.93,1.92,0.49870129870129865,-0.0051948168771042275,0.576624111638282,0.3141250087094781,1.0,1.0,0.592728161416956,0.5000000000000001,0.008855411023457924,150,118,False,False,False,8baa425808be3eeb12525a9df086777a1d9dba1761aa37676968ffb02099a0e5,2791110609f1ec314f43c13bfac98d392a6fb38bb7c604e7d189339a222286f8,1.87,2.0,True,2024-11-29T19:19:00+00:00,2024-11-29T19:19:00+00:00,0.5077768982127332,0.5068180471868737,0.5058823582478185
te:2791159,2024-12-31,2024,2024-12-31,ajdukovic,diaz-acosta,2024-12-31T02:15:00+00:00,2024-12-30T09:03:00+00:00,0.0,2025-01-02T23:00:00+00:00,2024-12-31,1.67,2.23,0.5717948717948719,0.28917795904336396,0.6481721782740599,0.3218364961233696,0.0,0.0,0.7299633067797006,0.7144421572828136,4.6737346381942046e-08,165,105,False,False,False,cdb4e6483e2d922d51f93ac17e88a563bc7890eb56b4f7c9d08f1d8ba953a9de,83b75b3fe50e5db37560481a687c463b21601ff22aa53158a970b8a7c19f7170,1.74,2.13,True,2024-12-31T02:08:00+00:00,2024-12-30T22:05:00+00:00,0.5788648387647517,0.578334712395931,0.5758195102930901
te:2791843,2024-12-31,2024,2024-12-31,galarneau-32e1f,daniel-2dd17,2024-12-30T23:40:00+00:00,2024-12-30T11:58:00+00:00,0.0,2025-01-02T23:00:00+00:00,2024-12-31,1.78,2.07,0.5376623376623377,0.1509352429732842,0.6365848484318588,0.4096366218183356,0.0,0.0,0.686735639410159,0.7212883723206918,5.373164080335613e-09,144,149,False,False,False,925eb730bab4b4918a2c9c9f27391afc12d6f252ff5948db4e189ee4c5ae6424,8719cc6fde38e43eda424e5038c82bc1557c39c713ec3ea2af1ca3db67fb6316,1.86,1.97,True,2024-12-30T20:04:00+00:00,2024-12-30T18:53:00+00:00,0.5457051727973786,0.5458605981672894,0.5432876896219867
te:2793495,2025-01-03,2025,2025-01-03,karatsev,coppejans,2025-01-03T06:45:00+00:00,2025-01-02T10:44:00+00:00,0.0,2025-01-05T23:00:00+00:00,2025-01-03,1.74,2.17,0.5549872122762148,0.22084205432593051,0.6113461029800568,0.2321319751001888,0.7,0.7,0.6589493035828423,0.6051380123008804,2.99040875395562e-10,72,91,False,False,False,a01955a8d36637f3e85d4292e31f94c3a0d86cc907639dd79c1a638442d2d9f4,45b6abd38bbe0e5a2a17c46c4490fa341c9fa9aae5dcfd4aa9cd752f39ee040c,1.78,2.12,True,2025-01-03T02:02:00+00:00,2025-01-03T02:02:00+00:00,0.5680488902592933,0.5651453464188495,0.5636261435862077
te:2793535,2025-01-03,2025,2025-01-03,mochizuki-f2487,rodionov-f5e38,2025-01-03T10:40:00+00:00,2025-01-02T18:08:00+00:00,0.0,2025-01-05T23:00:00+00:00,2025-01-03,1.78,2.11,0.5424164524421594,0.17007458318398147,0.6403227460933596,0.4066906444162458,0.0,0.0,0.6934931365208901,0.6951484768008488,1.587775258493629e-08,142,144,False,False,False,5c98e7d917b4b5e2e8b8de306167b0d73b650197b6c78d6c1d1d6747012838d3,75506126c8fce6e9dd7f9fb419cefe65e6ac34d9bf6ace2d5cfabb2afd644622,1.74,2.19,True,2025-01-03T10:08:00+00:00,2025-01-03T05:33:00+00:00,0.5568881996552645,0.5573363486248388,0.5593583098461894
te:2794571,2025-01-07,2025,2025-01-07,rodesch,nijboer,2025-01-07T15:35:00+00:00,2025-01-06T17:17:00+00:00,1.0,2025-01-09T23:00:00+00:00,2025-01-07,2.01,1.81,0.47382198952879584,-0.10480787679324989,0.5601979782378584,0.3467734554985361,0.0,0.0,0.7361519391215466,0.6150564229972776,4.524963737040366e-11,136,220,False,False,False,3a947a480e76f1a05bf4a4c0b0f06912143798e7dbcc9a2d59201c90ee88f047,fe64f75bbe6f69e1362383b6300cf89e0b5e7b587ae1a5a918e6f7a323746c67,2.22,1.68,True,2025-01-07T14:53:00+00:00,2025-01-07T14:53:00+00:00,0.49574472503138106,0.49438292209215784,0.49646996048458114
te:2794573,2025-01-07,2025,2025-01-07,prizmic,ivanovski,2025-01-07T10:40:00+00:00,2025-01-06T20:31:00+00:00,1.0,2025-01-09T23:00:00+00:00,2025-01-07,2.17,1.7,0.43927648578811374,-0.24409891649019763,0.5363926718206757,0.3899274875659926,0.0,0.0,0.7859917968175606,0.6428035149251062,6.527396179123457e-09,90,15,False,False,False,268947370c2789a3850255ac84d2e256be58979c3736e4f389638d41a620f24f,b98855b439778fe49611678f4e22f9dcf81a63bd590f7bcaa2c317191c1a29e9,1.93,1.91,True,2025-01-07T10:29:00+00:00,2025-01-07T10:29:00+00:00,0.4646948576131483,0.4639001425265027,0.46599939258719025
te:2794577,2025-01-07,2025,2025-01-07,mikrut,forejtek,2025-01-07T12:55:00+00:00,2025-01-06T18:58:00+00:00,1.0,2025-01-09T23:00:00+00:00,2025-01-07,1.81,2.03,0.5286458333333333,0.11470894777596129,0.6129943143908188,0.3452073286430207,0.0,0.0,0.6369868439614115,0.6992370038419143,1.483833980686633e-08,143,142,False,False,False,aef36ff459332e821ea0355d1dab24bad4eba7e0ea1bbac74926decf9769d4e1,cb8f1b162ac971644d73745a3d5cbee68f7166c03907d385001e41a1b387185a,1.91,1.93,True,2025-01-07T11:40:00+00:00,2025-01-07T11:40:00+00:00,0.5446512253599418,0.5437495500440759,0.5457881288729626
te:2795541,2025-01-07,2025,2025-01-07,hsu-b2ce0,isomura-6342d,2025-01-07T03:10:00+00:00,2025-01-06T10:37:00+00:00,0.0,2025-01-09T23:00:00+00:00,2025-01-07,1.92,1.9,0.4973821989528796,-0.010471299867295303,0.5878427044618174,0.3655256407852983,0.25,0.25,0.679790976411986,0.5913877240628969,1.155605650060565e-08,153,151,False,False,False,65ea2527a74cdab61c4ee4f358abef383d71075d71dc9230bc68d5bb2dead9bb,4ca9de52b5363fbdf223d0326e4eaaf9435f4528e00eaee32c49d4902782450a,2.02,1.83,True,2025-01-06T23:32:00+00:00,2025-01-06T23:32:00+00:00,0.5168069821657151,0.516032580036403,0.5168278201741843
te:2796055,2025-01-07,2025,2025-01-07,zapata-miralles,zakharov-faf08,2025-01-07T10:10:00+00:00,2025-01-06T18:28:00+00:00,0.0,2025-01-09T23:00:00+00:00,2025-01-07,1.88,1.93,0.5065616797900262,0.026248226074936154,0.6323586261326057,0.516100518073447,0.0,0.0,0.6613323500134064,0.6710178266524867,2.6139887976395215e-08,132,144,False,False,False,6efd4f4db22d05cb406e40c7dea90503d168892f09308b8d044538c681ac64ca,c16fa57628f2c92b406b4653bbad0c8f0f3637038f51ba50005d1510a72f028e,1.84,2.0,True,2025-01-07T06:31:00+00:00,2025-01-06T19:21:00+00:00,0.524993237707701,0.5273309070976863,0.5294003079001448
te:2796057,2025-01-07,2025,2025-01-07,ritschard,fanselow-fef29,2025-01-07T10:10:00+00:00,2025-01-06T18:10:00+00:00,0.0,2025-01-09T23:00:00+00:00,2025-01-07,1.83,1.99,0.5209424083769634,0.08381867188307154,0.5985402563385954,0.31556784939908566,0.0,0.0,0.7614618363323746,0.6686405964331726,7.547795721762895e-12,146,162,False,False,False,3769fc5b6f844e5b600dc430d8372109efe00e95bca1e359255342c79b35b761,0e36909cbfab62f29ffbea84f8a80b919a79184d1e8fff2e970f50897373744a,1.91,1.93,True,2025-01-07T06:31:00+00:00,2025-01-07T06:31:00+00:00,0.537799344439244,0.5362329317400829,0.5382796690173555
te:2797439,2025-01-10,2025,2025-01-10,noguchi-08bde,cassone,2025-01-10T04:05:00+00:00,2025-01-09T10:49:00+00:00,1.0,2025-01-12T23:00:00+00:00,2025-01-10,1.83,2.03,0.5259067357512953,0.10371982620036632,0.6082130005688348,0.33608700098347644,0.6333333333333333,0.06666666666666667,0.6395955345310433,0.7109143529060339,9.341275752916545e-09,151,114,False,False,False,5d2b79f09e9528fa658ca7220aa244274cdfcc331f8e335ba4613c6268516eed,d4fff1a5c8c8fd712d357dc4b121af0abb3da7be5177780850ecc88bca5d12f8,1.89,1.98,True,2025-01-10T00:32:00+00:00,2025-01-10T00:32:00+00:00,0.5422154902534999,0.5411061748246114,0.5429039912216742
te:2797501,2025-01-10,2025,2025-01-10,searle-78f04,brunold-a21c2,2025-01-10T11:10:00+00:00,2025-01-09T16:22:00+00:00,1.0,2025-01-12T23:00:00+00:00,2025-01-10,1.67,2.28,0.5772151898734177,0.3113518165376855,0.6463566603469073,0.2917107505457387,0.4166666666666667,0.4166666666666667,0.7119061049507748,0.7146078609938117,1.2778824109993536e-09,120,159,False,False,False,15e0b09e38dc15ea1a9ae9a790f2a841838c9c41da497add280ad0a0215075d2,0d99ca95d3aa7cb7661f2b6e76a46703b2a4c7e446dddc4dc80535c4c9d870f9,1.65,2.34,True,2025-01-10T07:35:00+00:00,2025-01-10T07:35:00+00:00,0.5877692574070805,0.5862623600899189,0.5861589481713438
te:2797523,2025-01-10,2025,2025-01-10,medjedovic,rincon-d1dab,2025-01-10T13:05:00+00:00,2025-01-09T18:23:00+00:00,1.0,2025-01-12T23:00:00+00:00,2025-01-10,1.88,1.98,0.5129533678756476,0.051825067864585767,0.5606864207917026,0.19212325514076886,0.0,0.0,0.7510717828280259,0.6287266513235683,6.037947919423914e-13,133,133,False,False,False,16542b729e9998cc10ab516ce7a66147b3e82b8348b8b776870ea65cbe26aa19,4cb07ec3c944b2337477e65a17b346d2bd9f83710535d869cb8e79fa0f14434c,2.1,1.79,True,2025-01-10T11:28:00+00:00,2025-01-10T11:28:00+00:00,0.5306876786556054,0.5265647456839697,0.5286154728851062
te:2797537,2025-01-10,2025,2025-01-10,draxl,molleker,2025-01-10T16:10:00+00:00,2025-01-09T18:24:00+00:00,0.0,2025-01-12T23:00:00+00:00,2025-01-10,1.8,2.07,0.5348837209302325,0.1397619423751585,0.5858398646896184,0.20703184210547976,0.85,0.15,0.6339530401707076,0.5490900746859774,4.227676342338782e-08,172,142,False,False,False,8b7371a78376de5b072a559b8187f1684e7cf2d2c7ae7367b4f05f188e155ac2,868d827d2bbab61655f49f49fa48092b985fda73207d7ecac408f3084bc7a3f2,1.79,2.11,True,2025-01-10T16:07:00+00:00,2025-01-10T16:07:00+00:00,0.55019605110229,0.5465886740006599,0.5479717409460306
te:2798799,2025-01-14,2025,2025-01-14,spizzirri,neumayer,2025-01-14T03:10:00+00:00,2025-01-13T12:04:00+00:00,1.0,2025-01-16T23:00:00+00:00,2025-01-14,1.75,2.1,0.5454545454545455,0.1823215567939549,0.6211019229520817,0.31190639588873814,1.6333333333333333,0.06666666666666667,0.637505576300383,0.6112870872473319,1.4739194770241326e-07,125,184,False,False,False,fded8a4ad2e0bda779646bc4244d88e0a02282ddf06ceefd73a5498c7856aabc,40cc3e54419744c4b86bdd52070a224ffdaf7e4bc427fe065a3dde263cd28013,1.76,2.11,True,2025-01-13T23:32:00+00:00,2025-01-13T23:32:00+00:00,0.5595862687157054,0.558174718295939,0.5601132117773205
te:2799681,2025-01-14,2025,2025-01-14,varillas,prado-angelo,2025-01-14T20:50:00+00:00,2025-01-14T00:00:00+00:00,1.0,2025-01-16T23:00:00+00:00,2025-01-14,1.98,1.85,0.4830287206266319,-0.06791120561621031,0.6036347424405817,0.48854433585961987,0.0,0.0,0.6698845063845896,0.6021827519300017,9.515786214553401e-10,145,160,False,False,False,12a806c9d57363e09c9f798aea7e93cc6514969f432d4007aa4dd26abc93679a,1cb62411a5e66791e2b562608e7dacfb272194da16a81136ffb587dec6a97122,2.02,1.83,True,2025-01-14T14:35:00+00:00,2025-01-14T14:35:00+00:00,0.5039848695967064,0.5055648649172869,0.5076530389790049
te:2800363,2025-01-14,2025,2025-01-14,svajda,sun-2f389,2025-01-14T06:45:00+00:00,2025-01-13T12:05:00+00:00,0.0,2025-01-16T23:00:00+00:00,2025-01-14,1.93,1.89,0.4947643979057591,-0.02094317384524342,0.572071080003891,0.3112493162313537,1.3,0.2,0.5982241042632835,0.5000000000000001,0.006935898646812114,173,178,False,False,False,635de22d159091c8d8ea67d236d9eddb7bb5500661c53554b1eba19cd418e77a,e66c8e2b9be96c82eb2a1ee4997b7392c0e7d6c4e250914004f59cd9e09a20c9,1.91,1.93,True,2025-01-14T03:34:00+00:00,2025-01-14T03:34:00+00:00,0.5144705345471906,0.5125783920296121,0.5138130784318578
te:2801917,2025-01-17,2025,2025-01-17,kopriva,svrcina,2025-01-17T04:50:00+00:00,2025-01-16T11:43:00+00:00,0.0,2025-01-19T23:00:00+00:00,2025-01-17,1.88,1.97,0.5116883116883117,0.04676176590803954,0.6140469952505438,0.4175940861070688,1.0166666666666666,0.45,0.5000000003324673,0.5127314108822408,0.028110317532174287,181,183,False,False,False,6e345a844a389e35c20efcbc27ebc2241d76fe871198c5585018b605f3d8b446,ea1fe46e569da6c932a7136e15ecc854bf5af6b3c04ba778d28ca865a77a517d,1.89,1.98,True,2025-01-17T02:02:00+00:00,2025-01-17T02:02:00+00:00,0.5295609694723343,0.5299613127245645,0.5298246557616678
te:2801931,2025-01-17,2025,2025-01-17,cassone,arnaboldi-d7371,2025-01-17T03:40:00+00:00,2025-01-16T11:44:00+00:00,0.0,2025-01-19T23:00:00+00:00,2025-01-17,2.02,1.84,0.4766839378238342,-0.09333193979221903,0.5749718597747543,0.39549766084265014,1.65,0.9166666666666666,0.7614113030950236,0.6489489381571808,2.4228813400029026e-09,121,160,False,False,False,5fcee2078062df0d7de619ab84572cd3ee8c867d732fbe478ddc90c67dc58d03,1a648b542a8a3f72eed10f682c386de36a069b9f72e7f4fb51561455eda888c4,2.16,1.75,True,2025-01-17T00:00:00+00:00,2025-01-16T21:52:00+00:00,0.49830761138064383,0.49795416041241586,0.49547855681283154
te:2802187,2025-01-17,2025,2025-01-17,bueno-01b7e,dellien-e101c,2025-01-17T15:50:00+00:00,2025-01-16T19:52:00+00:00,0.0,2025-01-19T23:00:00+00:00,2025-01-17,1.87,1.98,0.5142857142857141,0.057158413839947964,0.613085102734103,0.40314057722737334,0.25,0.25,0.5000000000022187,0.5193610819827351,0.02673884754324743,146,182,False,False,False,26804561bfcc3da718b818c4bc92b13300810ee5c7c40accbda3b1457c39f9af,181298ac004fbc0f993e6cf6e485239c394097dd18558352b0544d9907d43a4a,1.88,1.99,True,2025-01-17T09:32:00+00:00,2025-01-17T09:32:00+00:00,0.5318741408399604,0.5320066860551953,0.532791375039713
te:2802271,2025-01-17,2025,2025-01-17,tabur,grenier-baaf0,2025-01-17T03:40:00+00:00,2025-01-16T11:44:00+00:00,1.0,2025-01-19T23:00:00+00:00,2025-01-17,1.73,2.17,0.5564102564102563,0.22660575904268024,0.6193715806936546,0.2602760036279268,0.8833333333333333,0.8833333333333333,0.6467380715499517,0.7003984962930829,1.4722754682061634e-09,162,178,False,False,False,26a68e4f2afc915c9889b181ae5fb9269ddd0ece3abc134c8a69269e3f7632ac,c9a914d653af1cd31fcf79e78e60d214d0772cfa81434fcf0192559853a5e2c6,1.74,2.18,True,2025-01-17T00:04:00+00:00,2025-01-16T22:26:00+00:00,0.5693118410530204,0.5669805831842704,0.5645418291571553
te:2802483,2025-01-17,2025,2025-01-17,vallejo-d7859,villanueva-55ff0,2025-01-17T13:10:00+00:00,2025-01-16T19:18:00+00:00,1.0,2025-01-19T23:00:00+00:00,2025-01-17,1.99,1.86,0.4831168831168831,-0.06755815101129117,0.591371416403096,0.43719579027613764,0.9333333333333333,0.9333333333333333,0.5723484937197391,0.5000000000000001,0.0073663208863357366,155,161,False,False,False,b7948fa1e9554ebd231c068d814a56481023f4b0756c0efa64286a0a2656ead8,5b156dc00ea5514c4818f8c8d7e37f48df784a7065adad9046500925c6e07d1f,1.98,1.89,True,2025-01-17T11:33:00+00:00,2025-01-17T11:33:00+00:00,0.5040637140692075,0.5046085022634585,0.5019226717765118
te:2805147,2025-01-21,2025,2025-01-21,sachko,denolly,2025-01-21T13:10:00+00:00,2025-01-20T20:39:00+00:00,0.0,2025-01-23T23:00:00+00:00,2025-01-21,1.88,1.87,0.4986666666666667,-0.005333345975362438,0.5810177979106056,0.3322862936885859,0.23333333333333334,0.23333333333333334,0.6275131871554297,0.5375641309439264,6.327438573094923e-11,142,193,False,False,False,9b6a2820139796fe628c9f878af934ff0ab3087444ef48b6b42e27eeaa15c18a,bc6a503d22eb32296f0403f49faa0afffb89b759b6da89d070728c6697e8fd82,1.99,1.79,True,2025-01-21T06:36:00+00:00,2025-01-21T06:36:00+00:00,0.5179530820251413,0.5165202049739618,0.5173981816481679
te:2805635,2025-01-21,2025,2025-01-21,olivieri-ff875,rodriguez-taverna,2025-01-21T16:10:00+00:00,2025-01-21T09:04:00+00:00,0.0,2025-01-23T23:00:00+00:00,2025-01-21,1.73,2.13,0.5518134715025906,0.208000571211646,0.620490292581828,0.28362921279803593,1.45,0.2833333333333333,0.6127770332369106,0.5973837282549959,2.571781676508067e-11,154,156,False,False,False,3ccafb206e7189fcd48135a25865265232c32b6a28e1321a1b7e9c1d73f8a74d,72bca0292b781bc8512db0cfad8bdfdefa009aabb64da8e3261dd0a42b3cd6c9,1.76,2.1,True,2025-01-21T10:44:00+00:00,2025-01-21T15:36:00+00:00,0.5652318867449553,0.5633187745984967,0.5640919231436405
te:2806121,2025-01-24,2025,2025-01-24,barrios-vera,houkes,2025-01-23T23:30:00+00:00,2025-01-23T09:09:00+00:00,1.0,2025-01-26T23:00:00+00:00,2025-01-24,1.97,1.85,0.48429319371727747,-0.06284790365966375,0.5960052248136154,0.45169539198183284,1.2166666666666666,1.2166666666666666,0.7117381128022847,0.6266716887887656,5.939138070232275e-13,155,144,False,False,False,7bde73573b2f5271593e31d8a22b22ec28d0f1dab4a8ba052bcd1c69284a1bd0,4e783fbac4ebebb6babd5c65e0b6801f933879a30b2cd0aaa65eebdbc05e5e28,2.0,1.84,True,2025-01-23T22:17:00+00:00,2025-01-23T22:17:00+00:00,0.5051155898739615,0.5059632838679988,0.5018289602586111
te:2806727,2025-01-24,2025,2025-01-24,blockx,basilashvili,2025-01-24T13:10:00+00:00,2025-01-23T17:30:00+00:00,0.0,2025-01-26T23:00:00+00:00,2025-01-24,1.85,2.03,0.5231958762886597,0.09285015396346219,0.5944230951981205,0.2894306834934265,0.0,0.0,0.5674143537826449,0.5000000000000001,0.002033831677367509,124,201,False,False,False,7fc87d6b0a09599394b8b986ea3e912eb5f74031280a166db172747e52838fc3,2e15fdf72c92901657386b0b4d3baef2160c1f3d58ebbb317b859c055e4a9229,1.75,2.16,True,2025-01-24T09:31:00+00:00,2025-01-24T12:37:00+00:00,0.5398042437448748,0.5377342792686287,0.539777534766579
te:2806959,2025-01-24,2025,2025-01-24,taberner,trungelliti,2025-01-24T18:10:00+00:00,2025-01-24T09:25:00+00:00,1.0,2025-01-26T23:00:00+00:00,2025-01-24,1.85,2.0,0.5194805194805195,0.0779615414697121,0.6147804260337343,0.38949013804035704,0.6833333333333333,0.08333333333333333,0.5000037187566622,0.5000037174432297,0.01605299291937176,198,182,False,False,False,cf9a8a5c327648b26d02b803476c7854cbc2c44ad8286d72cf70198c8b73393d,a3f1d1b2136f25fdca7712b3f8cfc720713722bb0868c3acc22e4d6c3b32c1a2,1.83,2.05,True,2025-01-24T15:33:00+00:00,2025-01-24T15:55:00+00:00,0.5364984617612831,0.5364025687540177,0.5381301959059934
te:2808199,2025-01-28,2025,2025-01-28,cassone,gomez-e101b,2025-01-27T23:10:00+00:00,2025-01-27T10:58:00+00:00,1.0,2025-01-30T23:00:00+00:00,2025-01-28,1.65,2.27,0.5790816326530612,0.3190045435808221,0.6122584270933394,0.13781084779016306,0.0,0.0,0.7022471455979145,0.6381969998908809,1.1985417547322186e-08,130,200,False,False,False,82ee20a0d95d6fa5e8e1b112f9aed82247c02738fe5df4492af2a7678d20dcc1,836e71bafd0c19e928e00eafb839394020317ebef105f92fcca614617e9cf67e,1.68,2.23,True,2025-01-27T19:31:00+00:00,2025-01-27T22:40:00+00:00,0.5894247176721741,0.5849234723127585,0.5868793517213353
te:2808941,2025-01-28,2025,2025-01-28,hazawa-9e391,isomura-6342d,2025-01-28T00:10:00+00:00,2025-01-27T10:46:00+00:00,,,,1.89,1.93,0.5052356020942408,0.020943173845242972,0.6057224563129824,0.40842362752218886,0.0,0.0,0.6016028807288246,0.6654904669294182,1.0663941396593657e-09,72,157,False,False,False,b001a393a59c8a328527f95a9fa692b040399554c0646250478e847858c13f16,dec5c39dca219f991f85659f1b3e42027156d2fd2fc2cf3fdc91249c3b4ff443,1.92,1.92,True,2025-01-27T22:03:00+00:00,2025-01-27T22:03:00+00:00,0.523811254530109,0.5239706033054199,0.5260371772545446
te:2810001,2025-01-28,2025,2025-01-28,trotter,pieczonka-07acc,2025-01-28T15:10:00+00:00,2025-01-28T09:58:00+00:00,1.0,2025-01-30T23:00:00+00:00,2025-01-28,2.17,1.71,0.44072164948453607,-0.23823379703779973,0.5306514646973413,0.3609935893516092,0.0,0.0,0.808732182938685,0.6600923263747914,1.3819778654777792e-11,151,116,False,False,False,82d9c907c2ab345f782ca6a4a4bdb2a64546cf3ea7e92a0de95150a1da94038a,ae1e3a8a7d5f70b8cad8c0024feb2ce7ba93a38980cf6588f363811487b65682,1.91,1.93,True,2025-01-28T14:58:00+00:00,2025-01-28T14:17:00+00:00,0.4659984535333773,0.4646353916048023,0.46673285354756283
te:2810331,2025-01-31,2025,2025-01-31,walton,tomic-4ca3d,2025-01-31T01:05:00+00:00,2025-01-30T09:48:00+00:00,1.0,2025-02-02T23:00:00+00:00,2025-01-31,1.69,2.23,0.5688775510204082,0.27727305653704526,0.6080793473331111,0.16197291976076822,0.7333333333333333,0.13333333333333333,0.8159873263406815,0.7179227307256625,2.0800916544772008e-11,214,167,False,False,False,5ae6a755e4d52a6e2cfd40918247a16895136d278df4500e937f3f3bcf7cc018,aa275ca6228b4221824ac605f6e01b43b277ddd793019dfadcd30bf208effb5c,1.7,2.24,True,2025-01-30T21:47:00+00:00,2025-01-30T21:47:00+00:00,0.5803735980069614,0.5762307628335286,0.5776383505171334
te:2810789,2025-01-31,2025,2025-01-31,zink-30580,cassone,2025-01-31T18:40:00+00:00,2025-01-30T19:24:00+00:00,1.0,2025-02-02T23:00:00+00:00,2025-01-31,1.85,2.01,0.5207253886010362,0.08294908298075078,0.5687434361619496,0.19377715767989012,0.31666666666666665,0.31666666666666665,0.6462383034498753,0.7639239948300333,4.447201301660542e-09,114,128,False,False,False,56107e763d4a8808015bb66cc12fdefaf947d551bb6b5b6d292d763153ba6e5f,5f92b0b39b1ae806579fbe0eca4871b7fbbe3c758d93b05bf014765aeff38c4e,2.12,1.78,True,2025-01-31T13:27:00+00:00,2025-01-31T06:36:00+00:00,0.5376062387614206,0.5335922997762594,0.5340237664184728
te:2811823,2025-02-04,2025,2025-02-04,hsu-b2ce0,bouzige,2025-02-04T00:05:00+00:00,2025-02-03T12:22:00+00:00,1.0,2025-02-06T23:00:00+00:00,2025-02-04,1.79,2.05,0.5338541666666666,0.13562417329765303,0.5990533264165756,0.2658980117114427,0.3333333333333333,0.3333333333333333,0.6462041182139131,0.5766912136307315,8.949202490171615e-12,153,179,False,False,False,0d27ba2c7ccff10be4db6b05ab29e56eb8f8a671752db6db133d9a546a3b93df,910ca6aa388896accfa6bd25b2574b2e705a2e9b8c67556780fce695877fcb09,1.78,2.09,True,2025-02-03T20:08:00+00:00,2025-02-03T21:20:00+00:00,0.5492810859040085,0.5468409834209496,0.547181895606716
te:2812219,2025-02-04,2025,2025-02-04,ymer,ajdukovic,2025-02-04T08:15:00+00:00,2025-02-03T17:15:00+00:00,1.0,2025-02-06T23:00:00+00:00,2025-02-04,1.83,2.0,0.5221932114882506,0.08883121370661551,0.6215699064930691,0.4073858088864001,0.36666666666666664,0.36666666666666664,0.700595586982813,0.7763502621522005,7.488362707697149e-11,120,147,False,False,False,25b05cb8a2d22e2f0c055ee3f31f694fb73474e43a81500d4ab86c62f2c97e66,8ac14e3f5d02f333fc77fc48bafb45d6ef7a224752641751b4bcf0849fe45f7a,1.77,2.09,True,2025-02-04T04:04:00+00:00,2025-02-04T04:04:00+00:00,0.5389122340909079,0.5391991628018004,0.5393850761710521
te:2812841,2025-02-04,2025,2025-02-04,hassan-1d510,sakamoto-9c9d5,2025-02-04T10:05:00+00:00,2025-02-03T17:47:00+00:00,1.0,2025-02-06T23:00:00+00:00,2025-02-04,1.66,2.25,0.5754475703324808,0.304112613847877,0.6377715748550532,0.261592550733997,0.2833333333333333,0.2833333333333333,0.6823256927173045,0.697902542350729,1.0386136950479852e-09,185,97,False,False,False,176bac0d80425bb9b86da3a93fc3c01875ed54cd0a658386d751e43d2682ccb5,75682716adc212bf75bd949a3674753b0122a78d2f468b1bb591e0aceaf285c0,1.65,2.29,True,2025-02-04T07:21:00+00:00,2025-02-04T07:21:00+00:00,0.5862014217252663,0.584086910161685,0.5846453119483996
te:2813897,2025-02-04,2025,2025-02-04,geerts,zhukov-827ca,2025-02-04T06:35:00+00:00,2025-02-03T14:54:00+00:00,0.0,2025-02-06T23:00:00+00:00,2025-02-04,2.01,1.82,0.47519582245430814,-0.09929822098228022,0.5655516902995711,0.3630229461141635,0.45,0.45,0.6056397870054762,0.5000000000000001,0.0060230576502431354,195,158,False,False,False,43192ec51d1212fca5b272234b0e854d7118056542a3b954a5401b27b78b97f6,8a593dcb7fc1891f715618b3f7c489d56cdf52c0ead2c795897996ce8690a4ab,1.84,2.0,True,2025-02-04T06:02:00+00:00,2025-02-04T06:02:00+00:00,0.49697516020801147,0.49595331809946047,0.49573972393029886
te:2814149,2025-02-04,2025,2025-02-04,martin-tiffon,cachin,2025-02-04T10:05:00+00:00,2025-02-03T18:14:00+00:00,1.0,2025-02-06T23:00:00+00:00,2025-02-04,1.78,2.07,0.5376623376623377,0.1509352429732842,0.6166500459510229,0.3244181434180222,0.0,0.0,0.6094831447479745,0.6516879754591036,3.3755054307249566e-11,209,97,False,False,False,5a990b3b15ff8cda8cd8286a9490ece0ba03871edee9913e466a65ab2c26c283,6857d2706bccb7120f8520ec0719d4fd496b1d3311005154c70ea867afb8a831,1.85,1.98,True,2025-02-04T04:41:00+00:00,2025-02-04T09:56:00+00:00,0.5526650367616196,0.5514303084202671,0.5534565434432388
te:2815255,2025-02-07,2025,2025-02-07,langmo,shimizu-38ca9,2025-02-07T01:05:00+00:00,2025-02-06T09:46:00+00:00,1.0,2025-02-09T23:00:00+00:00,2025-02-07,1.69,2.23,0.5688775510204082,0.27727305653704526,0.6125328460452524,0.18069842942735037,0.6833333333333333,0.15,0.672167495982174,0.7486172748919458,1.5651369089653144e-12,160,158,False,False,False,3e47fcc5928693aec395dd21c7d83a86e1c98d570c4ec7c1fdde15217b888a37,fe475d02f072b1f6f21da75a3e09e24617791456180fa32c50b4d622e679a81c,1.65,2.33,True,2025-02-07T00:55:00+00:00,2025-02-07T00:55:00+00:00,0.5803735980069614,0.5765997737506494,0.5779138260183592
te:2815259,2025-02-07,2025,2025-02-07,kubler-21879,mccabe-b71c6,2025-02-07T01:15:00+00:00,2025-02-06T09:45:00+00:00,0.0,2025-02-09T23:00:00+00:00,2025-02-07,1.66,2.29,0.579746835443038,0.3217342151976963,0.6336899981688517,0.22634568334157257,0.8166666666666667,0.8166666666666667,0.7322496242874341,0.6872794876772285,8.653137151259926e-09,29,212,False,False,False,930b030392818b80ea3380874e289f26eced47803eb04830199d7d0a2d67e7ee,9c93659b58d58aea37e77bfe8a51f959c5143b1baa42ba1ee623f896aab1e440,1.63,2.37,True,2025-02-06T21:53:00+00:00,2025-02-06T21:34:00+00:00,0.5900147205599223,0.5872543391971469,0.5851621030541859
te:2815867,2025-02-07,2025,2025-02-07,svrcina,ovcharenko-bb3a3,2025-02-07T05:40:00+00:00,2025-02-06T11:19:00+00:00,0.0,2025-02-09T23:00:00+00:00,2025-02-07,2.12,1.77,0.45501285347043696,-0.18043654209818355,0.5735696371488715,0.4768668183881835,0.6166666666666667,0.6166666666666667,0.59644681882149,0.5000000000000001,0.01307463339308465,178,197,False,False,False,af60ea28462b5577d4a76a2dd4c1d6b3098e65704acefcacd4620d297d68e1f5,9f0002652cccd2b7bedce3004c50e1acfeddd32aeed22167acf79f9a5df7f790,2.19,1.74,True,2025-02-07T01:05:00+00:00,2025-02-07T01:05:00+00:00,0.47886666461434346,0.4799608323835786,0.47891410726878125
te:2816045,2025-02-07,2025,2025-02-07,moro-canas,hassan-1d510,2025-02-07T13:10:00+00:00,2025-02-06T23:27:00+00:00,1.0,2025-02-09T23:00:00+00:00,2025-02-07,1.7,2.21,0.5652173913043478,0.2623642644674909,0.6436368489026928,0.3288201050980109,0.75,0.75,0.7255169465139213,0.7025928279506426,2.0505153131011866e-11,150,188,False,False,False,5325c896e9e5d5ad6cee1586cbe74cfe24056c248712d6517f38534e18805fbc,209e4a8da77cd66748f82f9f2a52aee30f8c383d2ccd9ccb90b1c4b5e8f494dd,1.67,2.3,True,2025-02-07T09:02:00+00:00,2025-02-07T09:02:00+00:00,0.5771265468639994,0.5762346644791104,0.5744736437467025
te:2816723,2025-02-11,2025,2025-02-11,schoolkate,kirkin,2025-02-11T04:40:00+00:00,2025-02-09T11:46:00+00:00,0.0,2025-02-13T23:00:00+00:00,2025-02-11,2.04,1.79,0.46736292428198434,-0.13073418800346137,0.6004631269708468,0.5381293648670638,1.2,0.6,0.8374789362742334,0.7290122981469094,4.723976765319549e-10,185,180,False,False,False,af69aa72019c4325cba31314fc159f089a1cd894c374c84e6cc8fe907793f3d6,bfd806a01e077eb832332885af030dff528a63eb47c2ee2dad7b2f4686c5eaed,2.14,1.74,True,2025-02-11T00:49:00+00:00,2025-02-11T00:49:00+00:00,0.4899557114611233,0.49239686223652657,0.4915302659525301
te:2816919,2025-02-11,2025,2025-02-11,evans-cf2af,paire-4a33b,2025-02-11T12:35:00+00:00,2025-02-10T17:27:00+00:00,1.0,2025-02-13T23:00:00+00:00,2025-02-11,1.89,1.93,0.5052356020942408,0.020943173845242972,0.6095197723988092,0.42435088045476993,0.5166666666666667,0.5166666666666667,0.7974015140171387,0.7052126343015827,1.8318679906315083e-14,121,106,False,False,False,149972a59e9f17ff065f32c80e098bc6fa76e8a63d1ba08b2a371b9bef1fda3c,0f35a3fdab797f4768eb621790af37baf933463e667e823de6669af66e321170,1.88,1.96,True,2025-02-11T08:33:00+00:00,2025-02-11T08:33:00+00:00,0.523811254530109,0.5242912287218429,0.5237234061100563
te:2816973,2025-02-11,2025,2025-02-11,moro-canas,martin-tiffon,2025-02-11T10:10:00+00:00,2025-02-10T17:55:00+00:00,0.0,2025-02-13T23:00:00+00:00,2025-02-11,1.79,2.04,0.5326370757180157,0.13073418800346137,0.6145677831506212,0.3358196953396084,2.35,0.21666666666666667,0.6443767931965796,0.6003211273541412,5.957143112134133e-10,158,214,False,False,False,f9ced52be8acdb95c81898a90e2325a229fb1be9fd64351e68630f68898db16c,37b24dd86e93aa64ea2474e4f53291255b7a0967128b06bff0a652d6edd51922,1.83,2.01,True,2025-02-11T00:36:00+00:00,2025-02-11T06:34:00+00:00,0.5481993573501893,0.5471462106768464,0.5484372773162863
te:2816979,2025-02-11,2025,2025-02-11,ruusuvuori,choinski,2025-02-11T10:10:00+00:00,2025-02-09T18:54:00+00:00,0.0,2025-02-13T23:00:00+00:00,2025-02-11,1.96,1.86,0.486910994764398,-0.0523679855173157,0.6016675993011597,0.46478628334707883,0.6833333333333333,0.016666666666666666,0.8191171561402978,0.715731827347093,4.9548309899449805e-11,62,163,False,False,False,07e3ccceb6aabc901f733190d8a97893ec79fa1cbd9a6ec4e08bc0cef920e8dd,e6f6dd2360a5f53bbf496a217d52ed04fbd9c011011ffff3459d2bc652d5e104,1.93,1.9,True,2025-02-11T07:53:00+00:00,2025-02-11T07:53:00+00:00,0.5074557520904215,0.5085905433995609,0.5107017119213726
te:2818741,2025-02-11,2025,2025-02-11,harris-5a94c,vanshelboim,2025-02-11T11:30:00+00:00,2025-02-10T17:50:00+00:00,0.0,2025-02-13T23:00:00+00:00,2025-02-11,2.14,1.72,0.4455958549222798,-0.21848153820839833,0.5581992549332041,0.45233854712381516,1.6166666666666667,0.38333333333333336,0.7338994083767393,0.6114301513156455,1.2153450468233018e-10,193,161,False,False,False,94e4ec94e85c0691fe138831022491964edf580900694f9517957cf9bbf49472,0f6dc5fd4587e884f6c1cabacc2699ff491548d800e1733b410ef427960a434e,2.01,1.83,True,2025-02-11T09:58:00+00:00,2025-02-11T09:58:00+00:00,0.47039195347404095,0.47090726090018903,0.4712622229335025
te:2818761,2025-02-11,2025,2025-02-11,jianu-c67fb,bar-biryukov,2025-02-11T11:00:00+00:00,2025-02-10T17:48:00+00:00,1.0,2025-02-13T23:00:00+00:00,2025-02-11,1.76,2.08,0.5416666666666667,0.16705408466316649,0.6140408798724342,0.2972759634133696,0.35,0.35,0.5127844044034371,0.5000000062123345,0.0019290777809777837,226,158,False,False,False,72a69c1c4413291a1e28e44a84314b1a87f85f3574728512aa30c24d609cfe22,474ca8554740340d6719f2b38cb8815b24e7ec2ebaa6a0d12be2d4fe70fb0e8e,1.75,2.12,True,2025-02-11T06:34:00+00:00,2025-02-11T06:34:00+00:00,0.5562222462194276,0.5544834981471147,0.5547360803880506
te:2818887,2025-02-11,2025,2025-02-11,rodesch,monday,2025-02-11T14:20:00+00:00,2025-02-10T18:48:00+00:00,1.0,2025-02-13T23:00:00+00:00,2025-02-11,1.67,2.23,0.5717948717948719,0.28917795904336396,0.61926023681773,0.1972315346988312,1.2166666666666666,1.2166666666666666,0.617557490848532,0.6558519008595625,1.5375421197338923e-07,152,108,False,False,False,6a77fb9db48e4a0b56ba56fa47d5af5879aebf24bd7efa2f307e03318e3099c5,c41d52e217f7bdb88066f7c5ccbd017befa4e9928aa935e476761c0b06345030,1.68,2.24,True,2025-02-11T14:00:00+00:00,2025-02-11T14:00:00+00:00,0.5829614452350523,0.5795448395004665,0.5754476050843488
te:2818889,2025-02-11,2025,2025-02-11,paul-b9a07,buse,2025-02-11T12:45:00+00:00,2025-02-10T19:25:00+00:00,0.0,2025-02-13T23:00:00+00:00,2025-02-11,1.86,1.96,0.5130890052356021,0.052367985517315925,0.6147197053275251,0.41482730719535676,1.55,0.45,0.5000000003989508,0.5036626130937142,0.004965563071449269,182,184,False,False,False,0f4a6e0b652c40d1167f5a5ef995a943a76876b7b937fb1dea435ef895642e64,fea5ea2f60271cf5c32a5780643a7305ba9530cc8c5cb68e79f8ed046b0b43ce,1.81,2.03,True,2025-02-11T12:30:00+00:00,2025-02-11T12:30:00+00:00,0.530808472818709,0.5311654165124833,0.5311171291643635
te:2820977,2025-02-14,2025,2025-02-14,kopriva,mochizuki-f2487,2025-02-14T05:05:00+00:00,2025-02-13T11:09:00+00:00,0.0,2025-02-16T23:00:00+00:00,2025-02-14,1.87,1.99,0.5155440414507771,0.06219620786990554,0.613127510453254,0.398281562599901,0.8333333333333334,0.8333333333333334,0.5562613741252423,0.5317519545531777,1.2382734990157296e-08,181,151,False,False,False,2f46159746741b531eabe6bedd5366cdafb8ced51d83567ce117aa3bebb7fb25,26e19f9a2e41aba016cead8cbacf4e174dd4f854c678fba00a02fa7694c0bbaa,1.83,2.05,True,2025-02-13T19:51:00+00:00,2025-02-14T01:32:00+00:00,0.5329945235191934,0.5330404921613761,0.5308539846722387
te:2822051,2025-02-18,2025,2025-02-18,jacquet-d2059,noguchi-08bde,2025-02-18T11:20:00+00:00,2025-02-17T22:52:00+00:00,0.0,2025-02-20T23:00:00+00:00,2025-02-18,2.1,1.75,0.4545454545454546,-0.18232155679395445,0.548296127005016,0.37611025864921566,1.4333333333333333,0.5,0.7376894576366916,0.6070651670130374,3.3477765004619187e-10,104,165,False,False,False,967ead3731b4a3fb21d32787a724306d2aa1ba0a0b7d62d7454865f297058f10,3098eeb39029062d7aa0496fd6bafba3b763e7f003bf5593b541def92ec521b6,2.04,1.81,True,2025-02-18T11:02:00+00:00,2025-02-18T11:02:00+00:00,0.47844644130295194,0.4775071039618437,0.4772080602827425
te:2822053,2025-02-18,2025,2025-02-18,tomic-4ca3d,mejia-a7d27,2025-02-18T05:35:00+00:00,2025-02-17T13:45:00+00:00,0.0,2025-02-20T23:00:00+00:00,2025-02-18,1.74,2.12,0.5492227979274612,0.1975309754574837,0.6298233334586366,0.3339280126995072,0.23333333333333334,0.23333333333333334,0.6761801608019113,0.653493025455519,7.45112305189366e-12,163,173,False,False,False,a9f09de2ab43c56f50aeca2f42b3f2fb013aa4dc105a9e88f32bdc01dd9fd6c1,a0b64e050bca8f88661e3f3e341945ea791bc11e10d1ea6bbe6e903b7522b713,1.68,2.24,True,2025-02-18T02:01:00+00:00,2025-02-18T02:01:00+00:00,0.562932067891491,0.5619934775454357,0.5628296579481892
te:2822685,2025-02-18,2025,2025-02-18,fery,sun-2f389,2025-02-18T11:45:00+00:00,2025-02-17T17:28:00+00:00,1.0,2025-02-20T23:00:00+00:00,2025-02-18,2.06,1.78,0.46354166666666663,-0.14609261849749608,0.5437308975653207,0.32146429699870366,1.2833333333333334,0.7166666666666667,0.6276716250164154,0.5000000000000001,0.005045507049627321,73,189,False,False,False,8eed557910f60fa356ee65c681a009a574a1fe210c9ac1b847f601bf3f645d84,fd593538801a4a7c56aa3e60cff8e92809f1d4ac4645affc280cab15447658ff,2.19,1.7,True,2025-02-18T11:38:00+00:00,2025-02-18T10:19:00+00:00,0.4865275411472268,0.4845654004284952,0.48309000042584904
te:2822709,2025-02-18,2025,2025-02-18,budkov-kjaer,grenier-baaf0,2025-02-18T14:40:00+00:00,2025-02-17T22:49:00+00:00,1.0,2025-02-20T23:00:00+00:00,2025-02-18,1.73,2.13,0.5518134715025906,0.208000571211646,0.6087142267877443,0.23391016562304706,1.8,1.1,0.5470244005204049,0.5904689341836036,1.6191560348044476e-07,107,189,False,False,False,353637e3e17446a705c7d6302466c28fc730f256fc3a201b655d71db05bd4921,f3571b43be716480763261059e987d3c03b79ded7d28b4db21aec26ac868a2bf,1.7,2.19,True,2025-02-18T13:46:00+00:00,2025-02-18T13:46:00+00:00,0.5652318867449553,0.5623314018415742,0.5589120541776736
te:2824515,2025-02-18,2025,2025-02-18,bertrand-5e35a,delage,2025-02-18T12:40:00+00:00,2025-02-17T22:58:00+00:00,0.0,2025-02-20T23:00:00+00:00,2025-02-18,1.85,1.97,0.5157068062827225,0.06284790365966353,0.574370172320052,0.236856164907717,0.5333333333333333,0.5333333333333333,0.5954850372783635,0.5000000000000001,0.02474864121840452,228,105,False,False,False,9a2745e5e3db945b7722c077a85d0a766ea85886a15bb1644de5ca66571f543f,d45cdf2e1841ff33b8c67e6f60a34753c28109108bc8ef60469a120d3811cc12,1.75,2.13,True,2025-02-18T10:55:00+00:00,2025-02-18T10:55:00+00:00,0.5331394336601993,0.5299426464020751,0.5292756341028624
te:2824517,2025-02-18,2025,2025-02-18,cachin,barrere-ea847,2025-02-18T16:10:00+00:00,2025-02-17T22:59:00+00:00,0.0,2025-02-20T23:00:00+00:00,2025-02-18,1.79,2.05,0.5338541666666666,0.13562417329765303,0.6276401488770892,0.3864820891666872,0.8166666666666667,0.8166666666666667,0.7137169818903476,0.7874864684640669,3.1837661396139083e-09,106,141,False,False,False,7c388232c0597af15a4d87c8617eb84c76cccab98b4b50209c4c5cf151d33d75,7217182aff203a16c533b3f023c835bba9ef9a86ceafb7153e53740cde5cf6c4,1.85,1.99,True,2025-02-18T15:55:00+00:00,2025-02-18T15:55:00+00:00,0.5492810859040085,0.5492516108708286,0.5471497790638671
te:2825997,2025-02-21,2025,2025-02-21,rehberg-2d8d7,monday,2025-02-21T12:20:00+00:00,2025-02-20T19:19:00+00:00,,,,1.68,2.26,0.5736040609137056,0.2965710198690272,0.6128049511460372,0.1625471098011692,0.38333333333333336,0.38333333333333336,0.6381583855196633,0.7012069012707361,1.1909401298471067e-08,173,112,False,False,False,a504a27dc6f0b0df742babe12fa3dd03ce39b762fa555fdbb05e138f43881b56,c875f0d9c46da7a7e5b95648c818d21c79355eda963e95b4e2e2e6fe22724f31,1.66,2.32,True,2025-02-21T09:03:00+00:00,2025-02-21T09:03:00+00:00,0.5845662357387876,0.5804876674539878,0.5805460019498035
te:2825999,2025-02-21,2025,2025-02-21,durasovic,martineau-40903,2025-02-21T12:45:00+00:00,2025-02-20T12:23:00+00:00,1.0,2025-02-23T23:00:00+00:00,2025-02-21,1.62,2.37,0.5939849624060151,0.3804638059027472,0.6464870070460397,0.2231690548955929,0.75,0.016666666666666666,0.7358415666156648,0.7938843950623639,7.265826634794692e-09,182,154,False,False,False,84d2c9a256b22acbbd3139e13d0b104a1955600827de47cd6ae5938cbd0749fd,162665bdb04dc61f5c67b90a4162f688a912225074a890e5ddb4b52c671643b1,1.6,2.45,True,2025-02-21T11:14:00+00:00,2025-02-21T11:14:00+00:00,0.6026434669698305,0.5999734311811612,0.6019383631849036
te:2826003,2025-02-21,2025,2025-02-21,hemery,agamenone,2025-02-21T17:05:00+00:00,2025-02-21T02:02:00+00:00,0.0,2025-02-23T23:00:00+00:00,2025-02-21,1.75,2.08,0.5430809399477807,0.17275210577780412,0.6239295918364972,0.3335090410163566,0.5,0.5,0.7150429877450332,0.6628743609183586,2.191472003865158e-11,187,144,False,False,False,4ce612e8689738131eff90c201cc487c08a6c265d879f53d5da6ee7c9c7a1062,44121a088755ecf7176f63203ad490e1110747479ec1d4f4e38cf5365c825674,1.78,2.12,True,2025-02-21T16:01:00+00:00,2025-02-21T16:01:00+00:00,0.5574783636016782,0.5564749214352716,0.5559709612485312
te:2826323,2025-02-21,2025,2025-02-21,rincon-d1dab,yevseyev,2025-02-21T14:50:00+00:00,2025-02-20T19:59:00+00:00,0.0,2025-02-23T23:00:00+00:00,2025-02-21,1.82,2.04,0.5284974093264249,0.114113306767421,0.6039344409978569,0.3077725932942698,1.15,1.15,0.5806647731777996,0.528732385805965,4.9379461894427656e-08,147,168,False,False,False,be9984cf4a24666395da3549c7db15306ce448be2233098add792eb9a11f4796,5a5adb3f03f1e025098b16435f1dde0eb2ca58aaf41e517ef145605e08d78373,1.81,2.07,True,2025-02-21T06:26:00+00:00,2025-02-21T11:02:00+00:00,0.544519255409337,0.5428665382928168,0.5390658177051437
te:2826389,2025-02-21,2025,2025-02-21,zahraj-42755,fery,2025-02-21T19:20:00+00:00,2025-02-20T19:48:00+00:00,1.0,2025-02-23T23:00:00+00:00,2025-02-21,1.9,1.95,0.5064935064935064,0.025975486403260445,0.5926051818617846,0.34877010861516766,2.066666666666667,0.4666666666666667,0.5635872939334577,0.6408685522125653,8.130762729763319e-10,202,77,False,False,False,5ac7b0e947e42fb8cab9f18368c5b2ca16ca6192c7259ec1f079636c66c4fe4c,5b55f0fe5203de62a6626072835294bc8ea0ea781e519fd823e2fb1bff389e8e,1.86,2.02,True,2025-02-21T17:37:00+00:00,2025-02-21T19:07:00+00:00,0.5249324771214089,0.5239021011954582,0.5238532708831108
te:2827787,2025-02-25,2025,2025-02-25,gaubas,stricker,2025-02-25T17:05:00+00:00,2025-02-25T09:00:00+00:00,1.0,2025-02-27T23:00:00+00:00,2025-02-25,1.63,2.31,0.5862944162436549,0.34866750971503135,0.5618391442828111,-0.10003801437984211,0.43333333333333335,0.43333333333333335,0.6302980618218669,0.7518326597325274,3.497202527569243e-13,186,81,False,False,False,ad37fdfc7cc00a9d102301138677f7a35fec9e0102a851995c8eba2a44c66959,20a4a817114f425fcecc1d7277da4950a8cde154e9eca94a56d3072f3aea71f9,1.89,1.94,True,2025-02-25T16:02:00+00:00,2025-02-25T16:02:00+00:00,0.5958220652090273,0.5867588025961571,0.5865494701203553
te:2828269,2025-02-25,2025,2025-02-25,cazaux,tu-41622,2025-02-25T21:25:00+00:00,2025-02-25T09:13:00+00:00,0.0,2025-02-27T23:00:00+00:00,2025-02-25,1.78,2.06,0.5364583333333334,0.14609261849749608,0.5935199043379206,0.23244316957814873,0.0,0.0,0.7102297010790755,0.622855581319087,2.3605006838067766e-12,126,160,False,False,False,91fbf09c182e7e0b4b7516301d817bb68b57018f5e7525f4f556127e780553b6,5a839c1e8e7e53916e17fcb806f81e1d2ac922a03189ab18da5b254f37a7f66e,1.77,2.09,True,2025-02-25T19:29:00+00:00,2025-02-25T19:29:00+00:00,0.5515952643187109,0.5485117046410792,0.5505367638326618
te:2828287,2025-02-25,2025,2025-02-25,bolt-fa7eb,boyer-64ede,2025-02-25T00:15:00+00:00,2025-02-24T10:06:00+00:00,1.0,2025-02-27T23:00:00+00:00,2025-02-25,1.93,1.88,0.4934383202099738,-0.026248226074936154,0.6179734207926216,0.5072034889185892,0.0,0.0,0.7432579420141369,0.8413709586827499,4.418235222125588e-11,145,171,False,False,False,234a41156f9b6ff66ce09bd0ab35f4c3e41b4ba6690f9ba6ab3653a259c20bae,e760787ae7375b35eb5beb234d5ce3e9fe4d4e632cd6e6154aeb9a8183f93ec6,2.06,1.79,True,2025-02-24T23:42:00+00:00,2025-02-24T23:42:00+00:00,0.5132866421508997,0.5153336036569144,0.5174147031617553
te:2829491,2025-02-25,2025,2025-02-25,tomic-4ca3d,simakin,2025-02-25T07:15:00+00:00,2025-02-24T15:22:00+00:00,1.0,2025-02-27T23:00:00+00:00,2025-02-25,1.79,2.05,0.5338541666666666,0.13562417329765303,0.6221964727280989,0.36325745074667026,1.9166666666666667,0.45,0.6710257260997814,0.7313082657930987,2.045363878266926e-12,162,188,False,False,False,ce4b48f2d28fd53dba2afd3ddbd19ab71d51fc4b79db903b67c264035af490a3,64a5055bf13ad6bed487e4fff222f1c5773de9e41709d12292a58e026087249d,1.85,2.0,True,2025-02-25T06:30:00+00:00,2025-02-25T07:09:00+00:00,0.5492810859040085,0.5487874972979085,0.5487860385227794
te:2831175,2025-02-28,2025,2025-02-28,cazaux,lestienne,2025-02-28T01:10:00+00:00,2025-02-27T10:15:00+00:00,1.0,2025-03-02T23:00:00+00:00,2025-02-28,1.85,1.97,0.5157068062827225,0.06284790365966353,0.6244260644991217,0.4455296767564225,0.0,0.0,0.7705626872882768,0.6994712399721209,1.7451570744064782e-10,124,145,False,False,False,42e5acefea9046c7d9513adf2a6dfe3a05eb60a7c581e3b8d4fd8f7503ea65f5,623d3267a338ac66aaa2b26121279151a56c0a869acbcd59ab73a4ef694a5f56,1.88,1.95,True,2025-02-27T17:32:00+00:00,2025-02-27T20:34:00+00:00,0.5331394336601993,0.5341358663548236,0.5361930293835073
te:2832065,2025-02-28,2025,2025-02-28,royer,cecchinato,2025-02-28T12:05:00+00:00,2025-02-27T14:44:00+00:00,1.0,2025-03-02T23:00:00+00:00,2025-02-28,1.71,2.19,0.5615384615384615,0.24740817331384102,0.6263932653180354,0.2693664872540983,0.31666666666666665,0.31666666666666665,0.7840669715256322,0.7103114356719038,1.7912763550231858e-08,191,115,False,False,False,ca44b9337d486919b0ac451ba25409ccf0a7c8d59ffc502f7ed29443228ee462,32baa9d288c156f507967c880a4a8921f9863f1a2464d19dc47e8e7f1299e46e,1.75,2.17,True,2025-02-28T11:48:00+00:00,2025-02-28T11:48:00+00:00,0.57386248508166,0.5717619736772976,0.5721664115959925
te:2832127,2025-02-28,2025,2025-02-28,holt-669c7,bar-biryukov,2025-02-28T13:15:00+00:00,2025-02-27T17:02:00+00:00,0.0,2025-03-02T23:00:00+00:00,2025-02-28,1.81,2.05,0.5310880829015544,0.12451294787258244,0.5552920963616238,0.0975636568517822,2.4,0.6333333333333333,0.7926077962970782,0.6616160618917751,2.950117927724705e-11,172,173,False,False,False,2d55a63b3020db873bb826d87e54c667e70bebf7de72d1b1a6da7741050ad8c9,8315406c5b59f6182c4c6b1d06c0766be7b9d9ba31a4868eb28943dc5a1c536c,1.85,2.03,True,2025-02-28T13:06:00+00:00,2025-02-28T13:06:00+00:00,0.5468224806069586,0.5409839290959072,0.5400904543506763
te:2832183,2025-02-28,2025,2025-02-28,cassone,van-assche,2025-02-28T15:10:00+00:00,2025-02-27T16:44:00+00:00,1.0,2025-03-02T23:00:00+00:00,2025-02-28,1.65,2.33,0.5854271356783919,0.34509297966511965,0.634921468922976,0.20829585651629579,1.1333333333333333,1.1333333333333333,0.6717091452928651,0.6856581563071956,7.338823271307859e-09,148,146,False,False,False,07446f311c0082e9b2ac83a211617958b688690540b81e3870a24b9950869da0,a3b133f74136c595a8e7a0071f48ebf87b7590049a6809d9eb198863b4f5b657,1.64,2.36,True,2025-02-28T14:15:00+00:00,2025-02-28T14:15:00+00:00,0.5950528317384436,0.592000931970989,0.5883441969627593
te:2832239,2025-02-28,2025,2025-02-28,spizzirri,daniel-2dd17,2025-02-28T18:05:00+00:00,2025-02-28T03:26:00+00:00,1.0,2025-03-02T23:00:00+00:00,2025-02-28,1.78,2.1,0.5412371134020618,0.16532398042538338,0.6447017895926808,0.4305064215760827,0.6,0.06666666666666667,0.7180938871555811,0.7046115995630934,1.0764722446765518e-12,148,136,False,False,False,baea19d7f5529901c408b22748e135085480b232524e546eed9874614bce8bc9,850315366e4f5ef7609b247eb69a84a559b751d362594db209dfbbf8e40be1d5,1.79,2.11,True,2025-02-28T14:31:00+00:00,2025-02-28T14:31:00+00:00,0.5558407051403089,0.5567531175678737,0.5585296534453214
te:2832895,2025-03-04,2025,2025-03-04,blancaneaux,picchione,2025-03-04T09:30:00+00:00,2025-03-03T15:33:00+00:00,0.0,2025-03-06T23:00:00+00:00,2025-03-04,2.03,1.81,0.47135416666666663,-0.11470894777596173,0.5587483591311608,0.35079283009790246,0.6,0.06666666666666667,0.612911443669591,0.5000000000000001,0.02210636900464244,142,171,False,False,False,a38cf595a6c13590e4551e4e7758cef3d197d9782edc1710188fd4ab1656458d,0ade64884081ff18ffca57b36555434b2024b20e7cdc93b86233b5d3d4d3c110,2.06,1.79,True,2025-03-04T08:06:00+00:00,2025-03-04T08:06:00+00:00,0.4935337234814387,0.4922312884902364,0.494068559776182
te:2832899,2025-03-04,2025,2025-03-04,neumayer,chazal,2025-03-04T08:10:00+00:00,2025-03-03T14:38:00+00:00,0.0,2025-03-06T23:00:00+00:00,2025-03-04,1.9,1.92,0.5026178010471204,0.010471299867295303,0.5695075361583327,0.26937089775034384,1.8666666666666667,1.2333333333333334,0.6011985845638683,0.5000000000000001,0.011188597260255867,182,189,False,False,False,9785b2c3d515121519c134001deb12ed6c78e6e0f186e012cf38225ccb316353,a61d0f8853c1b66df2dccede231f5c1abc217873f5205b838178d448c8caac42,2.01,1.83,True,2025-03-04T07:30:00+00:00,2025-03-04T07:30:00+00:00,0.5214773158542688,0.5188124909168641,0.5146844084087303
te:2833423,2025-03-04,2025,2025-03-04,martineau-40903,added,2025-03-04T12:45:00+00:00,2025-03-02T16:09:00+00:00,1.0,2025-03-06T23:00:00+00:00,2025-03-04,1.74,2.12,0.5492227979274612,0.1975309754574837,0.6037670367755786,0.22365511812305408,0.0,0.0,0.8072694387316258,0.7082036586744932,1.3208600879721644e-12,159,171,False,False,False,3621405abcddf9506f4a797b8a5cf0f6ef2d79f276387ae944d4f7821e056a99,dcd3be74f530f4116d4111abb563b84877c9fab54f550cef36755029b871bd2b,1.64,2.32,True,2025-03-04T04:11:00+00:00,2025-03-04T04:11:00+00:00,0.562932067891491,0.5598014436517659,0.5618085040451192
te:2833427,2025-03-04,2025,2025-03-04,gueymard-wayenburg,yevseyev,2025-03-04T16:10:00+00:00,2025-03-02T16:04:00+00:00,1.0,2025-03-06T23:00:00+00:00,2025-03-04,1.85,1.98,0.5169712793733681,0.06791120561621009,0.6135177724808158,0.39421214327659815,0.0,0.0,0.5909929426286726,0.5595177126793544,1.2734262533342644e-09,189,175,False,False,False,c36943e67464ba7a089acc25b2995b68b28193edb596e498491153130aac4d75,744fe18ccf9f176b27b2f1e93b0e3c245bb357902f15a84d93f8dc9497ae6f30,1.84,2.0,True,2025-03-04T08:10:00+00:00,2025-03-04T08:10:00+00:00,0.5342651098742945,0.5342418985714804,0.5362958444924468
te:2834987,2025-03-04,2025,2025-03-04,butvilas,smith-8b3b8,2025-03-04T10:15:00+00:00,2025-03-03T18:18:00+00:00,0.0,2025-03-06T23:00:00+00:00,2025-03-04,1.82,2.01,0.5248041775456919,0.09929822098228022,0.5744931517602943,0.2009089134335517,0.9666666666666667,0.9666666666666667,0.7145101839542246,0.6081352377111527,2.7919036527102037e-10,217,144,False,False,False,db9858087673b07a98291ac047c64c29f46c764bf6eb9b86b7c3ffe60f5811e9,a380157be40c7954ad97ec035b393a33c7403c6f463e5c17207486e4a87d5e13,1.84,2.0,True,2025-03-04T10:07:00+00:00,2025-03-04T10:07:00+00:00,0.541234866663684,0.5374043153197257,0.5345273207134642
te:2835389,2025-03-04,2025,2025-03-04,rodionov-f5e38,sachko,2025-03-04T14:40:00+00:00,2025-03-04T08:36:00+00:00,0.0,2025-03-06T23:00:00+00:00,2025-03-04,1.73,2.13,0.5518134715025906,0.208000571211646,0.6239226083406124,0.2982308132794747,1.35,0.6166666666666667,0.6203383151083492,0.636162535598201,8.046861371679981e-09,158,170,False,False,False,0baf5531f239157b78e3b2bf8f1ff5ab3f80de9de04590c072ec460877c74127,54f713da098143bed428d781c517e6de9ff05c8c69d24d49ae5a69909872b496,1.68,2.21,True,2025-03-04T09:46:00+00:00,2025-03-04T11:28:00+00:00,0.5652318867449553,0.5636086534736853,0.562633931584782
te:2837253,2025-03-07,2025,2025-03-07,coria-df292,galan-e4b30,2025-03-07T17:25:00+00:00,2025-03-06T18:49:00+00:00,0.0,2025-03-09T23:00:00+00:00,2025-03-07,1.74,2.15,0.5526992287917738,0.21158272891313384,0.6346805975115068,0.3407671011514897,0.85,0.85,0.6872428098327791,0.671063194994376,1.1869815019771579e-08,201,162,False,False,False,70d3f0ce90d0d332a22700dd8703d510db0830f3785efcd5da4363319a057f44,8feae5d62fa8817fec1264770a3352983bdb55cf05719e81ff9123a20fb4f7dd,1.75,2.16,True,2025-03-07T12:51:00+00:00,2025-03-07T12:51:00+00:00,0.5660181274403362,0.5652472001821667,0.5629798590754008
te:2837489,2025-03-07,2025,2025-03-07,piros,novak-77d05,2025-03-07T09:10:00+00:00,2025-03-06T14:27:00+00:00,1.0,2025-03-09T23:00:00+00:00,2025-03-07,1.89,1.96,0.5090909090909091,0.03636764417087508,0.610975515878327,0.4150469591610239,0.0,0.0,0.6553337020429656,0.601842674035746,7.28861221377386e-10,156,132,False,False,False,15dcb3524b3f1cbb987ddc0c19aeb924dce30233651dac51a7a216661b5089bb,d5d9e9d246a2f168b53c7212f9711170d677f70580c8d39ee0d1f34c68b5e938,1.92,1.95,True,2025-03-07T05:35:00+00:00,2025-03-07T05:35:00+00:00,0.5272470900922868,0.5275735244596769,0.5296365643622565
te:2837539,2025-03-07,2025,2025-03-07,rodionov-f5e38,choinski,2025-03-07T19:15:00+00:00,2025-03-06T18:23:00+00:00,0.0,2025-03-09T23:00:00+00:00,2025-03-07,1.74,2.16,0.5538461538461539,0.2162231084696361,0.6320455649816932,0.3247792669505871,0.26666666666666666,0.26666666666666666,0.7295912120876412,0.6833771695265789,2.1075440226336895e-08,156,162,False,False,False,3200b917b84b0e6d9a38d3395bd007060f815e4af1aebbe14f5da96a5e312766,03476fb401bbcc167aa1ce2d61ea4b516c768151a46140b733e5128f8cf4fe26,1.77,2.14,True,2025-03-07T16:41:00+00:00,2025-03-07T17:54:00+00:00,0.5670361407868126,0.5659587480763407,0.5666226891996335
te:2837553,2025-03-07,2025,2025-03-07,cerundolo-08df6,varillas,2025-03-07T13:05:00+00:00,2025-03-06T18:53:00+00:00,0.0,2025-03-09T23:00:00+00:00,2025-03-07,1.81,2.06,0.5322997416020672,0.12937913752375527,0.6177986175871031,0.3508357565321457,0.0,0.0,0.6941747404813766,0.6402152630209594,6.11927800098222e-09,171,138,False,False,False,c405e4d6b247c61a162db7843aa645d37dbb9d595dbc00cd22f5ebfcd1d1fb70,715ba8afc27515a6b2e2a7fc2774ad73ebd8eb70b76139ca08d3e350a4890533,1.83,2.05,True,2025-03-07T10:41:00+00:00,2025-03-07T10:41:00+00:00,0.5478995214533501,0.5471435993365629,0.5491777271038923
te:2837633,2025-03-07,2025,2025-03-07,bouquier,van-assche,2025-03-07T17:50:00+00:00,2025-03-07T10:48:00+00:00,,,,1.7,2.16,0.5595854922279793,0.2394799706339032,0.6121399269137344,0.2168362862897671,1.1833333333333333,0.55,0.6305084815151382,0.6918976807618478,4.951280263565394e-08,144,154,False,False,False,5c47e7c3dbbcc6662cf4a47fc64b442755c1fd15164ef98c53028c1f50444f08,597e819025af531d013f90a9a133294990fa145de7b2576dd8de40d8b99e3539,1.71,2.23,True,2025-03-07T15:52:00+00:00,2025-03-07T16:31:00+00:00,0.5721295779670885,0.5689702996215956,0.5683081056540209
te:2838689,2025-03-11,2025,2025-03-11,cina,dellavedova,2025-03-11T08:10:00+00:00,2025-03-10T16:58:00+00:00,1.0,2025-03-13T23:00:00+00:00,2025-03-11,2.02,1.81,0.47258485639686687,-0.10977066613537889,0.5618437094250108,0.35841870571904955,0.2833333333333333,0.2833333333333333,0.6096560585585177,0.5000000000000001,0.00626130260829999,118,213,False,False,False,054575042aaf336096835ef2c57c8fd3e8a8e5453e1328bc487fb65276daf52f,e7d71dbdddb5d81d0156147af9a92efb1b913ef12e69848e329b8e34f4f59759,1.98,1.85,True,2025-03-11T07:48:00+00:00,2025-03-11T07:48:00+00:00,0.4946364616434355,0.4934986998304939,0.49413844985053396
te:2838789,2025-03-11,2025,2025-03-11,sels,escoffier,2025-03-11T09:40:00+00:00,2025-03-10T18:37:00+00:00,0.0,2025-03-13T23:00:00+00:00,2025-03-11,1.95,1.87,0.4895287958115184,-0.041890941709159774,0.5793208591798833,0.36187701943409856,0.5166666666666667,0.5166666666666667,0.5000000000000001,0.5893272008674718,0.0029313614661042875,156,195,False,False,False,ded3e257560ec2cf6cefc5ecd28a086725a6e5fe32833aff4095bf958524d28a,b61f702a7be00fc85c674ecc779f4bd3856661ffe99c22e9d472cc1acb10d6af,2.03,1.82,True,2025-03-11T09:00:00+00:00,2025-03-11T09:00:00+00:00,0.5097949459427119,0.5088770234189841,0.508314278201835
te:2840599,2025-03-11,2025,2025-03-11,wong-d3ead,harris-5a94c,2025-03-11T21:00:00+00:00,2025-03-11T11:15:00+00:00,1.0,2025-03-13T23:00:00+00:00,2025-03-11,1.63,2.3,0.5852417302798981,0.34432910811643264,0.6203771464906577,0.14682021666369666,0.2833333333333333,0.2833333333333333,0.6370489084474382,0.6831471488083152,7.678736202443304e-09,184,208,False,False,False,6509d68426c61d42be9c02585278b19769f2ee2e0cd987a54a5315b6ede01898,38624a31c63ce282aa7007351a06929b6f767651150ecd21bba9915f39986398,1.65,2.29,True,2025-03-11T20:48:00+00:00,2025-03-11T20:48:00+00:00,0.5948883870390282,0.5906353374370698,0.5911801599632913
te:2841685,2025-03-11,2025,2025-03-11,gobat,jubb,2025-03-11T12:45:00+00:00,2025-03-11T06:13:00+00:00,0.0,2025-03-13T23:00:00+00:00,2025-03-11,1.96,1.85,0.4855643044619423,-0.05775883415219216,0.6007254423194969,0.46624753482856607,1.5333333333333334,1.0333333333333334,0.655919944892713,0.7426104134791092,2.999323289731848e-10,106,131,False,False,False,ffe91456db07f874a6eb16dbeac6aa56afc8425eeffee9be05909b3a6006592a,a9b76388f9d7d2f3b9e93a2a7a4089b45901b95c0592b4a428e04c0bd204ca2a,1.93,1.91,True,2025-03-11T11:34:00+00:00,2025-03-11T12:34:00+00:00,0.5062520117313056,0.5074044602500413,0.5042916235298809
te:2841687,2025-03-11,2025,2025-03-11,janvier,sachko,2025-03-11T10:55:00+00:00,2025-03-11T00:10:00+00:00,1.0,2025-03-13T23:00:00+00:00,2025-03-11,1.75,2.11,0.5466321243523315,0.18707215955255221,0.6202733117581433,0.3036362942945685,0.55,0.016666666666666666,0.652713677595138,0.7074321365602463,3.737107012735663e-10,178,176,False,False,False,4173c44a456828d02b8b6d2fa752ccff7d3412ef58ded2196a65c2c84a9ba4ef,a995b1fe86b35a1cc1ef10fe0604aafc6478847928d521bc91e1a986e4f07c7d,1.85,2.0,True,2025-03-11T08:03:00+00:00,2025-03-11T08:49:00+00:00,0.5606319122424064,0.5590668812853109,0.5610842467008725
te:2841701,2025-03-11,2025,2025-03-11,samrej-f05ce,krutykh,2025-03-11T14:25:00+00:00,2025-03-10T17:49:00+00:00,0.0,2025-03-13T23:00:00+00:00,2025-03-11,1.8,2.03,0.5300261096605744,0.12024912815157689,0.622172490848171,0.378530476142164,0.0,0.0,0.6281546308794438,0.662942845548005,1.6871938512963425e-08,144,206,False,False,False,045be838da15842e0355afcac445be1de3a441f7627b37bd31ae570bd71179dd,28244db12257a2641ca362165fe334ccdcb7fc988ffc2eec54db4d764d5fc521,1.85,1.98,True,2025-03-11T12:45:00+00:00,2025-03-11T11:56:00+00:00,0.545878402365611,0.5456561191635974,0.5476940278696153
te:2843145,2025-03-14,2025,2025-03-14,negritu,novak-77d05,2025-03-14T09:10:00+00:00,2025-03-13T18:48:00+00:00,1.0,2025-03-16T23:00:00+00:00,2025-03-14,1.82,2.05,0.5297157622739017,0.11900329206161245,0.6240573959414248,0.38780256979571415,2.0833333333333335,0.08333333333333333,0.638286074905878,0.6735860135882085,2.254021413961027e-09,179,141,False,False,False,8a342d2f94c783a016e526fead95fcf47e678445114b2ff4dd2f08783bf9cc8a,d8852a9e0b2b479836d91859dda62b56177180a8a400389b6472f6f067cfc16e,1.85,2.03,True,2025-03-14T05:32:00+00:00,2025-03-14T05:32:00+00:00,0.5456024916258041,0.5455629987990253,0.5475124203790843
te:2843147,2025-03-14,2025,2025-03-14,cina,kirkin,2025-03-14T11:05:00+00:00,2025-03-13T18:49:00+00:00,1.0,2025-03-16T23:00:00+00:00,2025-03-14,2.0,1.85,0.4805194805194806,-0.07796154146971143,0.6030833872628723,0.4962908008292015,0.0,0.0,0.7150432712400108,0.6369001615603519,1.5653286666861277e-08,118,164,False,False,False,5887b2c40bdc460d950920de21bb1f359b884feabdd9d8268474be248a17cf36,a5334bea95a89ade6fa8376646fd5d64f470a5d3dd9d6b567566a2b3d0f7df8e,1.99,1.88,True,2025-03-14T08:51:00+00:00,2025-03-14T08:51:00+00:00,0.5017403514723918,0.5034545552620951,0.5055447609973934
te:2843699,2025-03-14,2025,2025-03-14,zahraj-42755,fery,2025-03-14T15:10:00+00:00,2025-03-13T18:47:00+00:00,0.0,2025-03-16T23:00:00+00:00,2025-03-14,1.87,1.99,0.5155440414507771,0.06219620786990554,0.5946781793238581,0.32114280574659565,1.3,0.13333333333333333,0.5539388106388347,0.6265794162165486,1.8802229273529036e-08,206,87,False,False,False,ad65e41d99740f84b5871d782e569178f46bb7953a5d93a7cd6882f562e86eea,2ebf09860a9205fb9e6f01b6c2dad2a34d1bc44767596393907328926dcf7700,1.93,1.94,True,2025-03-14T13:19:00+00:00,2025-03-14T13:19:00+00:00,0.5329945235191934,0.5314904988667345,0.5330598563804145
te:2843701,2025-03-14,2025,2025-03-14,karatsev,rodesch,2025-03-14T11:50:00+00:00,2025-03-14T02:37:00+00:00,0.0,2025-03-16T23:00:00+00:00,2025-03-14,1.85,2.01,0.5207253886010362,0.08294908298075078,0.6209354856666633,0.4105716926290402,1.0166666666666666,0.2833333333333333,0.7436169696244723,0.6777223885206104,1.4077627952246985e-13,107,169,False,False,False,a4d1459c3b755692d23f804df41602229fa22a5630368120e40925754c570f14,83be1af8d66d6cd1e1e73289fabee086a7738981895ebe5311784d629ac8ecef,1.81,2.07,True,2025-03-14T11:31:00+00:00,2025-03-14T11:29:00+00:00,0.5376062387614206,0.5379442822924474,0.538677335277648
te:2844035,2025-03-14,2025,2025-03-14,borges-8d823,smith-4a480,2025-03-14T18:10:00+00:00,2025-03-14T11:27:00+00:00,0.0,2025-03-16T23:00:00+00:00,2025-03-14,1.78,2.1,0.5412371134020618,0.16532398042538338,0.6369159701066249,0.39667945659960885,1.4,0.13333333333333333,0.7217031201642579,0.6875269312191108,4.388804042410044e-09,162,139,False,False,False,21ff97b7a53aac99b46abc7c0b66921343b1ed1a3fed8cdcbe5d80fd9dcf0984,f9c7f6726a1f5ac32129167e2892259963a6ba88bc8d7d43aec1b5b87537dc70,1.81,2.08,True,2025-03-14T17:51:00+00:00,2025-03-14T17:51:00+00:00,0.5558407051403089,0.556079259821103,0.5576400459032261
te:2844037,2025-03-14,2025,2025-03-14,bublik-43f80,moutet,2025-03-14T19:40:00+00:00,2025-03-14T09:59:00+00:00,1.0,2025-03-16T23:00:00+00:00,2025-03-14,1.73,2.18,0.5575447570332481,0.23120346829131025,0.6345857160675149,0.3207371676422043,0.3,0.3,0.6704137648683827,0.684379300697808,9.512876320005859e-09,103,139,False,False,False,ae7ecb9507b7dca354f738c1050ee14961f90098ac3aab1a45580d5badedfaf4,d4cc365f2090704c733717354914c2c3f4d20763b302b1a84e0c8b1a9291d8f8,1.74,2.19,True,2025-03-14T16:51:00+00:00,2025-03-14T16:24:00+00:00,0.5703186519790573,0.5691956727673281,0.5696889809013512
te:2844081,2025-03-14,2025,2025-03-14,buse,reis-da-silva,2025-03-14T20:35:00+00:00,2025-03-14T11:28:00+00:00,0.0,2025-03-16T23:00:00+00:00,2025-03-14,1.95,1.9,0.49350649350649356,-0.025975486403260445,0.6012534895176318,0.436666208658552,1.4,0.5666666666666667,0.5548557088004158,0.5000000000000001,0.01973258241284534,175,128,False,False,False,2937ec162a59319cf8e0cd04f855fdad30d110c4f06e32b918a23e8e8b11cae0,ddf1cb1f9ee6f367b082e4eaadefb918e9f4fcde4703dc6d54ce671bed62f716,1.86,2.02,True,2025-03-14T18:07:00+00:00,2025-03-14T20:23:00+00:00,0.513347511356142,0.5139730147279161,0.513296216584188
te:2844099,2025-03-14,2025,2025-03-14,muller-c81bc,lestienne,2025-03-14T19:10:00+00:00,2025-03-14T08:03:00+00:00,1.0,2025-03-16T23:00:00+00:00,2025-03-14,1.88,1.97,0.5116883116883117,0.04676176590803954,0.6354422150816925,0.5088743214173002,0.0,0.0,0.7692656556982592,0.7102860886097369,1.3530843112619095e-12,162,141,False,False,False,9fb07478baffdc678803e503bfa9723ca466e01f5757cea990bcbcafe5f7b5e1,5c9a3e71b909d31f3658c2fa006510fc646a27bd3df81d9a4dbc982f234d75dc,1.92,1.95,True,2025-03-14T18:12:00+00:00,2025-03-14T18:12:00+00:00,0.5295609694723343,0.5317961033938071,0.5338599102045779
te:2844875,2025-03-18,2025,2025-03-18,mayot,butvilas,2025-03-18T09:40:00+00:00,2025-03-17T10:00:00+00:00,1.0,2025-03-20T23:00:00+00:00,2025-03-18,1.77,2.08,0.5402597402597403,0.16138834712748912,0.6292924685741467,0.36779434867367305,0.0,0.0,0.6907233458043769,0.6583439941966538,1.062488985681398e-11,173,218,False,False,False,79899ea9d521786e2a053c6a68dc781dc9383e834f99a9219b4c94a24a678201,62a4fde1658e8482df584e8019d0b01f5f839c7812d6e8864e2feabe43222fc7,1.76,2.11,True,2025-03-18T04:01:00+00:00,2025-03-18T04:01:00+00:00,0.5549725325858879,0.5546267932112072,0.5566507192830379
te:2846089,2025-03-18,2025,2025-03-18,olivo,wiskandt,2025-03-17T23:55:00+00:00,2025-03-17T10:29:00+00:00,1.0,2025-03-20T23:00:00+00:00,2025-03-18,1.91,1.91,0.5,0.0,0.5910244397947373,0.3682019705836191,0.9833333333333333,0.9833333333333333,0.6332901767683531,0.5549523816295217,1.1278404654646579e-08,146,183,False,False,False,e0d5fd669315ab6833a42e2a520e2da3d87665ff509da365cd3a1248311d387f,b400ff351cc616012b91323ea61f57bb2645bb14faae245e0f50a10059e609d1,1.94,1.89,True,2025-03-17T20:00:00+00:00,2025-03-17T20:00:00+00:00,0.5191425671608797,0.5184454410409295,0.5154941143065237
te:2846099,2025-03-18,2025,2025-03-18,monteiro-f1500,bertola-e4bb8,2025-03-18T19:05:00+00:00,2025-03-18T10:29:00+00:00,1.0,2025-03-20T23:00:00+00:00,2025-03-18,2.11,1.75,0.4533678756476684,-0.18707215955255246,0.5594820844616349,0.42613255070433176,1.8333333333333333,1.8333333333333333,0.8406190122273426,0.7064160388620417,1.0074290873740566e-08,180,194,False,False,False,5f6ee97d7e549e0d2b1418dca481065febfac828d8065deffde7a26b9115118e,d2f2e54efc54a5151c1c12749fcb07400fdc9f171a0d6b7dde1d2f71eabe5dd9,2.06,1.79,True,2025-03-18T18:37:00+00:00,2025-03-18T18:14:00+00:00,0.4773875336648873,0.477445092200273,0.4701945669469751
te:2847719,2025-03-18,2025,2025-03-18,mikrut,arnaboldi-d7371,2025-03-18T16:00:00+00:00,2025-03-17T19:10:00+00:00,1.0,2025-03-20T23:00:00+00:00,2025-03-18,2.09,1.76,0.4571428571428572,-0.17185025692665906,0.594039763687986,0.5525413015973455,0.0,0.0,0.6805332642442783,0.5989483433411151,1.9146511598400195e-09,150,148,False,False,False,5c8010d388e886b548beedc5bd4c0f02aabad87dbeb47fdb80961577db7979c8,359a24ba4db84fd761777faace01f090ae068cb4db2f0e4784882dbcbcbe601c,2.13,1.75,True,2025-03-18T13:18:00+00:00,2025-03-18T12:33:00+00:00,0.48078116096583234,0.4834196868343939,0.4855244185067651
te:2850651,2025-03-21,2025,2025-03-21,barrios-vera,villanueva-55ff0,2025-03-20T23:00:00+00:00,2025-03-20T10:05:00+00:00,1.0,2025-03-23T23:00:00+00:00,2025-03-21,2.04,1.79,0.46736292428198434,-0.13073418800346137,0.5605165518790141,0.3739929049269508,0.26666666666666666,0.26666666666666666,0.7312734854888266,0.6109537874910329,1.4033119111189762e-10,172,167,False,False,False,562b77a9d538f2993ab9e053d908ca4f0d1b29fdefde48643ed31a35667df8c4,51783038f5b28547bcebbdee307cce22877b122b641b4ebc8e1417162fe129f8,2.0,1.84,True,2025-03-20T21:13:00+00:00,2025-03-20T21:13:00+00:00,0.4899557114611233,0.48908612768053894,0.4898146675429594
te:2850807,2025-03-21,2025,2025-03-21,ficovich,johns-b2ed0,2025-03-21T21:10:00+00:00,2025-03-21T10:17:00+00:00,0.0,2025-03-23T23:00:00+00:00,2025-03-21,1.9,1.95,0.5064935064935064,0.025975486403260445,0.6026187815708134,0.39041323948931117,0.7,0.03333333333333333,0.7278812956631917,0.6463641182499404,2.499957352242177e-09,193,171,False,False,False,4d68a4a0b896eb143c00f96ad7b9e1d625f80a29fe53b12c89f1824650857dc6,099734bab601eca71422b6dfdb247d92adb063ed81554b852c0b8ef9bbca3845,1.96,1.91,True,2025-03-21T17:34:00+00:00,2025-03-21T17:34:00+00:00,0.5249324771214089,0.5247403719185882,0.5267468040271841
te:2851087,2025-03-21,2025,2025-03-21,taberner,fucsovics,2025-03-21T11:55:00+00:00,2025-03-20T18:53:00+00:00,1.0,2025-03-23T23:00:00+00:00,2025-03-21,2.01,1.85,0.4792746113989638,-0.08294908298075057,0.5752423895695278,0.386221904203111,0.0,0.0,0.5000000000000001,0.5944269491939163,0.01929466435931769,200,123,False,False,False,c9b18f7013f10da1d68802ec523a10b7d6e9ab3fae6ed04de9fa3223f11ba1c8,6ae91b39e3b18c798650cce3fffdcdc1c2b1f875e4ce7f9fe6678dfee8acf05b,2.12,1.78,True,2025-03-21T10:42:00+00:00,2025-03-21T10:42:00+00:00,0.5006264637484434,0.500108774010571,0.5021946506177429
te:2851195,2025-03-21,2025,2025-03-21,vallejo-d7859,galan-e4b30,2025-03-21T22:15:00+00:00,2025-03-21T10:09:00+00:00,0.0,2025-03-23T23:00:00+00:00,2025-03-21,1.82,2.05,0.5297157622739017,0.11900329206161245,0.6001325498185089,0.2870141374752565,1.5,0.7666666666666667,0.6309199615724649,0.7115363805064048,5.084884752148966e-08,170,174,False,False,False,47d01d8e4923bde7ba66369062913649e9b6c385c4f0ae452af6a1da17ae9cb0,16fa41d243a42f7280ed298e7474e7812e3fb87d0ff3cf2cc509294613a5cc9f,1.88,1.99,True,2025-03-21T22:06:00+00:00,2025-03-21T22:06:00+00:00,0.5456024916258041,0.5435454794846967,0.5418132335091501
te:2851199,2025-03-21,2025,2025-03-21,monteiro-f1500,guillen-meza,2025-03-21T20:10:00+00:00,2025-03-21T10:17:00+00:00,0.0,2025-03-23T23:00:00+00:00,2025-03-21,1.83,2.04,0.5271317829457364,0.10863384100279519,0.6257387754606796,0.40534513647156123,1.9333333333333333,1.2666666666666666,0.7613640267571528,0.6947808159058402,1.0841031405917079e-09,182,154,False,False,False,d3f44b8703c771bcc1e1c7dcb58038c18048977e9af9b1142eb4348e29472e17,686365ffcca3f46e243f6b544be9541d415cd368a06f5a06f707a324bea3e519,1.79,2.1,True,2025-03-21T14:07:00+00:00,2025-03-21T16:03:00+00:00,0.5433049364782114,0.5435939816053974,0.53931813209499
te:2852235,2025-03-25,2025,2025-03-25,blanchet,trungelliti,2025-03-25T15:25:00+00:00,2025-03-23T19:26:00+00:00,1.0,2025-03-27T23:00:00+00:00,2025-03-25,1.78,2.05,0.5352480417754569,0.14122642884632308,0.6497339792584684,0.47664366254703927,1.3333333333333333,0.26666666666666666,0.7207298353402662,0.7250359386049664,4.699242661665437e-10,136,155,False,False,False,9da33999d4a9b4c434628c023dbd9cf592a3390cb2b489e23060ab28408d1cee,3f830638ff10584ea516cbc547251ace97b694b7daac16b9a4eb33a21d929255,1.79,2.06,True,2025-03-24T12:37:00+00:00,2025-03-25T03:51:00+00:00,0.5505198050059154,0.5523026059877538,0.5531661163239907
te:2853137,2025-03-25,2025,2025-03-25,hernandez-serrano,mejia-a7d27,2025-03-24T23:10:00+00:00,2025-03-24T11:22:00+00:00,1.0,2025-03-27T23:00:00+00:00,2025-03-25,2.11,1.75,0.4533678756476684,-0.18707215955255246,0.5595354789041168,0.4263491973127662,0.65,0.65,0.5000000000000001,0.6120915404317362,0.007920229176163418,123,172,False,False,False,ce48b1af0a7ea92ba33266d8c99eda063c26dceaf9152f326abcca415fc61daa,11c4858445a32187d1bc2d97b7cb585dbb93371c1e6058fa0282a4e1062f17af,2.01,1.84,True,2025-03-24T19:30:00+00:00,2025-03-24T20:46:00+00:00,0.4773875336648873,0.47744945471842265,0.4762317215899743
te:2853155,2025-03-25,2025,2025-03-25,nava-337db,dutra-da-silva,2025-03-25T17:15:00+00:00,2025-03-25T09:07:00+00:00,0.0,2025-03-27T23:00:00+00:00,2025-03-25,2.19,1.69,0.43556701030927836,-0.25917301489342737,0.5345791605393112,0.3977108090386058,2.3,0.8333333333333334,0.7662666860640484,0.6233059061220594,3.318456620604593e-12,163,182,False,False,False,6547b20525efe46675d80aa2a7a615ae389130bf20eb3baf8eb3ff09957503af,626b29492e3b8b51bb427566edc6fdeb62e10c168b8056c8ad3fb711a257a448,2.18,1.71,True,2025-03-25T16:05:00+00:00,2025-03-25T16:05:00+00:00,0.46134670582360415,0.4606757830812827,0.45878605470285755
te:2853163,2025-03-25,2025,2025-03-25,pucinelli-de-almeida,guillen-meza,2025-03-25T13:10:00+00:00,2025-03-25T00:44:00+00:00,0.0,2025-03-27T23:00:00+00:00,2025-03-25,1.92,1.9,0.4973821989528796,-0.010471299867295303,0.6147905289586799,0.477965639379718,2.283333333333333,0.38333333333333336,0.5040912756559669,0.5040912756187677,0.000762580227081075,159,158,False,False,False,7d75063f319ffc54b488d03d34d1375986155b58412be3f0bcbcea35cd69cf5e,63673dac5bffc3ccfc19568af7159a953cd1a10ed9c8e3cc704067b96a22e8b3,1.9,1.93,True,2025-03-25T09:35:00+00:00,2025-03-25T07:05:00+00:00,0.5168069821657151,0.5182986730525676,0.5187370635694105
te:2856947,2025-03-28,2025,2025-03-28,svrcina,dellien-e101c,2025-03-28T13:05:00+00:00,2025-03-28T01:30:00+00:00,0.0,2025-03-30T23:00:00+00:00,2025-03-28,1.98,1.88,0.4870466321243523,-0.05182506786458622,0.5965593281729575,0.4429743219174853,0.8666666666666667,0.23333333333333334,0.5637437739378489,0.5000000000000001,0.025652165796376802,190,151,False,False,False,e0c02a919f6a1a8b60010d93fd1c995c1ecd3d1fe73f66e0693d06b5dd8e4a1b,e962e17704775a6a9b3464fba639d9064a3ea07f4e72f9f935792244dc5779bc,2.01,1.86,True,2025-03-28T12:40:00+00:00,2025-03-28T12:40:00+00:00,0.5075769774031658,0.5082729720337839,0.5092701203193196
te:2857003,2025-03-28,2025,2025-03-28,olivieri-ff875,galan-e4b30,2025-03-28T16:10:00+00:00,2025-03-28T09:28:00+00:00,1.0,2025-03-30T23:00:00+00:00,2025-03-28,1.94,1.91,0.49610389610389616,-0.015584731016698041,0.5960986274627661,0.404820145937311,0.85,0.21666666666666667,0.6342250649659874,0.7209906979354878,3.345092777773395e-08,158,179,False,False,False,cc3e4eb7a8cee30f5c9e0ce57c8131af2ee4ba3b904a2bd445e4f3b75410eeab,305567b2c77880f1e161485ff13fe82e6800c4c65c7c9a82e49afc818db04a9a,1.99,1.87,True,2025-03-28T15:29:00+00:00,2025-03-28T15:07:00+00:00,0.5156661768863942,0.5156725097064052,0.516746943780558
te:2857211,2025-03-28,2025,2025-03-28,de-jong-57322,ofner-44428,2025-03-28T12:00:00+00:00,2025-03-27T23:34:00+00:00,1.0,2025-03-30T23:00:00+00:00,2025-03-28,1.75,2.14,0.5501285347043702,0.20119004109833744,0.6285043479429057,0.3246157445361489,0.8333333333333334,0.8333333333333334,0.7478130105956451,0.6893242226975601,5.694595961447391e-09,179,80,False,False,False,9f1e18944941ae45d90d89cc26688c02998dfbc1177622459d43bd840fef971f,1eb477fc3d9d0ee54f43479598c30c1d821c6ae50f20d8b1d3a608a7ce190380,1.81,2.08,True,2025-03-28T08:34:00+00:00,2025-03-28T08:34:00+00:00,0.5637361546570321,0.5626209594856948,0.5604352888132054
te:2857285,2025-03-28,2025,2025-03-28,darderi,wawrinka-ffdb9,2025-03-28T17:15:00+00:00,2025-03-28T09:26:00+00:00,0.0,2025-03-30T23:00:00+00:00,2025-03-28,1.67,2.28,0.5772151898734177,0.3113518165376855,0.6485335166265801,0.30124751562296637,0.9,0.3333333333333333,0.7464969843100498,0.7179354802843687,7.203847501857652e-08,151,87,False,False,False,3053c046364466de2f0fcc78f29b9ff7035f8b9e71c011b42fc85fdfa0d23396,a88620997ae91c4c3216d277f664eb18b6b692af0e60e40be2be4a79f9f05bc2,1.7,2.25,True,2025-03-28T17:04:00+00:00,2025-03-28T17:04:00+00:00,0.5877692574070805,0.5864490492446228,0.5868517478235845
te:2858643,2025-04-01,2025,2025-04-01,poljicak,barrere-ea847,2025-04-01T11:40:00+00:00,2025-03-30T18:29:00+00:00,1.0,2025-04-03T22:00:00+00:00,2025-04-01,1.82,2.0,0.5235602094240838,0.0943106794712413,0.630405048399917,0.43964418670540295,0.38333333333333336,0.38333333333333336,0.6857639391709484,0.7378773067320742,1.4375604096006356e-08,199,131,False,False,False,6edbc3036141b62ee3a0e04cdf81e41f6fce618921693ba57720f16c1d5f8e28,264a7de4974bb365343f05754022f0edbedd75a3d264d01ab2679e758d98f72c,1.79,2.06,True,2025-03-31T09:32:00+00:00,2025-04-01T10:10:00+00:00,0.5401283466563774,0.5410737587192801,0.5411756468287326
te:2858677,2025-04-01,2025,2025-04-01,gaubas,squire,2025-04-01T10:15:00+00:00,2025-03-31T01:11:00+00:00,0.0,2025-04-03T22:00:00+00:00,2025-04-01,1.63,2.23,0.5777202072538861,0.31342157065335663,0.6356246119602252,0.24300196361349502,0.65,0.08333333333333333,0.6750209182803057,0.6813190826920366,5.134345171242671e-10,174,157,False,False,False,f0d6440550f7d8e5c72f67771e9968aaad18ba43c9858abebc0201c949bf55ed,be9e3e21da0d7caaf0e8dcab0b512e737564e282bcab60764ef32fcb76308c14,1.64,2.24,True,2025-04-01T01:03:00+00:00,2025-04-01T01:03:00+00:00,0.5882171902424093,0.5857616227615603,0.5874012571954917
te:2862359,2025-04-04,2025,2025-04-04,royer,dalla-valle,2025-04-04T09:10:00+00:00,2025-04-03T17:18:00+00:00,1.0,2025-04-06T22:00:00+00:00,2025-04-04,2.1,1.78,0.45876288659793807,-0.16532398042538382,0.567847657809728,0.43839898505204394,0.0,0.0,0.7928496678195396,0.670547759839616,1.0101641745308143e-12,212,148,False,False,False,d41e73f71c4e933f4bf3d7d2e97cf1456fcdb2380424631fb5ecf851d6b1aefe,37f18de6a9cf712119fe662ce6c920de26c9002f1d2cbb08e777d3f3fc0f3be7,2.16,1.75,True,2025-04-04T08:34:00+00:00,2025-04-04T08:34:00+00:00,0.48223671484625763,0.48258948801405804,0.4846876392533157
te:2862433,2025-04-04,2025,2025-04-04,martin-tiffon,taberner,2025-04-04T12:20:00+00:00,2025-04-03T17:32:00+00:00,1.0,2025-04-06T22:00:00+00:00,2025-04-04,1.85,2.0,0.5194805194805195,0.0779615414697121,0.605731192771568,0.35144184138724377,0.0,0.0,0.5000000000000001,0.5448153435397893,0.01833844274492101,197,205,False,False,False,4b76cf9ceb6ab31f0e180465eb1568e70008fe8dca0de64099498441409dd939,549694964d6e766a3f3a4331bc33f6456476c2ed8ddd6c6aff0d03af835b5ac1,1.86,2.02,True,2025-04-04T10:30:00+00:00,2025-04-04T08:32:00+00:00,0.5364984617612831,0.5356388294943168,0.5376884698919961
te:2862469,2025-04-04,2025,2025-04-04,svrcina,geerts,2025-04-04T10:25:00+00:00,2025-04-03T17:19:00+00:00,0.0,2025-04-06T22:00:00+00:00,2025-04-04,2.0,1.85,0.4805194805194806,-0.07796154146971143,0.5807348808533638,0.40375241653322946,1.0666666666666667,0.36666666666666664,0.6447864306768074,0.552866384029685,1.1806156718918714e-08,197,195,False,False,False,65fabe1282a2829027237f3f2f892bf8a68f900bca8db05a9b434dca0e0bf8b4,2df982c332ca181de9499ed74654d530540d29855949cd134b401321f2e64ab8,2.14,1.77,True,2025-04-04T07:31:00+00:00,2025-04-04T08:06:00+00:00,0.5017403514723918,0.501587401033837,0.5019163012051009
te:2863495,2025-04-08,2025,2025-04-08,majchrzak-905d8,dellien,2025-04-08T11:55:00+00:00,2025-04-07T18:29:00+00:00,0.0,2025-04-10T22:00:00+00:00,2025-04-08,1.78,2.06,0.5364583333333334,0.14609261849749608,0.6001062366869424,0.2598151620751802,2.4,0.26666666666666666,0.6769602951393229,0.6032787609169652,7.06779218484499e-10,168,200,False,False,False,8b447035f1d0f0a8917e7c745e6a225ecf9bb4026c5f048e87f41036a25c40aa,16197fa6907f0ff5dc92515f43783cd82ee1cbc63f990cebb4b7d5e8b60da672,1.81,2.05,True,2025-04-08T10:16:00+00:00,2025-04-08T10:16:00+00:00,0.5515952643187109,0.5490587481958504,0.5500899910687782
te:2863527,2025-04-08,2025,2025-04-08,vasami-a02e2,jubb,2025-04-08T11:35:00+00:00,2025-04-07T16:29:00+00:00,0.0,2025-04-10T22:00:00+00:00,2025-04-08,1.91,1.91,0.5,0.0,0.6267229406845668,0.518183631805929,0.9833333333333333,0.48333333333333334,0.6740989300158593,0.644572130414064,2.5638302592057016e-10,27,134,False,False,False,eb010eae741a65c3a1f9e08bf2248f53359493c7a733d2129a4816472a182378,03a8c1d5f52e5c36672482c4cb6c5509619ebb947b279e8714c9686d08f74a3c,1.96,1.87,True,2025-04-08T11:26:00+00:00,2025-04-08T11:26:00+00:00,0.5191425671608797,0.5214668831160071,0.5211602642867946
te:2864891,2025-04-08,2025,2025-04-08,gea,kuzmanov,2025-04-08T08:10:00+00:00,2025-04-07T18:45:00+00:00,1.0,2025-04-10T22:00:00+00:00,2025-04-08,1.95,1.87,0.4895287958115184,-0.041890941709159774,0.6105224282337096,0.491399690530566,0.7666666666666667,0.7666666666666667,0.5000000000000001,0.5307036594939201,0.007001228574034096,167,114,False,False,False,a2faa8159a552e7db2befcc02ed121fc1e07699c438f5d9ed53d3bafb21cd2df,456f4bf10215081c2dca17b2f01c2869bbe9acd85c44ad900d9a77cd66dea686,2.02,1.83,True,2025-04-08T07:44:00+00:00,2025-04-08T07:44:00+00:00,0.5097949459427119,0.5114893919800669,0.5096552245820793
te:2864907,2025-04-08,2025,2025-04-08,piros,rincon-d1dab,2025-04-08T09:10:00+00:00,2025-04-07T18:02:00+00:00,1.0,2025-04-10T22:00:00+00:00,2025-04-08,1.79,2.04,0.5326370757180157,0.13073418800346137,0.6230767582512414,0.37189396673074193,2.6333333333333333,1.1666666666666667,0.656785442690489,0.6268705279809378,1.2561592821480616e-08,166,160,False,False,False,5f85cd2c514b18a0895e4b7f9f7897e671f1d7153e91788e45f68bcdb1240e0c,f8b0e552450b53197395f7f687b7b3e827f7a112d8372bc8c1ed283c976550ae,1.83,2.01,True,2025-04-08T04:54:00+00:00,2025-04-08T08:01:00+00:00,0.5481993573501893,0.5478675321626064,0.5442340647789161
te:2865851,2025-04-08,2025,2025-04-08,andrade-58258,prado-angelo,2025-04-08T15:45:00+00:00,2025-04-08T08:44:00+00:00,0.0,2025-04-10T22:00:00+00:00,2025-04-08,1.93,1.88,0.4934383202099738,-0.026248226074936154,0.6181823616129185,0.5080886153199515,0.7666666666666667,0.7666666666666667,0.5848016555558713,0.574606791516758,1.1426001089720472e-08,124,164,False,False,False,a2892c5a2e4cd3e2f5c7209e950152eaf53bb240aa4dae8aab3fe41c5ec093e9,f270bed0cb8bf3a574aa53db1532a6e52c48162f7f1615ce55a3010bf8c24633,2.03,1.82,True,2025-04-08T15:32:00+00:00,2025-04-08T15:32:00+00:00,0.5132866421508997,0.5153514465801814,0.5135164937943864
te:2866471,2025-04-11,2025,2025-04-11,van-assche,arnaboldi-d7371,2025-04-11T11:30:00+00:00,2025-04-10T16:15:00+00:00,1.0,2025-04-13T22:00:00+00:00,2025-04-11,1.95,1.9,0.49350649350649356,-0.025975486403260445,0.5887016037807521,0.3845759507768375,0.35,0.35,0.6417020621172178,0.559429365136862,2.458454523290854e-09,139,143,False,False,False,5581eaacf2e943b9ecb1b6a4f9f6430de7ffe7d5a5e741b1d0ce5cb9bfa74d21,feb97b89d38feb898f74eb54dff571c66af78ae22ba8d1ce21abc266619013b9,1.93,1.93,True,2025-04-11T07:31:00+00:00,2025-04-11T07:41:00+00:00,0.513347511356142,0.5129227182755187,0.5132105038423361
te:2866561,2025-04-11,2025,2025-04-11,royer,piros,2025-04-11T09:10:00+00:00,2025-04-10T16:16:00+00:00,,,,1.68,2.25,0.5725190839694657,0.2921364228011615,0.6361021458850259,0.26634952668837664,2.55,0.48333333333333334,0.756859203687516,0.7039895332601065,5.0626697278843835e-11,218,168,False,False,False,256a072875839d2cf75a906cc8f2f36b4023a58138e59030e811c067dd0a03b6,fc461abdf80bfb970a1d5c3cfca2d4e6831a0814e1bbffd9fe41788ac8b4c427,1.7,2.24,True,2025-04-11T08:21:00+00:00,2025-04-11T08:21:00+00:00,0.5836038434503746,0.581553223816446,0.5814572972954245
te:2866593,2025-04-11,2025,2025-04-11,gomez-e101b,jianu-c67fb,2025-04-11T15:10:00+00:00,2025-04-10T16:17:00+00:00,0.0,2025-04-13T22:00:00+00:00,2025-04-11,1.8,2.07,0.5348837209302325,0.1397619423751585,0.6067658648124354,0.2939758507793174,1.0,1.0,0.5764263653688674,0.5308636268369625,2.559915247835054e-08,165,203,False,False,False,40805bd0efba1fd1d37e8b133b01e1e6a68da80abfb59c6312a837e60c464c1b,7ffc9d227c70f38d3a6cdf8e909a033fe44958b10f409856b54f121dce20fba3,1.81,2.08,True,2025-04-11T14:50:00+00:00,2025-04-11T14:50:00+00:00,0.55019605110229,0.5483271901475744,0.5452901538309635
te:2866623,2025-04-11,2025,2025-04-11,spizzirri,blancaneaux,2025-04-11T15:10:00+00:00,2025-04-10T16:16:00+00:00,0.0,2025-04-13T22:00:00+00:00,2025-04-11,1.96,1.89,0.49090909090909085,-0.03636764417087508,0.5903760172572444,0.4018876718260469,0.7833333333333333,0.7833333333333333,0.5738899308805998,0.5000000000000001,0.005518400432700313,172,140,False,False,False,c1bf355545709344d950f1e2f78edf639c5233b06078e73e2a3ffbcf05628030,5065c554015c11e2c41efd79a9e0d73a707bf2e9e4195297e46c9e888349ab90,1.97,1.9,True,2025-04-11T14:50:00+00:00,2025-04-11T14:50:00+00:00,0.5110279581530294,0.5109292794783724,0.5090047931630997
te:2866749,2025-04-11,2025,2025-04-11,sachko,vasami-a02e2,2025-04-11T09:10:00+00:00,2025-04-10T16:13:00+00:00,1.0,2025-04-13T22:00:00+00:00,2025-04-11,1.86,1.99,0.5168831168831169,0.0675581510112914,0.6144648663085704,0.39856127509251893,1.1333333333333333,1.1333333333333333,0.6611323944151953,0.6119676070240939,2.988176373008855e-11,191,27,False,False,False,2bc94d936f38566e19d6ff3c936c093b02972599fdc0db0fd30e5d79d70de922,8d2d5bfc289d671edb1045d7f3299e3b603ff0afbc45720a98ab483f093c8edb,1.85,2.02,True,2025-04-11T02:15:00+00:00,2025-04-11T05:31:00+00:00,0.5341866297547433,0.5342499863256932,0.5305355552655763
te:2866767,2025-04-11,2025,2025-04-11,cilic,gaubas,2025-04-11T09:10:00+00:00,2025-04-10T16:19:00+00:00,1.0,2025-04-13T22:00:00+00:00,2025-04-11,1.78,2.11,0.5424164524421594,0.17007458318398147,0.6160991203204867,0.30294888358323646,1.4666666666666666,1.4666666666666666,0.757236445468703,0.6819665064720051,3.434119050238493e-08,63,183,False,False,False,08773a6e122ab407deb5dbe41b2a165af52fc57ef21893f40621ad6a3de1a679,7beca91372772e7441efd7d26764614ff106b9fd2475de32cdae96e0283a2065,1.84,2.04,True,2025-04-11T07:37:00+00:00,2025-04-11T07:37:00+00:00,0.5568881996552645,0.5552696332551557,0.5498760766616726
te:2866805,2025-04-11,2025,2025-04-11,draxl,andrade-58258,2025-04-11T17:50:00+00:00,2025-04-10T20:14:00+00:00,1.0,2025-04-13T22:00:00+00:00,2025-04-11,2.0,1.86,0.48186528497409326,-0.07257069283483547,0.5977352177011288,0.46860803473443713,0.0,0.0,0.623521835731117,0.5556201228105115,1.328740620309965e-08,184,121,False,False,False,26a2ac84cdc2267681c65db659637117eae1fb52eac8400127f8f5ec466ea9fe,32ed62f5ac1e52bd90ccb2279327ed7f598c6f6dd884da5f5207578de412d1ab,1.97,1.9,True,2025-04-11T13:32:00+00:00,2025-04-11T13:32:00+00:00,0.5029442916383694,0.5041118171496873,0.5061998702766712
te:2866891,2025-04-11,2025,2025-04-11,huesler,dougaz,2025-04-11T19:10:00+00:00,2025-04-10T21:04:00+00:00,1.0,2025-04-13T22:00:00+00:00,2025-04-11,1.76,2.12,0.5463917525773196,0.1861022796338609,0.6122966078627824,0.27087394481722027,1.4166666666666667,1.4166666666666667,0.7796008541267159,0.69445970746744,6.552379194779689e-10,156,211,False,False,False,199da2fcf491ff7ae3566992914c5e69ba660f853f78cdc103b2746533da476f,d92175fd7994305d04dad5c9b9e31b995bc337d90184ad12ee09a3ba4682a5f4,1.7,2.24,True,2025-04-11T18:02:00+00:00,2025-04-11T18:49:00+00:00,0.5604184777630812,0.5581991638149904,0.5530614810825338
te:2866893,2025-04-11,2025,2025-04-11,nava-337db,barrios-vera,2025-04-11T20:25:00+00:00,2025-04-11T08:36:00+00:00,1.0,2025-04-13T22:00:00+00:00,2025-04-11,1.79,2.08,0.537467700258398,0.1501522738605631,0.6182028530819539,0.3317749324203103,1.2166666666666666,0.55,0.7064242897727031,0.6491214614030584,9.713489457219282e-10,177,188,False,False,False,4d60d5063d02926e62d1b35c2dfa8d4a8a330dc2f266c752daf66acef064d19d,250a232dc2f22cbe48f97daeb8e7607448786a0092ca56bdf2cc3cf378ebf39e,1.83,2.05,True,2025-04-11T20:03:00+00:00,2025-04-11T20:03:00+00:00,0.5524921057257358,0.5514024548327023,0.5507584389787232
te:2867483,2025-04-15,2025,2025-04-15,atmane,mccabe-b71c6,2025-04-15T05:50:00+00:00,2025-04-14T12:58:00+00:00,1.0,2025-04-17T22:00:00+00:00,2025-04-15,1.77,2.08,0.5402597402597403,0.16138834712748912,0.6618655335328965,0.510230420471965,0.0,0.0,0.7928090045794918,0.7527189617758191,1.4179022678195707e-09,168,211,False,False,False,b27ae2f3773384d2944ac3d79a33a00a2e8f8ce97d934598c1be68ae4f8985bd,766d8f0605919fea8264ee989bd7c9a5c5bfe48ad702e1c27a0bc9140bddc212,1.79,2.07,True,2025-04-15T01:52:00+00:00,2025-04-15T01:52:00+00:00,0.5549725325858879,0.5574646946506873,0.5594926220694131
te:2868211,2025-04-15,2025,2025-04-15,taberner,budkov-kjaer,2025-04-15T15:05:00+00:00,2025-04-13T17:36:00+00:00,1.0,2025-04-17T22:00:00+00:00,2025-04-15,1.77,2.08,0.5402597402597403,0.16138834712748912,0.610337249443335,0.28734170234848316,0.6666666666666666,0.6666666666666666,0.531365684650004,0.5000000000000001,0.003566259496995003,209,110,False,False,False,726b1f05462c695a601e77cde265388cb657538dc275751a9d04ca8487635025,d2b915278c76952158a764e70e41e752a57a91deb0b480740c9205a9370ed5bd,1.79,2.07,True,2025-04-15T01:19:00+00:00,2025-04-15T01:19:00+00:00,0.5549725325858879,0.5530222639804773,0.5516741207518554
te:2869395,2025-04-15,2025,2025-04-15,baadi,coulibaly-f4551,2025-04-15T17:10:00+00:00,2025-04-15T08:30:00+00:00,1.0,2025-04-17T22:00:00+00:00,2025-04-15,2.12,1.74,0.45077720207253885,-0.19753097545748347,0.5509273999241331,0.4019494478652678,0.0,0.0,0.5000000000000001,0.6207926190782617,0.014123005581330061,117,157,False,False,False,c17086036a966ad21d6922012beac965a8356998af40e0228d09f7af2659a3ee,92cadbe05cd29d940be65925c330deff9bbe72be80545406e031ef8c95e83592,2.13,1.75,True,2025-04-15T16:00:00+00:00,2025-04-15T08:43:00+00:00,0.475056996939081,0.4746047684260091,0.4767031617615374
te:2871537,2025-04-18,2025,2025-04-18,colson,bertrand-5e35a,2025-04-18T10:40:00+00:00,2025-04-18T00:02:00+00:00,0.0,2025-04-20T22:00:00+00:00,2025-04-18,1.88,1.98,0.5129533678756476,0.051825067864585767,0.6151496385498165,0.41718589788340443,0.75,0.11666666666666667,0.5662152843613009,0.5933871335123472,4.278008503000308e-11,139,203,False,False,False,37aa80c52116c32ea8d773d52ced0b2e7dfeed75e44bbecbbcccb56dc275490f,a62f994cbb59c46446813e055a01a7d85f81db91f375056ff323d99a9d9b8f91,1.87,2.0,True,2025-04-18T07:05:00+00:00,2025-04-18T07:05:00+00:00,0.5306876786556054,0.531090845754379,0.5326620173875946
te:2871841,2025-04-18,2025,2025-04-18,holt-669c7,hsu-b2ce0,2025-04-18T02:05:00+00:00,2025-04-17T09:12:00+00:00,0.0,2025-04-20T22:00:00+00:00,2025-04-18,2.03,1.83,0.47409326424870474,-0.1037198262003661,0.5914491533256835,0.47367916545096644,0.0,0.0,0.7113847459440445,0.6216828553482714,3.761213562825105e-12,179,158,False,False,False,b37d904caa755892d6a71bc3816eecad4d771530a27b22db49a6dc72f40db080,d357aa38bd03333eff588fdb5276b7e0f10d47d9ee76e3ea9f312cb46e1a77a0,1.99,1.88,True,2025-04-18T01:01:00+00:00,2025-04-18T01:01:00+00:00,0.4959877085976963,0.49718877284242546,0.49928181502700464
te:2871843,2025-04-18,2025,2025-04-18,atmane,simakin,2025-04-18T03:35:00+00:00,2025-04-17T09:29:00+00:00,1.0,2025-04-20T22:00:00+00:00,2025-04-18,1.73,2.17,0.5564102564102563,0.22660575904268024,0.6516363544447247,0.3996340160306776,0.75,0.75,0.7414047995648556,0.7235800294259509,5.708742423227164e-09,165,190,False,False,False,7a80027b26ce2721e14bc892f1f2000c3df97c70a02e61a9dd2b57ec56a90ebb,eefdea6c12a1c8ef72e3b75fb40ac6080d392dd7a6cf0db7d79b033e1340b0cd,1.72,2.2,True,2025-04-17T19:58:00+00:00,2025-04-18T00:34:00+00:00,0.5693118410530204,0.5697399261224995,0.5679805748294635
te:2871953,2025-04-18,2025,2025-04-18,jones-07763,glinka,2025-04-18T12:10:00+00:00,2025-04-18T00:02:00+00:00,0.0,2025-04-20T22:00:00+00:00,2025-04-18,1.85,2.01,0.5207253886010362,0.08294908298075078,0.6472754658664671,0.524135483857033,1.7333333333333334,0.6666666666666666,0.7166967494522029,0.7496899835908183,2.0355939156502245e-13,138,136,False,False,False,80d9077000e7d9973e9467328e802e96dec5cb52ba908de019031722a964124c,dd46cdfb8275b9eb34995dd976b3a391dab0a85c064106572f8d704ba7f14a5e,1.78,2.12,True,2025-04-18T11:55:00+00:00,2025-04-18T11:55:00+00:00,0.5376062387614206,0.5402217240940631,0.5390678707160231
te:2872093,2025-04-18,2025,2025-04-18,comesana-c17e0,barrere-ea847,2025-04-18T16:10:00+00:00,2025-04-18T00:04:00+00:00,1.0,2025-04-20T22:00:00+00:00,2025-04-18,1.81,2.06,0.5322997416020672,0.12937913752375527,0.6323536173835944,0.41294806193690337,0.45,0.45,0.8063699505336294,0.7301091921753387,1.0323145599455685e-07,190,124,False,False,False,b2380c6fb4bfdbda1bbd658ef0f32bdff697e548e253326b640505e19728c715,e1a49b0a6d7525ac57201f99ea19ca9ae1e53a5668c8020d7876b0eba73be8b4,1.9,1.97,True,2025-04-18T13:55:00+00:00,2025-04-18T13:55:00+00:00,0.5478995214533501,0.5483854396738851,0.5481430529508655
te:2872145,2025-04-18,2025,2025-04-18,bax-6f3c7,hussey-d2863,2025-04-18T18:10:00+00:00,2025-04-18T07:53:00+00:00,1.0,2025-04-20T22:00:00+00:00,2025-04-18,1.86,2.0,0.5181347150259067,0.07257069283483525,0.6100820717481749,0.37508652253370384,1.7666666666666666,0.4666666666666667,0.5000000000000001,0.5322559030309713,0.004688432969951667,165,107,False,False,False,4989ffa684a06c2bd3c9ddf44fb90e1c985a3c1f4c183590e524ef3bdd415f48,ae3e4f3198c2bfd4274e0bbc3fa519d818aaa748b4bbf05e2941de6b9b0d3650,1.78,2.12,True,2025-04-18T17:18:00+00:00,2025-04-18T17:18:00+00:00,0.5353007017742084,0.5349037274435101,0.5347993195086302
te:2872159,2025-04-18,2025,2025-04-18,safiullin,lajovic,2025-04-18T15:05:00+00:00,2025-04-18T00:07:00+00:00,,,,1.73,2.17,0.5564102564102563,0.22660575904268024,0.633331140792315,0.31992850577308163,0.31666666666666665,0.31666666666666665,0.668923577109677,0.693769295023144,5.829601337770107e-08,151,119,False,False,False,3c13707de113a3af3f974920cb1ce1b6503661662b8ab62b13a07c74b2762f4d,ba7ffa18a3c7d0a1da309b03ef3c8e00da0245a345448ce0dd49fc0429710901,1.75,2.16,True,2025-04-18T12:18:00+00:00,2025-04-18T12:50:00+00:00,0.5693118410530204,0.568162244912423,0.5685728516856325
te:2873571,2025-04-22,2025,2025-04-22,mejia-a7d27,janvier,2025-04-22T16:10:00+00:00,2025-04-22T07:59:00+00:00,1.0,2025-04-24T22:00:00+00:00,2025-04-22,1.83,2.0,0.5221932114882506,0.08883121370661551,0.6206310417096252,0.40339631966703915,1.15,0.15,0.6842433964979573,0.6381867797029954,6.074020758584098e-09,145,159,False,False,False,b7f11586773a1b67c946fc85e6773151674a90f1d468c1cdf19491829e5b7fe6,c4103c4fe3abe74e66fabe72ace6e84e8c88d72ec3c3b595746b396fa83eb576,1.87,1.97,True,2025-04-22T14:32:00+00:00,2025-04-22T14:32:00+00:00,0.5389122340909079,0.5391191581832518,0.5405725768495605
te:2875125,2025-04-22,2025,2025-04-22,coppejans,stricker,2025-04-22T08:10:00+00:00,2025-04-21T15:38:00+00:00,0.0,2025-04-24T22:00:00+00:00,2025-04-22,1.63,2.31,0.5862944162436549,0.34866750971503135,0.6156830302040072,0.1225971057544758,0.5166666666666667,0.5166666666666667,0.538594049073368,0.5385940490732325,5.513838707837948e-08,145,111,False,False,False,f1f7053bcf7509939dfba6397754626c220c16e18b03bbde32e570270d264d48,fae89527571b18ac299b039bc0f54aa32014b46785c823013392bb0e4f07f944,1.67,2.25,True,2025-04-22T04:34:00+00:00,2025-04-22T07:46:00+00:00,0.5958220652090273,0.5911088954259364,0.5904983819797772
te:2875865,2025-04-22,2025,2025-04-22,draxl,johns-b2ed0,2025-04-22T15:50:00+00:00,2025-04-22T07:59:00+00:00,0.0,2025-04-24T22:00:00+00:00,2025-04-22,2.07,1.78,0.4623376623376624,-0.15093524297328376,0.5906907541990022,0.5177568923408629,1.1,0.36666666666666664,0.6166507880442967,0.5397677662698591,8.48122405638918e-11,201,187,False,False,False,e60b908ae45d640e6ca9e9825a8c0d5d65980b22a9cb0d0902066daa658196d5,d9907e585ef89eb25e0265be5332a6ddb7f1197ba124257ccac057e830d62b4b,2.12,1.75,True,2025-04-22T15:09:00+00:00,2025-04-22T15:09:00+00:00,0.4854468617146725,0.48743163622435515,0.48778199518855797
te:2877219,2025-04-25,2025,2025-04-25,gigante-f720d,maestrelli,2025-04-25T09:40:00+00:00,2025-04-23T20:20:00+00:00,1.0,2025-04-27T22:00:00+00:00,2025-04-25,1.88,1.98,0.5129533678756476,0.051825067864585767,0.6047567999797601,0.3735000541529798,0.0,0.0,0.627019010397639,0.5694306718748826,1.4845244478145503e-10,121,147,False,False,False,f3041422ee6205ef67ab186a836763b62d642da4cb06cc5569c81ee80eb76d06,fc83e6adca90bd84da34bceb174da9228f6887bfaf7ec1f14425df5bae9aebbf,1.91,1.96,True,2025-04-24T11:35:00+00:00,2025-04-24T11:35:00+00:00,0.5306876786556054,0.5302126825562061,0.5322702044390746
te:2877293,2025-04-25,2025,2025-04-25,mejia-a7d27,wu-f664e,2025-04-25T16:10:00+00:00,2025-04-25T09:14:00+00:00,1.0,2025-04-27T22:00:00+00:00,2025-04-25,1.88,1.96,0.5104166666666667,0.04167269640056832,0.6152949045357043,0.4279519210796961,1.0166666666666666,0.21666666666666667,0.5325070311854202,0.5403500556587093,1.2011819375545851e-06,147,126,False,False,False,86a42eca90b1208b54a1f62b3c6bdec12d657e3950c100d301a9a9f14a1a7aa6,97daa775037566770c13a37f97e1c8b46bae7264e2e2518374e486e207767f2a,1.89,1.98,True,2025-04-25T14:49:00+00:00,2025-04-25T14:49:00+00:00,0.5284282227420336,0.5290257685474029,0.5301182326227721
te:2877661,2025-04-25,2025,2025-04-25,geerts,shah-e7d4a,2025-04-25T10:10:00+00:00,2025-04-24T16:10:00+00:00,,,,1.75,2.15,0.5512820512820513,0.20585205420414893,0.5933785753124886,0.1720979559316626,1.3833333333333333,0.6833333333333333,0.5691410407562514,0.5000000000007188,0.009173078294854892,204,148,False,False,False,97a7c2d37f6bb5afdb758ea461c841058bbbea7b23231ef6c97b8a540259a065,647d7b2e8655282a4caa618c7fc4340aab896048077d3596989534d175ecc519,1.93,1.93,True,2025-04-25T09:59:00+00:00,2025-04-25T09:05:00+00:00,0.5647601552445006,0.5606257785293483,0.5593024592202056
te:2877711,2025-04-25,2025,2025-04-25,barrena-f6642,kestelboim,2025-04-25T13:10:00+00:00,2025-04-25T00:15:00+00:00,0.0,2025-04-27T22:00:00+00:00,2025-04-25,2.07,1.8,0.4651162790697674,-0.13976194237515893,0.5986885420283313,0.5397656130380302,0.0,0.0,0.5000000000000001,0.5598706405128308,0.0144618034708415,121,136,False,False,False,93cb2565ad98b3a6bf9698db202c8b0c3d3597d6fe67ed62e764480da5aa4f90,33cbbcb48a5d51b3a7114c015358c66f6fe9fb08a96d4c0a914432efe40b5604,2.06,1.83,True,2025-04-25T09:33:00+00:00,2025-04-25T09:33:00+00:00,0.48794048242042076,0.4903943208390979,0.49249517369698576
te:2877713,2025-04-25,2025,2025-04-25,coulibaly-f4551,bakshi-c841e,2025-04-25T12:40:00+00:00,2025-04-24T17:05:00+00:00,0.0,2025-04-27T22:00:00+00:00,2025-04-25,2.0,1.85,0.4805194805194806,-0.07796154146971143,0.5712056023685322,0.3647332160690264,0.0,0.0,0.7188824271969648,0.6090247228052625,2.2947169164844183e-10,149,140,False,False,False,91a9b85bbbf29587969d993c4a01a5d85a37d8d398f779f98331cf6caf1b1571,24cf654ea80983fbe60f3f2f8f35bc1c6d166c12add3ab8bdf1f9a438486ed38,1.91,1.96,True,2025-04-25T10:41:00+00:00,2025-04-25T10:41:00+00:00,0.5017403514723918,0.5008000912906543,0.5028842033144147
te:2877761,2025-04-25,2025,2025-04-25,dellien-e101c,boscardin-dias-3afa8,2025-04-25T14:10:00+00:00,2025-04-25T00:16:00+00:00,1.0,2025-04-27T22:00:00+00:00,2025-04-25,1.94,1.91,0.49610389610389616,-0.015584731016698041,0.5876128887872252,0.36969061117042723,0.0,0.0,0.5780173223414169,0.5000000000000001,0.014400960826941533,153,155,False,False,False,6e072d66f191592014ba8dc3846bb366931a8a4d3ddd522b0ccfd4bcab5b3223,4e535d4c1a1681920296931ecb786afa3c4f9a78535d90e0419f7cdaa246d7b4,1.97,1.9,True,2025-04-25T11:45:00+00:00,2025-04-25T11:45:00+00:00,0.5156661768863942,0.5149643449275205,0.5170374778787062
te:2877771,2025-04-25,2025,2025-04-25,kubler-21879,grenier-baaf0,2025-04-25T03:50:00+00:00,2025-04-24T13:35:00+00:00,0.0,2025-04-27T22:00:00+00:00,2025-04-25,1.79,2.09,0.538659793814433,0.1549484461240559,0.6241188857195457,0.35211951811639386,1.1833333333333333,1.1833333333333333,0.7246222828771983,0.6691939769183426,3.537364845485058e-12,82,179,False,False,False,0386b5a2ea8f4da2a24c0c6eee8ce5ca029848445eae4905ff93c5a308f637d8,1b18814561a2a665772b7e74f17264423ad9932bc572154b61f334afde4cc675,1.83,2.05,True,2025-04-25T00:32:00+00:00,2025-04-25T02:37:00+00:00,0.5535512148739876,0.5528784777130663,0.5489192364248147
te:2877797,2025-04-25,2025,2025-04-25,draxl,crawford-71058,2025-04-25T18:25:00+00:00,2025-04-25T08:43:00+00:00,1.0,2025-04-27T22:00:00+00:00,2025-04-25,1.88,1.98,0.5129533678756476,0.051825067864585767,0.6044221230053732,0.37210008959378815,0.7666666666666667,0.13333333333333333,0.5479635604024435,0.5000000000000001,0.0007987340891797146,203,148,False,False,False,1428e0c7128123ae61a7f6fc1fde8f1c1f5f3b26fb4aeaf8cd2c06a8b610e8c7,73a0427c3f9f72da06c5ad022b1cc8d8864bf928852b30e5fb6df5dc4efbc021,1.93,1.93,True,2025-04-25T17:44:00+00:00,2025-04-25T17:44:00+00:00,0.5306876786556054,0.5301845376542562,0.5316690689049434
te:2877811,2025-04-25,2025,2025-04-25,rodriguez-taverna,torres-dc0bf,2025-04-25T15:05:00+00:00,2025-04-25T00:16:00+00:00,1.0,2025-04-27T22:00:00+00:00,2025-04-25,1.87,1.99,0.5155440414507771,0.06219620786990554,0.6015008046963543,0.34952618644506306,0.4666666666666667,0.4666666666666667,0.5927571862468812,0.66170333712713,9.825153524101182e-09,193,157,False,False,False,b5b3d5ceb039592ae7f85ace88b3852400ae106c8adf8b1715f109c140e39503,77365b5db662a941de1826805091bbe0c53e0c00de68d9b123bf1637f31cf465,1.88,1.98,True,2025-04-25T11:53:00+00:00,2025-04-25T14:47:00+00:00,0.5329945235191934,0.5320608946786836,0.5317391426282712
te:2878645,2025-04-29,2025,2025-04-29,habib,sultanov,2025-04-29T14:45:00+00:00,2025-04-28T23:15:00+00:00,1.0,2025-05-01T22:00:00+00:00,2025-04-29,1.68,2.21,0.5681233933161953,0.2741987221144937,0.6455567196927038,0.325366019666375,1.2333333333333334,0.3333333333333333,0.7126093848008694,0.7093329862620088,4.2619548723532574e-09,165,203,False,False,False,5ae93ca8af3657dd99f6d6ced6db9646f3d17f662a11c31bc402cd90f9f4e6b3,a93c16d1ce8daeeb576aa24ca8fb1c97e9a25e28a45bad217da178e602c97848,1.69,2.22,True,2025-04-29T10:30:00+00:00,2025-04-29T10:30:00+00:00,0.579704584844044,0.578771692278321,0.5792375188586651
te:2878647,2025-04-29,2025,2025-04-29,squire,van-assche,2025-04-29T08:10:00+00:00,2025-04-28T16:19:00+00:00,0.0,2025-05-01T22:00:00+00:00,2025-04-29,1.82,2.01,0.5248041775456919,0.09929822098228022,0.6105446373004639,0.3503039286649957,0.9333333333333333,0.16666666666666666,0.6762379434684049,0.7568992712468828,3.727296249422807e-13,143,145,False,False,False,cdc1d0d92efde6877184b9eb5f77779825f672fd46c731d4b8f03b02fad8e52e,c413012292e42da2cf2440fea8b943176678ce31b0dc02db3975c12307f35f8e,1.84,2.0,True,2025-04-29T04:32:00+00:00,2025-04-29T04:32:00+00:00,0.541234866663684,0.5404004929896076,0.5417257319751609
te:2878655,2025-04-29,2025,2025-04-29,piros,svrcina,2025-04-29T12:10:00+00:00,2025-04-28T23:11:00+00:00,0.0,2025-05-01T22:00:00+00:00,2025-04-29,1.96,1.86,0.486910994764398,-0.0523679855173157,0.5891052695791623,0.4126358278138512,0.0,0.0,0.5000000000000001,0.5758145047938249,0.004429762201634518,165,215,False,False,False,98fd85a43909f1c5c505d8fa44820bd5145e28077531dc0ceece9867ca0d8bcd,bd9f5b07842c92b00ad904f6c8fb86f103e8f5fd75c8a5535193f94f10f9c24f,1.99,1.85,True,2025-04-29T11:20:00+00:00,2025-04-29T11:20:00+00:00,0.5074557520904215,0.507538545734824,0.5096206022606906
te:2879835,2025-04-29,2025,2025-04-29,galan-e4b30,harris-5a94c,2025-04-29T09:10:00+00:00,2025-04-28T16:04:00+00:00,0.0,2025-05-01T22:00:00+00:00,2025-04-29,1.74,2.11,0.548051948051948,0.19280283426153733,0.6094340035800544,0.2521308692743311,1.3,0.6666666666666666,0.783813012797825,0.6950877199359032,3.4033573181879717e-10,187,214,False,False,False,5ae22ea1bd90101e81e1182fcc82cb2ab127d855e79c04a22a991ff559e5e9ca,e79dd07dac9d750ffacaad3765e070e3ed6654724b15ff8c03c6f666ac21a983,1.72,2.17,True,2025-04-29T05:33:00+00:00,2025-04-29T07:30:00+00:00,0.5618925602656991,0.5593165927192242,0.558071077182942
te:2880319,2025-04-29,2025,2025-04-29,jasika,langmo,2025-04-29T08:25:00+00:00,2025-04-28T16:09:00+00:00,1.0,2025-05-01T22:00:00+00:00,2025-04-29,1.72,2.14,0.5544041450777203,0.21848153820839877,0.6078008772345393,0.21959610851028005,1.3,1.3,0.6860445557717625,0.6202938056646012,4.505312789504501e-12,217,175,False,False,False,38563b59cef555c4a7f3ac520d1bba47d75185efa4bc3fda6a4cd419f057c405,34675afea07eb409bcec1a94a2209dab470486ec4f5930c432dbc75e08ee4854,1.73,2.15,True,2025-04-29T05:46:00+00:00,2025-04-29T05:46:00+00:00,0.5675313943251855,0.5643731773967969,0.5598315825389036
te:2880533,2025-04-29,2025,2025-04-29,gaubas,paul-b9a07,2025-04-29T12:00:00+00:00,2025-04-28T16:54:00+00:00,1.0,2025-05-01T22:00:00+00:00,2025-04-29,1.9,1.92,0.5026178010471204,0.010471299867295303,0.5970844865975015,0.38286042629553657,1.6333333333333333,1.6333333333333333,0.644824275669832,0.5728524403479055,3.7282704701269154e-11,183,177,False,False,False,1fa335c527b423327544b8ebec96de715b08bd7f0f00caa1e15c879e4308a042,38ba685eeb238b8076937f1980850a6b3be61905bf5228998c13cd97d7887099,1.93,1.91,True,2025-04-29T10:27:00+00:00,2025-04-29T11:47:00+00:00,0.5214773158542688,0.5210987872018429,0.5148280366837149
te:2882821,2025-05-02,2025,2025-05-02,barrena-f6642,reis-da-silva,2025-05-02T21:45:00+00:00,2025-05-02T08:17:00+00:00,1.0,2025-05-04T22:00:00+00:00,2025-05-02,1.89,1.96,0.5090909090909091,0.03636764417087508,0.6105497876840851,0.41325616582834096,1.6166666666666667,1.15,0.5000000000000001,0.5306046444439276,0.014964791008649947,134,148,False,False,False,d0531db18d78a1e8d0b64424beb33aca6b9c8b22a0944074394d5655483c2f56,d83d90dcb3dc8984cbdb70aa176bc2cc5168a739a7a879f2fe7ae99c90a9955f,1.93,1.94,True,2025-05-02T21:31:00+00:00,2025-05-02T21:31:00+00:00,0.5272470900922868,0.5275375002686841,0.5238157145515435
te:2882989,2025-05-02,2025,2025-05-02,habib,kopriva,2025-05-02T11:40:00+00:00,2025-05-01T22:07:00+00:00,0.0,2025-05-04T22:00:00+00:00,2025-05-02,1.88,1.98,0.5129533678756476,0.051825067864585767,0.5727428287948757,0.24122562631647762,0.6166666666666667,0.11666666666666667,0.6591179416187626,0.7753513311608431,1.47059003863248e-10,165,192,False,False,False,aabf8509364db2e7b86f53fce4557a6c2eec90ed216d19dd3861fcb901b60129,dd2c2b9a490f01ee86ca37d19162c8a5cf33005fbef43f4b121fae3482e744f3,1.9,1.97,True,2025-05-02T09:00:00+00:00,2025-05-02T09:00:00+00:00,0.5306876786556054,0.527552612432383,0.5290944878323526
te:2883053,2025-05-02,2025,2025-05-02,coric,navone,2025-05-02T09:10:00+00:00,2025-05-01T23:14:00+00:00,1.0,2025-05-04T22:00:00+00:00,2025-05-02,1.76,2.12,0.5463917525773196,0.1861022796338609,0.6193855609225417,0.30083878442639583,0.85,0.85,0.6022111776954577,0.6301052906923117,4.196137881606887e-11,142,141,False,False,False,ffe996c6dea0702bbb884e7be4dca175145c2dd2ab2a4c8fed378fd0f3f62ccd,fee1e81c2d442cc1d6d9969192ad59d8e93d63fbd2273c2d830a7ca879a4a56b,1.8,2.09,True,2025-05-02T08:56:00+00:00,2025-05-02T08:56:00+00:00,0.5604184777630812,0.5587955068527618,0.5565227258776593
te:2883067,2025-05-02,2025,2025-05-02,piros,rincon-d1dab,2025-05-02T10:15:00+00:00,2025-05-01T22:07:00+00:00,0.0,2025-05-04T22:00:00+00:00,2025-05-02,1.77,2.11,0.5438144329896907,0.17570840090223716,0.6274349950757747,0.34552013877455134,0.65,0.11666666666666667,0.6602048299944349,0.6408170513840048,1.1884807027406907e-10,165,153,False,False,False,2b9bd45b20ed4567c6cdbf7bd6e71a3655b519c3e10d7ea42cc33357d104d015,02346e43aa6776ba2a6da3dcd61142aaa0618bba9d40b0689bab154e4b4d3a76,1.81,2.08,True,2025-05-02T08:29:00+00:00,2025-05-02T09:45:00+00:00,0.5581297844271657,0.5573722667557909,0.5588907364945909
te:2883115,2025-05-02,2025,2025-05-02,wawrinka-ffdb9,basavareddy,2025-05-02T13:30:00+00:00,2025-05-01T23:14:00+00:00,1.0,2025-05-04T22:00:00+00:00,2025-05-02,1.78,2.11,0.5424164524421594,0.17007458318398147,0.6213674687189028,0.32528190052477046,0.7333333333333333,0.1,0.7214233262544449,0.6634501050970605,2.2633256380188982e-11,91,170,False,False,False,b23d4eaf58588c022944b0653206a9e6504e8e6e5c079d142bd262aa1f6702cc,4d59d3af3a61e1e4cd2989c398dbdb064de23c5af524d1885005b1e33a5041d5,1.76,2.15,True,2025-05-02T12:50:00+00:00,2025-05-02T12:50:00+00:00,0.5568881996552645,0.5557147096261039,0.5573348942055293
te:2883207,2025-05-02,2025,2025-05-02,kym,blockx,2025-05-02T11:15:00+00:00,2025-05-01T23:57:00+00:00,,,,1.7,2.21,0.5652173913043478,0.2623642644674909,0.6268793707319318,0.2564880962548956,0.6666666666666666,0.13333333333333333,0.6931310022932986,0.6547317360800848,6.454758949558936e-11,173,122,False,False,False,95bb0bc8ef5f0cef1471a1f3454643ce3e248198c945d13f5447635bf652c7a9,98ccd8caf282c35379a025309f327853bccd614bfde6cd34806569e3c19a501a,1.69,2.25,True,2025-05-02T11:04:00+00:00,2025-05-02T11:04:00+00:00,0.5771265468639994,0.5748084749441309,0.5762128735977011
te:2883215,2025-05-02,2025,2025-05-02,pucinelli-de-almeida,midon,2025-05-02T14:10:00+00:00,2025-05-02T08:19:00+00:00,0.0,2025-05-04T22:00:00+00:00,2025-05-02,1.87,1.98,0.5142857142857141,0.057158413839947964,0.6064404846418378,0.3752158779656935,0.6,0.6,0.5430153221587091,0.5000000000000001,0.007832785698656197,157,164,False,False,False,c2adab0c7dd2771bb24dbaf2160fb67b5d72b93314b7b1a0137b4287a55a3fbb,8fcd77fff1107433ccfec5d60f58324fb4de3c04c383a7e077c299c2e8b75539,1.89,1.96,True,2025-05-02T13:06:00+00:00,2025-05-02T13:06:00+00:00,0.5318741408399604,0.5314455008589549,0.5304465138847132
te:2883245,2025-05-02,2025,2025-05-02,vukic,zapata-miralles,2025-05-02T13:55:00+00:00,2025-05-02T03:05:00+00:00,0.0,2025-05-04T22:00:00+00:00,2025-05-02,1.69,2.23,0.5688775510204082,0.27727305653704526,0.6429897474353309,0.3110912226470254,1.0333333333333334,0.26666666666666666,0.75151397556518,0.7106340697357264,4.592465296937576e-12,171,146,False,False,False,f73dc13e042bc6e6562050427a48ebd4166719078e5bcb24c32bca19fdf0bd1a,8277f4f5ee6178565c8b4c1faa0ce4a0ac4edf8b2073bfb88ed0b0c992f0b41c,1.68,2.28,True,2025-05-02T09:10:00+00:00,2025-05-02T12:59:00+00:00,0.5803735980069614,0.579166945896778,0.5799418987368363
te:2883649,2025-05-06,2025,2025-05-06,schoolkate,jasika,2025-05-06T07:30:00+00:00,2025-05-05T16:36:00+00:00,1.0,2025-05-08T22:00:00+00:00,2025-05-06,1.85,1.97,0.5157068062827225,0.06284790365966353,0.615191110782976,0.4063382457143481,1.6333333333333333,0.03333333333333333,0.7868006876225572,0.7021709768339583,3.966549311229528e-12,196,218,False,False,False,afcf1cced55d6a73bc8cf4e22804ae260bc27ab191f043ef1b8ef2223ca0d2b6,101f5ad9db3acd3a53b78e896a4458fc779398a237c2f6f9bea884b030759bf6,1.82,2.03,True,2025-05-06T07:14:00+00:00,2025-05-06T07:14:00+00:00,0.5331394336601993,0.5333486783105906,0.5355023890270517
te:2884507,2025-05-06,2025,2025-05-06,midon,sanchez-izquierdo-99add,2025-05-06T18:40:00+00:00,2025-05-05T22:00:00+00:00,0.0,2025-05-08T22:00:00+00:00,2025-05-06,1.91,1.91,0.5,0.0,0.6053343929757736,0.4277421791348309,2.783333333333333,0.21666666666666667,0.5457920284001665,0.5000000000000001,0.02074795209764098,169,166,False,False,False,484ed0354cd6768d4e3904bdf89cc17a21928c8dd1a0b40557b01f2e46539ee9,f3fe980154c9364bb0a99682bb8d841f274830d4d7998ed1a0471bef7588e6fc,1.9,1.93,True,2025-05-06T18:26:00+00:00,2025-05-06T18:26:00+00:00,0.5191425671608797,0.5196450767833634,0.5210420137633903
te:2884513,2025-05-06,2025,2025-05-06,mager,varillas,2025-05-06T20:50:00+00:00,2025-05-06T01:19:00+00:00,0.0,2025-05-08T22:00:00+00:00,2025-05-06,1.82,2.01,0.5248041775456919,0.09929822098228022,0.5841122808411319,0.24037968711828542,0.0,0.0,0.6280823472059804,0.727560028779514,6.271649866107509e-13,115,135,False,False,False,b1e4c9374d3e9670b379131b3689682a6d732ac9d2fb6c89103b72584c10dccc,111f814e00fe2846709b7b4eb769a062c4c7d50187e9d7b9d2fba56b0c41ea60,1.91,1.93,True,2025-05-06T20:39:00+00:00,2025-05-06T20:39:00+00:00,0.541234866663684,0.5381961892911011,0.5402359028307674
te:2886569,2025-05-06,2025,2025-05-06,paire-4a33b,fonio,2025-05-06T18:10:00+00:00,2025-05-05T20:26:00+00:00,1.0,2025-05-08T22:00:00+00:00,2025-05-06,1.79,2.04,0.5326370757180157,0.13073418800346137,0.6150983587099612,0.33806017539768274,2.066666666666667,0.5666666666666667,0.6837641530712872,0.7611666425793305,2.293578416079356e-08,96,181,False,False,False,8fc50bfc74f4110d674981bd896b72aab99d897f85bbe0a8ad70b7078ac2dd99,9fba833a604d39ff33a249f02d5e91dc3a4071aa9c898ff08ea5eac67aa839e7,2.06,1.79,True,2025-05-06T17:48:00+00:00,2025-05-06T17:48:00+00:00,0.5481993573501893,0.5471910158951253,0.5466033796399389
te:2887085,2025-05-09,2025,2025-05-09,bolt-fa7eb,lestienne,2025-05-09T03:10:00+00:00,2025-05-07T10:45:00+00:00,1.0,2025-05-11T22:00:00+00:00,2025-05-09,1.79,2.04,0.5326370757180157,0.13073418800346137,0.6521386366027927,0.49771896478924793,0.0,0.0,0.7369747027447455,0.7833049984387285,2.912909080610149e-10,110,155,False,False,False,9680e79b11b83042de7b3fa0cffe103e8ccc74654a9231b014a5a5b397307149,9325faaa6abfb35ed838d9b8872f7b37afd61234a10af34db63c1f2288ff8723,1.81,2.05,True,2025-05-09T02:52:00+00:00,2025-05-08T00:02:00+00:00,0.5481993573501893,0.5503818675746907,0.5524200373373815
te:2887849,2025-05-09,2025,2025-05-09,stricker,coppejans,2025-05-09T13:25:00+00:00,2025-05-07T16:13:00+00:00,0.0,2025-05-11T22:00:00+00:00,2025-05-09,1.76,2.13,0.5475578406169666,0.1908081706712732,0.6090365677633282,0.2524561089039711,0.3,0.3,0.5000000000000001,0.5356742113209885,0.002646014636852864,113,158,False,False,False,bc2dc55908df53579a769476a1fb9bff97c1b210d24ef004551837fcd8be3335,6a0157071a2caf1adb6d39e8b4aaf5dcaf6624dccb890ca82dfc0e7bada65276,1.78,2.12,True,2025-05-08T10:16:00+00:00,2025-05-09T05:45:00+00:00,0.5614538590343152,0.5588794648902148,0.5593780719671
te:2888385,2025-05-09,2025,2025-05-09,den-ouden,blockx,2025-05-09T09:10:00+00:00,2025-05-08T18:18:00+00:00,1.0,2025-05-11T22:00:00+00:00,2025-05-09,1.88,1.98,0.5129533678756476,0.051825067864585767,0.6200632083508673,0.43799145281179097,1.0333333333333334,0.0,0.6057163069913244,0.5927267202155742,8.359046788086744e-11,186,125,False,False,False,2f481be13281a57a31f94a7c7ad0348e671633dc53a21a0c400c80a6c37ef6b8,ea90e95ce93d16fa4bbe563986fabe936aea23f8f05ae9a811e45b382dfd4179,1.85,2.03,True,2025-05-09T05:33:00+00:00,2025-05-09T05:33:00+00:00,0.5306876786556054,0.5315090070878312,0.5337417451275582
te:2888387,2025-05-09,2025,2025-05-09,lajal,sanchez-jover,2025-05-09T09:10:00+00:00,2025-05-08T16:00:00+00:00,0.0,2025-05-11T22:00:00+00:00,2025-05-09,1.79,2.08,0.537467700258398,0.1501522738605631,0.6162463762274258,0.323493829205483,0.6166666666666667,0.016666666666666666,0.6419721720165601,0.6020833142624126,2.4215759952816995e-10,172,188,False,False,False,6bf238ec92216a48501806904f5ccada5175d08b2e338ed84a8f0d74f2ae8f8a,1a94822ed60b8a8d70ac00cdf7341ca4ccb1ed14f8f5aac2adea65561ef7df0a,1.83,2.05,True,2025-05-09T05:37:00+00:00,2025-05-09T06:55:00+00:00,0.5524921057257358,0.5512371222283863,0.5532790262325048
te:2888609,2025-05-09,2025,2025-05-09,pucinelli-de-almeida,midon,2025-05-09T20:45:00+00:00,2025-05-09T08:41:00+00:00,0.0,2025-05-11T22:00:00+00:00,2025-05-09,1.88,1.98,0.5129533678756476,0.051825067864585767,0.6084515878799318,0.3889831158086984,1.3,0.2,0.5374523951148509,0.5000000000000001,0.010294968386461795,167,171,False,False,False,717e12d42739adef74e1c18de5adf61d0e2049125a28539d4ce538b4083b275a,3802b60ec82d43102eb4fc92e548af90ad94d7292cb4bc74e10daf4ecc07a0c0,1.91,1.96,True,2025-05-09T20:05:00+00:00,2025-05-09T20:05:00+00:00,0.5306876786556054,0.5305239413331618,0.5317477722046571
te:2888633,2025-05-09,2025,2025-05-09,bolt-fa7eb,cui-f99f9,2025-05-09T08:05:00+00:00,2025-05-09T06:13:00+00:00,0.0,2025-05-11T22:00:00+00:00,2025-05-09,1.74,2.16,0.5538461538461539,0.2162231084696361,0.6388109161150431,0.353983796912155,0.85,0.21666666666666667,0.7049924565219041,0.6863682675435901,7.569081195146765e-10,108,154,False,False,False,7a5688d6a461b8175810029169bde3925380914a81fe175652b5c745275ff9c9,66a756b71f19244538e192bdbd51e91cc94448bfbde7e2945a177b8ecf17135b,1.73,2.17,True,2025-05-09T07:50:00+00:00,2025-05-09T07:18:00+00:00,0.5670361407868126,0.566537680809532,0.5675582670349918
te:2889271,2025-05-13,2025,2025-05-13,kym,zhukayev,2025-05-13T13:15:00+00:00,2025-05-12T16:39:00+00:00,,,,1.89,1.93,0.5052356020942408,0.020943173845242972,0.620389623541862,0.4702591302801716,1.1166666666666667,0.016666666666666666,0.8347199425595225,0.7401641350129444,1.5493828442458835e-11,172,149,False,False,False,c972657ca869fb7d61f1a07a9f65c6b8febb471e2a271e622d0adca1e51e46d6,107c2dfc06285a0e87319cc0c28a44fafbb7ab5d24641ce558de9c9ddf036fd3,1.86,1.98,True,2025-05-13T07:32:00+00:00,2025-05-13T08:54:00+00:00,0.523811254530109,0.5252152771233087,0.5273835781403041
te:2889545,2025-05-13,2025,2025-05-13,ymer,meligeni-rodrigues-alves,2025-05-13T10:15:00+00:00,2025-05-12T16:48:00+00:00,,,,1.67,2.24,0.5728900255754477,0.2936522394382851,0.6429808058234958,0.29467308784480517,1.3166666666666667,1.3166666666666667,0.7087666177323393,0.7472641001805541,1.0674044981229258e-11,142,151,False,False,False,9c0e0665bca63b38ee1f8ff27544a14e55fb274bef206f203169ba8f6f61b4bf,9950a3256184e3bce6334e7a30e8c0b6dea86e318c52dec936b9b123e37ee6f6,1.71,2.18,True,2025-05-13T02:25:00+00:00,2025-05-13T07:53:00+00:00,0.5839328767043527,0.5824420433271532,0.5778575577552406
te:2890721,2025-05-13,2025,2025-05-13,harris-5a94c,wawrinka-ffdb9,2025-05-13T18:40:00+00:00,2025-05-13T08:26:00+00:00,1.0,2025-05-15T22:00:00+00:00,2025-05-13,1.93,1.92,0.49870129870129865,-0.0051948168771042275,0.586721330091236,0.3556226772280212,0.0,0.0,0.7075172824407104,0.8216165995997621,2.163438872493373e-11,215,101,False,False,False,5966b90ba3fe4ee49d6bebb230436c0e13ae509ceca107c492f027629f303e96,a80dc6722c86278ce4804e4b26bc8e33c4ffffc800d31f29a7de1e38c99e048a,1.97,1.9,True,2025-05-13T14:58:00+00:00,2025-05-13T14:58:00+00:00,0.5179839805162749,0.5170217569360421,0.5190921261740269
te:2891049,2025-05-13,2025,2025-05-13,tseng-5c1bc,vasami-a02e2,2025-05-13T09:05:00+00:00,2025-05-12T16:03:00+00:00,0.0,2025-05-15T22:00:00+00:00,2025-05-13,1.83,2.04,0.5271317829457364,0.10863384100279519,0.599903256159434,0.2964281840124723,1.25,0.6833333333333333,0.6898429293193522,0.613391481913599,3.9308722943331986e-11,181,39,False,False,False,a655a4db6b279d1e23bd90170bc800dd9789307562fb973409e40faa1602fbf4,fa0094be9ce4a4817aa3ec067ca61f0d9806d812335b46c7e5cc343141c3933e,1.87,2.0,True,2025-05-13T06:06:00+00:00,2025-05-13T08:57:00+00:00,0.5433049364782114,0.5414121814626531,0.5400761783281793
te:2891053,2025-05-13,2025,2025-05-13,zapata-miralles,evans-cf2af,2025-05-13T08:40:00+00:00,2025-05-12T17:59:00+00:00,0.0,2025-05-15T22:00:00+00:00,2025-05-13,1.8,1.98,0.5238095238095238,0.09531017980432496,0.6382664154067746,0.4725376086698978,0.6166666666666667,0.6166666666666667,0.6968802696773444,0.6839251979263855,4.2357267693304834e-10,149,128,False,False,False,ba984168333efca0e64559d300577e67f10d38cebe2e28d317a4fa4f0a785146,a6194f2651cbdbbc1e12655e90efbab562e7a0b687e09f385a5f3a6eb4466d65,1.91,1.88,True,2025-05-13T05:13:00+00:00,2025-05-13T05:02:00+00:00,0.5403501246562115,0.5419567704486856,0.5408752354771419
te:2891127,2025-05-13,2025,2025-05-13,pellegrino-fd654,napolitano,2025-05-13T10:55:00+00:00,2025-05-12T16:50:00+00:00,1.0,2025-05-15T22:00:00+00:00,2025-05-13,1.88,1.88,0.5,0.0,0.5862622176558165,0.34853476271662637,0.2833333333333333,0.2833333333333333,0.6757102993742253,0.5861696999350804,3.565447453945936e-08,153,64,False,False,False,247cb52980c6e61b9e99ae0081c7290cf40827b30766f5d3ed9182f74241fd33,11a2029324957e3d397b8d2f1d450eea9544cb2caada0a076aef03bac4919ce7,1.79,2.01,True,2025-05-13T10:36:00+00:00,2025-05-13T10:36:00+00:00,0.5191425671608797,0.5180491322482138,0.5186716270031392
te:2894969,2025-05-16,2025,2025-05-16,sakamoto-b1d5b,barreiros-reyes,2025-05-16T15:10:00+00:00,2025-05-15T08:20:00+00:00,1.0,2025-05-18T22:00:00+00:00,2025-05-16,1.95,1.9,0.49350649350649356,-0.025975486403260445,0.6065091572870374,0.45863751704132827,1.15,0.5166666666666667,0.7030615395805553,0.6316176898078452,4.4287483569327435e-08,134,91,False,False,False,f1fe6b314ddf1e4d75fb9975f768f10568bc69fead2cd22d7d8c5f018f1467a4,efeaa807460bfffe69065805f4dc4f44db2ad3c91bfe7dcd359f621682825497,2.03,1.85,True,2025-05-16T02:24:00+00:00,2025-05-16T02:24:00+00:00,0.513347511356142,0.5144159860000738,0.51396212612795
te:2895123,2025-05-16,2025,2025-05-16,hijikata,hassan-1d510,2025-05-16T08:40:00+00:00,2025-05-15T21:05:00+00:00,1.0,2025-05-18T22:00:00+00:00,2025-05-16,1.76,2.12,0.5463917525773196,0.1861022796338609,0.6476847234276726,0.4227753135964913,0.0,0.0,0.7136876250527725,0.7352606688587277,1.1940934419030214e-07,163,187,False,False,False,60ae0f5afce77c0c616d32adc183a46569fc99706c4f59ddf9b3a7a500cb4da4,870be54e3efd4fd9b5ba7401dd4ad95101877c744bdaf846eaf0c8fd28ed658b,1.81,2.07,True,2025-05-16T08:12:00+00:00,2025-05-16T08:12:00+00:00,0.5604184777630812,0.5612204510388041,0.5632370189892921
te:2895223,2025-05-16,2025,2025-05-16,krueger-d6035,habib,2025-05-16T12:10:00+00:00,2025-05-15T23:11:00+00:00,0.0,2025-05-18T22:00:00+00:00,2025-05-16,1.63,2.36,0.5914786967418546,0.3700816042188476,0.6616776558413359,0.30069778645979217,0.55,0.016666666666666666,0.7466599945179446,0.7663584632881449,1.1685097334179773e-14,151,164,False,False,False,c2ecb48dfb9e290d4a63e96164da49aaa12fb6e91906cea984e73af0fce847d1,f6d6f8a188e48da203bbce3a0fcda6b31e52041985d636607d4021cf4f03daed,1.66,2.32,True,2025-05-16T11:48:00+00:00,2025-05-16T11:48:00+00:00,0.6004203705447918,0.599226980015185,0.6011658883526941
te:2895301,2025-05-16,2025,2025-05-16,garin,burruchaga,2025-05-16T13:45:00+00:00,2025-05-15T23:11:00+00:00,1.0,2025-05-18T22:00:00+00:00,2025-05-16,1.82,2.05,0.5297157622739017,0.11900329206161245,0.6078691822045953,0.3193609029218979,1.0666666666666667,0.5,0.5391435803050062,0.5000000000000001,0.00882661990652675,134,201,False,False,False,9856ec24b44628ae55bc24d44ffb68d3f7deb137594f2355e1450bfc5665ba77,2b1536985375eb0307f84e8f150fd7432a6bb66fbce552455869260aa03d13a3,1.87,2.0,True,2025-05-16T13:06:00+00:00,2025-05-16T13:06:00+00:00,0.5456024916258041,0.544193135584047,0.5437882890779708
te:2896257,2025-05-16,2025,2025-05-16,sakamoto-b1d5b,rodrigues-a6e6d,2025-05-16T19:45:00+00:00,2025-05-16T18:01:00+00:00,1.0,2025-05-18T22:00:00+00:00,2025-05-16,1.88,1.97,0.5116883116883117,0.04676176590803954,0.6053177411919152,0.38091071319994085,1.4166666666666667,0.7833333333333333,0.5954017441220985,0.54415071820184,4.090149052782266e-11,134,70,False,False,False,9efdd9e2d61d5ac1d296300d3ecbbeb40c8dca2804369841046dd75199300a22,6bc239690197de7c6a04fa70f7440de7b80ae3eaf89e07bb49528012b3825bac,1.81,2.06,True,2025-05-16T19:34:00+00:00,2025-05-16T19:34:00+00:00,0.5295609694723343,0.5292237226590623,0.5273976263845184
te:2897529,2025-05-20,2025,2025-05-20,geerts,mrva,2025-05-20T14:20:00+00:00,2025-05-19T17:09:00+00:00,0.0,2025-05-22T22:00:00+00:00,2025-05-20,1.78,2.07,0.5376623376623377,0.1509352429732842,0.6216626958106944,0.3456762761333755,1.25,0.11666666666666667,0.650373407964107,0.6198185245558451,5.062978353231884e-08,215,72,False,False,False,f6df1624647e297c65a1e1290feb2e1c3369555ecce3ea50f4b3bff7392f408c,d60bcb3be31f5de4cbf00404baf86903fae0fee8f16654bc40e5e25555b9d6e6,1.8,2.05,True,2025-05-20T08:05:00+00:00,2025-05-20T08:05:00+00:00,0.5526650367616196,0.5518546709814058,0.5534801624699036
te:2897537,2025-05-20,2025,2025-05-20,poljicak,ivanovski,2025-05-20T13:00:00+00:00,2025-05-19T16:49:00+00:00,1.0,2025-05-22T22:00:00+00:00,2025-05-20,1.73,2.13,0.5518134715025906,0.208000571211646,0.6391033206322092,0.3634738505950103,1.6666666666666667,0.6,0.7390061444324235,0.6989930476954243,3.491897881957584e-10,196,58,False,False,False,b70449ed601acca3946c52645ccfbee46daf5e5a1d72bf36601d6ac1455124a6,7adfea13bfec0f70b332e07f85ba8ecebfc7face2bec147d59804eb1667be832,1.79,2.07,True,2025-05-20T11:54:00+00:00,2025-05-20T11:54:00+00:00,0.5652318867449553,0.5649033599612957,0.5640712482642427
te:2898363,2025-05-20,2025,2025-05-20,bax-6f3c7,uchida-ea757,2025-05-20T10:10:00+00:00,2025-05-19T18:28:00+00:00,1.0,2025-05-22T22:00:00+00:00,2025-05-20,1.67,2.24,0.5728900255754477,0.2936522394382851,0.6160501861769708,0.1791643409657231,1.4166666666666667,1.4166666666666667,0.6238127116724504,0.5893747152093104,4.4040318614158025e-09,168,146,False,False,False,b7842262f12e74a934622e636d349ba7013b78882672b7af5df3df4ba97dbbbb,2ac29b3126af7c9edb7a3612ced724414adfb9d279514813653078f7a657ffac,1.66,2.27,True,2025-05-20T05:32:00+00:00,2025-05-20T05:32:00+00:00,0.5839328767043527,0.580172988744074,0.5750767127691577
te:2899813,2025-05-20,2025,2025-05-20,fatic-cddef,alvarez-varona,2025-05-20T10:25:00+00:00,2025-05-19T17:56:00+00:00,1.0,2025-05-22T22:00:00+00:00,2025-05-20,1.7,2.18,0.5618556701030928,0.24869662573882725,0.6193067064448579,0.2379099640745955,1.7333333333333334,0.03333333333333333,0.6078852090456117,0.5900650622451226,3.707465445756952e-10,136,187,False,False,False,251adfcaeecaff5fa47bba23c75639532785eac9c19762d6658118b993a834f8,b424fc04e364ddfb2432907ad676b60a58e5e793a8e31c00c4ec4ecad7306b22,1.79,2.07,True,2025-05-20T09:22:00+00:00,2025-05-20T09:22:00+00:00,0.5741439384949062,0.5714249135975303,0.5735254598640905
te:2899815,2025-05-20,2025,2025-05-20,agamenone,shelbayh,2025-05-20T13:35:00+00:00,2025-05-19T17:57:00+00:00,1.0,2025-05-22T22:00:00+00:00,2025-05-20,1.81,2.03,0.5286458333333333,0.11470894777596129,0.6231122576281384,0.38807036607349354,0.3333333333333333,0.3333333333333333,0.6795150205267612,0.6397796305832849,2.6057186963690526e-09,140,147,False,False,False,dbf8c3143f92132516511ed33354851c1e461afa8d4d17f0f4cdbb01e21d678a,8f98d9a75193496aa7e4ceda8d8fd7204e0224a48c2fd50de55464c200307f29,1.83,2.02,True,2025-05-20T12:00:00+00:00,2025-05-20T12:00:00+00:00,0.5446512253599418,0.5446076716111116,0.544957641243126
te:2902581,2025-05-23,2025,2025-05-23,clarke-60a59,dellien,2025-05-23T08:40:00+00:00,2025-05-22T18:03:00+00:00,1.0,2025-05-25T22:00:00+00:00,2025-05-23,1.96,1.89,0.49090909090909085,-0.03636764417087508,0.5808324596095104,0.3625592961430165,1.1333333333333333,1.1333333333333333,0.5536456921109788,0.6455329862123981,9.507064663294429e-09,206,193,False,False,False,0a13cdda128bf13348d1660e6a1018d928d1c39bbb91fad61fedc62bad24fc2e,02cf3e0d76ab27c8c124e7a07942627f514677c0b8ca19fbdfbddc2fe108cd08,1.95,1.92,True,2025-05-23T08:05:00+00:00,2025-05-23T08:05:00+00:00,0.5110279581530294,0.5101360789715266,0.5064204941697922
te:2904491,2025-05-27,2025,2025-05-27,tseng-5c1bc,dellien-e101c,2025-05-27T19:20:00+00:00,2025-05-25T21:55:00+00:00,0.0,2025-05-29T22:00:00+00:00,2025-05-27,1.98,1.84,0.48167539267015713,-0.07333127308554936,0.5593636254885349,0.3119110398583019,0.9833333333333333,0.08333333333333333,0.6412351147024561,0.5274913309025483,8.512534566129659e-10,189,161,False,False,False,97b9e01de81a5560d6febcfcc14c67eedd4aeb598f9c87d0d52b61e6792ebe7c,9f787b998e2c70690ff8a02137de34410fa9907d78c4a04249b36897a1395bed,1.99,1.85,True,2025-05-26T15:57:00+00:00,2025-05-26T15:57:00+00:00,0.5027744327241636,0.5007785935619881,0.5025846998833569
te:2904523,2025-05-27,2025,2025-05-27,imamura-da963,samrej-f05ce,2025-05-27T16:25:00+00:00,2025-05-25T21:48:00+00:00,1.0,2025-05-29T22:00:00+00:00,2025-05-27,1.79,2.04,0.5326370757180157,0.13073418800346137,0.6178433262670614,0.34967005476202784,0.5833333333333334,0.016666666666666666,0.5795589480907094,0.5991986319945801,1.0042592452075283e-08,165,162,False,False,False,4f1b2013d28f54aa350e0d196dab83ca65bc38a1ff8070063470e9a83a3b642b,ab483c0a078f16ffa737f863d801236ffa14b0087f9bd60923d5082e78b528be,1.81,2.03,True,2025-05-25T22:48:00+00:00,2025-05-25T22:48:00+00:00,0.5481993573501893,0.5474231785070596,0.5494667450622446
te:2904971,2025-05-27,2025,2025-05-27,kicker,kirchheimer,2025-05-27T21:10:00+00:00,2025-05-25T07:25:00+00:00,0.0,2025-05-29T22:00:00+00:00,2025-05-27,2.08,1.72,0.4526315789473684,-0.1900436028878651,0.5472982514249349,0.3798039891395942,0.0,0.0,0.6243022391169478,0.5000000000000001,0.02331559853410667,127,134,False,False,False,18cf9b466f4348fd01f416cce2ec8e896015823c066230c34092144097dc7151,abb80570c1b297a8b7bdaa14757c583dac98a0d0ececa50de3493d1780fffc02,2.06,1.75,True,2025-05-27T19:41:00+00:00,2025-05-27T18:35:00+00:00,0.47672530272558267,0.4758436054762629,0.4779403538169651
te:2904977,2025-05-27,2025,2025-05-27,quan,martin-23226,2025-05-27T21:35:00+00:00,2025-05-25T07:29:00+00:00,,,,2.02,1.76,0.4656084656084655,-0.13778370236305332,0.6120433136935313,0.5936930562189855,0.5333333333333333,0.5333333333333333,0.5246073617596283,0.5000000004195355,0.02711150630333567,41,160,False,False,False,cd3106ff387d533ab9c7999b2a06376e3e02be3c92f92f4d995d89da7eaec56e,95d0bbea1892093c647f92a89ba7343c58ae9f17d7c2fc88d2622f3b96593d69,1.99,1.81,True,2025-05-27T08:17:00+00:00,2025-05-27T08:17:00+00:00,0.48838204566575083,0.49192814686057956,0.4913051979383027
te:2906943,2025-05-27,2025,2025-05-27,bondioli,jianu-c67fb,2025-05-27T17:15:00+00:00,2025-05-26T21:29:00+00:00,0.0,2025-05-29T22:00:00+00:00,2025-05-27,1.92,1.9,0.4973821989528796,-0.010471299867295303,0.5896968596366972,0.3731836542609171,2.1333333333333333,0.23333333333333334,0.5000000000000001,0.5749243583061748,0.00033062101283810874,163,196,False,False,False,77f89193d57e4a42decf3e588ab46a8c9f18cf3777758953344ed84926be5026,13c8074be25c5b97b9d11ebf0c6deaa10a9a4eb7aae91335cd3273ddad077d26,1.91,1.93,True,2025-05-27T17:06:00+00:00,2025-05-27T17:06:00+00:00,0.5168069821657151,0.5161869400733174,0.5173865426116089
te:2909485,2025-05-30,2025,2025-05-30,kypson,zink-30580,2025-05-29T22:05:00+00:00,2025-05-29T08:50:00+00:00,0.0,2025-06-01T22:00:00+00:00,2025-05-30,1.85,1.96,0.5144356955380577,0.05775883415219216,0.6183712866859653,0.424882049145635,0.8666666666666667,0.16666666666666666,0.8027357800028303,0.7161379478965406,4.350686477749832e-13,95,178,False,False,False,553857df47588cf39a18ea40fdcf865f8696a5ab6a23e661d0032f58be085d73,c52a4c6be530220986bd4ff76e01cb5d1e6dda28cbf481f298cb1d6d584b3a06,1.9,1.93,True,2025-05-29T21:10:00+00:00,2025-05-29T21:10:00+00:00,0.5320076887041535,0.5325784032823778,0.533905153990953
te:2909803,2025-05-30,2025,2025-05-30,hussey-d2863,uchida-ea757,2025-05-30T08:15:00+00:00,2025-05-29T17:20:00+00:00,1.0,2025-06-01T22:00:00+00:00,2025-05-30,1.78,2.1,0.5412371134020618,0.16532398042538338,0.5989863706875043,0.235919448948528,0.6166666666666667,0.6166666666666667,0.6973442215382304,0.6183410767819357,8.033851361943789e-12,120,148,False,False,False,d73c0c6978d416d0b9f138a715699b4977b7bc5ac7dccc560233c2ba4de3027e,592bc43e52a5433f65c4f2e4c3fae725ef462fd4e40df7cbff9814b80019f192,1.81,2.07,True,2025-05-29T17:48:00+00:00,2025-05-30T02:51:00+00:00,0.5558407051403089,0.552874023974008,0.5517757314193128
te:2909923,2025-05-30,2025,2025-05-30,rodesch,mena-99e7a,2025-05-30T12:20:00+00:00,2025-05-29T20:43:00+00:00,0.0,2025-06-01T22:00:00+00:00,2025-05-30,1.79,2.08,0.537467700258398,0.1501522738605631,0.6341222174097311,0.3997900836519568,0.0,0.0,0.7779569254710589,0.7140318130104457,2.3732598775083602e-08,212,143,False,False,False,b3a1cff7bd9134ee845897aa97a2e62bffd08e4405c9473b30f9563c78106e6f,85975bd1306392676182afd165bec3a7204086f71da6b377a27309797b5c17cb,1.82,2.06,True,2025-05-30T08:35:00+00:00,2025-05-29T21:01:00+00:00,0.5524921057257358,0.5527599473744228,0.5547886676984937
te:2910035,2025-05-30,2025,2025-05-30,andrade-58258,nakagawa-7463c,2025-05-30T17:05:00+00:00,2025-05-30T05:18:00+00:00,0.0,2025-06-01T22:00:00+00:00,2025-05-30,1.93,1.92,0.49870129870129865,-0.0051948168771042275,0.6163994292341519,0.4794881634284898,0.5666666666666667,0.5666666666666667,0.7659794343205729,0.6884474949885461,6.756944975760959e-09,118,120,False,False,False,744a584ad7faaeeb1ccd7c7b1e34ca43b6c666f29c9a37295f3a4ff6a7c38cf1,466c69b084d47387713c3e82ad23157fee9466c98fc0f26a427840fe5060c373,1.97,1.9,True,2025-05-30T15:18:00+00:00,2025-05-30T15:18:00+00:00,0.5179839805162749,0.5195177248626552,0.518700575677677
te:2910037,2025-05-30,2025,2025-05-30,zheng-c91db,martin-e6e6e,2025-05-30T18:45:00+00:00,2025-05-30T05:58:00+00:00,0.0,2025-06-01T22:00:00+00:00,2025-05-30,1.88,1.97,0.5116883116883117,0.04676176590803954,0.6228391069286915,0.4548545957154618,0.0,0.0,0.6276968810185948,0.6131314093058117,3.0776345777416836e-08,40,159,False,False,False,a1a1e6d22b2d0f9e09d7a6eb15d1dfc4af31644301264d97cb145e0252bf7b2a,7eee2e25a7499945959eddc02f74815c12ea522125a1d366dd1915a2bbdabb22,1.92,1.95,True,2025-05-30T18:40:00+00:00,2025-05-30T18:40:00+00:00,0.5295609694723343,0.5307103732691789,0.532772212085241
te:2910049,2025-05-30,2025,2025-05-30,kypson,noguchi-08bde,2025-05-30T17:05:00+00:00,2025-05-30T05:57:00+00:00,0.0,2025-06-01T22:00:00+00:00,2025-05-30,1.81,2.06,0.5322997416020672,0.12937913752375527,0.6389728639386982,0.4415297248497402,0.35,0.35,0.786302527708612,0.7239519368854715,1.2997591891661386e-09,95,148,False,False,False,4adda55900eedcc4d94f08afc44c568626adb33c76ef775b13c22cfd0df2ec0a,55a6fea5fa3a9b8a2557387c69d4182f4ca92337e16fbbd0e9f47c8c0ff6a37d,1.85,2.02,True,2025-05-30T15:56:00+00:00,2025-05-30T16:43:00+00:00,0.5478995214533501,0.5489566847837539,0.5492220764325193
te:2911027,2025-06-03,2025,2025-06-03,rincon-d1dab,nardi-e2cda,2025-06-03T16:05:00+00:00,2025-06-01T16:49:00+00:00,1.0,2025-06-05T22:00:00+00:00,2025-06-03,1.85,1.98,0.5169712793733681,0.06791120561621009,0.609324636001598,0.3765630400919744,0.0,0.0,0.6430333307217481,0.7137538878588259,4.507866940839378e-09,150,150,False,False,False,f5ed22d1a002ce7141681d529a9d3d96115056b706890cc27bc4c2d9c004c100,4e1a7c07af17efb2c6b5aa08b64e30ba9c8fee0c86929912532bbdf151047e30,1.82,2.02,True,2025-06-03T08:35:00+00:00,2025-06-03T08:35:00+00:00,0.5342651098742945,0.5338874347363771,0.5359407539086797
te:2911395,2025-06-03,2025,2025-06-03,moreno-de-alboran-a31d1,o-connell-020b8,2025-06-03T15:40:00+00:00,2025-06-01T15:06:00+00:00,0.0,2025-06-05T22:00:00+00:00,2025-06-03,1.56,2.45,0.6109725685785536,0.45140220329519004,0.6374048198962365,0.11271575483332213,0.0,0.0,0.717229950713087,0.7775163458768067,3.171850643246543e-09,124,135,False,False,False,df744d7c85ce243b22e79fb559f8d95514800894e80d18001c152e833f198ab2,63105b950cef74c0dea00c04819791c86c868b78ff9c88015a84c8c51d73fa82,1.6,2.4,True,2025-06-03T13:55:00+00:00,2025-06-03T13:55:00+00:00,0.6177157653591221,0.6131181944668264,0.6150092042426415
te:2911409,2025-06-03,2025,2025-06-03,mannarino-a7108,nishioka,2025-06-03T12:00:00+00:00,2025-06-01T15:02:00+00:00,,,,1.66,2.25,0.5754475703324808,0.304112613847877,0.6359284019389002,0.25362282132308767,0.0,0.0,0.7033514512766219,0.6784807056345225,1.0573127845470154e-08,150,105,False,False,False,c5fd8e8e0e656cf188d2963dfe294b47af757bc5907f1031a91305f3db39c9d0,d95eb1a2e301d2ffcf8ee3e07b138403ee9b354f6fbf79bcb81b3bf49b701692,1.67,2.26,True,2025-06-03T11:49:00+00:00,2025-06-03T11:49:00+00:00,0.5862014217252663,0.5839306396870716,0.5858953242239251
te:2911815,2025-06-03,2025,2025-06-03,martin-e6e6e,dougaz,2025-06-03T15:10:00+00:00,2025-06-03T07:38:00+00:00,0.0,2025-06-05T22:00:00+00:00,2025-06-03,1.67,2.23,0.5717948717948719,0.28917795904336396,0.631170075694738,0.24806177272217722,1.35,0.38333333333333336,0.65883770279363,0.6588377027936475,3.2362865165502797e-10,163,185,False,False,False,85805d12959947e096bd51d047155791736c1a6a25dfc16fdafefa655304f5c8,2c41c8211ae7989771d4b71701671f7247aeae191988d4e67dee7de1253a0f64,1.68,2.24,True,2025-06-03T14:11:00+00:00,2025-06-03T14:11:00+00:00,0.5829614452350523,0.5805441866515826,0.580765729107518
te:2913463,2025-06-03,2025,2025-06-03,mrva,pokorny-6f34e,2025-06-03T13:10:00+00:00,2025-06-02T17:33:00+00:00,0.0,2025-06-05T22:00:00+00:00,2025-06-03,1.91,1.91,0.5,0.0,0.618926961985332,0.4849962145808018,0.3333333333333333,0.3333333333333333,0.5849474246126573,0.6004289860414884,1.3273885324238677e-09,74,196,False,False,False,5a5c2d34278fad0b1c8f28201a9982f488c57c6470fdf58a795d6b427f31ff96,42e3b3c9f3abfab67c51c29548b8909b91a5d384ade0be6c90f23c252805b124,1.93,1.9,True,2025-06-02T22:19:00+00:00,2025-06-03T07:33:00+00:00,0.5191425671608797,0.5207984365196174,0.5211719366049195
te:2914567,2025-06-03,2025,2025-06-03,wu-9762d,maloney-d0a78,2025-06-03T17:15:00+00:00,2025-06-03T07:46:00+00:00,1.0,2025-06-05T22:00:00+00:00,2025-06-03,2.13,1.73,0.4481865284974093,-0.20800057121164622,0.5396151133925703,0.3667938540114804,0.7666666666666667,0.7666666666666667,0.63146810485588,0.5000000000000001,0.000285523827716877,36,176,False,False,False,adf74f58f5895f0093b9770919067b7bfb170df24d70cefcf823e5a398ba1ce8,672dcf0fa88e30b1b01fbef1d258b6f24af8f1a22c17280166479008946bf2ea,2.19,1.7,True,2025-06-03T15:18:00+00:00,2025-06-03T15:18:00+00:00,0.4727251458563267,0.47154297627614405,0.4697326264924984
te:2916417,2025-06-06,2025,2025-06-06,zhou-472f7,noguchi-08bde,2025-06-06T17:55:00+00:00,2025-06-06T00:23:00+00:00,0.0,2025-06-08T22:00:00+00:00,2025-06-06,1.84,2.02,0.5233160621761658,0.09333193979221903,0.6094580488354956,0.3517027850742583,0.9166666666666666,0.35,0.5580499088517006,0.6020656542776761,5.558293908469736e-09,110,153,False,False,False,a4c72119d78f76bcf9a85901b4c4d49a9cbb9b69d15e8e6d7cfde3ae3990c0cb,4146082824d1c29ecef0aabbe26411727b09e0abe6d433e31fa520e7faff599b,1.85,2.03,True,2025-06-06T12:12:00+00:00,2025-06-06T16:47:00+00:00,0.5399111598124339,0.5390913871686291,0.5394533502553633
te:2916427,2025-06-06,2025,2025-06-06,holt-669c7,mannarino-a7108,2025-06-06T10:10:00+00:00,2025-06-05T09:01:00+00:00,0.0,2025-06-08T22:00:00+00:00,2025-06-06,1.68,2.27,0.5746835443037974,0.3009860380781436,0.6516344905548036,0.32524552626869285,0.0,0.0,0.7235515847295171,0.7392953955997194,4.273982889824168e-09,187,150,False,False,False,7453ded3b9be24e290eeed576ca785f17de34191a0cf0b88b12758a8d3f6f5dd,dd4cb6b915729737039c6186705f765e8a38cabd02c215186ab0542ac3f9805b,1.69,2.26,True,2025-06-06T09:52:00+00:00,2025-06-06T09:52:00+00:00,0.5855237386921702,0.5846496053409155,0.5866170340717926
te:2916565,2025-06-06,2025,2025-06-06,sell-1ce74,martin-e6e6e,2025-06-06T18:15:00+00:00,2025-06-06T00:23:00+00:00,1.0,2025-06-08T22:00:00+00:00,2025-06-06,1.86,2.0,0.5181347150259067,0.07257069283483525,0.613744425913335,0.3905086448175589,1.0,0.13333333333333333,0.5000000000927401,0.515132487302419,0.020337690160440583,130,165,False,False,False,2246bd34ee96b8729d4a859637fd6e8e9bccb4611780a96643ce9dc051c2874f,f210e310be9ad9ccfe6b31d3c527effeb9359488d36cea51db742d3c497371ef,1.87,2.01,True,2025-06-06T17:53:00+00:00,2025-06-06T17:53:00+00:00,0.5353007017742084,0.5352133791788634,0.5367327561699498
te:2916791,2025-06-06,2025,2025-06-06,dellien,sachko,2025-06-06T09:05:00+00:00,2025-06-05T21:05:00+00:00,0.0,2025-06-08T22:00:00+00:00,2025-06-06,1.78,2.1,0.5412371134020618,0.16532398042538338,0.6031504198359758,0.2532853200427572,0.8666666666666667,0.1,0.5508392803585465,0.5000000000000001,0.002287142089642563,207,222,False,False,False,f217b54de89206a909bb16a673611cc464d46f8978f5ed664a5e7d4a12dd4493,440afcc2dc9cbfca731e947b3c927fcf9049127ef3c1741532cf7f4843f7da39,1.76,2.16,True,2025-06-06T08:59:00+00:00,2025-06-06T08:42:00+00:00,0.5558407051403089,0.5532204816768085,0.5548619267609026
te:2917035,2025-06-06,2025,2025-06-06,wu-9762d,rybakov,2025-06-06T16:10:00+00:00,2025-06-06T00:23:00+00:00,0.0,2025-06-08T22:00:00+00:00,2025-06-06,2.13,1.76,0.4524421593830334,-0.19080817067127342,0.5311805094676075,0.3156922638797518,1.6166666666666667,0.08333333333333333,0.7913195543087995,0.6442670409877091,3.757572086815486e-09,42,143,False,False,False,ae5abe5ee2f430da8884e6d313dbb938c023fa46cc156a2525c4307507bb1134,60ca878e00c8052ed699cb0e9ccc033e8c08d2f83b3ea2d22bf7590de1ae68b7,2.14,1.77,True,2025-06-06T15:23:00+00:00,2025-06-06T15:23:00+00:00,0.4765549204125202,0.47438117369718996,0.4763063832050323
te:2918379,2025-06-10,2025,2025-06-10,barrios-vera,vatutin,2025-06-10T10:40:00+00:00,2025-06-09T18:14:00+00:00,0.0,2025-06-12T22:00:00+00:00,2025-06-10,2.07,1.78,0.4623376623376624,-0.15093524297328376,0.5577894300718623,0.3831305974853399,0.7166666666666667,0.7166666666666667,0.6321312312702723,0.5173784475092318,2.7232257948650584e-08,208,192,False,False,False,07bbe7206aff3e1ec0a34bbe4ea2c84e43a24c7a49d9e41c1e15cb7db7e02d17,900c8401b7e7cbc56d8a8926dd16e72da3d9a302b12fd8e8a7ea9b722d933c86,2.0,1.84,True,2025-06-10T08:32:00+00:00,2025-06-10T08:32:00+00:00,0.4854468617146725,0.4847173124966009,0.4831503936192923
te:2919241,2025-06-10,2025,2025-06-10,harris-9f62b,blanchet,2025-06-10T10:10:00+00:00,2025-06-09T18:09:00+00:00,0.0,2025-06-12T22:00:00+00:00,2025-06-10,1.85,1.97,0.5157068062827225,0.06284790365966353,0.5852590907341677,0.2815527254263448,1.3166666666666667,1.3166666666666667,0.8545068778067578,0.7331750023119097,2.7015460424273385e-09,68,131,False,False,False,a6f899b6ad0d318629597276362e9904d11056683d77f6c0a167b0255d22581f,0ed608fc0e770bd00c94410f3fe128e8242541c4376e226708116e096ee9b461,1.98,1.86,True,2025-06-10T09:04:00+00:00,2025-06-10T09:04:00+00:00,0.5331394336601993,0.5308411840176182,0.5261840921148223
te:2919243,2025-06-10,2025,2025-06-10,pinnington-jones,kukushkin,2025-06-10T10:10:00+00:00,2025-06-09T18:08:00+00:00,0.0,2025-06-12T22:00:00+00:00,2025-06-10,1.85,1.97,0.5157068062827225,0.06284790365966353,0.6172847322623629,0.4151912059125964,0.5,0.5,0.563540161209305,0.5647482751983987,1.7243266425825965e-08,116,147,False,False,False,36466ea04d1ea0da49f6454a9591e2d428620cfed4d38637e110d0771c6f1d83,608000e25e0b05fdec80840484a2e79bd729b5903fa800ef1a371deb51243f65,1.84,2.0,True,2025-06-10T09:59:00+00:00,2025-06-10T09:59:00+00:00,0.5331394336601993,0.5335265110361074,0.533038205088708
te:2921281,2025-06-10,2025,2025-06-10,durasovic,campana-lee,2025-06-10T14:45:00+00:00,2025-06-09T18:08:00+00:00,1.0,2025-06-12T22:00:00+00:00,2025-06-10,1.76,2.09,0.5428571428571429,0.1718502569266595,0.6254354736046068,0.3408338197175897,0.9,0.3333333333333333,0.6336629055490892,0.6278021085606001,9.961351188358947e-11,185,134,False,False,False,2fd190714eebd1ac8453162384701fbd1b630d35c66b7848bcca270eef273460,b2d306959f26b1f3b6a54f3dba1e70a8ce5f92059bce59d103c18ac090819013,1.79,2.07,True,2025-06-10T07:31:00+00:00,2025-06-10T07:31:00+00:00,0.5572796013678407,0.556420020456592,0.5568518410125689
te:2922275,2025-06-10,2025,2025-06-10,cilic,jubb,2025-06-10T11:25:00+00:00,2025-06-09T22:59:00+00:00,1.0,2025-06-12T22:00:00+00:00,2025-06-10,1.76,2.09,0.5428571428571429,0.1718502569266595,0.5863472729833823,0.17703517495087429,0.8166666666666667,0.8166666666666667,0.7830415674182426,0.6759090559322766,2.5981994333790226e-13,92,109,False,False,False,2c7a7d41ec7aed0625075b4eee065b59762eadc92c9c8f35ec466ff1e2f913d0,0f2cc1b442fb445e63dfee68be7ae26a4b0f0c5bff938812cd2a08f86db2b297,1.65,2.3,True,2025-06-10T08:41:00+00:00,2025-06-10T10:54:00+00:00,0.5572796013678407,0.5531546494609939,0.5510410791976731
te:2922657,2025-06-10,2025,2025-06-10,pacheco-mendez,cecchinato,2025-06-10T11:00:00+00:00,2025-06-10T01:08:00+00:00,0.0,2025-06-12T22:00:00+00:00,2025-06-10,1.73,2.13,0.5518134715025906,0.208000571211646,0.6334266971417133,0.33894520182288784,0.95,0.95,0.6889515273679905,0.6676574548488586,4.714159787533312e-08,156,116,False,False,False,39f5b8b68be40d3069ad6539a09a2c601e59e05094511b45c5a6b9192a07fffb,0ce34f3bf25bbf8c8724366f78f82007ec4de976410696928fdde1e1d0275b3f,1.76,2.11,True,2025-06-10T10:09:00+00:00,2025-06-10T10:09:00+00:00,0.5652318867449553,0.5644167074230788,0.5616453695145245
te:2924655,2025-06-13,2025,2025-06-13,blanch-5d667,pucinelli-de-almeida,2025-06-13T14:10:00+00:00,2025-06-12T06:01:00+00:00,1.0,2025-06-15T22:00:00+00:00,2025-06-13,1.99,1.86,0.4831168831168831,-0.06755815101129117,0.5599929853584444,0.30869173936399796,0.6,0.6,0.5000000000000001,0.6116125428851532,0.008935609665479433,164,172,False,False,False,bea83e2e1ab96ec6a0587de29a69a4ce1235ef339a5ef0064cf6dd52786c9cdc,3615c18ef2cc6f50ceb24331b6d0f270bd49739da270939491504e6d197592b2,2.06,1.82,True,2025-06-13T06:10:00+00:00,2025-06-13T06:10:00+00:00,0.5040637140692075,0.50201571662293,0.5010279732634456
te:2924667,2025-06-13,2025,2025-06-13,nardi-e2cda,pavlovic-c059e,2025-06-13T16:10:00+00:00,2025-06-12T00:49:00+00:00,0.0,2025-06-15T22:00:00+00:00,2025-06-13,1.9,1.95,0.5064935064935064,0.025975486403260445,0.5590532650792077,0.21134518291996027,0.5,0.03333333333333333,0.7751016469327281,0.6487745202453733,2.276874772055848e-09,153,158,False,False,False,93dc7d8ba43de7a6384ca12c09a2ea6948377babece74935fcc196082f428dae,91eb6f4b64eecf06d2d1b502096ca01421fe48e4d37d5262e122363b3329d981,1.94,1.93,True,2025-06-13T15:54:00+00:00,2025-06-12T02:36:00+00:00,0.5249324771214089,0.5211348254839109,0.5231006418905407
te:2925025,2025-06-13,2025,2025-06-13,mochizuki-f2487,crawford-71058,2025-06-13T12:45:00+00:00,2025-06-12T17:36:00+00:00,0.0,2025-06-15T22:00:00+00:00,2025-06-13,1.72,2.19,0.5601023017902813,0.2415772530030477,0.6317082406773754,0.29797494175929173,0.6333333333333333,0.6333333333333333,0.667164720136389,0.6586409113643442,3.1477846690330935e-08,144,172,False,False,False,3e241514701d2ae7c4a9d39c0e2e4cea96eaebead1614d3253b14caa81b3ad09,9426a12403d960f9a9946ea786f0161e31103d8093d2c3a6855a8e52320014d4,1.71,2.22,True,2025-06-13T11:01:00+00:00,2025-06-13T10:59:00+00:00,0.5725881655127045,0.5710391439071871,0.5698591712278069
te:2925043,2025-06-13,2025,2025-06-13,garin,dodig-b6156,2025-06-13T13:10:00+00:00,2025-06-12T17:54:00+00:00,0.0,2025-06-15T22:00:00+00:00,2025-06-13,2.11,1.78,0.4575835475578406,-0.17007458318398147,0.5256153736295299,0.2726258589142112,0.3,0.3,0.7206534667045489,0.5739162932278883,4.77956563216253e-12,140,135,False,False,False,4a0c5904f6e16152072c9faefa64bc00096db9fa30f9c9dc2ec3af04e7d0ac8e,a15f787fec9ee6619abf58a9d6a3419327b12a8e5e154662b7005109ad86a910,2.17,1.75,True,2025-06-13T09:35:00+00:00,2025-06-13T09:35:00+00:00,0.4811771577906784,0.4781799391177107,0.4787382824676384
te:2926505,2025-06-17,2025,2025-06-17,giustino-1d545,vacherot,2025-06-17T08:40:00+00:00,2025-06-16T16:49:00+00:00,0.0,2025-06-19T22:00:00+00:00,2025-06-17,1.97,1.85,0.48429319371727747,-0.06284790365966375,0.5520009067663184,0.2716063842470396,2.183333333333333,0.4166666666666667,0.5694764274019499,0.6934985640278363,3.981599772107103e-11,207,94,False,False,False,6fd355bb92b129e0d2fd92939d91ae67cf41a284e265a292269ad0bab87a65fb,254aefdad40d2db184996e49c46eba3938fa4c82c9d7946b2092e518639e3173,2.14,1.74,True,2025-06-17T06:58:00+00:00,2025-06-17T06:58:00+00:00,0.5051155898739615,0.5023297831626347,0.5025738111905544
te:2926509,2025-06-17,2025,2025-06-17,tirante,yevseyev,2025-06-17T12:30:00+00:00,2025-06-16T17:44:00+00:00,0.0,2025-06-19T22:00:00+00:00,2025-06-17,2.02,1.81,0.47258485639686687,-0.10977066613537889,0.5668502323430435,0.3787822425506172,0.0,0.0,0.7287140160015464,0.613927648529256,6.29463148271725e-11,174,177,False,False,False,aee0a106e11618e13a3aef08bbe26e21cb42341c33e9f66b80f5c79f53f45121,319b834c06d58fe65507ea762abdd95e36651807cb30d26e215f86a1796164af,2.06,1.79,True,2025-06-17T08:05:00+00:00,2025-06-17T08:05:00+00:00,0.4946364616434355,0.49390952226047735,0.4959987647999157
te:2927621,2025-06-17,2025,2025-06-17,olivieri-ff875,sperle,2025-06-17T16:10:00+00:00,2025-06-17T07:47:00+00:00,0.0,2025-06-19T22:00:00+00:00,2025-06-17,2.06,1.78,0.46354166666666663,-0.14609261849749608,0.5746642314243954,0.44699964267201264,1.0,0.4,0.6608853013631547,0.5608333824184677,1.0293981084208426e-09,165,145,False,False,False,ec7a182c6916adc18ea4906ead7ee5030662719de23ba2dd81f7112e826d5246,2c47728079ac81c8790968337b21483807e51d7b85fc2b00518ec708ca8df07f,2.03,1.82,True,2025-06-17T15:57:00+00:00,2025-06-17T15:57:00+00:00,0.4865275411472268,0.48709636469840123,0.4872499423567384
te:2928149,2025-06-20,2025,2025-06-20,reis-da-silva,gerch-539c1,2025-06-20T18:50:00+00:00,2025-06-19T15:29:00+00:00,1.0,2025-06-22T22:00:00+00:00,2025-06-20,2.14,1.75,0.4498714652956298,-0.20119004109833744,0.5796395914630135,0.5224840985932291,1.5333333333333334,0.3,0.6952370332975691,0.5962187997633064,4.5865135855915895e-09,173,118,False,False,False,54d5675ace198c6a203417e4441825fa8e4dde59db0d9b0142326948f5df5310,08e954fa4c239b5b1fb2b494f4e12309090b0a473811750bea72b3fcc0464e9c,2.26,1.69,True,2025-06-20T16:57:00+00:00,2025-06-20T16:57:00+00:00,0.47424189903907776,0.4762077021074725,0.4769890090211662
te:2932297,2025-06-20,2025,2025-06-20,misolic,garin,2025-06-20T14:55:00+00:00,2025-06-19T22:59:00+00:00,0.0,2025-06-22T22:00:00+00:00,2025-06-20,1.77,2.12,0.544987146529563,0.18043654209818355,0.6153150050167336,0.2892729933212218,1.0666666666666667,0.5666666666666667,0.5408007424271268,0.5329583025755177,1.0522346182983977e-06,148,147,False,False,False,448b1b9715a0dc3749c675b7bdccb4820f4b94c2a3fdd581860b5d33832970a3,f9d9df9b33f278fa0adc5c1784a7fea6dd4e3dec4fde1746a1b5956c057ceb6f,1.83,2.06,True,2025-06-20T09:31:00+00:00,2025-06-20T12:45:00+00:00,0.5591712156598808,0.5573046370929102,0.5565441533864428
te:2932565,2025-06-20,2025,2025-06-20,taberner,passaro-5f6f1,2025-06-20T15:10:00+00:00,2025-06-20T08:22:00+00:00,,,,1.81,2.06,0.5322997416020672,0.12937913752375527,0.6024008154754029,0.2860994688859989,1.0833333333333333,0.55,0.5705480998562263,0.6329426974964404,1.0096753988442231e-10,190,122,False,False,False,37f2e6825a79cf6a20d86ca29ba2c95613c079a96b9801fbada0bd4b9c39bcf4,c9693f4642f4bb813166bda189cf2c3232b17a8015fc27c2e2f3345ac6a7a43d,1.79,2.09,True,2025-06-20T09:46:00+00:00,2025-06-20T14:14:00+00:00,0.5478995214533501,0.5458486718741892,0.5451819010425422
te:2934741,2025-06-24,2025,2025-06-24,barrena-f6642,ambrogi,2025-06-24T15:10:00+00:00,2025-06-24T07:48:00+00:00,,,,2.08,1.76,0.4583333333333333,-0.16705408466316626,0.5909139487673064,0.53479896058055,2.3333333333333335,0.8,0.646630114795074,0.5664478221742617,2.7453017636958066e-10,166,208,False,False,False,3e2f571d50a7480d0f5d2a195e48952462db2152b627dbf032517e9325e5201e,de8f98db6d4e286833d705720f46e92fc7ee3ee058681a36d23dab6dd45c0009,2.06,1.79,True,2025-06-24T14:18:00+00:00,2025-06-24T13:13:00+00:00,0.4818508197305938,0.4841426733666043,0.48241720283577694
te:2936383,2025-06-24,2025,2025-06-24,vasami-a02e2,santamarta-roig,2025-06-24T15:05:00+00:00,2025-06-23T16:01:00+00:00,0.0,2025-06-26T22:00:00+00:00,2025-06-24,1.93,1.89,0.4947643979057591,-0.02094317384524342,0.608030389409018,0.4599837243602197,1.6666666666666667,1.6666666666666667,0.5262144297480907,0.567720458950023,1.7456852258179723e-07,41,63,False,False,False,3f00733af68c9603e90f998b66d48da5c8748a2ebc1508f50c350a569bcb3957,2694ea1d3aa46f31bf13cec36ae675a27ebdfaf65c76f03b60d212b9bc96804a,1.98,1.85,True,2025-06-24T10:01:00+00:00,2025-06-24T14:30:00+00:00,0.5144705345471906,0.515577109515012,0.5091400138023732
te:2937879,2025-06-24,2025,2025-06-24,bicknell-8dc8a,sperle,2025-06-24T19:35:00+00:00,2025-06-24T07:48:00+00:00,1.0,2025-06-26T22:00:00+00:00,2025-06-24,2.02,1.81,0.47258485639686687,-0.10977066613537889,0.60504567197423,0.536304479218632,0.7833333333333333,0.2833333333333333,0.5711587868400454,0.6285547176655348,7.739131557826795e-11,63,146,False,False,False,34b949f43105cef1b13f31300c3076ff304ca9cc1b571f57862911dedfee38be,9ce8b46df52cee56133cd18ee67be24b6d60b88cc81bb91ccfe2875e86f814e6,1.95,1.88,True,2025-06-24T19:27:00+00:00,2025-06-24T19:27:00+00:00,0.4946364616434355,0.4970876769443651,0.49781995696577064
te:2939551,2025-06-27,2025,2025-06-27,blanch-5d667,olivieri-ff875,2025-06-26T22:05:00+00:00,2025-06-26T00:57:00+00:00,1.0,2025-06-29T22:00:00+00:00,2025-06-27,1.95,1.89,0.4921875,-0.03125254350410442,0.5924500387363101,0.405355560656413,0.43333333333333335,0.43333333333333335,0.5000000000000001,0.5706421087498867,0.022612825243334272,166,156,False,False,False,ba0e656ed120955e9aa8c23d29250b012fc4e2926c3c5255be21e458ba3100a6,a1e70924a62ec40754bac6da87ddc2fbc5ca3cd9776f1c69cb0bedf4a8884379,1.96,1.91,True,2025-06-26T21:28:00+00:00,2025-06-26T21:28:00+00:00,0.5121697257977418,0.5121522792724782,0.5120160250572173
te:2939583,2025-06-27,2025,2025-06-27,bueno-01b7e,pucinelli-de-almeida,2025-06-27T00:25:00+00:00,2025-06-26T04:34:00+00:00,0.0,2025-06-29T22:00:00+00:00,2025-06-27,1.95,1.9,0.49350649350649356,-0.025975486403260445,0.613566796031752,0.4883055913736287,0.0,0.0,0.6079490023785078,0.6576819365303239,1.0467879341113928e-10,152,171,False,False,False,46a5dbaf04109878e6296b0f50f5caf3ae64c1166f6cdbcf95eefcf7225399da,780e836a1f410f42728edf0d4571d6429e15b919b5153723d8832a4acc5c571d,1.93,1.93,True,2025-06-26T21:28:00+00:00,2025-06-26T21:28:00+00:00,0.513347511356142,0.5150140984096353,0.5170943498717726
te:2941147,2025-07-01,2025,2025-07-01,taberner,geerts,2025-07-01T19:10:00+00:00,2025-07-01T10:19:00+00:00,1.0,2025-07-03T22:00:00+00:00,2025-07-01,2.06,1.78,0.46354166666666663,-0.14609261849749608,0.5598161055093281,0.38650838365500345,0.0,0.0,0.7638591899531069,0.6393948787203549,1.922723541492033e-08,192,204,False,False,False,80b8b9fa4efe6ccdf28971985d07b6f17d9d82c9c30488c8ea7e7fbb2bd51183,8c7d799c8278db14248d71708014cc02a76d59219b215c5ea4fe39a477eedd5b,2.17,1.72,True,2025-07-01T16:51:00+00:00,2025-07-01T16:51:00+00:00,0.4865275411472268,0.48587668755911184,0.4879703848356955
te:2941871,2025-07-01,2025,2025-07-01,sels,zink-30580,2025-07-01T13:00:00+00:00,2025-06-30T17:14:00+00:00,0.0,2025-07-03T22:00:00+00:00,2025-07-01,1.91,1.91,0.5,0.0,0.5927681587540954,0.3754207014631928,1.05,1.05,0.5754417780026472,0.5050015136794805,4.041091072881642e-11,170,177,False,False,False,fc2337f8c243a35ceb4ed929cf737e32bcf7e1b1d0815780431728cc3029dbe0,c8b9266b52dab4e7d422637cd8a9cdb5f2027b8bf9cc671358a12c9ce499f740,1.87,1.97,True,2025-07-01T07:34:00+00:00,2025-07-01T07:34:00+00:00,0.5191425671608797,0.5185908980143562,0.5152994402174035
te:2942033,2025-07-01,2025,2025-07-01,sell-1ce74,nakagawa-7463c,2025-07-01T15:50:00+00:00,2025-07-01T06:50:00+00:00,0.0,2025-07-03T22:00:00+00:00,2025-07-01,2.03,1.8,0.4699738903394256,-0.12024912815157689,0.5669779166746489,0.3897807560037066,1.3833333333333333,1.3833333333333333,0.7376236588291246,0.621881812805049,6.065398183707771e-12,138,117,False,False,False,96f354d4715a9a04f8cf2674948280a711a6956f72fe62153dd252f060465371,b70e0c74a13ef0d125f24e2b3e12434a669962610c67738563fb489c798b8897,2.11,1.76,True,2025-07-01T13:15:00+00:00,2025-07-01T13:15:00+00:00,0.49229665431034025,0.49176853773748275,0.48678958211071605
te:2942041,2025-07-01,2025,2025-07-01,draxl,sekulic-13abc,2025-06-30T22:45:00+00:00,2025-06-30T08:49:00+00:00,0.0,2025-07-03T22:00:00+00:00,2025-07-01,1.89,1.93,0.5052356020942408,0.020943173845242972,0.5782900877621449,0.29481478496636254,0.45,0.45,0.5906410378957111,0.5000000000000001,0.01143925435747778,207,73,False,False,False,67a7f6714b4351aae8beb6f1a9130e3b47710ddec3ec08461912f9fe4fa88c8b,a34e731d8cfb445e53ba893cefc8002bc25f332c2a813b1ffd402188894aa5a0,1.98,1.86,True,2025-06-30T16:34:00+00:00,2025-06-30T16:34:00+00:00,0.523811254530109,0.5216830297350941,0.5214490498835498
te:2943525,2025-07-01,2025,2025-07-01,echargui,boyer-64ede,2025-07-01T14:10:00+00:00,2025-07-01T06:40:00+00:00,0.0,2025-07-03T22:00:00+00:00,2025-07-01,1.85,1.97,0.5157068062827225,0.06284790365966353,0.6019228877412909,0.3506357040802959,0.0,0.0,0.6292261439967404,0.706870616353211,6.646845260305234e-08,187,161,False,False,False,59e7d22a8e5a40b8412977ac09d6e3abe8a88f87ee236414ed1c18f6a62e749c,bbae4af862ac47e212bef83c0677ca7fec8e16c996811b0a79e9d7dbf89683cb,1.84,2.0,True,2025-07-01T13:11:00+00:00,2025-07-01T13:11:00+00:00,0.5331394336601993,0.5322295678940572,0.5342833332155833
te:2944779,2025-07-01,2025,2025-07-01,sheehy,wu-f664e,2025-07-01T21:45:00+00:00,2025-07-01T07:59:00+00:00,0.0,2025-07-03T22:00:00+00:00,2025-07-01,2.01,1.82,0.47519582245430814,-0.09929822098228022,0.552038994913002,0.308210721312547,0.0,0.0,0.6801929571546173,0.8159654608559563,3.807473780703674e-11,94,122,False,False,False,404245ca3d2a3927c503fedd59dcce12dc1e6132d35f66ec8a1b89472a866ca8,214be0a8c77d34eb0e62a322960a90e8f4f39468b27e8a4fc10fea433859cdb6,2.13,1.75,True,2025-07-01T19:38:00+00:00,2025-07-01T19:38:00+00:00,0.49697516020801147,0.4948474321913642,0.4969318715070453
te:2945659,2025-07-04,2025,2025-07-04,pavlovic-c059e,boitan,2025-07-04T14:00:00+00:00,2025-07-03T00:04:00+00:00,0.0,2025-07-06T22:00:00+00:00,2025-07-04,1.66,2.3,0.5808080808080808,0.326091520566652,0.638358664086053,0.24215583832798926,1.4,1.0,0.7163784902613919,0.6883164927522631,2.0022864477553526e-09,151,194,False,False,False,d0c61fcb1bb720a08c16ecb01b22cd3f183c088c2db563888532d84ebd6a925a,9d55fb3ef54264dd6908946ca340c35281971fbb4c7e61d0859f98ff734277c9,1.68,2.25,True,2025-07-04T03:36:00+00:00,2025-07-04T03:36:00+00:00,0.5909559899010851,0.588515893760091,0.5855812604794564
te:2945903,2025-07-04,2025,2025-07-04,ficovich,silva-cb43c,2025-07-04T13:30:00+00:00,2025-07-03T04:44:00+00:00,1.0,2025-07-06T22:00:00+00:00,2025-07-04,1.77,2.11,0.5438144329896907,0.17570840090223716,0.6125716888042048,0.2824267493008158,0.3333333333333333,0.3333333333333333,0.6204895420537557,0.5789593978556106,9.590273936099791e-08,183,165,False,False,False,a91adc97e822fa4340075ac0b70d746d88f82a6f7d7f7b4d4c1712fddca7a431,9d2c24063dcfce19331ffaf0c31ba16d26f53efdec276e4540935ea9a6fda541,1.88,1.99,True,2025-07-03T22:50:00+00:00,2025-07-03T22:50:00+00:00,0.5581297844271657,0.5561155899065423,0.5564501734018014
te:2945937,2025-07-04,2025,2025-07-04,travaglia,pellegrino-fd654,2025-07-04T12:05:00+00:00,2025-07-03T04:44:00+00:00,1.0,2025-07-06T22:00:00+00:00,2025-07-04,1.92,1.93,0.5012987012987012,0.005194816877103783,0.5897811952011537,0.3578661080593327,0.7666666666666667,0.7666666666666667,0.5000000000000001,0.5747966442703342,0.010531525545316472,141,153,False,False,False,0bae10b96f1658193685780cda0b37cdf67ec41f0ec87893f0b0eaef9e5812de,5baffce27b8075c778b6383069af56855028ad6190cc842f564a807e0328d0d7,1.96,1.91,True,2025-07-04T09:45:00+00:00,2025-07-04T09:45:00+00:00,0.5203009479762419,0.5194071658131308,0.5175614934837809
te:2946177,2025-07-04,2025,2025-07-04,kypson,galarneau-32e1f,2025-07-04T17:25:00+00:00,2025-07-04T01:18:00+00:00,1.0,2025-07-06T22:00:00+00:00,2025-07-04,1.7,2.19,0.5629820051413882,0.2532732927662391,0.6271866650481345,0.2668930630675854,0.31666666666666665,0.31666666666666665,0.7796907498365457,0.7081934784330721,6.446232436729815e-13,106,172,False,False,False,53c7ecae822224d53b6bd1c96c58e61149b759965dc2bc1f926a916a3564d5eb,b6137e18fcb77b038338782df542898993ad57a98184fac3089fd2c95d399a54,1.71,2.21,True,2025-07-04T16:48:00+00:00,2025-07-04T13:34:00+00:00,0.5751432898268195,0.5730082270965379,0.5734114127073416
te:2946179,2025-07-04,2025,2025-07-04,draxl,mayo-58e8a,2025-07-04T20:30:00+00:00,2025-07-04T01:17:00+00:00,0.0,2025-07-06T22:00:00+00:00,2025-07-04,1.99,1.85,0.4817708333333334,-0.0729489996461672,0.5652735796632075,0.3355419109228714,0.5333333333333333,0.0,0.7386311639209463,0.6213722495931558,7.101597088166045e-12,207,146,False,False,False,5ba5d9c158732f17f77a22bebdbfb8b52803f1baec1e3ed9514a9c0331230786,b04b68a876dddf6d7780196a7223df4ab82887ee3448b3ccff28432b1817895e,1.98,1.89,True,2025-07-04T18:47:00+00:00,2025-07-04T18:47:00+00:00,0.5028598051934494,0.5013416249388888,0.5035132199271766
te:2946345,2025-07-04,2025,2025-07-04,paris-c72aa,papoe,2025-07-04T11:05:00+00:00,2025-07-03T17:00:00+00:00,1.0,2025-07-06T22:00:00+00:00,2025-07-04,1.88,1.97,0.5116883116883117,0.04676176590803954,0.6070007045830159,0.38796036687802643,1.95,0.4166666666666667,0.611204116761234,0.6755687767988723,7.464440177074039e-11,156,66,False,False,False,fa578e8c0473a42568d2d6906995531a8fe8f4d7602c94d0495caa03a08d2147,c2af6898cec4b94a723063e9ce9b2bcc86ef843cf7c8b6b2107bf65f86d8a3d2,1.92,1.95,True,2025-07-04T07:35:00+00:00,2025-07-04T07:35:00+00:00,0.5295609694723343,0.5293654795696036,0.5295591226267938
te:2946373,2025-07-04,2025,2025-07-04,berrettini,gombos,2025-07-04T13:20:00+00:00,2025-07-03T15:18:00+00:00,1.0,2025-07-06T22:00:00+00:00,2025-07-04,1.68,2.23,0.5703324808184143,0.28320779205685953,0.6362181573401035,0.2757793725400898,0.43333333333333335,0.43333333333333335,0.6796144634575346,0.679614463458525,1.4470319043002888e-07,148,171,False,False,False,803c4581a8e442715b09a85d268e231e7d4fac24f4cffbe29a74405ddd4b42a1,1670a4f7e9163b899a3380b33773e5df3d1ee2a2933eb53da3e8e4a7f9aedb74,1.7,2.25,True,2025-07-04T08:02:00+00:00,2025-07-04T08:02:00+00:00,0.5816642325402968,0.5797771633323735,0.5795935130640074
te:2946527,2025-07-04,2025,2025-07-04,trungelliti,sanchez-izquierdo-99add,2025-07-04T10:40:00+00:00,2025-07-03T16:55:00+00:00,1.0,2025-07-06T22:00:00+00:00,2025-07-04,1.82,2.05,0.5297157622739017,0.11900329206161245,0.6029124889685001,0.298612080839328,1.1666666666666667,1.1666666666666667,0.5513598431723518,0.5000000000000001,0.006416712996396248,174,168,False,False,False,374e027d58bbbd424c5018ad1c6155dbe6e84750f2ca59d128552c9a5ab5ee18,502abd30f129b7046e91a6da700e20b3f30832a8baee6ca2e7544d1305288152,1.83,2.04,True,2025-07-04T06:34:00+00:00,2025-07-04T08:24:00+00:00,0.5456024916258041,0.5437777138399166,0.5398923370011685
te:2946541,2025-07-04,2025,2025-07-04,kym,cecchinato,2025-07-04T17:40:00+00:00,2025-07-04T01:26:00+00:00,0.0,2025-07-06T22:00:00+00:00,2025-07-04,1.63,2.34,0.5894206549118388,0.36157091455093915,0.6459068845965941,0.2395245209428294,1.3666666666666667,0.7666666666666667,0.7225981804004818,0.7081035231648464,1.4583355684161248e-07,134,119,False,False,False,74aad28f417d32f971b469e0c806f188f92941d0afd035f0570c46c32fe30c7a,641667a781bc2832fe52218effeb1a2939d8313de52b4fcbe05ebe5e0994c546,1.66,2.3,True,2025-07-04T11:58:00+00:00,2025-07-04T14:19:00+00:00,0.5985949176778714,0.5961935719074511,0.5944541103598855
te:2948411,2025-07-08,2025,2025-07-08,misolic,pellegrino-fd654,2025-07-08T11:45:00+00:00,2025-07-07T17:13:00+00:00,0.0,2025-07-10T22:00:00+00:00,2025-07-08,1.86,1.96,0.5130890052356021,0.052367985517315925,0.588038938157657,0.3034963467535673,1.2,1.2,0.5773944969334464,0.5000000000000001,0.004485590056727468,169,155,False,False,False,dcf8878814c73e634b8e4dabf0387e276c60133aa48bf7a38349444492179d0f,074427d13c86166a89d838cce462bd3f7ad5b6444f1221fb792b7d1fbecdfd78,1.85,1.98,True,2025-07-08T08:43:00+00:00,2025-07-08T08:43:00+00:00,0.530808472818709,0.528927139076876,0.5248657011575035
te:2948443,2025-07-08,2025,2025-07-08,barrios-vera,gea,2025-07-08T08:45:00+00:00,2025-07-07T16:14:00+00:00,1.0,2025-07-10T22:00:00+00:00,2025-07-08,1.94,1.88,0.4921465968586388,-0.03141619623337862,0.602007596569929,0.4452533421063441,0.7666666666666667,0.7666666666666667,0.5532943357535186,0.5000000000000001,0.007004621360493166,205,180,False,False,False,586b4889ccd55594decef1b2d11d44bca7b714678c4ec6a4f393f256e0c7923e,3bb0a147e6eed687fa77835e7f404aa504b6ed7ef083d3f4506f402d2cc2368c,1.98,1.84,True,2025-07-08T08:01:00+00:00,2025-07-08T08:01:00+00:00,0.5121331979423288,0.5129199274866144,0.5110822810278932
te:2948467,2025-07-08,2025,2025-07-08,de-schepper,martineau-40903,2025-07-08T15:50:00+00:00,2025-07-07T16:59:00+00:00,1.0,2025-07-10T22:00:00+00:00,2025-07-08,1.61,2.33,0.5913705583756345,0.3696340885812373,0.6204541367498166,0.1218421586422555,1.05,0.35,0.7055842847610699,0.7851007306642701,5.518918655411653e-13,154,155,False,False,False,3a3de3a936daf2a41b26568b3f5ddd43def60f39de3631d835972fbb07516f62,37092215b1bba51582a4e84d936915c058ec93dc20fef7b72cd4253d98cab786,1.65,2.29,True,2025-07-08T11:04:00+00:00,2025-07-08T11:04:00+00:00,0.6003244521501192,0.595658083427285,0.595981105585271
te:2948875,2025-07-08,2025,2025-07-08,holt-669c7,cassone,2025-07-08T16:55:00+00:00,2025-07-06T17:23:00+00:00,1.0,2025-07-10T22:00:00+00:00,2025-07-08,1.58,2.3,0.5927835051546392,0.37548427589622857,0.6587664188054639,0.2823175162055863,0.0,0.0,0.7704628946658978,0.741865841941062,4.306555112520982e-13,199,185,False,False,False,d4df146c500227ef884e97a9d4e256baf22eaf6c6ddb70816dccafbdb1882cb1,61c2f2b107b8430f422aa019604c4d93f55892ddc9427f417566c93b4e2af4f6,1.64,2.22,True,2025-07-08T15:43:00+00:00,2025-07-08T15:43:00+00:00,0.601577744087329,0.6000409892165083,0.6019727590522065
te:2948891,2025-07-08,2025,2025-07-08,mannarino-a7108,uchiyama,2025-07-08T15:10:00+00:00,2025-07-06T17:48:00+00:00,0.0,2025-07-10T22:00:00+00:00,2025-07-08,1.63,2.21,0.5755208333333334,0.30441250071099063,0.6211018227827947,0.18981502632498842,0.0,0.0,0.7981315199989123,0.7151580031669046,7.155387393709134e-14,171,134,False,False,False,73dc010e89e8fab2e64b62fecd854268d91e060c6545c1a1507dc6ea21feb413,e128d54f9af7e1c12c654d803485532eff7fbcda18ffa7ae9a71df4ebcff86c2,1.7,2.11,True,2025-07-08T14:55:00+00:00,2025-07-08T14:55:00+00:00,0.5862664048767213,0.5827446770871099,0.5847079992246803
te:2951025,2025-07-08,2025,2025-07-08,dellien-e101c,gima-59cd8,2025-07-08T11:25:00+00:00,2025-07-08T05:35:00+00:00,1.0,2025-07-10T22:00:00+00:00,2025-07-08,2.11,1.74,0.451948051948052,-0.19280283426153733,0.5871985648322767,0.5451991766448285,0.6166666666666667,0.6166666666666667,0.7218880306400092,0.6262182608784326,1.0484668688803822e-12,155,147,False,False,False,3a8af42aa764702956f300716569c0b1aba7e80e24cd4927fea071ce2a7550d1,3e4c52f108b0d4a567c3f0a087d2a977acf34d64f423b0f7ec576225987ab7a1,2.04,1.78,True,2025-07-08T10:48:00+00:00,2025-07-08T08:54:00+00:00,0.47611043963877175,0.4785529057406121,0.4775114673966798
te:2952779,2025-07-11,2025,2025-07-11,pinnington-jones,winter-e2184,2025-07-11T12:10:00+00:00,2025-07-10T07:57:00+00:00,1.0,2025-07-13T22:00:00+00:00,2025-07-11,2.08,1.78,0.4611398963730569,-0.15575452940923315,0.5683330044166806,0.43080760428527676,0.0,0.0,0.7365335243314133,0.6220452508151749,5.745237618981491e-12,123,118,False,False,False,4aff9fc255c3f3cea45a54288d5a8d3dcd21dc0acb9dcd2ce177ac0e8005cbd0,1da6ea1cc29aa8ceace789e93a4be45c6c9d78ca39f811980e8c5abc38228888,2.15,1.74,True,2025-07-11T11:02:00+00:00,2025-07-11T11:02:00+00:00,0.4843715254651645,0.4845924788980435,0.4866893899678613
te:2953339,2025-07-11,2025,2025-07-11,ajdukovic,dellien-e101c,2025-07-11T11:10:00+00:00,2025-07-10T17:15:00+00:00,1.0,2025-07-13T22:00:00+00:00,2025-07-11,1.76,2.1,0.5440414507772021,0.1766235356793171,0.6333776962939596,0.37011121222801235,0.2833333333333333,0.2833333333333333,0.7016412270814806,0.672016431231744,5.6494253136696315e-08,134,153,False,False,False,4dc54c14d1dbb937ef3d7185f0e3974743b49081184a3d775a08b99b85a02288,26f2563dadc38f2ed35b1b2473c5d4de4c048878d1aeace25e0b5b7d44a726c4,1.77,2.11,True,2025-07-11T07:19:00+00:00,2025-07-11T07:19:00+00:00,0.5583313943127958,0.5580654960462125,0.5586558840142934
te:2953465,2025-07-11,2025,2025-07-11,edmund,zahraj-42755,2025-07-11T10:10:00+00:00,2025-07-10T17:44:00+00:00,,,,1.75,2.12,0.5478036175710594,0.19180030074849844,0.6397615645020281,0.3825291176833949,0.5833333333333334,0.5833333333333334,0.6969311992325045,0.6897488904547806,1.8839096949108125e-11,100,189,False,False,False,ef7279fca4342a14f5366fa25191eb9757d1faa9eefac835bdf9c6938dec0346,2f77b5c9f1b469d375305c425feacac9c9a1e9aa3c8482a6f98a9b3e1bcf872b,1.71,2.21,True,2025-07-11T06:34:00+00:00,2025-07-11T06:34:00+00:00,0.5616720776499446,0.5616863849831112,0.5607634867511976
te:2953501,2025-07-11,2025,2025-07-11,cerundolo-08df6,molcan,2025-07-11T11:50:00+00:00,2025-07-10T17:20:00+00:00,1.0,2025-07-13T22:00:00+00:00,2025-07-11,1.79,2.06,0.5350649350649351,0.14049036294882636,0.6111901694119659,0.3118274339959711,1.1333333333333333,0.13333333333333333,0.5281887663849709,0.5000000000000001,0.015124364086922859,181,91,False,False,False,0244dc45c3d76b296594ac79f82e569b1d8fb544f98b70e25dfcb0a8f4c4913a,28c04e8f454d0ffb6fe03385e8fb41bc1947d11b645b10dd64f83dbd321a2381,1.82,2.05,True,2025-07-11T08:03:00+00:00,2025-07-11T08:44:00+00:00,0.5503570883108109,0.5488467304510948,0.5503676426429954
te:2953583,2025-07-11,2025,2025-07-11,nagal,mrva,2025-07-11T12:10:00+00:00,2025-07-10T17:21:00+00:00,1.0,2025-07-13T22:00:00+00:00,2025-07-11,1.93,1.93,0.5,0.0,0.6136687027790226,0.4627599261981089,1.3666666666666667,0.26666666666666666,0.5998975312694329,0.5664668603301991,1.0081335766187749e-10,110,103,False,False,False,10f505ba4496e282647d626f2f61a2585839a9b6a8aa808a0ceb413b4377a5f9,8f6b7a6e47fc65a74b91249975aeee465ec254a1dbbd2fb30d056e5461c8af40,1.95,1.92,True,2025-07-11T08:34:00+00:00,2025-07-11T08:34:00+00:00,0.5191425671608797,0.5203505210034579,0.5212477745917227
te:2953787,2025-07-11,2025,2025-07-11,crawford-71058,gray-0bd9f,2025-07-11T10:10:00+00:00,2025-07-10T22:13:00+00:00,1.0,2025-07-13T22:00:00+00:00,2025-07-11,1.64,2.3,0.583756345177665,0.33821288109899683,0.6122750559012652,0.11867255692570872,0.9,0.2,0.685642565121794,0.6261431775051365,1.0221929991338641e-07,183,137,False,False,False,faa387858b075a9391ff08714e12fe14585e555ae40abbda1a7408bad06ca282,a6d3bade11a5ab36a919270f8a76b0f409a0dedd75a63a169ccc9f76bd4badc7,1.72,2.19,True,2025-07-11T06:57:00+00:00,2025-07-11T06:57:00+00:00,0.5935709331614949,0.5887505780233446,0.5898219964873689
te:2953789,2025-07-11,2025,2025-07-11,diaz-acosta,travaglia,2025-07-11T15:10:00+00:00,2025-07-11T07:28:00+00:00,0.0,2025-07-13T22:00:00+00:00,2025-07-11,1.98,1.85,0.4830287206266319,-0.06791120561621031,0.5925181093838583,0.44229615103172326,1.5166666666666666,1.0166666666666666,0.7129436734897556,0.6240509214784582,1.6924517343142043e-12,71,150,False,False,False,1b7ca04e50eb414c96b95c57e68053d346c959cd69e6dafee777e655deef2865,88e8d95600eadf6c9bd909b821d2f8369369e9909c3ea04c1d06b66ca1375674,1.96,1.91,True,2025-07-11T14:00:00+00:00,2025-07-11T14:00:00+00:00,0.5039848695967064,0.5046317841573309,0.5016042016915065
te:2954793,2025-07-15,2025,2025-07-15,klein-88a5e,dellien-e101c,2025-07-15T17:15:00+00:00,2025-07-14T18:19:00+00:00,1.0,2025-07-17T22:00:00+00:00,2025-07-15,1.9,1.92,0.5026178010471204,0.010471299867295303,0.610767203635722,0.44006696506557813,1.9166666666666667,0.18333333333333332,0.764031352386991,0.6816905189516547,3.7573243183430804e-08,141,158,False,False,False,70bb96f23c7729f47945b649a161654db99f6c05231a7e59b717da3248f27c82,ad47be0a68488da080f97617ff80c1096bff5313d714d81f805b442ccaf9c94f,1.88,1.95,True,2025-07-15T16:52:00+00:00,2025-07-15T16:52:00+00:00,0.5214773158542688,0.5222509090458723,0.5236765963375645
te:2954803,2025-07-15,2025,2025-07-15,engel-6e09f,rincon-d1dab,2025-07-15T09:05:00+00:00,2025-07-14T15:59:00+00:00,1.0,2025-07-17T22:00:00+00:00,2025-07-15,1.81,2.0,0.5249343832020998,0.09982033528221135,0.6122602541382838,0.3570027522200483,0.75,0.05,0.6399856807200976,0.7047049134567256,8.397947087734892e-09,182,163,False,False,False,df7ef07aa7851b0582c3faf1fea1cea845906460c09986333e27884f6ab93c9a,c5e65ded49150ccef8476ff5a1017a015806d7034c4c75782a0f706550994d55,1.76,2.07,True,2025-07-15T04:16:00+00:00,2025-07-15T04:16:00+00:00,0.5413506779527157,0.5406517572536653,0.5425582407724588
te:2954811,2025-07-15,2025,2025-07-15,tirante,fatic-cddef,2025-07-15T11:40:00+00:00,2025-07-14T18:16:00+00:00,0.0,2025-07-17T22:00:00+00:00,2025-07-15,1.87,1.95,0.5104712041884817,0.041890941709160225,0.5813231724151282,0.28631656752058193,1.3333333333333333,0.3333333333333333,0.7589938207833823,0.652027275946414,1.1355255624678762e-09,175,140,False,False,False,ccd94b48bb420c2ea6ae552ddc4df481ca142b729bfba8b66beabf5c1c1ed244,43ab99d5f84fbbe4d3ca848ab59214f2f893389aba3c13c4846154255a47c816,1.79,2.02,True,2025-07-15T11:23:00+00:00,2025-07-15T11:23:00+00:00,0.5284768068034015,0.5262257102385227,0.5267508945592325
te:2954919,2025-07-15,2025,2025-07-15,elias-3e14c,sanchez-izquierdo-99add,2025-07-15T08:10:00+00:00,2025-07-14T18:54:00+00:00,1.0,2025-07-17T22:00:00+00:00,2025-07-15,1.8,2.01,0.5275590551181102,0.11034805716886517,0.6133995218679769,0.3512766114975907,0.0,0.0,0.5537447166370503,0.530852745034912,1.8403700646763e-08,152,171,False,False,False,26aa5f5f7bb050d1b80fbcf56a76bcb93b7440e222a6775a219b5f6e08a3178e,0e43ab7c3b7845807f9aa467fef57b0859e6790c01eeeb52126361e863e8818a,1.96,1.88,True,2025-07-15T04:31:00+00:00,2025-07-15T04:31:00+00:00,0.5436848844829378,0.5428949071869728,0.5449350263758794
te:2955799,2025-07-15,2025,2025-07-15,spizzirri,jubb,2025-07-15T18:30:00+00:00,2025-07-15T08:53:00+00:00,1.0,2025-07-17T22:00:00+00:00,2025-07-15,1.93,1.88,0.4934383202099738,-0.026248226074936154,0.6173620878369972,0.5046147871409624,1.9833333333333334,0.31666666666666665,0.7048873317872502,0.6469056782732558,1.6523916401833816e-09,184,105,False,False,False,394f9cc6a031a53036091c4e52b33f18489b17d0c914549aed1b5da327e52b9b,8639a7baa3dae163849f7f2edc6d95ce86006937fed107a705787f8fcb698515,1.94,1.89,True,2025-07-15T18:03:00+00:00,2025-07-15T18:03:00+00:00,0.5132866421508997,0.5152814187875687,0.5160248988411792
te:2957883,2025-07-15,2025,2025-07-15,gigante-f720d,ivanovski,2025-07-15T18:40:00+00:00,2025-07-14T18:19:00+00:00,1.0,2025-07-17T22:00:00+00:00,2025-07-15,1.99,1.82,0.47769028871391084,-0.08929813764769673,0.5590196582910025,0.3264824792438572,0.4166666666666667,0.4166666666666667,0.7546779005576841,0.6306437800109664,2.9454216843305403e-13,151,91,False,False,False,6a8a444bee9bdb2592066de68c3ae821dfc85cb65c9281e7c7b801638ce8186f,35728fc45005b603e524e2502f88ff7d64d780ee1f118e589603de87c1ee36da,1.86,1.97,True,2025-07-15T17:52:00+00:00,2025-07-15T17:52:00+00:00,0.49920849626966385,0.4974714073593583,0.49742503519292114
te:2958249,2025-07-15,2025,2025-07-15,monday,andaloro,2025-07-15T16:10:00+00:00,2025-07-15T08:57:00+00:00,1.0,2025-07-17T22:00:00+00:00,2025-07-15,1.83,1.98,0.5196850393700787,0.07878087785311416,0.6007473503494911,0.3297991625398292,0.48333333333333334,0.48333333333333334,0.6770970363359078,0.6041909654569713,5.572486916349817e-10,174,172,False,False,False,67a476f0a4353983e75b0201bdfcaf360481cd04c5e34d91d483227501823d57,50bb94b264ccbcab4c9b407d8a0572573f90c6de91b49e12d708f92d183968b2,1.78,2.06,True,2025-07-15T14:33:00+00:00,2025-07-15T15:03:00+00:00,0.536680468630058,0.5353881988041211,0.5349785966133929
te:2960657,2025-07-18,2025,2025-07-18,choinski,hassan-1d510,2025-07-18T09:05:00+00:00,2025-07-17T12:40:00+00:00,0.0,2025-07-20T22:00:00+00:00,2025-07-18,1.74,2.13,0.5503875968992248,0.202236866494896,0.6395207472964606,0.3710477933721865,0.8166666666666667,0.25,0.7054754158227813,0.6884791368234415,3.2919647563467436e-10,169,191,False,False,False,89ec4a18f2f8b185790adc48ab93c53b5a542b21d5f6adae3cdc91c289e6eff7,3dd6c646e2a31ea668b9a97b05489e4517a3b6cfbe93471c39606545577d59f6,1.77,2.11,True,2025-07-18T08:54:00+00:00,2025-07-18T08:54:00+00:00,0.5639661351198035,0.5637752120434764,0.5646215217570543
te:2960739,2025-07-18,2025,2025-07-18,tirante,mayot,2025-07-18T15:45:00+00:00,2025-07-17T12:38:00+00:00,0.0,2025-07-20T22:00:00+00:00,2025-07-18,1.78,2.08,0.538860103626943,0.15575452940923296,0.6224198818359479,0.34407760705069534,1.4333333333333333,0.8666666666666667,0.7180880123087207,0.6626900894884893,2.637845497588387e-11,178,158,False,False,False,9345d08f7ddf37202de009c7e853498de57059542775a4943525745e7be42aa4,9fa5b999110d618c9c6480bd19abfa19790a551f06896f6f6e41d5ce3b45972a,1.79,2.1,True,2025-07-17T16:36:00+00:00,2025-07-18T06:41:00+00:00,0.5537291698357956,0.5528977994846463,0.5506353947718076
te:2960823,2025-07-18,2025,2025-07-18,galarneau-32e1f,jasika,2025-07-18T01:00:00+00:00,2025-07-17T08:09:00+00:00,0.0,2025-07-20T22:00:00+00:00,2025-07-18,1.88,1.93,0.5065616797900262,0.026248226074936154,0.6021194565623067,0.388055814260018,0.0,0.0,0.6968053703981313,0.6215394367420036,2.9822810887480955e-12,180,207,False,False,False,4d4333a8e7175699e4075c21ebf6afc78a3c84fb9d9f29829773fdffe406beda,616e82c4f518f259dd84ec3cd2d2ae621e43a4658311b61aff81fc2b0fab4263,1.98,1.85,True,2025-07-17T23:59:00+00:00,2025-07-17T23:59:00+00:00,0.524993237707701,0.5247542852404237,0.5268187937520465
te:2961057,2025-07-18,2025,2025-07-18,coppejans,kicker,2025-07-18T16:25:00+00:00,2025-07-17T17:16:00+00:00,1.0,2025-07-20T22:00:00+00:00,2025-07-18,1.83,2.04,0.5271317829457364,0.10863384100279519,0.6034068892097683,0.3110470577154686,1.4833333333333334,0.5166666666666667,0.5502722672416606,0.5000000000000001,0.014676029138680477,201,143,False,False,False,32b2de96aee2c1a406c74ee7c1c6a025161cf876a1254a47d4cc1c5e2e444cdb,efa7b99319bf79ff555d69c0901dd4240ebec2cc6b1fc6b2ce308ed34faf2738,1.89,1.98,True,2025-07-18T16:19:00+00:00,2025-07-18T16:19:00+00:00,0.5433049364782114,0.541705117631616,0.5412831629499327
te:2961275,2025-07-18,2025,2025-07-18,klein-88a5e,neumayer,2025-07-18T14:10:00+00:00,2025-07-17T20:14:00+00:00,1.0,2025-07-20T22:00:00+00:00,2025-07-18,1.64,2.31,0.5848101265822784,0.3425512826975947,0.6413243708457875,0.2385656449000263,1.2333333333333334,0.5333333333333333,0.7016841154752492,0.6951066257917081,2.700645262976309e-12,138,201,False,False,False,da0e336fc12bc5655be00a3cd5eec8a1ec18a5af5bb860ae2193e881a6c7a07f,61db5ad7f4c42adbbbc4ce64d9ee4ebe2bba96e6a94f32efd5af2ea38f5ce1b1,1.65,2.32,True,2025-07-18T10:33:00+00:00,2025-07-18T13:43:00+00:00,0.5945055780245015,0.5920371700167691,0.5914645913360118
te:2961529,2025-07-18,2025,2025-07-18,blockx,shimabukuro,2025-07-18T16:45:00+00:00,2025-07-18T06:09:00+00:00,0.0,2025-07-20T22:00:00+00:00,2025-07-18,1.89,1.96,0.5090909090909091,0.03636764417087508,0.6174902697227188,0.44254157509659847,2.1666666666666665,0.23333333333333334,0.7256107330645597,0.6613626237315363,4.4611703220454046e-11,165,113,False,False,False,fc89ff9007923f2985a1363967c24eeb7ff1fbef25ddb08ae59cb029d27c0938,457e00ac7d2cf9ef6fd3f8e2078b3c0a372ffe2417e7ba78a91eef400022fbb2,1.92,1.95,True,2025-07-18T16:16:00+00:00,2025-07-18T16:16:00+00:00,0.5272470900922868,0.5281265789769678,0.5293256067836953
te:2961543,2025-07-18,2025,2025-07-18,sun-2f389,shah-e7d4a,2025-07-18T16:10:00+00:00,2025-07-18T01:50:00+00:00,0.0,2025-07-20T22:00:00+00:00,2025-07-18,1.84,2.0,0.5208333333333334,0.08338160893905121,0.6143550363921627,0.38227422445580744,1.7666666666666666,0.4,0.5096951907849606,0.500000000002369,0.016342226940639776,152,132,False,False,False,d4daa3cff0a39da072e83f7626e00d46bce90faf636ebc31f340972b4ceda3cc,de72677d67749648b33d31f4530dab24e697fb66c3c966b38fd66e36fa60d9bc,1.85,2.01,True,2025-07-18T12:33:00+00:00,2025-07-18T15:01:00+00:00,0.5377022892602991,0.5374735531639435,0.5377180662387097
te:2961567,2025-07-18,2025,2025-07-18,spizzirri,trotter,2025-07-18T15:45:00+00:00,2025-07-18T06:09:00+00:00,0.0,2025-07-20T22:00:00+00:00,2025-07-18,1.69,2.23,0.5688775510204082,0.27727305653704526,0.6511438831690961,0.34679801543956235,1.3333333333333333,1.3333333333333333,0.7375973805059675,0.7223104747226318,5.837182737167268e-09,183,145,False,False,False,96dc5ac36a5b016abf845005fbf95a7bdbcb047e5219376d255f5c1d8772ee21,758e4fb7cf0e8db90022a29135b576b57c4425703b6e915906730db178d29aed,1.66,2.3,True,2025-07-18T12:44:00+00:00,2025-07-18T13:35:00+00:00,0.5803735980069614,0.5798692009892854,0.5751985353775845
te:2963647,2025-07-22,2025,2025-07-22,spizzirri,sakamoto-9c9d5,2025-07-22T17:05:00+00:00,2025-07-22T09:07:00+00:00,1.0,2025-07-24T22:00:00+00:00,2025-07-22,1.78,2.04,0.5340314136125655,0.13633644355213126,0.6366754740636827,0.42462717661360283,1.4166666666666667,1.4166666666666667,0.711483424605848,0.6829728357066752,6.650634182259196e-09,189,126,False,False,False,022324230292c74a0bbf2dea8a3991d2c85ead32db926ee658c42ce832a038d9,4670e033f21e750fc6e5f951804090d13ccb3a30c89ed467fa791b6f35fb69a8,1.74,2.14,True,2025-07-22T15:41:00+00:00,2025-07-22T15:41:00+00:00,0.5494386107635852,0.5501727390752363,0.5450322393420248
te:2964955,2025-07-22,2025,2025-07-22,escoffier,echeverria-ef17c,2025-07-22T10:35:00+00:00,2025-07-21T17:52:00+00:00,1.0,2025-07-24T22:00:00+00:00,2025-07-22,1.85,1.97,0.5157068062827225,0.06284790365966353,0.6136371302212444,0.3997788516411173,0.4,0.4,0.5158972347326605,0.5000000000325623,0.029518830193620962,169,139,False,False,False,95e37b5e50eddc0f2827e248d093a472f5f99267570590c23965e6c9ab599b6a,43756ed90f195aa6eca1f2dcffaeec0052d692f697d68703ce3708c1fafe99e6,1.88,1.96,True,2025-07-22T09:39:00+00:00,2025-07-22T09:39:00+00:00,0.5331394336601993,0.5332169118378419,0.5332369001405871
te:2964971,2025-07-22,2025,2025-07-22,faurel-53b9f,skatov,2025-07-22T15:10:00+00:00,2025-07-21T17:51:00+00:00,,,,2.12,1.74,0.45077720207253885,-0.19753097545748347,0.5894253626049611,0.5591213430023927,0.2833333333333333,0.2833333333333333,0.6349369833346793,0.7298650541557906,3.5830998362795796e-08,115,120,False,False,False,d1670876e71d4b54c9e26c43afff211472c3b1c58abb5083ef02ca02e282fbd5,26366ab203162e7ce0402db4331bdd25494fd56b5a69dd40de86c1f35d978da5,2.08,1.77,True,2025-07-22T10:47:00+00:00,2025-07-22T10:47:00+00:00,0.475056996939081,0.47776891821746226,0.47842983432285147
te:2965571,2025-07-22,2025,2025-07-22,ymer,bertola-e4bb8,2025-07-22T08:10:00+00:00,2025-07-22T03:07:00+00:00,1.0,2025-07-24T22:00:00+00:00,2025-07-22,1.7,2.17,0.5607235142118864,0.24409891649019808,0.6371400866629858,0.3188737850634822,0.7,0.7,0.7518845287117879,0.7026135890480354,1.0742659539708654e-10,153,181,False,False,False,48237db8a8cd9de497042e98d8b98966ab2925e5f43b17f4dc3bc0f948b6ddbe,8721f3d7d072902a9ed342e885c53740f00b5c937ce6cb51ef18bb678f46f262,1.81,2.0,True,2025-07-22T05:59:00+00:00,2025-07-22T05:59:00+00:00,0.5731393821854046,0.5720093105098681,0.570496560577573
te:2966181,2025-07-22,2025,2025-07-22,fery,bolt-fa7eb,2025-07-22T17:50:00+00:00,2025-07-22T08:55:00+00:00,1.0,2025-07-24T22:00:00+00:00,2025-07-22,1.76,2.09,0.5428571428571429,0.1718502569266595,0.6252515442389193,0.3400487663657516,0.0,0.0,0.6398743888251154,0.6716202753262301,1.0157480689887421e-09,69,117,False,False,False,c9a4a5b3a446497a8061c38af96691f9dfcc0748f58e6ce9a156eec731ad3bdc,f9eae55058abf9d7d61cc3e7c14672e85faa9ed8c7a09c79659044705a76d24b,1.74,2.13,True,2025-07-22T10:35:00+00:00,2025-07-22T15:26:00+00:00,0.5572796013678407,0.5564043815917776,0.5584238558793618
te:2966187,2025-07-22,2025,2025-07-22,holmgren-a5794,johns-b2ed0,2025-07-22T21:25:00+00:00,2025-07-22T09:39:00+00:00,0.0,2025-07-24T22:00:00+00:00,2025-07-22,1.69,2.18,0.5633074935400517,0.2545963478660157,0.6234605297742942,0.24966623461683157,1.6833333333333333,1.6833333333333333,0.8080449871190506,0.7239090287504568,7.759903830617532e-13,128,205,False,False,False,cb2efde663b0af644d9452ed408764817c77316298394ae0968c55689ef77988,d9acdc12f08f723a8313b8e2688cf6df26212afcf76a4f811879188495154aab,1.78,2.06,True,2025-07-22T21:08:00+00:00,2025-07-22T21:08:00+00:00,0.5754320753031178,0.5729600855663816,0.5665115389395424
te:2967955,2025-07-25,2025,2025-07-25,butvilas,soriano-barrera,2025-07-25T12:20:00+00:00,2025-07-24T19:26:00+00:00,1.0,2025-07-27T22:00:00+00:00,2025-07-25,1.77,2.1,0.5426356589147286,0.17095779814363937,0.5926518832376326,0.20398124143034096,1.3,0.7,0.6540411969257788,0.574973027192301,1.3011286492670138e-11,159,176,False,False,False,c18a3723cc29c4404ae6a9296e798d4270e1719ff22d00c0f627956f5dc58549,db52beec94200c5d54f3ca439e42f4d592616a04c7a87113e5d1e0b4dc113f48,1.9,1.97,True,2025-07-25T12:04:00+00:00,2025-07-25T12:04:00+00:00,0.5570828905899065,0.5534931737731424,0.5520711616786679
te:2976249,2025-08-01,2025,2025-08-01,spizzirri,suresh-f2001,2025-08-01T19:10:00+00:00,2025-08-01T13:00:00+00:00,1.0,2025-08-03T22:00:00+00:00,2025-08-01,1.88,1.96,0.5104166666666667,0.04167269640056832,0.5895837292577834,0.320572108726572,1.9,0.16666666666666666,0.7418087714570063,0.6448926471454668,5.205508607497578e-09,199,62,False,False,False,2a4a66ec91f7fa41d60f8fc2d474d08ac39f128e25c33fb193d67fb45927d9a5,aa93a0429d79f6f14294f3a9a5cb29cd2f9a84bc8f9c28cd097df90b6d5aef82,1.83,2.03,True,2025-08-01T17:34:00+00:00,2025-08-01T17:34:00+00:00,0.5284282227420336,0.5268658718790827,0.5283649766384898
te:2979837,2025-08-05,2025,2025-08-05,midon,boscardin-dias-3afa8,2025-08-05T09:10:00+00:00,2025-08-05T03:18:00+00:00,0.0,2025-08-07T22:00:00+00:00,2025-08-05,1.92,1.9,0.4973821989528796,-0.010471299867295303,0.6140364994001882,0.47478286456245417,0.48333333333333334,0.48333333333333334,0.5128222195042657,0.5000000010509748,0.014340594422588906,186,201,False,False,False,1caa914a19f25bd82be300e9c2c1e52d6d1a94cc2ed7b94f18092412fc93c45f,1a6533e4887bb541d48e024c7adc0daa630a1c6fa769947c307ba31dfd2f3cf1,1.93,1.91,True,2025-08-05T06:18:00+00:00,2025-08-05T06:18:00+00:00,0.5168069821657151,0.5182345379625873,0.517843323582647
te:2983945,2025-08-08,2025,2025-08-08,taberner,bueno-01b7e,2025-08-08T19:05:00+00:00,2025-08-08T04:04:00+00:00,0.0,2025-08-10T22:00:00+00:00,2025-08-08,1.97,1.87,0.4869791666666667,-0.05209511188340181,0.6013936659516415,0.4633705518192521,1.7166666666666666,0.65,0.6645368383044995,0.5949048316039662,5.917584672276988e-09,196,165,False,False,False,92af8b4c0a3daa6df575fc6331c4c282bad287df38650b812391d1035daeaa3e,f8cba42ab286c34981bb56aaa56da07b4080ba34c25f439eed95cc15a5a0b3bc,2.01,1.85,True,2025-08-08T18:11:00+00:00,2025-08-08T08:20:00+00:00,0.5075166807624338,0.5086235124634599,0.5075647093112909
te:2989407,2025-08-15,2025,2025-08-15,shevchenko-3bd40,shimabukuro,2025-08-14T22:50:00+00:00,2025-08-14T09:02:00+00:00,0.0,2025-08-17T22:00:00+00:00,2025-08-15,1.71,2.14,0.5558441558441558,0.2243124585191915,0.651061991718007,0.39939812480323644,0.0,0.0,0.7272641875800084,0.7251203904187541,9.565126468658036e-12,161,115,False,False,False,2aa3cd5f70196b843087fa17cb56bc9ba5f3c296f1c743db3de04b914927fbce,b7beecb51aa0c27b55e882a41a0acc2ae4e269b2a0029b0a8a224b39a65a8ffe,1.72,2.15,True,2025-08-14T15:56:00+00:00,2025-08-14T18:09:00+00:00,0.5688094369949043,0.5692280079189445,0.5712293332834073
te:2990545,2025-08-15,2025,2025-08-15,jodar,brunclik-d09d6,2025-08-15T11:25:00+00:00,2025-08-14T18:09:00+00:00,,,,1.95,1.9,0.49350649350649356,-0.025975486403260445,0.605839418798376,0.45583205910964,0.95,0.18333333333333332,0.6202482238042376,0.5657483884600751,5.38375122260959e-10,51,128,False,False,False,be52821a5a452acc4acafe7ce839588846fb52dfd26b21c82e5d642d276cbca3,1128eb581263f50b661993d4c7a0f6c8e3261abbbcd9d5f57559b122fe4af4de,1.93,1.93,True,2025-08-15T11:20:00+00:00,2025-08-15T11:20:00+00:00,0.513347511356142,0.5143594254232194,0.5156306160375219
te:2991145,2025-08-15,2025,2025-08-15,travaglia,prado-angelo,2025-08-15T18:55:00+00:00,2025-08-14T22:26:00+00:00,0.0,2025-08-17T22:00:00+00:00,2025-08-15,1.82,2.05,0.5297157622739017,0.11900329206161245,0.611788785095344,0.33583424866948186,0.9833333333333333,0.15,0.5257277423975003,0.5000000000000001,0.00738904203251721,140,174,False,False,False,af2bc254741810fa2b4bae0acf2dc649e8b37339ef7fa0047a38ae03d60bb359,81e46f6a0375b3a66fa65c5f23d16059c5439dd317eae28b2d522700cd4cf9ae,1.86,2.01,True,2025-08-15T16:26:00+00:00,2025-08-15T16:26:00+00:00,0.5456024916258041,0.5445229122851915,0.5459383233163357
te:2994403,2025-08-19,2025,2025-08-19,nedic,serdarusic-5f7cc,2025-08-19T15:00:00+00:00,2025-08-19T04:19:00+00:00,1.0,2025-08-21T22:00:00+00:00,2025-08-19,1.77,2.06,0.5378590078328982,0.15172643621575205,0.6146422280899649,0.315141738904555,0.0,0.0,0.5055256322547322,0.500000000303573,0.017838143778617657,172,45,False,False,False,85c479a3f463c445324b2d6c9276b1eab4c14d976374bb9b2a2683f7789937fd,420b7cc084903edb3dc29a6bc7a12fa666794f0f79266c9ac65686742b1f685a,1.79,2.05,True,2025-08-19T13:02:00+00:00,2025-08-19T13:02:00+00:00,0.5528397712841963,0.5514216736536561,0.5534473671735379
te:2995105,2025-08-19,2025,2025-08-19,sanchez-martinez-d06a8,masur-d87d6,2025-08-19T08:40:00+00:00,2025-08-19T00:52:00+00:00,0.0,2025-08-21T22:00:00+00:00,2025-08-19,1.87,1.95,0.5104712041884817,0.041890941709160225,0.6149440827182013,0.42625183611973133,0.0,0.0,0.5466347972209934,0.5659389269718955,4.218484894735752e-08,53,134,False,False,False,0d1be146d02d49b1def188761b12e5d51fd1826ffa16423c64760295ba388b2a,e88db9d20e7f4426c5dbd96e855d0d353c40d58cfea6fcd605e811987ef7e80e,1.88,1.96,True,2025-08-19T06:54:00+00:00,2025-08-19T06:54:00+00:00,0.5284768068034015,0.5290406384300718,0.5311026905775136
te:2997253,2025-08-22,2025,2025-08-22,molcan,dodig-b6156,2025-08-22T09:30:00+00:00,2025-08-21T18:04:00+00:00,0.0,2025-08-24T22:00:00+00:00,2025-08-22,1.91,1.94,0.5038961038961038,0.015584731016698041,0.5924738231684347,0.3586167924689275,0.7666666666666667,0.23333333333333334,0.5706040390830075,0.5000000000000001,0.020599769119676814,120,137,False,False,False,6bec4079c8056cb0a2d959d55c7df7cf28fcabb4f541f5a1800aec7da1b93867,a588a13aaf16b3b132ad9dde8a8c1b9045d66f67ab45ed7d884aabba231e719f,1.89,1.97,True,2025-08-22T09:02:00+00:00,2025-08-22T09:02:00+00:00,0.5226171049586064,0.5217616904355578,0.5227265775439908
te:2997415,2025-08-22,2025,2025-08-22,stebe,kolar-d6d52,2025-08-22T10:40:00+00:00,2025-08-21T18:04:00+00:00,0.0,2025-08-24T22:00:00+00:00,2025-08-22,1.93,1.92,0.49870129870129865,-0.0051948168771042275,0.6100376497580604,0.45266529643222275,0.5166666666666667,0.5166666666666667,0.5000000000000001,0.5324083990188431,0.02402822914867546,56,189,False,False,False,5de44ce2fd04068e087b2ceb717cf49d8ad0728144129a47b046937d98493949,025b5a4deb2a75eba3dcfded7fa459d244de03ed0de0d57138cede226a8fb7b5,2.08,1.8,True,2025-08-22T09:02:00+00:00,2025-08-22T09:02:00+00:00,0.5179839805162749,0.518977305458161,0.518414121470197
te:3000385,2025-08-26,2025,2025-08-26,engel-6e09f,ivanov-5f3c9,2025-08-26T15:15:00+00:00,2025-08-25T18:22:00+00:00,1.0,2025-08-28T22:00:00+00:00,2025-08-26,1.96,1.86,0.486910994764398,-0.0523679855173157,0.5806845952322328,0.37795233686306196,0.85,0.15,0.6803263901277419,0.5842817150588576,5.5659792053130985e-08,168,66,False,False,False,44aaf7992275f317bc61fa91c4331878e0f1a841a2048f7cc8e0b97ffd5b6c4c,bf43490df01978192a123e98f71d37d3050bf738f87abf77541a48f61502137a,2.02,1.81,True,2025-08-26T14:16:00+00:00,2025-08-26T14:16:00+00:00,0.5074557520904215,0.5068388603933225,0.5082702609824665
te:3004137,2025-08-29,2025,2025-08-29,rodionov-f5e38,masur-d87d6,2025-08-29T14:05:00+00:00,2025-08-29T11:08:00+00:00,1.0,2025-08-31T22:00:00+00:00,2025-08-29,1.91,1.94,0.5038961038961038,0.015584731016698041,0.5810665080836404,0.3115683142152352,0.7166666666666667,0.7166666666666667,0.7603597359689098,0.6529612561023338,8.961079378533299e-10,173,137,False,False,False,ec2df630b47905a6dd782b76ff1ffd25525965805bc863969eefd2f692f741cf,55e42ff711ebd41ef5d909ed15411364485c34594cf23ccab072b3ee684866af,1.84,2.0,True,2025-08-29T12:36:00+00:00,2025-08-29T12:36:00+00:00,0.5226171049586064,0.520814085494636,0.5192203755274474
te:3004231,2025-08-29,2025,2025-08-29,rincon-d1dab,tobon-f2488,2025-08-29T18:25:00+00:00,2025-08-29T11:08:00+00:00,1.0,2025-08-31T22:00:00+00:00,2025-08-29,1.97,1.88,0.4883116883116883,-0.04676176590803932,0.565815874184033,0.3115617833946093,0.0,0.0,0.6947491889823995,0.5827627337499888,7.785533540083378e-08,158,84,False,False,False,75450db755a30f1cffd8f82c444819ef2c04af1a1d9daf9b32e5ea75386e2a70,b7afd0eab1282af6748a39cbe7d89d54a54ce8d225a7dbcafbca203af15aced0,1.94,1.93,True,2025-08-29T17:22:00+00:00,2025-08-29T17:22:00+00:00,0.5087074914586378,0.5067637186525065,0.508840273201339
te:3004825,2025-09-02,2025,2025-09-02,zeppieri,onclin-89017,2025-09-02T10:55:00+00:00,2025-09-01T14:44:00+00:00,0.0,2025-09-04T22:00:00+00:00,2025-09-02,1.78,2.05,0.5352480417754569,0.14122642884632308,0.6065322645762289,0.29153242544976055,0.0,0.0,0.6106797459125572,0.5591828552283252,4.804750569631366e-09,113,167,False,False,False,865fc3a9d3f785a61ba7789d1009eac2ec762b6d8fc94113cc7013b42a1e8edc,3b08a2459d8fc85542880a2c1591f2fe496e58ff2d627dce2a95aa98f8ac9784,1.76,2.09,True,2025-09-02T10:50:00+00:00,2025-09-02T10:50:00+00:00,0.5505198050059154,0.5486055530092538,0.5506340116954151
te:3005119,2025-09-02,2025,2025-09-02,sanchez-izquierdo-99add,dodig-b6156,2025-09-02T10:40:00+00:00,2025-09-01T20:18:00+00:00,1.0,2025-09-04T22:00:00+00:00,2025-09-02,1.87,1.95,0.5104712041884817,0.041890941709160225,0.6140366609725463,0.42242130473839506,1.7166666666666666,0.21666666666666667,0.5128208264948049,0.5000000010632588,0.013885999876536742,184,149,False,False,False,f0dcf4aaa6f8c7d0e18d5559fff4f5e9924be6d0364f035291ff9f64c2d4a17e,a90d92f118f1113b191873b7d2b589838cb431a97977b19c504da0e92039159d,1.88,1.96,True,2025-09-02T10:06:00+00:00,2025-09-02T10:06:00+00:00,0.5284768068034015,0.5289636074887889,0.5301729973156756
te:3010709,2025-09-05,2025,2025-09-05,mejia-a7d27,karol-5fc49,2025-09-05T08:10:00+00:00,2025-09-04T03:40:00+00:00,0.0,2025-09-07T22:00:00+00:00,2025-09-05,1.74,2.14,0.5515463917525772,0.2069207158073222,0.6375608415870213,0.3578723731074631,0.0,0.0,0.7306393977659077,0.6926267959555584,1.767748752934395e-09,150,176,False,False,False,4e0fd15c6b2e01314f6ed40990ec6daf6af130e17bc84d8f11353ba129149187,2c50a15f7e2e37a63fdc33fda38534c252e7edd30471c3dc8af30d25bbbb16d7,1.72,2.18,True,2025-09-05T07:40:00+00:00,2025-09-04T23:50:00+00:00,0.5649948068428703,0.5645527568351951,0.5665598274458302
te:3011457,2025-09-05,2025,2025-09-05,harris-5a94c,malige-dbd0f,2025-09-05T14:00:00+00:00,2025-09-04T17:24:00+00:00,0.0,2025-09-07T22:00:00+00:00,2025-09-05,2.07,1.79,0.46373056994818657,-0.14533298742461392,0.5481376461974353,0.33848181555582113,0.0,0.0,0.6820987617052864,0.555576130571824,2.3120824838018805e-09,186,152,False,False,False,8235cb094ee5e2bcd823f5c46d79118c657f4bf63ed187277fbde67d4eb09c3e,7987ba93f29168bb3ead7a8407abe23ec724143d345ba4e77caa6252f47fb9b2,2.03,1.83,True,2025-09-05T12:22:00+00:00,2025-09-05T12:22:00+00:00,0.4866970720041824,0.4850796290384018,0.48717076075391214
te:3011497,2025-09-05,2025,2025-09-05,glinka,fery,2025-09-05T09:05:00+00:00,2025-09-04T16:56:00+00:00,1.0,2025-09-07T22:00:00+00:00,2025-09-05,1.93,1.93,0.5,0.0,0.5562857138396751,0.22610118041645613,0.0,0.0,0.5635986896359383,0.683095758273583,2.9257896105860937e-10,142,85,False,False,False,82e0be40df30d6b2e5c4c98f1650a07b1bf031972f8a299f27ceb8ac600cd25e,1eb1b36d8e7b37189e0e6b9887f1b0f3711d8065fe8968ca434a1c0dd05824e1,1.95,1.92,True,2025-09-05T07:40:00+00:00,2025-09-04T17:06:00+00:00,0.5191425671608797,0.5155815137253731,0.5176454080793021
te:3011809,2025-09-05,2025,2025-09-05,olivieri-ff875,lajovic,2025-09-05T20:15:00+00:00,2025-09-05T07:40:00+00:00,,,,2.09,1.77,0.45854922279792754,-0.16618451939098156,0.5503317049147876,0.3681955267474637,0.55,0.55,0.6264896257464131,0.7573509395143245,1.2447542996341099e-12,163,135,False,False,False,862ce0346dbc47b965e39d606737056df383672ff543f53d217530ffa8defc33,1cff1677ddc94cd12b0426c80997fcfc511c2997a6f48d3b5cb2f85e0ad095c3,2.16,1.74,True,2025-09-05T20:02:00+00:00,2025-09-05T20:02:00+00:00,0.48204477125789424,0.4809809994365994,0.48026719883031954
te:3017569,2025-09-12,2025,2025-09-12,llamas-ruiz,kopriva,2025-09-12T15:45:00+00:00,2025-09-11T04:34:00+00:00,1.0,2025-09-14T22:00:00+00:00,2025-09-12,1.88,1.98,0.5129533678756476,0.051825067864585767,0.6147807333728836,0.4156279093911024,0.0,0.0,0.5007136077966992,0.5007136068599145,0.02279268857161415,96,176,False,False,False,630124fec7e6ae1aabeb564d90a4dfcd8fcdab3f7df7917c75b0af2389fe6caf,6cab725f175196db61407a9e0145881cffc5618c5e8be25b7b06dcbe643c1932,1.86,1.99,True,2025-09-12T14:48:00+00:00,2025-09-12T14:48:00+00:00,0.5306876786556054,0.5310595306916243,0.533118597328754
te:3017921,2025-09-12,2025,2025-09-12,harris-5a94c,onclin-89017,2025-09-12T10:15:00+00:00,2025-09-11T18:34:00+00:00,0.0,2025-09-14T22:00:00+00:00,2025-09-12,1.74,2.13,0.5503875968992248,0.202236866494896,0.6207352687881773,0.29043336581494095,1.75,1.75,0.5964038202893607,0.6029101973324664,1.5967198924160542e-07,199,169,False,False,False,de6061788ceabc83cecd8fccde452506247d2a5da5006fc219918115f800ac0a,455c49b0afa618bd92ad9e8dbc87a6fd8c840521098b9ef761852d8422efe8a9,1.75,2.14,True,2025-09-12T04:40:00+00:00,2025-09-12T09:10:00+00:00,0.5639661351198035,0.5621744100268515,0.5553621060515345
te:3018393,2025-09-12,2025,2025-09-12,zahraj-42755,kingsley-84b50,2025-09-12T19:30:00+00:00,2025-09-12T09:10:00+00:00,1.0,2025-09-14T22:00:00+00:00,2025-09-12,1.68,2.23,0.5703324808184143,0.28320779205685953,0.6355846278694188,0.2730431078186323,1.2666666666666666,0.26666666666666666,0.6853624278208289,0.674189768434256,2.9460479333831557e-09,197,96,False,False,False,452aa6aa33d0d23bb386ab6ebe534cdbff3c53f45ff93ddbea78e857668d5e75,4f523f58d7d827ecb47759b42e70dbb8b4fe175d591300d0c2ffd5a94126062e,1.69,2.24,True,2025-09-12T18:48:00+00:00,2025-09-12T18:48:00+00:00,0.5816642325402968,0.5797233566354247,0.5805336186783673
te:3019655,2025-09-16,2025,2025-09-16,butvilas,gigante-f720d,2025-09-16T11:35:00+00:00,2025-09-15T21:10:00+00:00,1.0,2025-09-18T22:00:00+00:00,2025-09-16,1.87,1.95,0.5104712041884817,0.041890941709160225,0.6109099690233173,0.40924789745869333,0.0,0.0,0.524936058391007,0.5572183151167244,7.750125541328146e-11,161,143,False,False,False,a2115c4bf0d8619f995eb4ec2ad038de55add5d9df8524ae68fe37015edc3157,5659cc7392e542e6a300be0245b45e37312183ac1ef503e648c537c8ef70086c,1.88,1.96,True,2025-09-16T10:44:00+00:00,2025-09-16T10:44:00+00:00,0.5284768068034015,0.5286986833538355,0.5307601019470952
te:3026125,2025-09-23,2025,2025-09-23,trotter,colson,2025-09-23T02:55:00+00:00,2025-09-22T17:04:00+00:00,0.0,2025-09-25T22:00:00+00:00,2025-09-23,1.78,2.05,0.5352480417754569,0.14122642884632308,0.6021670802108265,0.273276402214066,1.1333333333333333,1.1333333333333333,0.8011220466185331,0.7023151063544854,1.6361911825413245e-13,148,131,False,False,False,a5f4282a250ac26b9e513253c629a6fb7e469ed9f45722896d91b7a91610f235,f541f030b47c1468c447a8ed9827da19e6e326f5d850b9aefddced56f04130a0,1.87,1.96,True,2025-09-23T01:18:00+00:00,2025-09-23T01:18:00+00:00,0.5505198050059154,0.5482406449682005,0.5445260973638976
te:3030189,2025-09-26,2025,2025-09-26,rocha-0492a,llamas-ruiz,2025-09-26T12:05:00+00:00,2025-09-25T08:02:00+00:00,0.0,2025-09-28T22:00:00+00:00,2025-09-26,2.01,1.83,0.4765625,-0.09381875521765481,0.6130472302474651,0.5539580922989195,0.9333333333333333,0.3,0.634036883842672,0.6950487508871921,2.5621050531166034e-08,153,113,False,False,False,5335eab148edf9b34d6a1fb17bdbb2c1fe3e2ec2053147d2eacf156755a7f784,19125b22d30aeacd398624a6616eade817cbfc1d705c21cfc9bd698f64077af1,1.98,1.88,True,2025-09-26T11:28:00+00:00,2025-09-26T11:28:00+00:00,0.4981988896052437,0.5010417028832499,0.5017096931094444
te:3031159,2025-09-26,2025,2025-09-26,shelbayh,rodionov-f5e38,2025-09-26T20:00:00+00:00,2025-09-26T04:06:00+00:00,1.0,2025-09-28T22:00:00+00:00,2025-09-26,1.72,2.17,0.557840616966581,0.2324028767270068,0.6075420552137764,0.2045891383406435,0.8666666666666667,0.23333333333333334,0.5909303532610257,0.6483199095334914,1.3024371747771823e-08,125,187,False,False,False,d15185c97210fc438af0cd05e30b1379bd8423b74e199b3c764b7e05ebdae2a9,c33ed356cc5c377fb48f104c56fd5eb1dc2ceb241a08c1dd3b0ae50db9bbae23,1.75,2.14,True,2025-09-26T18:20:00+00:00,2025-09-26T11:28:00+00:00,0.570581204330306,0.5671611496348972,0.5680884852120351
te:3032367,2025-09-30,2025,2025-09-30,diaz-acosta,kicker,2025-09-30T19:55:00+00:00,2025-09-30T10:08:00+00:00,1.0,2025-10-02T22:00:00+00:00,2025-09-30,1.93,1.88,0.4934383202099738,-0.026248226074936154,0.5894445086163965,0.3879177089144177,0.9,0.9,0.6249495184484914,0.5455454414300748,1.3578769211819441e-07,81,174,False,False,False,4912652be943a47450779400d7f05b03e635e50627cd88030181fd213780522c,f61631cce5e226148cf5b9f1575e0e125121d6ef12bb963c3f0e07c5c5c9354d,2.01,1.81,True,2025-09-30T18:24:00+00:00,2025-09-30T16:50:00+00:00,0.5132866421508997,0.5129286283241231,0.5104061120753994
te:3034241,2025-09-30,2025,2025-09-30,oberleitner,gea,2025-09-30T11:40:00+00:00,2025-09-29T21:54:00+00:00,1.0,2025-10-02T22:00:00+00:00,2025-09-30,1.95,1.87,0.4895287958115184,-0.041890941709159774,0.5633928931189477,0.2968344610308634,0.0,0.0,0.5747502504794821,0.6883159541509727,8.721995348182077e-12,180,179,False,False,False,5046d26e36522b4fcf6c4ceb3156dc33a3b53b7cde2e66a9c073d810eea7b973,6d1013122c2fc0ff38da36033098745b571c90ca372a1a1476fdfecb5ab952d6,2.04,1.81,True,2025-09-30T10:08:00+00:00,2025-09-30T10:08:00+00:00,0.5097949459427119,0.5075649752833488,0.5096400112777951
te:3036363,2025-10-03,2025,2025-10-03,vallejo-d7859,barrios-vera,2025-10-03T19:55:00+00:00,2025-10-02T16:38:00+00:00,0.0,2025-10-05T22:00:00+00:00,2025-10-03,1.93,1.92,0.49870129870129865,-0.0051948168771042275,0.5969207184122959,0.39784585036796705,0.95,0.35,0.5000000000000001,0.563102546905198,0.013250638227162076,150,188,False,False,False,ba450fa69a4eb7f90874981213c86bb8b7ec902b5e280db5f1c060a2e9088b81,2598733ef0c0af2d10a2e74475fa2d8a5caa5231723b8f40952013e733d644b4,1.96,1.91,True,2025-10-03T18:11:00+00:00,2025-10-03T18:11:00+00:00,0.5179839805162749,0.5178726822805831,0.5182585767593727
te:3036889,2025-10-03,2025,2025-10-03,budkov-kjaer,passaro-5f6f1,2025-10-03T09:45:00+00:00,2025-10-02T16:38:00+00:00,0.0,2025-10-05T22:00:00+00:00,2025-10-03,1.63,2.34,0.5894206549118388,0.36157091455093915,0.6401212505643141,0.21431953027057238,0.8166666666666667,0.8166666666666667,0.7286678588759298,0.6963230928574542,4.426363164888869e-10,184,151,False,False,False,3f94c8d9d8bebcb8716d017c350116049d88f2333c580ca658216c198d7bc5f3,b36ec8de104c164873fba62fe44855ca79ecb380bd570a9baf6155a4da5ef114,1.64,2.36,True,2025-10-03T07:44:00+00:00,2025-10-03T07:44:00+00:00,0.5985949176778714,0.5957037234788192,0.5936185111033841
te:3037062,2025-10-03,2025,2025-10-03,zink-30580,banerjee-3b4c6,2025-10-03T20:00:00+00:00,2025-10-03T14:08:00+00:00,1.0,2025-10-05T22:00:00+00:00,2025-10-03,1.91,1.94,0.5038961038961038,0.015584731016698041,0.5820692818961662,0.31568907806435414,0.48333333333333334,0.48333333333333334,0.5000000000000001,0.5857331052033764,0.013619396580146423,149,83,False,False,False,32fa4b5c7f16383c1e671ad4814d2a9e9367e30a759a7f40b9a62964774dbec2,accaef0766fbf88d13b5c1f7bff849e6924bb33a9a49deb38bba1e2fd8f3a696,1.9,1.97,True,2025-10-03T18:11:00+00:00,2025-10-03T18:11:00+00:00,0.5226171049586064,0.5208970880184413,0.5204947062485975
te:3039682,2025-10-07,2025,2025-10-07,nagal,merida-aguilar,2025-10-07T14:55:00+00:00,2025-10-06T16:56:00+00:00,0.0,2025-10-09T22:00:00+00:00,2025-10-07,1.81,2.0,0.5249343832020998,0.09982033528221135,0.6123816071399382,0.3575139618974031,2.283333333333333,0.18333333333333332,0.5000000000000001,0.5230345633616794,0.010343046849419585,150,182,False,False,False,cc53d592469fb79707c0173c42c24b3146abdb599ba81ccd851f05bac97f150d,b7d3d4301ede67bf9c1ddf66ec347061b3334cc3eaeaff5aa0afddfb20fd7929,1.83,1.99,True,2025-10-07T06:04:00+00:00,2025-10-07T13:40:00+00:00,0.5413506779527157,0.5406620040435942,0.5421252506443537
te:3041590,2025-10-10,2025,2025-10-10,taberner,trungelliti,2025-10-10T17:50:00+00:00,2025-10-09T00:02:00+00:00,0.0,2025-10-12T22:00:00+00:00,2025-10-10,1.88,1.98,0.5129533678756476,0.051825067864585767,0.6211822422005195,0.4427441974139461,1.2333333333333334,0.6333333333333333,0.6287515245791911,0.6674931374906298,2.1959859208831034e-08,160,191,False,False,False,419502b4036390e769bb71d8ec833f34ab83793d90a071029f3a853dec5ae95b,38f48f4e040a1ce7a71e886ebd16c01dfaaa3cbc1e3d8b6644c5c33125efff75,1.85,2.0,True,2025-10-10T17:14:00+00:00,2025-10-10T17:14:00+00:00,0.5306876786556054,0.5316045241405866,0.5305401981537515
te:3044274,2025-10-14,2025,2025-10-14,jasika,uchiyama,2025-10-14T03:15:00+00:00,2025-10-13T18:36:00+00:00,,,,1.91,1.91,0.5,0.0,0.61812372904304,0.4815919881042371,0.85,0.25,0.6838929330232126,0.7570479142823837,2.1739058025938007e-08,178,122,False,False,False,dfee58172b125d706c2f2e70fa00fb022409141dd143cfb938b2635e9f6a24db,c957118da9cd593b6062d3e1e89989407c6bcf1cce8a39caf1b9c9da4f068d6a,1.92,1.92,True,2025-10-14T01:48:00+00:00,2025-10-14T01:48:00+00:00,0.5191425671608797,0.520729865810798,0.5216291442469649
te:3047088,2025-10-17,2025,2025-10-17,mrva,hussey-d2863,2025-10-17T07:10:00+00:00,2025-10-16T02:42:00+00:00,0.0,2025-10-19T22:00:00+00:00,2025-10-17,1.97,1.87,0.4869791666666667,-0.05209511188340181,0.6173742156328367,0.5305130130293164,0.0,0.0,0.5642088165468687,0.5672042899925279,2.2290032902771983e-08,133,180,False,False,False,f5e73f525c770dd2f684ab881451145e618de114c5367da1a0e64c1ec05a0307,130de8a44e0ae15f5663d69ec64146016843115bb142510dd9164d80f1a4a26d,1.98,1.89,True,2025-10-16T23:22:00+00:00,2025-10-16T23:22:00+00:00,0.5075166807624338,0.509977817582781,0.5120650191824729
te:3047090,2025-10-17,2025,2025-10-17,wendelken,andaloro,2025-10-17T07:10:00+00:00,2025-10-16T23:22:00+00:00,0.0,2025-10-19T22:00:00+00:00,2025-10-17,1.97,1.88,0.4883116883116883,-0.04676176590803932,0.6119154659848413,0.5021327243382518,2.1,1.4666666666666666,0.5000000000000001,0.5251763164376588,0.004965479839588144,164,183,False,False,False,4082cb312ef84c53091233c397a1fb706c1cb19fefd43f0699ece3b6dd7155df,f88a9a40e866569a34a2d32e6a50cb35896ccfb6527629c2bc84536f0211d6fb,1.98,1.89,True,2025-10-17T06:18:00+00:00,2025-10-17T06:18:00+00:00,0.5087074914586378,0.5106078063264536,0.5053028503495961
te:3051802,2025-10-21,2025,2025-10-21,tabur,virtanen-7d161,2025-10-21T13:05:00+00:00,2025-10-21T05:00:00+00:00,1.0,2025-10-23T22:00:00+00:00,2025-10-21,1.88,1.94,0.5078534031413613,0.031416196233379066,0.6056677034249198,0.39772134909196916,0.36666666666666664,0.36666666666666664,0.7093100066428656,0.8068607723583447,1.5463741398491493e-12,149,120,False,False,False,fe0c698faa8ea82bb5f8e2513dc17ac405be63db108542162ceabe259ec79e45,502459ea0960a421628cc26660d9ed7fbace57f219c626e2de84171e12d550b1,1.76,2.08,True,2025-10-21T12:20:00+00:00,2025-10-21T12:20:00+00:00,0.5261444094392936,0.5261113944227693,0.5263058610396679
te:3060906,2025-10-31,2025,2025-10-31,shimabukuro,samrej-f05ce,2025-10-31T02:10:00+00:00,2025-10-30T13:26:00+00:00,0.0,2025-11-02T23:00:00+00:00,2025-10-31,1.91,1.94,0.5038961038961038,0.015584731016698041,0.5909168136335269,0.35217199619821715,1.0833333333333333,0.05,0.7303957711849189,0.6367801883218686,2.4720202440597916e-08,124,186,False,False,False,f44b993c64b1adee78d01ba26630aff22167f6b58f166b4356042a3cd4e61324,340320fefb058e76fc18a030395f30ba1cc6e5560a52b450ecf318b42bce48ad,1.92,1.95,True,2025-10-30T22:42:00+00:00,2025-10-30T22:42:00+00:00,0.5226171049586064,0.5216318946870948,0.5236156973899548
te:3061076,2025-10-31,2025,2025-10-31,brunclik-d09d6,alkaya,2025-10-31T12:00:00+00:00,2025-10-30T18:50:00+00:00,0.0,2025-11-02T23:00:00+00:00,2025-10-31,1.91,1.94,0.5038961038961038,0.015584731016698041,0.5912971682200389,0.3537456634279375,1.25,0.5166666666666667,0.5724645469209445,0.5000000000000001,0.013336221132962706,136,177,False,False,False,acd55124e7848c934f18c2768ef9ab02587e6dee33936e537709d2017ba66438,74552a9703b25a2633d89cde8fad74e86965b543aecda12115e4f19155916547,1.92,1.95,True,2025-10-31T08:42:00+00:00,2025-10-31T08:42:00+00:00,0.5226171049586064,0.5216635880174608,0.5212159456388883
te:3061820,2025-10-31,2025,2025-10-31,giustino-1d545,added,2025-10-31T10:05:00+00:00,2025-10-30T17:30:00+00:00,0.0,2025-11-02T23:00:00+00:00,2025-10-31,1.78,2.09,0.5400516795865633,0.16055070167272584,0.6053247782399394,0.26715123255918266,0.9,0.9,0.5000000000000001,0.5458154407003262,0.0008909188286093384,202,225,False,False,False,0d2e5477ce5a5b88aa131e85c532600e73c4971bdbb7cd57d0e128f79376aa8c,f2dcba004d41cb1f3acbce9dba54aa33ea2201315b1e6e7e6ba505f8feb75318,1.79,2.11,True,2025-10-31T06:42:00+00:00,2025-10-31T06:42:00+00:00,0.5547877104922935,0.552432574422132,0.5499024354987976
te:3061964,2025-10-31,2025,2025-10-31,droguet,maestrelli,2025-10-31T14:45:00+00:00,2025-10-31T09:30:00+00:00,0.0,2025-11-02T23:00:00+00:00,2025-10-31,1.59,2.42,0.6034912718204488,0.4200335239364546,0.6107032607750358,0.030235777098175654,1.0333333333333334,0.03333333333333333,0.713051703075806,0.6441577476530749,3.5313075241738545e-09,162,196,False,False,False,6c4b1c4fe0ddc9aee0d539c9b18008ebd74cb4b5eb2e53850eeb0823d9ce1454,caaf58c8d49f513fc800bce9b3cdd34c30d12aa858954510d23646a522e9a5f5,1.6,2.43,True,2025-10-31T10:42:00+00:00,2025-10-31T11:54:00+00:00,0.6110768781960523,0.604794170771108,0.6066981344899407
te:3062000,2025-10-31,2025,2025-10-31,jodar,dietrich-fa350,2025-10-31T17:05:00+00:00,2025-10-31T09:30:00+00:00,0.0,2025-11-02T23:00:00+00:00,2025-10-31,2.21,1.69,0.4333333333333333,-0.26826398659467954,0.5151490726507921,0.32887882942988905,0.65,0.016666666666666666,0.6524145755099555,0.5000000000000001,0.015170978566301202,103,35,False,False,False,68998f2e43b63921d45a15e40864c4acb58cd4b325a9a12f05df7c6020d1d739,14d5fab0a5daf8a63ee520bcd70e0fcee49be48cafd44c691b02130a31413aac,2.16,1.74,True,2025-10-31T13:38:00+00:00,2025-10-31T13:38:00+00:00,0.45932914864841745,0.4572596826179901,0.4593763374703126
te:3062048,2025-10-31,2025,2025-10-31,rosenkranz,tarvet,2025-10-31T18:15:00+00:00,2025-10-31T09:30:00+00:00,0.0,2025-11-02T23:00:00+00:00,2025-10-31,1.69,2.22,0.5677749360613811,0.27277866694920594,0.6053906339406433,0.1551989297720252,1.1666666666666667,0.5666666666666667,0.5885663210007812,0.6495571563115814,2.4076239141246347e-08,202,61,False,False,False,680a3040589b81aafb7126c56fb799fd899069df6c171d071bf5e641214a7023,667970b0f997f620aa6e490ce9c096ea166fd5c0bf3bcb8731afe2e9bba5af79,1.73,2.17,True,2025-10-31T16:51:00+00:00,2025-10-31T16:51:00+00:00,0.5793954642364574,0.5751067461048418,0.5743505077375137
te:3062130,2025-10-31,2025,2025-10-31,monday,krueger-d6035,2025-10-31T19:15:00+00:00,2025-10-31T09:30:00+00:00,0.0,2025-11-02T23:00:00+00:00,2025-10-31,1.6,2.39,0.5989974937343359,0.40128973669768386,0.6330703134486757,0.14412151905485326,2.2666666666666666,1.0666666666666667,0.7858199510404468,0.7177949674527624,2.690731415455616e-09,157,134,False,False,False,4867818f232560c4420ff2daad2dd30d6671ffe15b259640b802c1c3010444cf,d21766b8eae770589360ee5e20337d0d7548ebcf8b221fc65e6b6f946dc2ae6d,1.59,2.44,True,2025-10-31T15:39:00+00:00,2025-10-31T16:11:00+00:00,0.6070900014899439,0.602947848622267,0.5998330036105055
te:3062912,2025-11-04,2025,2025-11-04,ruusuvuori,neumayer,2025-11-04T15:40:00+00:00,2025-11-03T17:24:00+00:00,1.0,2025-11-06T23:00:00+00:00,2025-11-04,1.72,2.12,0.5520833333333334,0.20909179785855955,0.5970475264655359,0.18408629786949351,0.0,0.0,0.7459857113215007,0.6550943966874186,4.1430206487724774e-10,57,186,False,False,False,2e94952d0237d7caf01c6ae6b00667744c647715c5e363f1e8c44e6fe701da03,4a731ee2158dd22aba26fa94399e9fe5325c9437db6a049d6d778629ffffa076,1.77,2.07,True,2025-11-04T15:17:00+00:00,2025-11-04T15:17:00+00:00,0.5654714328692947,0.5615838520746942,0.5635856138603103
te:3063158,2025-11-04,2025,2025-11-04,burruchaga,cecchinato,2025-11-04T17:50:00+00:00,2025-11-04T11:33:00+00:00,1.0,2025-11-06T23:00:00+00:00,2025-11-04,2.06,1.76,0.46073298429319376,-0.15739217375142914,0.5680819168485853,0.43142185394891774,2.0166666666666666,0.65,0.7425195225245227,0.6270803113203705,1.119243586700236e-12,197,161,False,False,False,cd64fbc5398ae06c1c45d6a63f15dfcdca8ded165786f46e438a0b7da27f9a3a,678d30a704aec252c4f994a585581b7dfe9ae9cd76dc215edbe711f407a11482,2.14,1.71,True,2025-11-04T15:33:00+00:00,2025-11-04T15:33:00+00:00,0.48400614731132785,0.48423585954066345,0.4832421196731494
te:3067042,2025-11-07,2025,2025-11-07,bueno-01b7e,barrena-f6642,2025-11-06T23:10:00+00:00,2025-11-06T09:48:00+00:00,1.0,2025-11-09T23:00:00+00:00,2025-11-07,1.88,1.93,0.5065616797900262,0.026248226074936154,0.615673416670106,0.44497576056831234,0.25,0.25,0.5563397699811615,0.5755920687236377,1.0269025074727267e-09,178,182,False,False,False,2a9955464e06e8d94b4f07edf2759789a0f0f4e1a07a54c1b4e4934a90699635,6482fe8c640fd7821af7f7c0df58c07e58d1899c593f66b472a299f947209a09,1.92,1.92,True,2025-11-06T19:06:00+00:00,2025-11-06T19:06:00+00:00,0.524993237707701,0.5258998465884295,0.5266921471792264
te:3067066,2025-11-07,2025,2025-11-07,reis-da-silva,buse,2025-11-07T02:00:00+00:00,2025-11-06T09:40:00+00:00,0.0,2025-11-09T23:00:00+00:00,2025-11-07,1.96,1.86,0.486910994764398,-0.0523679855173157,0.5587124994051407,0.2883064222140687,1.1666666666666667,0.43333333333333335,0.5000000000000001,0.6129486722108992,0.006180761721202077,198,171,False,False,False,9a932c1fecc8db6590c12503e5b3d628ccac8492b6b5dfee53fdd2d717207602,35a3d072ff14f98c0d24f19a21122b3a2e34b1e59637c039dc7d82f704aa20ab,2.08,1.77,True,2025-11-07T01:23:00+00:00,2025-11-07T01:23:00+00:00,0.5074557520904215,0.505030276462644,0.5050147139507645
te:3067174,2025-11-07,2025,2025-11-07,rocha-0492a,noguchi-08bde,2025-11-07T02:15:00+00:00,2025-11-06T10:04:00+00:00,1.0,2025-11-09T23:00:00+00:00,2025-11-07,1.89,1.96,0.5090909090909091,0.03636764417087508,0.6150275673356612,0.43212771931218635,0.48333333333333334,0.48333333333333334,0.6973022526067096,0.6383815361035142,1.0470144778951251e-08,154,141,False,False,False,b264e465e9dc4c9b0a542537487748cbedeb2542e49fb0b61f98ac52aaa3bde6,c859a6beec781d21fa2960f5f0c8739075c305e5b4a3000023d6364e5eaf3001,1.88,1.99,True,2025-11-06T22:42:00+00:00,2025-11-06T12:52:00+00:00,0.5272470900922868,0.5279171121965007,0.527517751468294
te:3067700,2025-11-07,2025,2025-11-07,barrios-vera,torres-dc0bf,2025-11-07T17:35:00+00:00,2025-11-06T16:10:00+00:00,1.0,2025-11-09T23:00:00+00:00,2025-11-07,1.97,1.87,0.4869791666666667,-0.05209511188340181,0.587366398838231,0.4051838908675001,1.2333333333333334,0.5333333333333333,0.6549489050063005,0.5694282196427934,7.416967040541067e-11,191,141,False,False,False,b966f329a6781ed93690886d035ef66581a7943aa99a12df70e35a3ef6681bd2,19f9c68eedac4efa84bc2ce675e66cfa93fb3c8c053fcc11803911f720135795,1.98,1.88,True,2025-11-07T10:11:00+00:00,2025-11-07T13:47:00+00:00,0.5075166807624338,0.5074497482968092,0.5069229042510278
te:3067744,2025-11-07,2025,2025-11-07,blanch-748a3,clarke-60a59,2025-11-07T21:20:00+00:00,2025-11-06T16:10:00+00:00,1.0,2025-11-09T23:00:00+00:00,2025-11-07,1.69,2.22,0.5677749360613811,0.27277866694920594,0.6134905811805792,0.18923000723462335,0.0,0.0,0.5168860172421202,0.5000000000093432,0.014741372198933789,150,204,False,False,False,43214fdbd4a497075564fc9039980b2a37bb456f118b319f455637e3746911bc,6ba8243ca394e88a433ccca9a9d15d59538539c7f1c62f661ab99226fb69ac7e,1.71,2.19,True,2025-11-07T14:35:00+00:00,2025-11-07T20:03:00+00:00,0.5793954642364574,0.5757777792281314,0.5777546145414412
te:3067766,2025-11-07,2025,2025-11-07,mccabe-b71c6,imamura-da963,2025-11-07T02:15:00+00:00,2025-11-06T14:44:00+00:00,1.0,2025-11-09T23:00:00+00:00,2025-11-07,1.82,2.03,0.5272727272727271,0.10919929196499134,0.6144730740915122,0.35695478121316193,0.5833333333333334,0.5833333333333334,0.7131501410599453,0.6488744976542264,1.1785454279156227e-09,159,125,False,False,False,c3904145cff557ddb1358eb4648b38a62ed60025b113ed24700eafb454d132cd,9ffb19158894196ad795053a87b14f5e0a28b7009ab93491a191eb678e419221,1.97,1.89,True,2025-11-07T01:38:00+00:00,2025-11-07T01:38:00+00:00,0.5434302716338125,0.5427514425177987,0.5418319822555842
te:3067814,2025-11-07,2025,2025-11-07,wong-d3ead,janvier,2025-11-07T08:15:00+00:00,2025-11-06T14:44:00+00:00,0.0,2025-11-09T23:00:00+00:00,2025-11-07,1.74,2.14,0.5515463917525772,0.2069207158073222,0.622942045173775,0.29513387128691093,1.5833333333333333,0.7166666666666667,0.8342740994492279,0.7416083900729251,1.3528955733477233e-11,170,167,False,False,False,2883a400386a09bdd1c48c1300bc99df16aec26a48a500c022078d28c2a49358,b49704c2ea4344edea91096a23b8f0db9346dee82ce4de3c074a0c643fb4264a,1.77,2.12,True,2025-11-07T07:47:00+00:00,2025-11-07T07:47:00+00:00,0.5649948068428703,0.5633075396894145,0.5618513367683869
te:3067818,2025-11-07,2025,2025-11-07,shimabukuro,grenier-baaf0,2025-11-07T04:35:00+00:00,2025-11-06T14:44:00+00:00,1.0,2025-11-09T23:00:00+00:00,2025-11-07,1.72,2.17,0.557840616966581,0.2324028767270068,0.615129788281373,0.2365242416365779,1.0666666666666667,1.0666666666666667,0.6694336280025244,0.6189438348115569,3.528011216502591e-12,131,184,False,False,False,84bf7b0abb735b6842fa152faa6b6247a8866c884a4a506e0d78664161ed0d53,55d0a03a00a4f00cceaeee3c804270bb4d4089cb19bceece0bef0d483152b391,1.74,2.16,True,2025-11-07T03:55:00+00:00,2025-11-07T03:55:00+00:00,0.570581204330306,0.5677937878716259,0.5644325945172508
te:3068742,2025-11-11,2025,2025-11-11,ellis-b4efc,bouzige,2025-11-11T06:15:00+00:00,2025-11-10T11:17:00+00:00,0.0,2025-11-13T23:00:00+00:00,2025-11-11,1.56,2.43,0.6090225563909775,0.4432054360910115,0.6227127026603403,0.057872865770214554,0.0,0.0,0.6126399517484468,0.6279091835761391,3.5938368031507295e-08,61,182,False,False,False,73ce80e9e9dd97b2b8c2a7226d2f82c5125268579b9861a793cc9a550e4680f9,ee9c41850dd7d10eebb258c64fa32ce84dce2434fc58f8a3dcc497c5684ef68e,1.63,2.3,True,2025-11-10T20:41:00+00:00,2025-11-10T18:01:00+00:00,0.6159851213514718,0.6103104071604201,0.6122051300786409
te:3068756,2025-11-11,2025,2025-11-11,hewitt-d8622,mccabe-b71c6,2025-11-11T00:10:00+00:00,2025-11-10T10:53:00+00:00,0.0,2025-11-13T23:00:00+00:00,2025-11-11,2.01,1.81,0.47382198952879584,-0.10480787679324989,0.5794212785442515,0.4252060155299402,1.35,1.35,0.7207171549145638,0.8434572567025129,4.091703087460985e-10,74,162,False,False,False,8b628c0db0f461f22e60faa965104ef1d9c5b7304254cd562b1cc6ca5f04fb12,984d13a15e538757f48cb17adf6d26ef83015982a172b4659a851e1e2cdb0d06,1.99,1.83,True,2025-11-10T20:41:00+00:00,2025-11-10T20:41:00+00:00,0.49574472503138106,0.495965355321889,0.49115475444214124
te:3068758,2025-11-11,2025,2025-11-11,delaney,noguchi-08bde,2025-11-11T00:10:00+00:00,2025-11-10T11:33:00+00:00,0.0,2025-11-13T23:00:00+00:00,2025-11-11,1.99,1.82,0.47769028871391084,-0.08929813764769673,0.5626752582586257,0.3413247582013939,1.2333333333333334,1.2333333333333334,0.6476575221744862,0.7708139666474297,3.1212662454649376e-09,183,148,False,False,False,00148fb412678e12d712dd0f710fead34aa05c120a25279a3622dd78782e417e,d682fcd1653db8eb81cb7f9f526d8325abcf858570d43df52503061271c45a00,1.93,1.9,True,2025-11-10T22:09:00+00:00,2025-11-10T22:09:00+00:00,0.49920849626966385,0.4977708823577635,0.4935500480630744
te:3068858,2025-11-11,2025,2025-11-11,ymer,peniston,2025-11-11T05:35:00+00:00,2025-11-10T17:37:00+00:00,,,,1.73,2.11,0.5494791666666667,0.19856653897828785,0.6137315338218938,0.2644584162740665,2.2666666666666666,0.13333333333333333,0.5152264012803484,0.5000000000833746,0.0026745283860806074,162,202,False,False,False,a6bbc9487e93aac511c0ff628af1289b0fbe996e6bdeb6258613de2acecb5f2d,2a161d057eb072bd47a07e56812f8dbbe62abbbda54291fde15b014fcfb6daa6,1.75,2.12,True,2025-11-11T02:41:00+00:00,2025-11-11T02:41:00+00:00,0.5631596687309711,0.5608429383460469,0.5625325677740012
te:3069532,2025-11-11,2025,2025-11-11,maestrelli,gueymard-wayenburg,2025-11-11T10:10:00+00:00,2025-11-10T18:25:00+00:00,1.0,2025-11-13T23:00:00+00:00,2025-11-11,1.6,2.38,0.5979899497487436,0.3970968584376474,0.6322504362599284,0.14478654393793755,1.45,1.45,0.6709000923327818,0.70446768432184,9.423389712992503e-08,184,177,False,False,False,4cf92fa72776e0fa3efa3b234693299b5bbd09cab46a750f044ed983bc1d30fa,dcd2bf90b6401e944432a3cee9474c6c260a813a5a76b3bf386fcbe2fe239807,1.63,2.31,True,2025-11-11T06:49:00+00:00,2025-11-11T07:05:00+00:00,0.6061961823612213,0.602054769532752,0.5968594871404478
te:3070066,2025-11-11,2025,2025-11-11,braswell-7a1b7,monday,2025-11-11T16:05:00+00:00,2025-11-11T09:05:00+00:00,1.0,2025-11-13T23:00:00+00:00,2025-11-11,1.93,1.89,0.4947643979057591,-0.02094317384524342,0.5686035167284503,0.2970989759083768,0.0,0.0,0.619952918910662,0.7338897210965283,1.0918710380281027e-11,67,152,False,False,False,7b6865371567e620aea58a215ec0fd0ae010eaff26c7c3d2935ed939a04edea1,d15fcdfecc635473ea5ca3dab541b598c36d77e43424d3379d50febf2410633f,1.91,1.93,True,2025-11-11T14:41:00+00:00,2025-11-11T15:29:00+00:00,0.5144705345471906,0.5122930485416631,0.5143641769555459
te:3071628,2025-11-11,2025,2025-11-11,lajal,blancaneaux,2025-11-11T13:35:00+00:00,2025-11-11T12:01:00+00:00,1.0,2025-11-13T23:00:00+00:00,2025-11-11,1.78,2.07,0.5376623376623377,0.1509352429732842,0.5834635803543784,0.1860728910498668,0.4666666666666667,0.4666666666666667,0.6888852993796456,0.5945600795659644,6.25697724188079e-09,174,147,False,False,False,ccb7938bf62e06d837ada29948550f0eab14a228fa2511351b1eca77efc90b3c,c33d38d76acb0134766fcb4a919ebad42d6aeeb12e4cc9a628cd6e3cfbb6140f,1.79,2.05,True,2025-11-11T12:17:00+00:00,2025-11-11T12:17:00+00:00,0.5526650367616196,0.5486668076312405,0.5483262582755735
te:3074104,2025-11-14,2025,2025-11-14,cassone,rosenkranz,2025-11-14T17:10:00+00:00,2025-11-13T17:35:00+00:00,1.0,2025-11-16T23:00:00+00:00,2025-11-14,1.59,2.42,0.6034912718204488,0.4200335239364546,0.6648004240398894,0.26472725387872437,0.8666666666666667,0.8666666666666667,0.7578051736059302,0.7578051736059358,1.2007062011321068e-13,157,195,False,False,False,764e3ef8e1de914f83f62109e4b3ec1835cd1918a8672ca5bfa70e9c8ae897fb,7fe63da1ef05bcf494af9dfdc64874f46b5bd740c979850cae97335287b01a02,1.6,2.43,True,2025-11-14T11:35:00+00:00,2025-11-14T15:27:00+00:00,0.6110768781960523,0.6093087199143108,0.6069976312372283
te:3074122,2025-11-14,2025,2025-11-14,buse,heide-17a3d,2025-11-14T16:40:00+00:00,2025-11-13T17:43:00+00:00,0.0,2025-11-16T23:00:00+00:00,2025-11-14,1.75,2.11,0.5466321243523315,0.18707215955255221,0.618995927553875,0.2982164701329524,0.8833333333333333,0.25,0.6396702938302635,0.6068831591220933,2.1367158042906453e-11,178,96,False,False,False,73b89e6780be387e32fd865950c8decb1b68b6a40b97eaa7c3ad5827ec4c1007,a7e0c6f2e7d4c0bff94e5092558e98c7b9406aaf8adaef1b6fbec518a2b25ab7,1.76,2.13,True,2025-11-14T11:43:00+00:00,2025-11-14T12:31:00+00:00,0.5606319122424064,0.5589590455476282,0.5598172284881924
te:3074124,2025-11-14,2025,2025-11-14,burruchaga,navone,2025-11-14T18:30:00+00:00,2025-11-13T18:07:00+00:00,0.0,2025-11-16T23:00:00+00:00,2025-11-14,1.85,1.98,0.5169712793733681,0.06791120561621009,0.599208420688652,0.33425673985904303,0.55,0.55,0.5000000000000001,0.5588876485622859,0.008379173629635889,203,165,False,False,False,ff4ec5ae13b85d6dedf0709c723972138640330dd0b86460513592bc14c3f9b0,de3a6981c4b6b47d72679a70baa24223414a06a119e8da23a53e8ed66bcbb31a,1.96,1.91,True,2025-11-14T16:39:00+00:00,2025-11-14T16:39:00+00:00,0.5342651098742945,0.5330376181419808,0.5322901238284642
te:3074214,2025-11-14,2025,2025-11-14,wu-f664e,overbeck,2025-11-14T02:30:00+00:00,2025-11-13T11:51:00+00:00,0.0,2025-11-16T23:00:00+00:00,2025-11-14,1.72,2.16,0.5567010309278351,0.22778393087071203,0.6154261623720957,0.24239523795298457,1.1333333333333333,0.03333333333333333,0.6114913292675572,0.5794088614724054,4.0833686210106634e-08,109,76,False,False,False,77bdc43cb96fac04788ca918be668eaedb3384bda33340484f2cf890ed445064,8630664f9f20ad2350c603f468315ec985f6556e7e93e145f04d5fddb2f706fc,1.73,2.19,True,2025-11-13T22:39:00+00:00,2025-11-13T22:39:00+00:00,0.5695698932489628,0.5668872247524268,0.5688975351772273
te:3074216,2025-11-14,2025,2025-11-14,uchida-ea757,shimabukuro,2025-11-14T09:25:00+00:00,2025-11-13T18:15:00+00:00,,,,1.72,2.17,0.557840616966581,0.2324028767270068,0.5605846426968886,0.011132257262732564,2.1,0.8666666666666667,0.5969518686643995,0.7156076288621247,4.257352387293523e-09,161,141,False,False,False,a056a4fbeaf01cc1b6abbe287b21f4143c8ff3509d66ff417ab69c286c406e0d,6a4b9f1250885c2a81457dc8423296b1ef666e0eecb023329450eee6ba1d19a2,1.69,2.23,True,2025-11-14T08:47:00+00:00,2025-11-14T07:27:00+00:00,0.570581204330306,0.5633241342693364,0.561156380378341
te:3074604,2025-11-14,2025,2025-11-14,kasnikowski,draxl,2025-11-14T18:10:00+00:00,2025-11-14T13:11:00+00:00,0.0,2025-11-16T23:00:00+00:00,2025-11-14,1.72,2.16,0.5567010309278351,0.22778393087071203,0.6289153125494774,0.2997823739101094,1.0166666666666666,1.0166666666666666,0.6610446312453905,0.6976858654959891,9.0253637896609e-12,101,200,False,False,False,69718a9f959a5ac7d0cf6f37a7025f4158e8fb0ecb5db699496bcfae33235700,965890ccc4a8d96aa0b2a8fa5b34b2d7a23ab7eef21e54855b87e96713c8d7c8,1.74,2.17,True,2025-11-14T16:47:00+00:00,2025-11-14T15:43:00+00:00,0.5695698932489628,0.5680240840804902,0.5649182705735676
te:3074614,2025-11-14,2025,2025-11-14,miyoshi-1fb72,alazmeh-544a8,2025-11-14T21:35:00+00:00,2025-11-14T13:03:00+00:00,0.0,2025-11-16T23:00:00+00:00,2025-11-14,2.06,1.79,0.464935064935065,-0.1404903629488259,0.5559517880362546,0.36523879923350455,1.0,0.3,0.6157831898286904,0.5000000000000001,0.017527205656192466,69,76,False,False,False,338f74b4a20fb415c3c5a301cf5f80af74a9a38428f961af28180f5020160b1e,4e458b7871f38da238cf08e4621d2dea49ce9bd89e9b84687f15cc29ff6e79a6,2.05,1.82,True,2025-11-14T18:15:00+00:00,2025-11-14T19:43:00+00:00,0.48777789626103435,0.4867104441680799,0.48738706576798435
te:3075182,2025-11-18,2025,2025-11-18,gengel,jones-44ce4,2025-11-18T04:15:00+00:00,2025-11-16T11:04:00+00:00,1.0,2025-11-20T23:00:00+00:00,2025-11-18,1.99,1.82,0.47769028871391084,-0.08929813764769673,0.6039771718155313,0.5113626833374274,1.6,0.13333333333333333,0.7732003563592351,0.6824541294967803,2.8555844522326623e-08,154,104,False,False,False,7a1b0d65f5e3023eabbfe4fb20c47418abb905ae7484d2553d71946ac4059246,c2ab2b6b297540838412f0452cabf1407d3e0933858e2de770c5c5fecd2e44ee,,,False,,,0.49920849626966385,0.5012018250156789,0.5028592913685404
te:3075706,2025-11-18,2025,2025-11-18,robertson-52862,elsayed-8f65f,2025-11-18T10:50:00+00:00,2025-11-17T17:29:00+00:00,1.0,2025-11-20T23:00:00+00:00,2025-11-18,1.91,1.91,0.5,0.0,0.625516238592043,0.5130288492577173,0.0,0.0,0.6442561894472498,0.6291411530813059,1.070950078618793e-09,49,135,False,False,False,be1880ae3bfe76ccdf250f7bab5f14ed88ab921a4b55310c9f2886ddddb7bcac,4ed779c15727671c0db252aa4edbb322635c1e91551a162da5da7d286849ce61,1.88,1.94,True,2025-11-17T23:05:00+00:00,2025-11-18T09:05:00+00:00,0.5191425671608797,0.5213630626987787,0.5234386615960029
te:3076588,2025-11-18,2025,2025-11-18,ambrogi,mccormick-1f674,2025-11-18T15:10:00+00:00,2025-11-18T09:05:00+00:00,0.0,2025-11-20T23:00:00+00:00,2025-11-18,2.0,1.81,0.4750656167979003,-0.09982033528221068,0.570930157502534,0.3854675126479103,2.4166666666666665,0.7166666666666667,0.7337385956182817,0.6217778023180534,6.155603804458565e-12,163,183,False,False,False,db9ca9fcdfe3127e45ac5c8b8b29087b4782875c4f0ad7b6e41b75efab8f18ee,fbab2d55acd2c73161307aa8956f8f6afdd5d7e35755115becd75ff8583fb851,1.96,1.86,True,2025-11-18T10:25:00+00:00,2025-11-18T10:25:00+00:00,0.496858558052367,0.49628841615509667,0.4949982860773249
te:3078722,2025-11-18,2025,2025-11-18,sels,ouakaa,2025-11-18T12:15:00+00:00,2025-11-17T17:45:00+00:00,0.0,2025-11-20T23:00:00+00:00,2025-11-18,1.97,1.85,0.48429319371727747,-0.06284790365966375,0.5538058951417413,0.2789080892036945,2.0833333333333335,0.25,0.7073882876082447,0.5837808054563688,5.935103830623234e-08,171,169,False,False,False,e37f034b5486ac1bf79b6c04bff1029bd9e1f9f32ff6e2e185bc0e32f4313097,d3ed588bbdfad69d54c192b183ffe61941f506212afdc02401c8a0360ca1bcf8,1.98,1.86,True,2025-11-18T09:37:00+00:00,2025-11-18T09:37:00+00:00,0.5051155898739615,0.5024771107467191,0.5035847966788516
te:3080110,2025-11-21,2025,2025-11-21,mccabe-b71c6,hijikata,2025-11-21T00:15:00+00:00,2025-11-19T19:06:00+00:00,0.0,2025-11-23T23:00:00+00:00,2025-11-21,1.75,2.13,0.5489690721649485,0.19650619178591125,0.6121459695519372,0.259835515973573,0.0,0.0,0.675908604974683,0.7543035907336004,4.0878411766698264e-13,162,141,False,False,False,f85e221141003fd023a1050d08c0c244a3727f58bd608a6aaf2528450863a955,c5362ea0c83fafc822c68f8f0f9a894e6df882801622b9f9da3b0301da161de3,1.67,2.28,True,2025-11-20T22:19:00+00:00,2025-11-20T22:19:00+00:00,0.5627068102051428,0.5602931487641767,0.5623015556537739
te:3080502,2025-11-21,2025,2025-11-21,matsuoka-5fe86,sach,2025-11-21T00:10:00+00:00,2025-11-19T19:06:00+00:00,1.0,2025-11-23T23:00:00+00:00,2025-11-21,1.93,1.92,0.49870129870129865,-0.0051948168771042275,0.5769584908241029,0.3154948364798801,1.9166666666666667,1.35,0.6082401065344667,0.5150371939197563,2.6723970258935026e-11,173,145,False,False,False,09176709622f6bb02a98b5573374a81c3ca352c737477c251fb8e5efcf8e827b,a2cd8f3b52b533d744e193ae869825e23f0cab22174971ff11a56533bc2b5639,1.88,1.99,True,2025-11-20T22:19:00+00:00,2025-11-20T22:19:00+00:00,0.5179839805162749,0.516212967337285,0.5114806636103159
te:3080930,2025-11-21,2025,2025-11-21,giustino-1d545,gakhov,2025-11-21T16:25:00+00:00,2025-11-20T10:51:00+00:00,1.0,2025-11-23T23:00:00+00:00,2025-11-21,1.88,1.97,0.5116883116883117,0.04676176590803954,0.5968461258049315,0.3455792576467714,0.3,0.3,0.6475206049617095,0.5748069823031928,1.735156462956411e-11,209,212,False,False,False,8b84e8fe03d6c3e2d5386054792357404a3fb148070994ece5ca13f6b759468a,63e55f2a1d35459212e02ef392151213e39c4cb89c8b7be2e865e7e5a9f22f17,1.74,2.17,True,2025-11-21T09:47:00+00:00,2025-11-21T09:47:00+00:00,0.5295609694723343,0.5285131947869454,0.5290425813511769
te:3081212,2025-11-21,2025,2025-11-21,uchida-ea757,nishikori,2025-11-21T04:25:00+00:00,2025-11-20T10:59:00+00:00,0.0,2025-11-23T23:00:00+00:00,2025-11-21,1.97,1.88,0.4883116883116883,-0.04676176590803932,0.5472594896146616,0.2363657061084178,1.0166666666666666,1.0166666666666666,0.5590331280631193,0.686599238615615,8.457093497726831e-10,172,60,False,False,False,3cd36b216d54056689842c242f71adf8904b97fa6b769253357d27c5dc883892,16e3fa3a8e5764f468fc6f8cdc30fd98492c538e3a8185db273d904f670562b7,1.85,2.01,True,2025-11-21T02:59:00+00:00,2025-11-21T00:35:00+00:00,0.5087074914586378,0.5052466612073327,0.5021222600472851
te:3081214,2025-11-21,2025,2025-11-21,marcondes,oberleitner,2025-11-21T02:05:00+00:00,2025-11-20T10:51:00+00:00,0.0,2025-11-23T23:00:00+00:00,2025-11-21,1.83,2.01,0.5234374999999999,0.09381875521765437,0.5952766894321003,0.292003916646145,0.65,0.65,0.6362332394172525,0.563102527919071,1.1101845553973533e-09,137,177,False,False,False,977fe864859efeb4e321942f4c90a335caaa04fd3590f21a0477c5f0c9fcc5e8,75a25b7302da7933d96d41eddd616e7e88fdbc973317bf707f1fbae313c9b7e0,1.73,2.17,True,2025-11-21T00:11:00+00:00,2025-11-21T00:11:00+00:00,0.5400191882980013,0.5380031118920837,0.5367424215663638
te:3081554,2025-11-21,2025,2025-11-21,dutra-da-silva,justo,2025-11-21T15:45:00+00:00,2025-11-21T10:33:00+00:00,0.0,2025-11-23T23:00:00+00:00,2025-11-21,1.77,2.09,0.5414507772020726,0.166184519390982,0.6246675118034926,0.34322273934655356,0.85,0.21666666666666667,0.6231341662951331,0.6324337002026686,1.4799099723461495e-09,180,176,False,False,False,94db47ea9912e1a46b18bc24ac482aa90a0f9f52fca8e581679fdffe87ddbb1f,ea13685e9aa3d60f5a220d8bf2fb7587bbb825c9df7da81434fc4e9bf097b7fa,1.79,2.08,True,2025-11-21T12:49:00+00:00,2025-11-21T12:49:00+00:00,0.5560304886512318,0.5552056745716738,0.556238760272979
te:3081586,2025-11-21,2025,2025-11-21,guillen-meza,mena-99e7a,2025-11-21T22:40:00+00:00,2025-11-21T10:33:00+00:00,0.0,2025-11-23T23:00:00+00:00,2025-11-21,1.95,1.9,0.49350649350649356,-0.025975486403260445,0.5960632562839917,0.41506399179976916,0.35,0.35,0.7033852871280747,0.6199709679402414,5.069361597165312e-12,169,118,False,False,False,6abcae0b49b081e7b1d5626da64430a0f71463c22b0128f2ba36c15effbee8b9,274d2274978f149216ea2f812a3290cfc8ec572940d959cd5a02941e2a4c535f,2.01,1.85,True,2025-11-21T21:29:00+00:00,2025-11-21T21:29:00+00:00,0.513347511356142,0.5135374634330995,0.5138266738355691
te:3082400,2025-11-25,2025,2025-11-25,simakin,bakshi-c841e,2025-11-25T10:20:00+00:00,2025-11-24T18:17:00+00:00,0.0,2025-11-27T23:00:00+00:00,2025-11-25,2.16,1.69,0.43896103896103894,-0.24537969276109162,0.5467194125591498,0.432804074586163,0.3333333333333333,0.3333333333333333,0.7353932305737773,0.6037448832980417,7.470510321461177e-10,164,134,False,False,False,1efecf14d4414c699dc71479a61446240494636b9a00af87d65cf8b1ef35dc77,33d1a9a0f8d34b87c93a2a2e7823e83cd94bb204d8b38445ba0a1d16f3cd1db4,2.18,1.7,True,2025-11-25T09:30:00+00:00,2025-11-25T07:38:00+00:00,0.4644102526545202,0.46447346223764513,0.46487897862681565
te:3082972,2025-11-25,2025,2025-11-25,silva-cb43c,bondioli,2025-11-25T15:50:00+00:00,2025-11-24T18:17:00+00:00,1.0,2025-11-27T23:00:00+00:00,2025-11-25,1.9,1.92,0.5026178010471204,0.010471299867295303,0.6009381491555915,0.39890429662935917,0.8333333333333334,0.8333333333333334,0.7001596641335912,0.6228153548901953,1.8778589794266054e-12,141,191,False,False,False,f1fc584372dd0b6826abe231dd52219764a245c97a7baabfcd6ca36610798cd4,036fd26551da391106cb8d4bd816b1822308bed500736050188bb9b598a5bbff,1.84,1.98,True,2025-11-25T15:14:00+00:00,2025-11-25T14:50:00+00:00,0.5214773158542688,0.52142192892257,0.5192376650143279
te:3083490,2025-11-25,2025,2025-11-25,ribeiro-a7963,milavsky,2025-11-25T18:55:00+00:00,2025-11-24T19:45:00+00:00,1.0,2025-11-27T23:00:00+00:00,2025-11-25,1.81,2.0,0.5249343832020998,0.09982033528221135,0.5904318795793692,0.26593069343182196,1.1,1.1,0.5000000000000001,0.5738042347780671,0.003297580448440862,102,155,False,False,False,ef1b73716860f9473095b99f1ac9225fa74821330fc1f0062a1a55c58c94213c,87c92d71dd2b152e87cc5a1d49c8044b5edeb5d1ccd3e24f666b9040340c5c24,1.87,1.97,True,2025-11-25T13:38:00+00:00,2025-11-25T13:38:00+00:00,0.5413506779527157,0.5388257500613027,0.535274694990976
te:3083492,2025-11-25,2025,2025-11-25,gomez-e101b,boscardin-dias-3afa8,2025-11-25T20:50:00+00:00,2025-11-24T18:49:00+00:00,0.0,2025-11-27T23:00:00+00:00,2025-11-25,1.85,1.98,0.5169712793733681,0.06791120561621009,0.5952892785611438,0.3179637203933524,0.8666666666666667,0.3,0.6751584138007197,0.5959459202772179,4.199117609182679e-09,124,204,False,False,False,9c1341148bb11ff879f8b3ba7915b83100fe71d8879644fc6a891289f624dce3,c6d53d50a5fda3cd2ef86df9689c6269b6ae211d48db787323381c4a945fa0d4,1.96,1.87,True,2025-11-25T19:46:00+00:00,2025-11-25T19:46:00+00:00,0.5342651098742945,0.5327102850191296,0.5333295422433497
te:3084408,2025-11-25,2025,2025-11-25,mccabe-b71c6,bicknell-8dc8a,2025-11-25T07:30:00+00:00,2025-11-24T10:13:00+00:00,0.0,2025-11-27T23:00:00+00:00,2025-11-25,1.71,2.15,0.5569948186528497,0.2289744716250029,0.6172842650554945,0.2490626603047204,1.9833333333333334,0.08333333333333333,0.7338003444178249,0.666799971234943,8.078621105411798e-12,159,119,False,False,False,3858dd210954f5536708cd0c2280063ad9acebdafc8ecbb428cb3333f0bbbcd5,ac5882fb18e29a45fffb5bbad5643554135a0226470464e335b925a72a231062,1.84,2.0,True,2025-11-25T07:06:00+00:00,2025-11-25T07:06:00+00:00,0.5698306161960751,0.5672830207477068,0.5691741432445092
te:3086586,2025-11-28,2025,2025-11-28,stephens-6e9bc,palan,2025-11-28T06:50:00+00:00,2025-11-27T09:23:00+00:00,0.0,2025-11-30T23:00:00+00:00,2025-11-28,2.03,1.81,0.47135416666666663,-0.11470894777596173,0.5755677128592052,0.41931334720635294,1.6166666666666667,0.9833333333333333,0.6416516510804298,0.7522976509130161,1.2304857077705122e-08,127,116,False,False,False,0622f33ef25f7318dd1e39c05a4b615940479d7d9ce59948730efda0518f4450,ce830ba06423251cfc314a652a810ebc88369959f3cddd0b20c116861d0edf3b,2.08,1.79,True,2025-11-27T21:07:00+00:00,2025-11-28T01:55:00+00:00,0.4935337234814387,0.49361359117943904,0.4907851631155749
te:3086698,2025-11-28,2025,2025-11-28,barroso-campos,callejon-hernando,2025-11-28T11:45:00+00:00,2025-11-27T09:23:00+00:00,,,,1.9,1.95,0.5064935064935064,0.025975486403260445,0.6131026453950896,0.43439745887164327,0.31666666666666665,0.31666666666666665,0.5000000000000001,0.519260564258556,0.00507093865339181,179,167,False,False,False,1651856528a2feedb3315ee5e4846c40f2fba595eb94f8377a8909c231274b68,eafc54d77c0db4b6408e0659e7776decff89d1c98b29aa53b612022ce5287a12,1.93,1.94,True,2025-11-28T08:43:00+00:00,2025-11-28T08:43:00+00:00,0.5249324771214089,0.5256256169750018,0.5260775845674927
te:3086966,2025-11-28,2025,2025-11-28,midon,la-serna,2025-11-28T21:15:00+00:00,2025-11-27T09:23:00+00:00,1.0,2025-11-30T23:00:00+00:00,2025-11-28,1.99,1.85,0.4817708333333334,-0.0729489996461672,0.5781695046595265,0.38821252244688254,0.2833333333333333,0.2833333333333333,0.5907935872319228,0.5000000000000001,0.006272998141079927,179,142,False,False,False,ddb3257c8fdba67c6022ddcf7fbfabaeb199497e7974b3cd8ef159c087341472,ae652490f28e35014a2f55221f1ba96e2dace25104a9e7cbac24d09ebeb89345,,,False,,,0.5028598051934494,0.5024043769318358,0.5030402360062688
te:3087366,2025-11-28,2025,2025-11-28,yevseyev,nikles,2025-11-28T05:05:00+00:00,2025-11-27T16:51:00+00:00,1.0,2025-11-30T23:00:00+00:00,2025-11-28,2.14,1.74,0.4484536082474227,-0.20692071580732238,0.5805068923677226,0.5317752942184546,0.0,0.0,0.5877929853355194,0.5000000000000001,0.019794049706574335,173,141,False,False,False,1f58062ed3484b76371a54848f33e65599d6b42f0acb3a863c01799eda92503b,d73ff852c90143cc830ef5462bd06f801fe66eaaaadae83f90c6904ef1648d0c,2.18,1.72,True,2025-11-28T03:07:00+00:00,2025-11-28T03:07:00+00:00,0.47296560442763275,0.4751052787258782,0.4772113844861332
